--------------------------------------------------------------------------------

       10                                  
  1   0101       ************************  
  01  1010 10      The Cactus Code V4.16.0    
 1010 1101 011      www.cactuscode.org     
  1001 100101    ************************  
    00010101                               
     100011     (c) Copyright The Authors  
      0100      GNU Licensed. No Warranty  
      0101                                 
--------------------------------------------------------------------------------

Cactus version:    4.16.0
Compile date:      Dec 25 2025 (15:36:41)
Run date:          Jan 05 2026 (11:26:42+0000)
Run host:          cnx005.deucalion.macc.fccn.pt (pid=175403)
Working directory: /projects/F202407872CPCAA2/jpmferreira/learn-cactus/simulations/axionic_lower_alpha=1-q=0.98-mu=1-B=0.22-fa=0.01-rh=0.3000-w=0.900_h=4/output-0000
Executable:        /projects/F202407872CPCAA2/jpmferreira/projects/cactus/exe/cactus_base
Parameter file:    cloud-stat.par
--------------------------------------------------------------------------------

Activating thorn Cactus...Success -> active implementation Cactus
Activation requested for 
--->ADMBase ADMMacros AHFinderDirect AEILocalInterp Boundary Carpet CarpetInterp CarpetLib CarpetMask CarpetReduce CarpetRegrid2 CarpetSlab CarpetTracker CartGrid3D CoordBase CoordGauge Dissipation GenericFD InitBase LeanBSSNMoL LocalInterp LoopControl MoL Multipole NaNChecker NewRad PunctureTracker ReflectionSymmetry SpaceMask SphericalSurface StaticConformal SymBase Time TmunuBase Fortran GSL HDF5 MagScalarBase MagScalarInit MagScalarEvolve NPScalars NPScalars_MagScalar MagScalarAnalysis QuasiLocalMeasures SystemStatistics TerminationTrigger TimerReport CarpetIOASCII CarpetIOBasic CarpetIOHDF5 CarpetIOScalar IOUtil<---
Thorn Carpet requests automatic activation of MPI
Thorn Carpet requests automatic activation of Timers
Thorn CarpetLib requests automatic activation of Vectors
Thorn CarpetLib requests automatic activation of Boost
Thorn CarpetLib requests automatic activation of CycleClock
Thorn HDF5 requests automatic activation of zlib
Thorn LoopControl requests automatic activation of hwloc
Thorn QuasiLocalMeasures requests automatic activation of LAPACK
Thorn QuasiLocalMeasures requests automatic activation of TGRtensor
Thorn LAPACK requests automatic activation of BLAS
Activating thorn ADMBase...Success -> active implementation ADMBase
Activating thorn ADMMacros...Success -> active implementation ADMMacros
Activating thorn AEILocalInterp...Success -> active implementation AEILocalInterp
Activating thorn AHFinderDirect...Success -> active implementation AHFinderDirect
Activating thorn BLAS...Success -> active implementation BLAS
Activating thorn Boost...Success -> active implementation Boost
Activating thorn Boundary...Success -> active implementation boundary
Activating thorn Carpet...Success -> active implementation Driver
Activating thorn CarpetInterp...Success -> active implementation interp
Activating thorn CarpetIOASCII...Success -> active implementation IOASCII
Activating thorn CarpetIOBasic...Success -> active implementation IOBasic
Activating thorn CarpetIOHDF5...Success -> active implementation IOHDF5
Activating thorn CarpetIOScalar...Success -> active implementation IOScalar
Activating thorn CarpetLib...Success -> active implementation CarpetLib
Activating thorn CarpetMask...Success -> active implementation CarpetMask
Activating thorn CarpetReduce...Success -> active implementation reduce
Activating thorn CarpetRegrid2...Success -> active implementation CarpetRegrid2
Activating thorn CarpetSlab...Success -> active implementation Hyperslab
Activating thorn CarpetTracker...Success -> active implementation CarpetTracker
Activating thorn CartGrid3D...Success -> active implementation grid
Activating thorn CoordBase...Success -> active implementation CoordBase
Activating thorn CoordGauge...Success -> active implementation CoordGauge
Activating thorn CycleClock...Success -> active implementation CycleClock
Activating thorn Dissipation...Success -> active implementation Dissipation
Activating thorn Fortran...Success -> active implementation Fortran
Activating thorn GenericFD...Success -> active implementation GenericFD
Activating thorn GSL...Success -> active implementation GSL
Activating thorn HDF5...Success -> active implementation HDF5
Activating thorn hwloc...Success -> active implementation hwloc
Activating thorn InitBase...Success -> active implementation InitBase
Activating thorn IOUtil...Success -> active implementation IO
Activating thorn LAPACK...Success -> active implementation LAPACK
Activating thorn LeanBSSNMoL...Success -> active implementation LeanBSSNMoL
Activating thorn LocalInterp...Success -> active implementation LocalInterp
Activating thorn LoopControl...Success -> active implementation LoopControl
Activating thorn MagScalarAnalysis...Success -> active implementation MagScalarAnalysis
Activating thorn MagScalarBase...Success -> active implementation MagScalarBase
Activating thorn MagScalarEvolve...Success -> active implementation MagScalarEvolve
Activating thorn MagScalarInit...Success -> active implementation MagScalarInit
Activating thorn MoL...Success -> active implementation MethodOfLines
Activating thorn MPI...Success -> active implementation MPI
Activating thorn Multipole...Success -> active implementation multipole
Activating thorn NaNChecker...Success -> active implementation NaNChecker
Activating thorn NewRad...Success -> active implementation NewRad
Activating thorn NPScalars...Success -> active implementation NPScalars
Activating thorn NPScalars_MagScalar...Success -> active implementation NPScalars_MagScalar
Activating thorn PunctureTracker...Success -> active implementation PunctureTracker
Activating thorn QuasiLocalMeasures...Success -> active implementation QuasiLocalMeasures
Activating thorn ReflectionSymmetry...Success -> active implementation ReflectionSymmetry
Activating thorn SpaceMask...Success -> active implementation SpaceMask
Activating thorn SphericalSurface...Success -> active implementation SphericalSurface
Activating thorn StaticConformal...Success -> active implementation StaticConformal
Activating thorn SymBase...Success -> active implementation SymBase
Activating thorn SystemStatistics...Success -> active implementation SystemStatistics
Activating thorn TerminationTrigger...Success -> active implementation TerminationTrigger
Activating thorn TGRtensor...Success -> active implementation TGRtensor
Activating thorn Time...Success -> active implementation time
Activating thorn TimerReport...Success -> active implementation timerreport
Activating thorn Timers...Success -> active implementation Timers
Activating thorn TmunuBase...Success -> active implementation TmunuBase
Activating thorn Vectors...Success -> active implementation Vectors
Activating thorn zlib...Success -> active implementation zlib
--------------------------------------------------------------------------------
  if (recover initial data)
    Recover parameters
  endif

  Startup routines
    [CCTK_STARTUP]
      Carpet::MultiModel_Startup: Multi-model Startup routine
      CycleClock::CycleClock_Setup: Set up CycleClock
      LoopControl::LC_setup: Set up LoopControl
      Timers::Timer_Startup: Prepare hierarchical timers
      Carpet::Driver_Startup: Startup routine
      IOUtil::IOUtil_Startup: Startup routine
      CarpetIOScalar::CarpetIOScalarStartup: [global] Startup routine
      CarpetInterp::CarpetInterpStartup: Startup routine
      CarpetReduce::CarpetReduceStartup: Startup routine
      CartGrid3D::SymmetryStartup: Register GH Extension for GridSymmetry
      CoordBase::CoordBase_Startup: Register a GH extension to store the coordinate system handles
      AEILocalInterp::AEILocalInterp_U_Startup: register CCTK_InterpLocalUniform() interpolation operators
      CarpetIOASCII::CarpetIOASCIIStartup: [global] Startup routine
      LeanBSSNMoL::LeanBSSN_RegisterSlicing: [meta] Register slicing
      LocalInterp::LocalInterp_Startup: register LocalInterp's interpolation operators
      CarpetIOBasic::CarpetIOBasicStartup: [global] Startup routine
      MagScalarEvolve::MagScalar_Analysis_RegisterMask: Register the masks for excision
      MoL::MoL_Startup: Startup banner
      SymBase::SymBase_Startup: Register GH Extension for SymBase
      TerminationTrigger::TerminationTrigger_StartSignalHandler: Start signal handler
      CarpetIOHDF5::CarpetIOHDF5_Startup: Startup routine
      Vectors::Vectors_Startup: Print startup message
      GROUP hwloc_startup: hwloc startup group
        hwloc::hwloc_version: Output hwloc version

  Startup routines which need an existing grid hierarchy
    [CCTK_WRAGH]
      ADMBase::Einstein_InitSymBound: [global] Set up GF symmetries
      Boundary::Boundary_RegisterBCs: [global] Register boundary conditions that this thorn provides
      CarpetRegrid2::CarpetRegrid2_Initialise: [global] Initialise locations of refined regions
      CartGrid3D::RegisterCartGrid3DCoords: [meta] Register coordinates for the Cartesian grid
      CoordGauge::Einstein_ActivateSlicing: Initialize slicing, setup priorities for mixed slicings
      CoordGauge::Einstein_SetNextSlicing: Identify the slicing for the next iteration
      MoL::MoL_SetupIndexArrays: Set up the MoL bookkeeping index arrays
      MoL::MoL_SetScheduleStatus: [global] Set the flag so it is ok to register with MoL
      TmunuBase::TmunuBase_SetStressEnergyState: [global] Set the stress_energy_state variable
      GROUP MoL_Register: The group where physics thorns register variables with MoL
        LeanBSSNMoL::LeanBSSN_RegisterVars: [meta] Register variables for MoL
        MagScalarEvolve::MagScalar_RegisterVars: [meta] Register variables for MoL
      SpaceMask::MaskSym: [global] Set grid symmetries for mask
      SpaceMask::MaskSym_emask: [global] Set grid symmetries for emask (compatibility mode)
      GROUP SymBase_Wrapper: Wrapper group for SymBase
        GROUP SymmetryRegister: Register your symmetries here
          CartGrid3D::CartGrid3D_RegisterSymmetryBoundaries: [meta] Register symmetry boundaries
          ReflectionSymmetry::ReflectionSymmetry_Register: Register reflection symmetry boundaries
        SymBase::SymBase_Statistics: Print symmetry boundary face descriptions
      MoL::MoL_ReportNumberVariables: [meta] Report how many of each type of variable there are
  Parameter checking routines
    [CCTK_PARAMCHECK]
      ADMBase::ADMBase_ParamCheck: [global] Check consistency of parameters
      Boundary::Boundary_Check: Check dimension of grid variables
      Carpet::CarpetParamCheck: Parameter checking routine
      CarpetLib::CarpetLib_test_prolongate_3d_rf2: [global] Test prolongation operators
      CarpetMask::CarpetSurfaceParamCheck: [global] Check parameters
      CarpetRegrid2::CarpetRegrid2_ParamCheck: Check parameters
      CartGrid3D::ParamCheck_CartGrid3D: Check coordinates for CartGrid3D
      Dissipation::dissipation_paramcheck: Check dissipation parameters for consistency
      Fortran::CheckFortranParameters: Test whether Fortran parameters work correctly
      LeanBSSNMoL::Lean_ParamCheck: Check Lean parameters for consistency
      MoL::MoL_ParamCheck: Basic parameter checking
      Multipole::Multipole_ParamCheck: [global] Check Multipole parameters
      NPScalars::NPScalars_ParamCheck: Check NPScalars parameters for consistency
      QuasiLocalMeasures::qlm_paramcheck: [global] Check quasi-local parameter settings
      SphericalSurface::SphericalSurface_ParamCheck: [global] Check that all surface names are unique
      TerminationTrigger::TerminationTrigger_ParamCheck: Check consitency of parameters
      TmunuBase::TmunuBase_ParamCheck: [global] Check that no deprecated parameters are used.
      Vectors::Vectors_Test: Run correctness tests.

  Initialisation
    if (NOT (recover initial data AND recovery_mode is 'strict'))
      [CCTK_PREREGRIDINITIAL]
      Set up grid hierarchy
      [CCTK_POSTREGRIDINITIAL]
        SpaceMask::MaskZero: Initialise mask to zero
        CartGrid3D::SpatialCoordinates: Set Coordinates after regridding
        GROUP MaskBase_SetupMask: Set up the weight function
          GROUP MaskBase_SetupMaskAll: Set up the weight function
            CarpetReduce::MaskBase_AllocateMask: [global] Allocate the weight function
            CarpetReduce::MaskBase_InitMask: [global] [loop-local] Initialise the weight function
            GROUP SetupIMaskInternal: Set up the integer weight function (schedule other routines in here)
              CarpetReduce::CoordBase_SetupMask: [global] [loop-local] Set up the outer boundaries of the weight function
              CarpetReduce::CarpetMaskSetup: [global] [loop-singlemap] Set up the weight function for the restriction regions
            GROUP SetupIMask: Set up the integer weight function (schedule other routines in here)
              CarpetMask::CarpetExcludedSetup: [global] [loop-local] Set up the weight function for the excluded regions
              CarpetMask::CarpetSurfaceSetup: [global] [loop-local] Set up the weight function for the excluded spherical surfaces
            CarpetReduce::MaskBase_SetMask: [global] [loop-local] Set the weight function
            GROUP SetupMask: Set up the real weight function (schedule other routines in here)
            CarpetReduce::MaskBase_TestMask: [global] Test the weight function
        Dissipation::setup_epsdis: Setup spatially varying dissipation
        GROUP MoL_PseudoEvolutionBoundaries: Apply boundary conditions to pseudo-evolved quantities
        GROUP CalcNPScalars_BC: Boundary conditions
          NPScalars::NPboundaries: [level] Symmetry boundary conditions
          GROUP ApplyBCs_NP: Apply boundary conditions
            GROUP BoundaryConditions: Execute all boundary conditions
              Boundary::Boundary_ApplyPhysicalBCs: Apply all requested local physical boundary conditions
              CartGrid3D::CartGrid3D_ApplyBC: Apply symmetry boundary conditions
              ReflectionSymmetry::ReflectionSymmetry_Apply: Apply reflection symmetries
            Boundary::Boundary_ClearSelection: [level] Unselect all grid variables for boundary conditions
        GROUP CalcNPMagScalarScalars_BC: Boundary conditions
          NPScalars_MagScalar::NPMagScalar_Boundaries: [level] Symmetry boundary conditions
          GROUP ApplyBCs_NPMagScalar: Apply boundary conditions
            GROUP BoundaryConditions: Execute all boundary conditions
              Boundary::Boundary_ApplyPhysicalBCs: Apply all requested local physical boundary conditions
              CartGrid3D::CartGrid3D_ApplyBC: Apply symmetry boundary conditions
              ReflectionSymmetry::ReflectionSymmetry_Apply: Apply reflection symmetries
            Boundary::Boundary_ClearSelection: [level] Unselect all grid variables for boundary conditions
        SpaceMask::MaskOne: Set mask to one
        AHFinderDirect::AHFinderDirect_maybe_do_masks: set mask(s) based on apparent horizon position(s)
      [CCTK_BASEGRID]
        ADMBase::ADMBase_SetShiftStateOn: Set the shift_state variable to 1
        ADMBase::ADMBase_SetDtLapseStateOn: Set the dtlapse_state variable to 1
        ADMBase::ADMBase_SetDtShiftStateOn: Set the dtshift_state variable to 1
        ADMMacros::ADMMacros_SetLocalSpatialOrder: Initialize the local_spatial_order
        CartGrid3D::SpatialSpacings: Set up ranges for spatial 3D Cartesian coordinates (on all grids)
        CartGrid3D::SpatialCoordinates: Set up spatial 3D Cartesian coordinates on the GH
        SphericalSurface::SphericalSurface_SetupRes: [global] [loop-local] Set surface resolution automatically
        AHFinderDirect::AHFinderDirect_setup: [global] setup data structures
        Dissipation::dissipation_basegrid: Ensure that there are enough ghost zones
        LeanBSSNMoL::LeanBSSN_symmetries: [global] Register symmetries of the BSSN grid functions
        LeanBSSNMoL::LeanBSSN_zero_rhs: Set all rhs functions to zero to prevent spurious nans
        MagScalarBase::MagScalar_symmetries: [global] Register symmetries of the grid functions
        MagScalarEvolve::MagScalar_InitSymBound: [meta] Schedule symmetries
        MagScalarEvolve::MagScalar_zero_rhs: set all rhs functions to zero to prevent spurious nans
        NPScalars::NP_symmetries: [meta] Set symmetries for grid functions
        NPScalars_MagScalar::NPMagScalar_symmetries: [meta] Set symmetries for grid functions
        NaNChecker::NaNChecker_ResetCounter: [global] Reset the NaNChecker::NaNsFound counter
        SpaceMask::MaskZero: Initialise mask to zero
        SpaceMask::MaskOne: Set old style mask to one
        SphericalSurface::SphericalSurface_Setup: [global] Calculate surface coordinate descriptors
        GROUP MaskBase_SetupMask: Set up the weight function
          GROUP MaskBase_SetupMaskAll: Set up the weight function
            CarpetReduce::MaskBase_AllocateMask: [global] Allocate the weight function
            CarpetReduce::MaskBase_InitMask: [global] [loop-local] Initialise the weight function
            GROUP SetupIMaskInternal: Set up the integer weight function (schedule other routines in here)
              CarpetReduce::CoordBase_SetupMask: [global] [loop-local] Set up the outer boundaries of the weight function
              CarpetReduce::CarpetMaskSetup: [global] [loop-singlemap] Set up the weight function for the restriction regions
            GROUP SetupIMask: Set up the integer weight function (schedule other routines in here)
              CarpetMask::CarpetExcludedSetup: [global] [loop-local] Set up the weight function for the excluded regions
              CarpetMask::CarpetSurfaceSetup: [global] [loop-local] Set up the weight function for the excluded spherical surfaces
            CarpetReduce::MaskBase_SetMask: [global] [loop-local] Set the weight function
            GROUP SetupMask: Set up the real weight function (schedule other routines in here)
            CarpetReduce::MaskBase_TestMask: [global] Test the weight function
        SphericalSurface::SphericalSurface_Set: [global] Set surface radii to be used for initial setup in other thorns
        GROUP SphericalSurface_HasBeenSet: Set the spherical surfaces before this group, and use it afterwards
          SphericalSurface::SphericalSurface_CheckState: [global] Test the state of the spherical surfaces
        SymBase::SymBase_Check: Check whether the driver set up the grid consistently
        TerminationTrigger::TerminationTrigger_ResetTrigger: Clear trigger state
        TerminationTrigger::TerminationTrigger_StartTimer: Start timer
        TerminationTrigger::TerminationTrigger_CreateFile: Create termination file
        Time::Time_Initialise: [global] Initialise Time variables
        Time::TemporalSpacings: [singlemap] Set timestep based on Courant condition (courant_static)
      [CCTK_INITIAL]
        StaticConformal::StaticConformal_InitialiseState: Set the conformal_state variable to 0
        GROUP ADMBase_InitialData: Schedule group for calculating ADM initial data
          MagScalarInit::MagScalar_InitStatCloud: [local] Initial data for a static scalar cloud surrounding a charged BH
        GROUP ADMBase_InitialGauge: Schedule group for the ADM initial gauge condition
          ADMBase::ADMBase_ShiftZero: Set the shift to 0 at all points
          ADMBase::ADMBase_DtLapseZero: Set the dtlapse to 0 at all points
          ADMBase::ADMBase_DtShiftZero: Set the dtshift to 0 at all points
        CarpetIOASCII::CarpetIOASCIIInit: [global] Initialisation routine
        CarpetIOBasic::CarpetIOBasicInit: [global] Initialisation routine
        CarpetIOHDF5::CarpetIOHDF5_Init: [global] Initialisation routine
        CarpetIOScalar::CarpetIOScalarInit: [global] Initialisation routine
        GROUP MagScalarBase_Initial: MagScalarBase initial data group
        GROUP ADMBase_PostInitial: Schedule group for modifying the ADM initial data, such as e.g. adding noise
        LeanBSSNMoL::LeanBSSN_adm2bssn: [local] Convert initial data into BSSN variables
        LeanBSSNMoL::LeanBSSN_Boundaries: [level] Boundary enforcement
        MoL::MoL_StartLoop: [level] Initialise the step size control
        PunctureTracker::PunctureTracker_Init: [global] Calculate initial location of punctures
        QuasiLocalMeasures::qlm_init: [global] Initialise quasi-local calculations
        GROUP LeanBSSN_ApplyBCs: Apply boundary conditions
          GROUP BoundaryConditions: Execute all boundary conditions
            Boundary::Boundary_ApplyPhysicalBCs: Apply all requested local physical boundary conditions
            CartGrid3D::CartGrid3D_ApplyBC: Apply symmetry boundary conditions
            ReflectionSymmetry::ReflectionSymmetry_Apply: Apply reflection symmetries
          Boundary::Boundary_ClearSelection: [level] Unselect all grid variables for boundary conditions
      [CCTK_POSTINITIAL]
        CarpetIOHDF5::CarpetIOHDF5_CloseFiles: [global] Close all filereader input files
        MagScalarEvolve::MagScalar_adm2bssn: Compute BSSN like quantities after generating initial data
        GROUP MoL_PostStepModify: The group for physics thorns to schedule enforcing constraints
        GROUP MoL_PostStep: Ensure that everything is correct after the initial data have been set up
          LeanBSSNMoL::LeanBSSN_remove_trA: Remove trace of A
          LeanBSSNMoL::LeanBSSN_impose_conf_fac_floor: Make sure conformal factor does not drop below specified value
          LeanBSSNMoL::LeanBSSN_Boundaries: [level] MoL boundary enforcement
          GROUP LeanBSSN_ApplyBCs: Apply boundary conditions
            GROUP BoundaryConditions: Execute all boundary conditions
              Boundary::Boundary_ApplyPhysicalBCs: Apply all requested local physical boundary conditions
              CartGrid3D::CartGrid3D_ApplyBC: Apply symmetry boundary conditions
              ReflectionSymmetry::ReflectionSymmetry_Apply: Apply reflection symmetries
            Boundary::Boundary_ClearSelection: [level] Unselect all grid variables for boundary conditions
          LeanBSSNMoL::LeanBSSN_bssn2adm: [local] Convert variables back to the ADM ones
          GROUP ADMBase_SetADMVars: Set the ADM variables before this group, and use them afterwards
          MagScalarEvolve::MagScalar_Boundaries: [level] MoL boundary enforcement for MagScalar variables
          GROUP MagScalar_ApplyBCs: Apply boundary conditions
            GROUP BoundaryConditions: Execute all boundary conditions
              Boundary::Boundary_ApplyPhysicalBCs: Apply all requested local physical boundary conditions
              CartGrid3D::CartGrid3D_ApplyBC: Apply symmetry boundary conditions
              ReflectionSymmetry::ReflectionSymmetry_Apply: Apply reflection symmetries
            Boundary::Boundary_ClearSelection: [level] Unselect all grid variables for boundary conditions
          GROUP SetTmunu: Group for calculating the stress-energy tensor
            TmunuBase::TmunuBase_ZeroTmunu: Initialise the stress-energy tensor to zero
            GROUP AddToTmunu: Add to the stress-energy tensor here
              MagScalarEvolve::MagScalar_AddToTmunu: Compute the energy-momentum tensor
        GROUP MoL_PseudoEvolution: Calculate pseudo-evolved quantities
          GROUP ADMBase_SetADMVars: Set the ADM variables before this group, and use them afterwards
          GROUP CalcNPScalars: Calculate NPScalars
            NPScalars::NP_calcPsiGF: [local] calculate Psi4 as grid function
            GROUP CalcNPScalars_BC: Boundary conditions
              NPScalars::NPboundaries: [level] Symmetry boundary conditions
              GROUP ApplyBCs_NP: Apply boundary conditions
                GROUP BoundaryConditions: Execute all boundary conditions
                  Boundary::Boundary_ApplyPhysicalBCs: Apply all requested local physical boundary conditions
                  CartGrid3D::CartGrid3D_ApplyBC: Apply symmetry boundary conditions
                  ReflectionSymmetry::ReflectionSymmetry_Apply: Apply reflection symmetries
                Boundary::Boundary_ClearSelection: [level] Unselect all grid variables for boundary conditions
        GROUP CalcNPScalars: Calculate NPScalars
          NPScalars::NP_calcPsiGF: [local] calculate Psi4 as grid function
          GROUP CalcNPScalars_BC: Boundary conditions
            NPScalars::NPboundaries: [level] Symmetry boundary conditions
            GROUP ApplyBCs_NP: Apply boundary conditions
              GROUP BoundaryConditions: Execute all boundary conditions
                Boundary::Boundary_ApplyPhysicalBCs: Apply all requested local physical boundary conditions
                CartGrid3D::CartGrid3D_ApplyBC: Apply symmetry boundary conditions
                ReflectionSymmetry::ReflectionSymmetry_Apply: Apply reflection symmetries
              Boundary::Boundary_ClearSelection: [level] Unselect all grid variables for boundary conditions
        GROUP CalcNPMagScalarScalars: Calculate NPScalars
          NPScalars_MagScalar::NPMagScalar_calcPsiGF: [local] calculate grid functions
          GROUP CalcNPMagScalarScalars_BC: Boundary conditions
            NPScalars_MagScalar::NPMagScalar_Boundaries: [level] Symmetry boundary conditions
            GROUP ApplyBCs_NPMagScalar: Apply boundary conditions
              GROUP BoundaryConditions: Execute all boundary conditions
                Boundary::Boundary_ApplyPhysicalBCs: Apply all requested local physical boundary conditions
                CartGrid3D::CartGrid3D_ApplyBC: Apply symmetry boundary conditions
                ReflectionSymmetry::ReflectionSymmetry_Apply: Apply reflection symmetries
              Boundary::Boundary_ClearSelection: [level] Unselect all grid variables for boundary conditions
      Initialise finer grids recursively
      Restrict from finer grids
      [CCTK_POSTRESTRICTINITIAL]
        GROUP MoL_PostStep: Ensure that everything is correct after restriction
          LeanBSSNMoL::LeanBSSN_remove_trA: Remove trace of A
          LeanBSSNMoL::LeanBSSN_impose_conf_fac_floor: Make sure conformal factor does not drop below specified value
          LeanBSSNMoL::LeanBSSN_Boundaries: [level] MoL boundary enforcement
          GROUP LeanBSSN_ApplyBCs: Apply boundary conditions
            GROUP BoundaryConditions: Execute all boundary conditions
              Boundary::Boundary_ApplyPhysicalBCs: Apply all requested local physical boundary conditions
              CartGrid3D::CartGrid3D_ApplyBC: Apply symmetry boundary conditions
              ReflectionSymmetry::ReflectionSymmetry_Apply: Apply reflection symmetries
            Boundary::Boundary_ClearSelection: [level] Unselect all grid variables for boundary conditions
          LeanBSSNMoL::LeanBSSN_bssn2adm: [local] Convert variables back to the ADM ones
          GROUP ADMBase_SetADMVars: Set the ADM variables before this group, and use them afterwards
          MagScalarEvolve::MagScalar_Boundaries: [level] MoL boundary enforcement for MagScalar variables
          GROUP MagScalar_ApplyBCs: Apply boundary conditions
            GROUP BoundaryConditions: Execute all boundary conditions
              Boundary::Boundary_ApplyPhysicalBCs: Apply all requested local physical boundary conditions
              CartGrid3D::CartGrid3D_ApplyBC: Apply symmetry boundary conditions
              ReflectionSymmetry::ReflectionSymmetry_Apply: Apply reflection symmetries
            Boundary::Boundary_ClearSelection: [level] Unselect all grid variables for boundary conditions
          GROUP SetTmunu: Group for calculating the stress-energy tensor
            TmunuBase::TmunuBase_ZeroTmunu: Initialise the stress-energy tensor to zero
            GROUP AddToTmunu: Add to the stress-energy tensor here
              MagScalarEvolve::MagScalar_AddToTmunu: Compute the energy-momentum tensor
        GROUP MoL_PseudoEvolutionBoundaries: Apply boundary conditions to pseudo-evolved quantities
        GROUP CalcNPScalars_BC: Boundary conditions
          NPScalars::NPboundaries: [level] Symmetry boundary conditions
          GROUP ApplyBCs_NP: Apply boundary conditions
            GROUP BoundaryConditions: Execute all boundary conditions
              Boundary::Boundary_ApplyPhysicalBCs: Apply all requested local physical boundary conditions
              CartGrid3D::CartGrid3D_ApplyBC: Apply symmetry boundary conditions
              ReflectionSymmetry::ReflectionSymmetry_Apply: Apply reflection symmetries
            Boundary::Boundary_ClearSelection: [level] Unselect all grid variables for boundary conditions
        GROUP CalcNPMagScalarScalars_BC: Boundary conditions
          NPScalars_MagScalar::NPMagScalar_Boundaries: [level] Symmetry boundary conditions
          GROUP ApplyBCs_NPMagScalar: Apply boundary conditions
            GROUP BoundaryConditions: Execute all boundary conditions
              Boundary::Boundary_ApplyPhysicalBCs: Apply all requested local physical boundary conditions
              CartGrid3D::CartGrid3D_ApplyBC: Apply symmetry boundary conditions
              ReflectionSymmetry::ReflectionSymmetry_Apply: Apply reflection symmetries
            Boundary::Boundary_ClearSelection: [level] Unselect all grid variables for boundary conditions
      [CCTK_POSTPOSTINITIAL]
      [CCTK_POSTSTEP]
        AHFinderDirect::AHFinderDirect_import_mask: [global] [loop-local] import the excision mask
        AHFinderDirect::AHFinderDirect_find_horizons: [global] find apparent horizon(s) after this time step
        AHFinderDirect::AHFinderDirect_store: [global] store apparent horizon(s) into spherical surface(s)
        AHFinderDirect::AHFinderDirect_save: [global] save apparent horizon(s) into Cactus variables
        AHFinderDirect::AHFinderDirect_maybe_do_masks: set mask(s) based on apparent horizon position(s)
        SphericalSurface::SphericalSurface_Set: [global] Set surface radii
        GROUP SphericalSurface_HasBeenSet: Set the spherical surfaces before this group, and use it afterwards
          SphericalSurface::SphericalSurface_CheckState: [global] Test the state of the spherical surfaces
        GROUP zzz_NaNChecker_NaNCheck: Check for NaNs and count them in NaNChecker::NaNsFound
          NaNChecker::NaNChecker_NaNCheck_Prepare: [level] Prepare data structures to check for NaNs
          NaNChecker::NaNChecker_NaNCheck_Check: [local] Check for NaNs
          NaNChecker::NaNChecker_NaNCheck_Finish: [level] Count NaNs in NaNChecker::NaNsFound
        NaNChecker::NaNChecker_TakeAction: [global] [loop-level] Output NaNChecker::NaNmask and take action according to NaNChecker::action_if_found
        PunctureTracker::PunctureTracker_SetPositions: [global] Copy puncture positions to spherical surfaces
        SpaceMask::CheckMask: Ensure that all mask values are legal
        Dissipation::setup_epsdis: Setup spatially varying dissipation
        GROUP MaskBase_SetupMask: Set up the weight function
          GROUP MaskBase_SetupMaskAll: Set up the weight function
            CarpetReduce::MaskBase_AllocateMask: [global] Allocate the weight function
            CarpetReduce::MaskBase_InitMask: [global] [loop-local] Initialise the weight function
            GROUP SetupIMaskInternal: Set up the integer weight function (schedule other routines in here)
              CarpetReduce::CoordBase_SetupMask: [global] [loop-local] Set up the outer boundaries of the weight function
              CarpetReduce::CarpetMaskSetup: [global] [loop-singlemap] Set up the weight function for the restriction regions
            GROUP SetupIMask: Set up the integer weight function (schedule other routines in here)
              CarpetMask::CarpetExcludedSetup: [global] [loop-local] Set up the weight function for the excluded regions
              CarpetMask::CarpetSurfaceSetup: [global] [loop-local] Set up the weight function for the excluded spherical surfaces
            CarpetReduce::MaskBase_SetMask: [global] [loop-local] Set the weight function
            GROUP SetupMask: Set up the real weight function (schedule other routines in here)
            CarpetReduce::MaskBase_TestMask: [global] Test the weight function
    endif
    if (recover initial data)
      [CCTK_BASEGRID]
        ADMBase::ADMBase_SetShiftStateOn: Set the shift_state variable to 1
        ADMBase::ADMBase_SetDtLapseStateOn: Set the dtlapse_state variable to 1
        ADMBase::ADMBase_SetDtShiftStateOn: Set the dtshift_state variable to 1
        ADMMacros::ADMMacros_SetLocalSpatialOrder: Initialize the local_spatial_order
        CartGrid3D::SpatialSpacings: Set up ranges for spatial 3D Cartesian coordinates (on all grids)
        CartGrid3D::SpatialCoordinates: Set up spatial 3D Cartesian coordinates on the GH
        SphericalSurface::SphericalSurface_SetupRes: [global] [loop-local] Set surface resolution automatically
        AHFinderDirect::AHFinderDirect_setup: [global] setup data structures
        Dissipation::dissipation_basegrid: Ensure that there are enough ghost zones
        LeanBSSNMoL::LeanBSSN_symmetries: [global] Register symmetries of the BSSN grid functions
        LeanBSSNMoL::LeanBSSN_zero_rhs: Set all rhs functions to zero to prevent spurious nans
        MagScalarBase::MagScalar_symmetries: [global] Register symmetries of the grid functions
        MagScalarEvolve::MagScalar_InitSymBound: [meta] Schedule symmetries
        MagScalarEvolve::MagScalar_zero_rhs: set all rhs functions to zero to prevent spurious nans
        NPScalars::NP_symmetries: [meta] Set symmetries for grid functions
        NPScalars_MagScalar::NPMagScalar_symmetries: [meta] Set symmetries for grid functions
        NaNChecker::NaNChecker_ResetCounter: [global] Reset the NaNChecker::NaNsFound counter
        SpaceMask::MaskZero: Initialise mask to zero
        SpaceMask::MaskOne: Set old style mask to one
        SphericalSurface::SphericalSurface_Setup: [global] Calculate surface coordinate descriptors
        GROUP MaskBase_SetupMask: Set up the weight function
          GROUP MaskBase_SetupMaskAll: Set up the weight function
            CarpetReduce::MaskBase_AllocateMask: [global] Allocate the weight function
            CarpetReduce::MaskBase_InitMask: [global] [loop-local] Initialise the weight function
            GROUP SetupIMaskInternal: Set up the integer weight function (schedule other routines in here)
              CarpetReduce::CoordBase_SetupMask: [global] [loop-local] Set up the outer boundaries of the weight function
              CarpetReduce::CarpetMaskSetup: [global] [loop-singlemap] Set up the weight function for the restriction regions
            GROUP SetupIMask: Set up the integer weight function (schedule other routines in here)
              CarpetMask::CarpetExcludedSetup: [global] [loop-local] Set up the weight function for the excluded regions
              CarpetMask::CarpetSurfaceSetup: [global] [loop-local] Set up the weight function for the excluded spherical surfaces
            CarpetReduce::MaskBase_SetMask: [global] [loop-local] Set the weight function
            GROUP SetupMask: Set up the real weight function (schedule other routines in here)
            CarpetReduce::MaskBase_TestMask: [global] Test the weight function
        SphericalSurface::SphericalSurface_Set: [global] Set surface radii to be used for initial setup in other thorns
        GROUP SphericalSurface_HasBeenSet: Set the spherical surfaces before this group, and use it afterwards
          SphericalSurface::SphericalSurface_CheckState: [global] Test the state of the spherical surfaces
        SymBase::SymBase_Check: Check whether the driver set up the grid consistently
        TerminationTrigger::TerminationTrigger_ResetTrigger: Clear trigger state
        TerminationTrigger::TerminationTrigger_StartTimer: Start timer
        TerminationTrigger::TerminationTrigger_CreateFile: Create termination file
        Time::Time_Initialise: [global] Initialise Time variables
        Time::TemporalSpacings: [singlemap] Set timestep based on Courant condition (courant_static)
      [CCTK_RECOVER_VARIABLES]
        IOUtil::IOUtil_RecoverGH: [level] Checkpoint recovery routine
      [CCTK_POST_RECOVER_VARIABLES]
        AHFinderDirect::AHFinderDirect_recover: [global] import horizon data from Cactus variables
        CarpetIOHDF5::CarpetIOHDF5_InitCheckpointingIntervals: [global] Initialisation of checkpointing intervals after recovery
        CarpetIOHDF5::CarpetIOHDF5_CloseFiles: [meta] Close all initial data checkpoint files after recovery
        GROUP MaskBase_SetupMask: Set up the weight function
          GROUP MaskBase_SetupMaskAll: Set up the weight function
            CarpetReduce::MaskBase_AllocateMask: [global] Allocate the weight function
            CarpetReduce::MaskBase_InitMask: [global] [loop-local] Initialise the weight function
            GROUP SetupIMaskInternal: Set up the integer weight function (schedule other routines in here)
              CarpetReduce::CoordBase_SetupMask: [global] [loop-local] Set up the outer boundaries of the weight function
              CarpetReduce::CarpetMaskSetup: [global] [loop-singlemap] Set up the weight function for the restriction regions
            GROUP SetupIMask: Set up the integer weight function (schedule other routines in here)
              CarpetMask::CarpetExcludedSetup: [global] [loop-local] Set up the weight function for the excluded regions
              CarpetMask::CarpetSurfaceSetup: [global] [loop-local] Set up the weight function for the excluded spherical surfaces
            CarpetReduce::MaskBase_SetMask: [global] [loop-local] Set the weight function
            GROUP SetupMask: Set up the real weight function (schedule other routines in here)
            CarpetReduce::MaskBase_TestMask: [global] Test the weight function
        GROUP MoL_PostStep: Ensure that everything is correct after recovery
          LeanBSSNMoL::LeanBSSN_remove_trA: Remove trace of A
          LeanBSSNMoL::LeanBSSN_impose_conf_fac_floor: Make sure conformal factor does not drop below specified value
          LeanBSSNMoL::LeanBSSN_Boundaries: [level] MoL boundary enforcement
          GROUP LeanBSSN_ApplyBCs: Apply boundary conditions
            GROUP BoundaryConditions: Execute all boundary conditions
              Boundary::Boundary_ApplyPhysicalBCs: Apply all requested local physical boundary conditions
              CartGrid3D::CartGrid3D_ApplyBC: Apply symmetry boundary conditions
              ReflectionSymmetry::ReflectionSymmetry_Apply: Apply reflection symmetries
            Boundary::Boundary_ClearSelection: [level] Unselect all grid variables for boundary conditions
          LeanBSSNMoL::LeanBSSN_bssn2adm: [local] Convert variables back to the ADM ones
          GROUP ADMBase_SetADMVars: Set the ADM variables before this group, and use them afterwards
          MagScalarEvolve::MagScalar_Boundaries: [level] MoL boundary enforcement for MagScalar variables
          GROUP MagScalar_ApplyBCs: Apply boundary conditions
            GROUP BoundaryConditions: Execute all boundary conditions
              Boundary::Boundary_ApplyPhysicalBCs: Apply all requested local physical boundary conditions
              CartGrid3D::CartGrid3D_ApplyBC: Apply symmetry boundary conditions
              ReflectionSymmetry::ReflectionSymmetry_Apply: Apply reflection symmetries
            Boundary::Boundary_ClearSelection: [level] Unselect all grid variables for boundary conditions
          GROUP SetTmunu: Group for calculating the stress-energy tensor
            TmunuBase::TmunuBase_ZeroTmunu: Initialise the stress-energy tensor to zero
            GROUP AddToTmunu: Add to the stress-energy tensor here
              MagScalarEvolve::MagScalar_AddToTmunu: Compute the energy-momentum tensor
        GROUP zzz_NaNChecker_NaNCheck: Check for NaNs and count them in NaNChecker::NaNsFound
          NaNChecker::NaNChecker_NaNCheck_Prepare: [level] Prepare data structures to check for NaNs
          NaNChecker::NaNChecker_NaNCheck_Check: [local] Check for NaNs
          NaNChecker::NaNChecker_NaNCheck_Finish: [level] Count NaNs in NaNChecker::NaNsFound
        NaNChecker::NaNChecker_TakeAction: [global] [loop-level] Output NaNChecker::NaNmask and take action according to NaNChecker::action_if_found
        TerminationTrigger::TerminationTrigger_ResetMinutes: [global] Reset Watchtime
    endif
    if (checkpoint initial data)
      [CCTK_CPINITIAL]
        CarpetIOHDF5::CarpetIOHDF5_InitialDataCheckpoint: [meta] Initial data checkpoint routine
    endif
    if (analysis)
      [CCTK_ANALYSIS]
        CarpetLib::CarpetLib_printtimestats: [global] Print timing statistics if desired
        CarpetLib::CarpetLib_printmemstats: [global] Print memory statistics if desired
        GROUP LeanBSSN_constraints: Compute constraints
          LeanBSSNMoL::LeanBSSN_bssn_constraints: Compute constraints
          LeanBSSNMoL::LeanBSSN_Constraints_Boundaries: [level] Enforce symmetry BCs in constraint computation
          GROUP LeanBSSN_Constraints_ApplyBCs: Apply boundary conditions
            GROUP BoundaryConditions: Execute all boundary conditions
              Boundary::Boundary_ApplyPhysicalBCs: Apply all requested local physical boundary conditions
              CartGrid3D::CartGrid3D_ApplyBC: Apply symmetry boundary conditions
              ReflectionSymmetry::ReflectionSymmetry_Apply: Apply reflection symmetries
            Boundary::Boundary_ClearSelection: [level] Unselect all grid variables for boundary conditions
        LoopControl::LC_statistics_analysis: [meta] Output LoopControl statistics
        GROUP MagScalar_analysis_group: Compute analysis quantities
          MagScalarAnalysis::MagScalar_analysis: Compute analysis quantities
          MagScalarAnalysis::MagScalar_analysis_boundaries: [level] Enforce BCs
          GROUP MagScalar_analysis_ApplyBCs: Apply boundary conditions
            GROUP BoundaryConditions: Execute all boundary conditions
              Boundary::Boundary_ApplyPhysicalBCs: Apply all requested local physical boundary conditions
              CartGrid3D::CartGrid3D_ApplyBC: Apply symmetry boundary conditions
              ReflectionSymmetry::ReflectionSymmetry_Apply: Apply reflection symmetries
            Boundary::Boundary_ClearSelection: [level] Unselect all grid variables for boundary conditions
          MagScalarAnalysis::MagScalar_analysis_integrate: [global] Compute volume integrals of analysis quantities
        GROUP MagScalar_constraints: Group to calculate constraints
          MagScalarEvolve::MagScalar_constraints: Calculate constraints
          MagScalarEvolve::MagScalar_constraints_boundaries: [level] Enforce symmetry BCs in constraint computation
          GROUP MagScalar_constraints_ApplyBCs: Apply boundary conditions
            GROUP BoundaryConditions: Execute all boundary conditions
              Boundary::Boundary_ApplyPhysicalBCs: Apply all requested local physical boundary conditions
              CartGrid3D::CartGrid3D_ApplyBC: Apply symmetry boundary conditions
              ReflectionSymmetry::ReflectionSymmetry_Apply: Apply reflection symmetries
            Boundary::Boundary_ClearSelection: [level] Unselect all grid variables for boundary conditions
        Multipole::Multipole_Calc: [global] Calculate Multipoles
        GROUP CalcNPMagScalarScalars: Calculate NPScalars
          NPScalars_MagScalar::NPMagScalar_calcPsiGF: [local] calculate grid functions
          GROUP CalcNPMagScalarScalars_BC: Boundary conditions
            NPScalars_MagScalar::NPMagScalar_Boundaries: [level] Symmetry boundary conditions
            GROUP ApplyBCs_NPMagScalar: Apply boundary conditions
              GROUP BoundaryConditions: Execute all boundary conditions
                Boundary::Boundary_ApplyPhysicalBCs: Apply all requested local physical boundary conditions
                CartGrid3D::CartGrid3D_ApplyBC: Apply symmetry boundary conditions
                ReflectionSymmetry::ReflectionSymmetry_Apply: Apply reflection symmetries
              Boundary::Boundary_ClearSelection: [level] Unselect all grid variables for boundary conditions
        QuasiLocalMeasures::qlm_calculate: [global] Calculate quasi-local quantities
        SystemStatistics::SystemStatistics_Collect: [global] Collect system statistics
        TerminationTrigger::TerminationTrigger_CheckWalltime: Check elapsed job walltime
        TerminationTrigger::TerminationTrigger_CheckSignal: Check if we received a termination signal
        TerminationTrigger::TerminationTrigger_CheckFile: Check termination file
        TimerReport::zzz_TimerReport_Output: [global] Print the timer report
  endif
  Output grid variables

  do loop over timesteps
    [CCTK_PREREGRID]
      CarpetTracker::CarpetTracker_SetPositions: [global] Set positions of refined regions
    Change grid hierarchy
    [CCTK_POSTREGRID]
      SpaceMask::MaskZero: Initialise mask to zero
      CartGrid3D::SpatialCoordinates: Set Coordinates after regridding
      GROUP MaskBase_SetupMask: Set up the weight function
        GROUP MaskBase_SetupMaskAll: Set up the weight function
          CarpetReduce::MaskBase_AllocateMask: [global] Allocate the weight function
          CarpetReduce::MaskBase_InitMask: [global] [loop-local] Initialise the weight function
          GROUP SetupIMaskInternal: Set up the integer weight function (schedule other routines in here)
            CarpetReduce::CoordBase_SetupMask: [global] [loop-local] Set up the outer boundaries of the weight function
            CarpetReduce::CarpetMaskSetup: [global] [loop-singlemap] Set up the weight function for the restriction regions
          GROUP SetupIMask: Set up the integer weight function (schedule other routines in here)
            CarpetMask::CarpetExcludedSetup: [global] [loop-local] Set up the weight function for the excluded regions
            CarpetMask::CarpetSurfaceSetup: [global] [loop-local] Set up the weight function for the excluded spherical surfaces
          CarpetReduce::MaskBase_SetMask: [global] [loop-local] Set the weight function
          GROUP SetupMask: Set up the real weight function (schedule other routines in here)
          CarpetReduce::MaskBase_TestMask: [global] Test the weight function
      Dissipation::setup_epsdis: Setup spatially varying dissipation
      GROUP MoL_PostStep: Ensure that everything is correct after regridding
        LeanBSSNMoL::LeanBSSN_remove_trA: Remove trace of A
        LeanBSSNMoL::LeanBSSN_impose_conf_fac_floor: Make sure conformal factor does not drop below specified value
        LeanBSSNMoL::LeanBSSN_Boundaries: [level] MoL boundary enforcement
        GROUP LeanBSSN_ApplyBCs: Apply boundary conditions
          GROUP BoundaryConditions: Execute all boundary conditions
            Boundary::Boundary_ApplyPhysicalBCs: Apply all requested local physical boundary conditions
            CartGrid3D::CartGrid3D_ApplyBC: Apply symmetry boundary conditions
            ReflectionSymmetry::ReflectionSymmetry_Apply: Apply reflection symmetries
          Boundary::Boundary_ClearSelection: [level] Unselect all grid variables for boundary conditions
        LeanBSSNMoL::LeanBSSN_bssn2adm: [local] Convert variables back to the ADM ones
        GROUP ADMBase_SetADMVars: Set the ADM variables before this group, and use them afterwards
        MagScalarEvolve::MagScalar_Boundaries: [level] MoL boundary enforcement for MagScalar variables
        GROUP MagScalar_ApplyBCs: Apply boundary conditions
          GROUP BoundaryConditions: Execute all boundary conditions
            Boundary::Boundary_ApplyPhysicalBCs: Apply all requested local physical boundary conditions
            CartGrid3D::CartGrid3D_ApplyBC: Apply symmetry boundary conditions
            ReflectionSymmetry::ReflectionSymmetry_Apply: Apply reflection symmetries
          Boundary::Boundary_ClearSelection: [level] Unselect all grid variables for boundary conditions
        GROUP SetTmunu: Group for calculating the stress-energy tensor
          TmunuBase::TmunuBase_ZeroTmunu: Initialise the stress-energy tensor to zero
          GROUP AddToTmunu: Add to the stress-energy tensor here
            MagScalarEvolve::MagScalar_AddToTmunu: Compute the energy-momentum tensor
      GROUP MoL_PseudoEvolutionBoundaries: Apply boundary conditions to pseudo-evolved quantities
      GROUP CalcNPScalars_BC: Boundary conditions
        NPScalars::NPboundaries: [level] Symmetry boundary conditions
        GROUP ApplyBCs_NP: Apply boundary conditions
          GROUP BoundaryConditions: Execute all boundary conditions
            Boundary::Boundary_ApplyPhysicalBCs: Apply all requested local physical boundary conditions
            CartGrid3D::CartGrid3D_ApplyBC: Apply symmetry boundary conditions
            ReflectionSymmetry::ReflectionSymmetry_Apply: Apply reflection symmetries
          Boundary::Boundary_ClearSelection: [level] Unselect all grid variables for boundary conditions
      GROUP CalcNPMagScalarScalars_BC: Boundary conditions
        NPScalars_MagScalar::NPMagScalar_Boundaries: [level] Symmetry boundary conditions
        GROUP ApplyBCs_NPMagScalar: Apply boundary conditions
          GROUP BoundaryConditions: Execute all boundary conditions
            Boundary::Boundary_ApplyPhysicalBCs: Apply all requested local physical boundary conditions
            CartGrid3D::CartGrid3D_ApplyBC: Apply symmetry boundary conditions
            ReflectionSymmetry::ReflectionSymmetry_Apply: Apply reflection symmetries
          Boundary::Boundary_ClearSelection: [level] Unselect all grid variables for boundary conditions
      SpaceMask::MaskOne: Set mask to one
      AHFinderDirect::AHFinderDirect_maybe_do_masks: set mask(s) based on apparent horizon position(s)
    Rotate timelevels
    iteration = iteration+1
    t = t+dt
    [CCTK_PRESTEP]
      CoordGauge::Einstein_SetNextSlicing: Identify the slicing for the next iteration
      LoopControl::LC_steer: [meta] Update LoopControl algorithm preferences
      NaNChecker::NaNChecker_ResetCounter: [global] Reset the NaNChecker::NaNsFound counter
    [CCTK_EVOL]
      MoL::MoL_StartLoop: [level] Initialise the step size control
      while (MoL::MoL_Stepsize_Bad)
        GROUP MoL_Evolution: A single Cactus evolution step using MoL
          GROUP MoL_StartStep: MoL internal setup for the evolution step
            MoL::MoL_SetCounter: [level] Set the counter for the ODE method to loop over
            MoL::MoL_SetTime: [level] Ensure the correct time and timestep are used
            MoL::MoL_AllocateScratchSpace: [level] Allocate storage for scratch levels
          GROUP MoL_PreStep: Physics thorns can schedule preloop setup routines in here
          MoL::MoL_AllocateScratch: Allocate sufficient space for array scratch variables
          MoL::MoL_InitialCopy: Ensure the data is in the correct timelevel
          while (MoL::MoL_Intermediate_Step)
            GROUP MoL_Step: The loop over the intermediate steps for the ODE integrator
              MoL::MoL_InitRHS: Initialise the RHS functions
              GROUP MoL_CalcRHS: Physics thorns schedule the calculation of the discrete spatial operator in here
                LeanBSSNMoL::LeanBSSN_CalcRHS: MoL RHS calculation
                LeanBSSNMoL::LeanBSSN_CalcRHS_Bdry: MoL boundary RHS calculation
                MagScalarEvolve::MagScalar_CalcRHS: MoL RHS calculation for MagScalar variables
                MagScalarEvolve::MagScalar_CalcRHS_Bdry: MoL boundary RHS calculation for MagScalar variables
              GROUP MoL_PostRHS: Modify RHS functions
                Dissipation::dissipation_add: Add Kreiss-Oliger dissipation to the right hand sides
              GROUP MoL_RHSBoundaries: Any 'final' modifications to the RHS functions (boundaries etc.)
              MoL::MoL_Add: Updates calculated with the efficient Runge-Kutta 4 method
              MoL::MoL_DecrementCounter: [level] Alter the counter number
              MoL::MoL_ResetTime: [level] If necessary, change the time
              GROUP MoL_PostStepModify: The group for physics thorns to schedule enforcing constraints
              GROUP MoL_PostStep: The group for physics thorns to schedule boundary calls etc.
                LeanBSSNMoL::LeanBSSN_remove_trA: Remove trace of A
                LeanBSSNMoL::LeanBSSN_impose_conf_fac_floor: Make sure conformal factor does not drop below specified value
                LeanBSSNMoL::LeanBSSN_Boundaries: [level] MoL boundary enforcement
                GROUP LeanBSSN_ApplyBCs: Apply boundary conditions
                  GROUP BoundaryConditions: Execute all boundary conditions
                    Boundary::Boundary_ApplyPhysicalBCs: Apply all requested local physical boundary conditions
                    CartGrid3D::CartGrid3D_ApplyBC: Apply symmetry boundary conditions
                    ReflectionSymmetry::ReflectionSymmetry_Apply: Apply reflection symmetries
                  Boundary::Boundary_ClearSelection: [level] Unselect all grid variables for boundary conditions
                LeanBSSNMoL::LeanBSSN_bssn2adm: [local] Convert variables back to the ADM ones
                GROUP ADMBase_SetADMVars: Set the ADM variables before this group, and use them afterwards
                MagScalarEvolve::MagScalar_Boundaries: [level] MoL boundary enforcement for MagScalar variables
                GROUP MagScalar_ApplyBCs: Apply boundary conditions
                  GROUP BoundaryConditions: Execute all boundary conditions
                    Boundary::Boundary_ApplyPhysicalBCs: Apply all requested local physical boundary conditions
                    CartGrid3D::CartGrid3D_ApplyBC: Apply symmetry boundary conditions
                    ReflectionSymmetry::ReflectionSymmetry_Apply: Apply reflection symmetries
                  Boundary::Boundary_ClearSelection: [level] Unselect all grid variables for boundary conditions
                GROUP SetTmunu: Group for calculating the stress-energy tensor
                  TmunuBase::TmunuBase_ZeroTmunu: Initialise the stress-energy tensor to zero
                  GROUP AddToTmunu: Add to the stress-energy tensor here
                    MagScalarEvolve::MagScalar_AddToTmunu: Compute the energy-momentum tensor
              MoL::MoL_ResetDeltaTime: [level] If necessary, change the timestep
          end while
          MoL::MoL_FinishLoop: [level] Control the step size
          MoL::MoL_RestoreSandR: Restoring the Save and Restore variables to the original state
          MoL::MoL_FreeScratchSpace: [level] Free storage for scratch levels
      end while
      GROUP MoL_PseudoEvolution: Calculate pseudo-evolved quantities
        GROUP ADMBase_SetADMVars: Set the ADM variables before this group, and use them afterwards
        GROUP CalcNPScalars: Calculate NPScalars
          NPScalars::NP_calcPsiGF: [local] calculate Psi4 as grid function
          GROUP CalcNPScalars_BC: Boundary conditions
            NPScalars::NPboundaries: [level] Symmetry boundary conditions
            GROUP ApplyBCs_NP: Apply boundary conditions
              GROUP BoundaryConditions: Execute all boundary conditions
                Boundary::Boundary_ApplyPhysicalBCs: Apply all requested local physical boundary conditions
                CartGrid3D::CartGrid3D_ApplyBC: Apply symmetry boundary conditions
                ReflectionSymmetry::ReflectionSymmetry_Apply: Apply reflection symmetries
              Boundary::Boundary_ClearSelection: [level] Unselect all grid variables for boundary conditions
      PunctureTracker::PunctureTracker_Track: [global] Calculate new location of punctures
    Evolve finer grids recursively
    Restrict from finer grids
    [CCTK_POSTRESTRICT]
      GROUP MoL_PostStep: Ensure that everything is correct after restriction
        LeanBSSNMoL::LeanBSSN_remove_trA: Remove trace of A
        LeanBSSNMoL::LeanBSSN_impose_conf_fac_floor: Make sure conformal factor does not drop below specified value
        LeanBSSNMoL::LeanBSSN_Boundaries: [level] MoL boundary enforcement
        GROUP LeanBSSN_ApplyBCs: Apply boundary conditions
          GROUP BoundaryConditions: Execute all boundary conditions
            Boundary::Boundary_ApplyPhysicalBCs: Apply all requested local physical boundary conditions
            CartGrid3D::CartGrid3D_ApplyBC: Apply symmetry boundary conditions
            ReflectionSymmetry::ReflectionSymmetry_Apply: Apply reflection symmetries
          Boundary::Boundary_ClearSelection: [level] Unselect all grid variables for boundary conditions
        LeanBSSNMoL::LeanBSSN_bssn2adm: [local] Convert variables back to the ADM ones
        GROUP ADMBase_SetADMVars: Set the ADM variables before this group, and use them afterwards
        MagScalarEvolve::MagScalar_Boundaries: [level] MoL boundary enforcement for MagScalar variables
        GROUP MagScalar_ApplyBCs: Apply boundary conditions
          GROUP BoundaryConditions: Execute all boundary conditions
            Boundary::Boundary_ApplyPhysicalBCs: Apply all requested local physical boundary conditions
            CartGrid3D::CartGrid3D_ApplyBC: Apply symmetry boundary conditions
            ReflectionSymmetry::ReflectionSymmetry_Apply: Apply reflection symmetries
          Boundary::Boundary_ClearSelection: [level] Unselect all grid variables for boundary conditions
        GROUP SetTmunu: Group for calculating the stress-energy tensor
          TmunuBase::TmunuBase_ZeroTmunu: Initialise the stress-energy tensor to zero
          GROUP AddToTmunu: Add to the stress-energy tensor here
            MagScalarEvolve::MagScalar_AddToTmunu: Compute the energy-momentum tensor
      GROUP MoL_PseudoEvolutionBoundaries: Apply boundary conditions to pseudo-evolved quantities
      GROUP CalcNPScalars_BC: Boundary conditions
        NPScalars::NPboundaries: [level] Symmetry boundary conditions
        GROUP ApplyBCs_NP: Apply boundary conditions
          GROUP BoundaryConditions: Execute all boundary conditions
            Boundary::Boundary_ApplyPhysicalBCs: Apply all requested local physical boundary conditions
            CartGrid3D::CartGrid3D_ApplyBC: Apply symmetry boundary conditions
            ReflectionSymmetry::ReflectionSymmetry_Apply: Apply reflection symmetries
          Boundary::Boundary_ClearSelection: [level] Unselect all grid variables for boundary conditions
      GROUP CalcNPMagScalarScalars_BC: Boundary conditions
        NPScalars_MagScalar::NPMagScalar_Boundaries: [level] Symmetry boundary conditions
        GROUP ApplyBCs_NPMagScalar: Apply boundary conditions
          GROUP BoundaryConditions: Execute all boundary conditions
            Boundary::Boundary_ApplyPhysicalBCs: Apply all requested local physical boundary conditions
            CartGrid3D::CartGrid3D_ApplyBC: Apply symmetry boundary conditions
            ReflectionSymmetry::ReflectionSymmetry_Apply: Apply reflection symmetries
          Boundary::Boundary_ClearSelection: [level] Unselect all grid variables for boundary conditions
    [CCTK_POSTSTEP]
      AHFinderDirect::AHFinderDirect_import_mask: [global] [loop-local] import the excision mask
      AHFinderDirect::AHFinderDirect_find_horizons: [global] find apparent horizon(s) after this time step
      AHFinderDirect::AHFinderDirect_store: [global] store apparent horizon(s) into spherical surface(s)
      AHFinderDirect::AHFinderDirect_save: [global] save apparent horizon(s) into Cactus variables
      AHFinderDirect::AHFinderDirect_maybe_do_masks: set mask(s) based on apparent horizon position(s)
      SphericalSurface::SphericalSurface_Set: [global] Set surface radii
      GROUP SphericalSurface_HasBeenSet: Set the spherical surfaces before this group, and use it afterwards
        SphericalSurface::SphericalSurface_CheckState: [global] Test the state of the spherical surfaces
      GROUP zzz_NaNChecker_NaNCheck: Check for NaNs and count them in NaNChecker::NaNsFound
        NaNChecker::NaNChecker_NaNCheck_Prepare: [level] Prepare data structures to check for NaNs
        NaNChecker::NaNChecker_NaNCheck_Check: [local] Check for NaNs
        NaNChecker::NaNChecker_NaNCheck_Finish: [level] Count NaNs in NaNChecker::NaNsFound
      NaNChecker::NaNChecker_TakeAction: [global] [loop-level] Output NaNChecker::NaNmask and take action according to NaNChecker::action_if_found
      PunctureTracker::PunctureTracker_SetPositions: [global] Copy puncture positions to spherical surfaces
      SpaceMask::CheckMask: Ensure that all mask values are legal
      Dissipation::setup_epsdis: Setup spatially varying dissipation
      GROUP MaskBase_SetupMask: Set up the weight function
        GROUP MaskBase_SetupMaskAll: Set up the weight function
          CarpetReduce::MaskBase_AllocateMask: [global] Allocate the weight function
          CarpetReduce::MaskBase_InitMask: [global] [loop-local] Initialise the weight function
          GROUP SetupIMaskInternal: Set up the integer weight function (schedule other routines in here)
            CarpetReduce::CoordBase_SetupMask: [global] [loop-local] Set up the outer boundaries of the weight function
            CarpetReduce::CarpetMaskSetup: [global] [loop-singlemap] Set up the weight function for the restriction regions
          GROUP SetupIMask: Set up the integer weight function (schedule other routines in here)
            CarpetMask::CarpetExcludedSetup: [global] [loop-local] Set up the weight function for the excluded regions
            CarpetMask::CarpetSurfaceSetup: [global] [loop-local] Set up the weight function for the excluded spherical surfaces
          CarpetReduce::MaskBase_SetMask: [global] [loop-local] Set the weight function
          GROUP SetupMask: Set up the real weight function (schedule other routines in here)
          CarpetReduce::MaskBase_TestMask: [global] Test the weight function
    if (checkpoint)
      [CCTK_CHECKPOINT]
      CarpetIOHDF5::CarpetIOHDF5_EvolutionCheckpoint: [meta] Evolution checkpoint routine
      TimerReport::zzz_TimerReport_Checkpoint: [global] Print the timer report
    endif
    if (analysis)
      [CCTK_ANALYSIS]
      CarpetLib::CarpetLib_printtimestats: [global] Print timing statistics if desired
      CarpetLib::CarpetLib_printmemstats: [global] Print memory statistics if desired
      GROUP LeanBSSN_constraints: Compute constraints
        LeanBSSNMoL::LeanBSSN_bssn_constraints: Compute constraints
        LeanBSSNMoL::LeanBSSN_Constraints_Boundaries: [level] Enforce symmetry BCs in constraint computation
        GROUP LeanBSSN_Constraints_ApplyBCs: Apply boundary conditions
          GROUP BoundaryConditions: Execute all boundary conditions
            Boundary::Boundary_ApplyPhysicalBCs: Apply all requested local physical boundary conditions
            CartGrid3D::CartGrid3D_ApplyBC: Apply symmetry boundary conditions
            ReflectionSymmetry::ReflectionSymmetry_Apply: Apply reflection symmetries
          Boundary::Boundary_ClearSelection: [level] Unselect all grid variables for boundary conditions
      LoopControl::LC_statistics_analysis: [meta] Output LoopControl statistics
      GROUP MagScalar_analysis_group: Compute analysis quantities
        MagScalarAnalysis::MagScalar_analysis: Compute analysis quantities
        MagScalarAnalysis::MagScalar_analysis_boundaries: [level] Enforce BCs
        GROUP MagScalar_analysis_ApplyBCs: Apply boundary conditions
          GROUP BoundaryConditions: Execute all boundary conditions
            Boundary::Boundary_ApplyPhysicalBCs: Apply all requested local physical boundary conditions
            CartGrid3D::CartGrid3D_ApplyBC: Apply symmetry boundary conditions
            ReflectionSymmetry::ReflectionSymmetry_Apply: Apply reflection symmetries
          Boundary::Boundary_ClearSelection: [level] Unselect all grid variables for boundary conditions
        MagScalarAnalysis::MagScalar_analysis_integrate: [global] Compute volume integrals of analysis quantities
      GROUP MagScalar_constraints: Group to calculate constraints
        MagScalarEvolve::MagScalar_constraints: Calculate constraints
        MagScalarEvolve::MagScalar_constraints_boundaries: [level] Enforce symmetry BCs in constraint computation
        GROUP MagScalar_constraints_ApplyBCs: Apply boundary conditions
          GROUP BoundaryConditions: Execute all boundary conditions
            Boundary::Boundary_ApplyPhysicalBCs: Apply all requested local physical boundary conditions
            CartGrid3D::CartGrid3D_ApplyBC: Apply symmetry boundary conditions
            ReflectionSymmetry::ReflectionSymmetry_Apply: Apply reflection symmetries
          Boundary::Boundary_ClearSelection: [level] Unselect all grid variables for boundary conditions
      Multipole::Multipole_Calc: [global] Calculate Multipoles
      GROUP CalcNPMagScalarScalars: Calculate NPScalars
        NPScalars_MagScalar::NPMagScalar_calcPsiGF: [local] calculate grid functions
        GROUP CalcNPMagScalarScalars_BC: Boundary conditions
          NPScalars_MagScalar::NPMagScalar_Boundaries: [level] Symmetry boundary conditions
          GROUP ApplyBCs_NPMagScalar: Apply boundary conditions
            GROUP BoundaryConditions: Execute all boundary conditions
              Boundary::Boundary_ApplyPhysicalBCs: Apply all requested local physical boundary conditions
              CartGrid3D::CartGrid3D_ApplyBC: Apply symmetry boundary conditions
              ReflectionSymmetry::ReflectionSymmetry_Apply: Apply reflection symmetries
            Boundary::Boundary_ClearSelection: [level] Unselect all grid variables for boundary conditions
      QuasiLocalMeasures::qlm_calculate: [global] Calculate quasi-local quantities
      SystemStatistics::SystemStatistics_Collect: [global] Collect system statistics
      TerminationTrigger::TerminationTrigger_CheckWalltime: Check elapsed job walltime
      TerminationTrigger::TerminationTrigger_CheckSignal: Check if we received a termination signal
      TerminationTrigger::TerminationTrigger_CheckFile: Check termination file
      TimerReport::zzz_TimerReport_Output: [global] Print the timer report
    endif
    Output grid variables
    enddo

  Termination routines
    [CCTK_TERMINATE]
      CarpetIOHDF5::CarpetIOHDF5_TerminationCheckpoint: [meta] Termination checkpoint routine
      LoopControl::LC_statistics_terminate: [meta] Output LoopControl statistics
      MoL::MoL_FreeIndexArrays: Free the MoL bookkeeping index arrays
      TimerReport::zzz_TimerReport_Output: [global] Print the timer report

  Shutdown routines
    [CCTK_SHUTDOWN]
      Timers::Timer_Shutdown: Prepare hierarchical timers

  Routines run after changing the grid hierarchy:
    [CCTK_POSTREGRID]
      SpaceMask::MaskZero: Initialise mask to zero
      CartGrid3D::SpatialCoordinates: Set Coordinates after regridding
      GROUP MaskBase_SetupMask: Set up the weight function
        GROUP MaskBase_SetupMaskAll: Set up the weight function
          CarpetReduce::MaskBase_AllocateMask: [global] Allocate the weight function
          CarpetReduce::MaskBase_InitMask: [global] [loop-local] Initialise the weight function
          GROUP SetupIMaskInternal: Set up the integer weight function (schedule other routines in here)
            CarpetReduce::CoordBase_SetupMask: [global] [loop-local] Set up the outer boundaries of the weight function
            CarpetReduce::CarpetMaskSetup: [global] [loop-singlemap] Set up the weight function for the restriction regions
          GROUP SetupIMask: Set up the integer weight function (schedule other routines in here)
            CarpetMask::CarpetExcludedSetup: [global] [loop-local] Set up the weight function for the excluded regions
            CarpetMask::CarpetSurfaceSetup: [global] [loop-local] Set up the weight function for the excluded spherical surfaces
          CarpetReduce::MaskBase_SetMask: [global] [loop-local] Set the weight function
          GROUP SetupMask: Set up the real weight function (schedule other routines in here)
          CarpetReduce::MaskBase_TestMask: [global] Test the weight function
      Dissipation::setup_epsdis: Setup spatially varying dissipation
      GROUP MoL_PostStep: Ensure that everything is correct after regridding
        LeanBSSNMoL::LeanBSSN_remove_trA: Remove trace of A
        LeanBSSNMoL::LeanBSSN_impose_conf_fac_floor: Make sure conformal factor does not drop below specified value
        LeanBSSNMoL::LeanBSSN_Boundaries: [level] MoL boundary enforcement
        GROUP LeanBSSN_ApplyBCs: Apply boundary conditions
          GROUP BoundaryConditions: Execute all boundary conditions
            Boundary::Boundary_ApplyPhysicalBCs: Apply all requested local physical boundary conditions
            CartGrid3D::CartGrid3D_ApplyBC: Apply symmetry boundary conditions
            ReflectionSymmetry::ReflectionSymmetry_Apply: Apply reflection symmetries
          Boundary::Boundary_ClearSelection: [level] Unselect all grid variables for boundary conditions
        LeanBSSNMoL::LeanBSSN_bssn2adm: [local] Convert variables back to the ADM ones
        GROUP ADMBase_SetADMVars: Set the ADM variables before this group, and use them afterwards
        MagScalarEvolve::MagScalar_Boundaries: [level] MoL boundary enforcement for MagScalar variables
        GROUP MagScalar_ApplyBCs: Apply boundary conditions
          GROUP BoundaryConditions: Execute all boundary conditions
            Boundary::Boundary_ApplyPhysicalBCs: Apply all requested local physical boundary conditions
            CartGrid3D::CartGrid3D_ApplyBC: Apply symmetry boundary conditions
            ReflectionSymmetry::ReflectionSymmetry_Apply: Apply reflection symmetries
          Boundary::Boundary_ClearSelection: [level] Unselect all grid variables for boundary conditions
        GROUP SetTmunu: Group for calculating the stress-energy tensor
          TmunuBase::TmunuBase_ZeroTmunu: Initialise the stress-energy tensor to zero
          GROUP AddToTmunu: Add to the stress-energy tensor here
            MagScalarEvolve::MagScalar_AddToTmunu: Compute the energy-momentum tensor
      GROUP MoL_PseudoEvolutionBoundaries: Apply boundary conditions to pseudo-evolved quantities
      GROUP CalcNPScalars_BC: Boundary conditions
        NPScalars::NPboundaries: [level] Symmetry boundary conditions
        GROUP ApplyBCs_NP: Apply boundary conditions
          GROUP BoundaryConditions: Execute all boundary conditions
            Boundary::Boundary_ApplyPhysicalBCs: Apply all requested local physical boundary conditions
            CartGrid3D::CartGrid3D_ApplyBC: Apply symmetry boundary conditions
            ReflectionSymmetry::ReflectionSymmetry_Apply: Apply reflection symmetries
          Boundary::Boundary_ClearSelection: [level] Unselect all grid variables for boundary conditions
      GROUP CalcNPMagScalarScalars_BC: Boundary conditions
        NPScalars_MagScalar::NPMagScalar_Boundaries: [level] Symmetry boundary conditions
        GROUP ApplyBCs_NPMagScalar: Apply boundary conditions
          GROUP BoundaryConditions: Execute all boundary conditions
            Boundary::Boundary_ApplyPhysicalBCs: Apply all requested local physical boundary conditions
            CartGrid3D::CartGrid3D_ApplyBC: Apply symmetry boundary conditions
            ReflectionSymmetry::ReflectionSymmetry_Apply: Apply reflection symmetries
          Boundary::Boundary_ClearSelection: [level] Unselect all grid variables for boundary conditions
      SpaceMask::MaskOne: Set mask to one
      AHFinderDirect::AHFinderDirect_maybe_do_masks: set mask(s) based on apparent horizon position(s)
--------------------------------------------------------------------------------
INFO (Carpet): Multi-Model listing:
   model 0: "world"
INFO (Carpet): Multi-Model process distribution:
   process 0: model 0 "world"
INFO (Carpet): Multi-Model: This is process 0, model 0 "world"
INFO (CarpetLib): Process startup time was 3.11 seconds
Current core file size limit: hard=[unlimited], soft=0 MB
Current addres space size limit: hard=[unlimited], soft=[unlimited]
Current data segment size limit: hard=[unlimited], soft=[unlimited]
Current resident set size limit: hard=247808 MB, soft=247808 MB
INFO (CycleClock): Measuring CycleClock tick via OpenMP...
INFO (CycleClock): Calibrated CycleClock: 0.444412 ns per clock tick (2.25016 GHz)
INFO (Vectors): Using vector size 1 for architecture scalar (no vectorisation, 64-bit precision)
INFO (hwloc): library version 2.10.0, API version 0x20800
--------------------------------------------------------------------------------
AMR driver provided by Carpet
--------------------------------------------------------------------------------
AMR scalar I/O provided by CarpetIOScalar
--------------------------------------------------------------------------------
AMR 0D ASCII I/O provided by CarpetIOASCII
--------------------------------------------------------------------------------
AMR 1D ASCII I/O provided by CarpetIOASCII
--------------------------------------------------------------------------------
AMR 2D ASCII I/O provided by CarpetIOASCII
--------------------------------------------------------------------------------
AMR 3D ASCII I/O provided by CarpetIOASCII
--------------------------------------------------------------------------------
AMR info I/O provided by CarpetIOBasic
--------------------------------------------------------------------------------
MoL: Generalized time integration.
--------------------------------------------------------------------------------
AMR HDF5 I/O provided by CarpetIOHDF5
--------------------------------------------------------------------------------
AMR 0D HDF5 I/O provided by CarpetIOHDF5
--------------------------------------------------------------------------------
AMR 1D HDF5 I/O provided by CarpetIOHDF5
--------------------------------------------------------------------------------
AMR 2D HDF5 I/O provided by CarpetIOHDF5
--------------------------------------------------------------------------------
AMR 3D HDF5 I/O provided by CarpetIOHDF5
--------------------------------------------------------------------------------

INFO (Carpet): MPI is enabled
INFO (Carpet): Carpet is running on 1 processes
INFO (Carpet): This is process 0
INFO (Carpet): OpenMP is enabled
INFO (Carpet): This process contains 128 threads, this is thread 0
INFO (Carpet): There are 128 threads in total
INFO (Carpet): There are 128 threads per process
INFO (Carpet): This process runs on host cnx005, pid=175403
INFO (Carpet): This process runs on 128 cores: 0-127
INFO (Carpet): Thread 0 runs on 128 cores: 0-127
INFO (Carpet): Thread 1 runs on 128 cores: 0-127
INFO (Carpet): Thread 2 runs on 128 cores: 0-127
INFO (Carpet): Thread 3 runs on 128 cores: 0-127
INFO (Carpet): Thread 4 runs on 128 cores: 0-127
INFO (Carpet): Thread 5 runs on 128 cores: 0-127
INFO (Carpet): Thread 6 runs on 128 cores: 0-127
INFO (Carpet): Thread 7 runs on 128 cores: 0-127
INFO (Carpet): Thread 8 runs on 128 cores: 0-127
INFO (Carpet): Thread 9 runs on 128 cores: 0-127
INFO (Carpet): Thread 10 runs on 128 cores: 0-127
INFO (Carpet): Thread 11 runs on 128 cores: 0-127
INFO (Carpet): Thread 12 runs on 128 cores: 0-127
INFO (Carpet): Thread 13 runs on 128 cores: 0-127
INFO (Carpet): Thread 14 runs on 128 cores: 0-127
INFO (Carpet): Thread 15 runs on 128 cores: 0-127
INFO (Carpet): Thread 16 runs on 128 cores: 0-127
INFO (Carpet): Thread 17 runs on 128 cores: 0-127
INFO (Carpet): Thread 18 runs on 128 cores: 0-127
INFO (Carpet): Thread 19 runs on 128 cores: 0-127
INFO (Carpet): Thread 20 runs on 128 cores: 0-127
INFO (Carpet): Thread 21 runs on 128 cores: 0-127
INFO (Carpet): Thread 22 runs on 128 cores: 0-127
INFO (Carpet): Thread 23 runs on 128 cores: 0-127
INFO (Carpet): Thread 24 runs on 128 cores: 0-127
INFO (Carpet): Thread 25 runs on 128 cores: 0-127
INFO (Carpet): Thread 26 runs on 128 cores: 0-127
INFO (Carpet): Thread 27 runs on 128 cores: 0-127
INFO (Carpet): Thread 28 runs on 128 cores: 0-127
INFO (Carpet): Thread 29 runs on 128 cores: 0-127
INFO (Carpet): Thread 30 runs on 128 cores: 0-127
INFO (Carpet): Thread 31 runs on 128 cores: 0-127
INFO (Carpet): Thread 32 runs on 128 cores: 0-127
INFO (Carpet): Thread 33 runs on 128 cores: 0-127
INFO (Carpet): Thread 34 runs on 128 cores: 0-127
INFO (Carpet): Thread 35 runs on 128 cores: 0-127
INFO (Carpet): Thread 36 runs on 128 cores: 0-127
INFO (Carpet): Thread 37 runs on 128 cores: 0-127
INFO (Carpet): Thread 38 runs on 128 cores: 0-127
INFO (Carpet): Thread 39 runs on 128 cores: 0-127
INFO (Carpet): Thread 40 runs on 128 cores: 0-127
INFO (Carpet): Thread 41 runs on 128 cores: 0-127
INFO (Carpet): Thread 42 runs on 128 cores: 0-127
INFO (Carpet): Thread 43 runs on 128 cores: 0-127
INFO (Carpet): Thread 44 runs on 128 cores: 0-127
INFO (Carpet): Thread 45 runs on 128 cores: 0-127
INFO (Carpet): Thread 46 runs on 128 cores: 0-127
INFO (Carpet): Thread 47 runs on 128 cores: 0-127
INFO (Carpet): Thread 48 runs on 128 cores: 0-127
INFO (Carpet): Thread 49 runs on 128 cores: 0-127
INFO (Carpet): Thread 50 runs on 128 cores: 0-127
INFO (Carpet): Thread 51 runs on 128 cores: 0-127
INFO (Carpet): Thread 52 runs on 128 cores: 0-127
INFO (Carpet): Thread 53 runs on 128 cores: 0-127
INFO (Carpet): Thread 54 runs on 128 cores: 0-127
INFO (Carpet): Thread 55 runs on 128 cores: 0-127
INFO (Carpet): Thread 56 runs on 128 cores: 0-127
INFO (Carpet): Thread 57 runs on 128 cores: 0-127
INFO (Carpet): Thread 58 runs on 128 cores: 0-127
INFO (Carpet): Thread 59 runs on 128 cores: 0-127
INFO (Carpet): Thread 60 runs on 128 cores: 0-127
INFO (Carpet): Thread 61 runs on 128 cores: 0-127
INFO (Carpet): Thread 62 runs on 128 cores: 0-127
INFO (Carpet): Thread 63 runs on 128 cores: 0-127
INFO (Carpet): Thread 64 runs on 128 cores: 0-127
INFO (Carpet): Thread 65 runs on 128 cores: 0-127
INFO (Carpet): Thread 66 runs on 128 cores: 0-127
INFO (Carpet): Thread 67 runs on 128 cores: 0-127
INFO (Carpet): Thread 68 runs on 128 cores: 0-127
INFO (Carpet): Thread 69 runs on 128 cores: 0-127
INFO (Carpet): Thread 70 runs on 128 cores: 0-127
INFO (Carpet): Thread 71 runs on 128 cores: 0-127
INFO (Carpet): Thread 72 runs on 128 cores: 0-127
INFO (Carpet): Thread 73 runs on 128 cores: 0-127
INFO (Carpet): Thread 74 runs on 128 cores: 0-127
INFO (Carpet): Thread 75 runs on 128 cores: 0-127
INFO (Carpet): Thread 76 runs on 128 cores: 0-127
INFO (Carpet): Thread 77 runs on 128 cores: 0-127
INFO (Carpet): Thread 78 runs on 128 cores: 0-127
INFO (Carpet): Thread 79 runs on 128 cores: 0-127
INFO (Carpet): Thread 80 runs on 128 cores: 0-127
INFO (Carpet): Thread 81 runs on 128 cores: 0-127
INFO (Carpet): Thread 82 runs on 128 cores: 0-127
INFO (Carpet): Thread 83 runs on 128 cores: 0-127
INFO (Carpet): Thread 84 runs on 128 cores: 0-127
INFO (Carpet): Thread 85 runs on 128 cores: 0-127
INFO (Carpet): Thread 86 runs on 128 cores: 0-127
INFO (Carpet): Thread 87 runs on 128 cores: 0-127
INFO (Carpet): Thread 88 runs on 128 cores: 0-127
INFO (Carpet): Thread 89 runs on 128 cores: 0-127
INFO (Carpet): Thread 90 runs on 128 cores: 0-127
INFO (Carpet): Thread 91 runs on 128 cores: 0-127
INFO (Carpet): Thread 92 runs on 128 cores: 0-127
INFO (Carpet): Thread 93 runs on 128 cores: 0-127
INFO (Carpet): Thread 94 runs on 128 cores: 0-127
INFO (Carpet): Thread 95 runs on 128 cores: 0-127
INFO (Carpet): Thread 96 runs on 128 cores: 0-127
INFO (Carpet): Thread 97 runs on 128 cores: 0-127
INFO (Carpet): Thread 98 runs on 128 cores: 0-127
INFO (Carpet): Thread 99 runs on 128 cores: 0-127
INFO (Carpet): Thread 100 runs on 128 cores: 0-127
INFO (Carpet): Thread 101 runs on 128 cores: 0-127
INFO (Carpet): Thread 102 runs on 128 cores: 0-127
INFO (Carpet): Thread 103 runs on 128 cores: 0-127
INFO (Carpet): Thread 104 runs on 128 cores: 0-127
INFO (Carpet): Thread 105 runs on 128 cores: 0-127
INFO (Carpet): Thread 106 runs on 128 cores: 0-127
INFO (Carpet): Thread 107 runs on 128 cores: 0-127
INFO (Carpet): Thread 108 runs on 128 cores: 0-127
INFO (Carpet): Thread 109 runs on 128 cores: 0-127
INFO (Carpet): Thread 110 runs on 128 cores: 0-127
INFO (Carpet): Thread 111 runs on 128 cores: 0-127
INFO (Carpet): Thread 112 runs on 128 cores: 0-127
INFO (Carpet): Thread 113 runs on 128 cores: 0-127
INFO (Carpet): Thread 114 runs on 128 cores: 0-127
INFO (Carpet): Thread 115 runs on 128 cores: 0-127
INFO (Carpet): Thread 116 runs on 128 cores: 0-127
INFO (Carpet): Thread 117 runs on 128 cores: 0-127
INFO (Carpet): Thread 118 runs on 128 cores: 0-127
INFO (Carpet): Thread 119 runs on 128 cores: 0-127
INFO (Carpet): Thread 120 runs on 128 cores: 0-127
INFO (Carpet): Thread 121 runs on 128 cores: 0-127
INFO (Carpet): Thread 122 runs on 128 cores: 0-127
INFO (Carpet): Thread 123 runs on 128 cores: 0-127
INFO (Carpet): Thread 124 runs on 128 cores: 0-127
INFO (Carpet): Thread 125 runs on 128 cores: 0-127
INFO (Carpet): Thread 126 runs on 128 cores: 0-127
INFO (Carpet): Thread 127 runs on 128 cores: 0-127
INFO (Carpet): This simulation is running in 3 dimensions
INFO (Carpet): Boundary specification for map 0:
   nboundaryzones: [[3,3,3],[3,3,3]]
   is_internal   : [[0,0,0],[0,0,0]]
   is_staggered  : [[0,0,0],[0,0,0]]
   shiftout      : [[0,0,1],[0,0,0]]
INFO (Carpet): CoordBase domain specification for map 0:
   physical extent: [-256,-256,0] : [256,256,256]   ([512,512,256])
   interior extent: [-252,-252,0] : [252,252,252]   ([504,504,252])
   exterior extent: [-264,-264,-12] : [264,264,264]   ([528,528,276])
   base_spacing   : [4,4,4]
INFO (Carpet): Adapted domain specification for map 0:
   convergence factor: 2
   convergence level : 0
   physical extent   : [-256,-256,0] : [256,256,256]   ([512,512,256])
   interior extent   : [-252,-252,0] : [252,252,252]   ([504,504,252])
   exterior extent   : [-264,-264,-12] : [264,264,264]   ([528,528,276])
   spacing           : [4,4,4]
INFO (Carpet): Base grid specification for map 0:
   number of grid points             : [133,133,70]
   number of coarse grid ghost points: [[3,3,3],[3,3,3]]
INFO (Carpet): Buffer zone counts (excluding ghosts):
   [0]: [[0,0,0],[0,0,0]]
   [1]: [[9,9,9],[9,9,9]]
   [2]: [[9,9,9],[9,9,9]]
   [3]: [[9,9,9],[9,9,9]]
   [4]: [[9,9,9],[9,9,9]]
   [5]: [[9,9,9],[9,9,9]]
   [6]: [[9,9,9],[9,9,9]]
   [7]: [[9,9,9],[9,9,9]]
   [8]: [[9,9,9],[9,9,9]]
   [9]: [[9,9,9],[9,9,9]]
INFO (Carpet): Overlap zone counts:
   [0]: [[0,0,0],[0,0,0]]
   [1]: [[0,0,0],[0,0,0]]
   [2]: [[0,0,0],[0,0,0]]
   [3]: [[0,0,0],[0,0,0]]
   [4]: [[0,0,0],[0,0,0]]
   [5]: [[0,0,0],[0,0,0]]
   [6]: [[0,0,0],[0,0,0]]
   [7]: [[0,0,0],[0,0,0]]
   [8]: [[0,0,0],[0,0,0]]
   [9]: [[0,0,0],[0,0,0]]
INFO (Carpet): Group and variable statistics:
INFO (Carpet):    There are 753 grid functions in 74 groups
INFO (Carpet):    There are 1144 grid scalars in 70 groups
INFO (Carpet):    There are 111 1-dimensional grid arrays in 10 groups
INFO (Carpet):    There are 416 2-dimensional grid arrays in 18 groups
INFO (Carpet):    There are 6 3-dimensional grid arrays in 1 groups
INFO (Carpet):    (The number of variables counts all time levels)
INFO (CarpetIOScalar): Periodic scalar output requested for:
   LEANBSSNMOL::hc
   LEANBSSNMOL::mcx
   LEANBSSNMOL::mcy
   LEANBSSNMOL::mcz
   MAGSCALARBASE::phi1
   MAGSCALARBASE::phi2
   MAGSCALARBASE::Kphi1
   MAGSCALARBASE::Kphi2
   MAGSCALAREVOLVE::gc
INFO (CarpetIOASCII): I/O Method 'IOASCII_0D' registered: 0D AMR output of grid variables to ASCII files
INFO (CarpetIOASCII): Periodic 0D AMR output requested for:
   MAGSCALARANALYSIS::Q_phi
   MAGSCALARANALYSIS::E_phi
   QUASILOCALMEASURES::qlm_time[0]
   QUASILOCALMEASURES::qlm_time[1]
   QUASILOCALMEASURES::qlm_time[2]
   QUASILOCALMEASURES::qlm_time[3]
   QUASILOCALMEASURES::qlm_time[4]
   QUASILOCALMEASURES::qlm_time[5]
   QUASILOCALMEASURES::qlm_equatorial_circumference[0]
   QUASILOCALMEASURES::qlm_equatorial_circumference[1]
   QUASILOCALMEASURES::qlm_equatorial_circumference[2]
   QUASILOCALMEASURES::qlm_equatorial_circumference[3]
   QUASILOCALMEASURES::qlm_equatorial_circumference[4]
   QUASILOCALMEASURES::qlm_equatorial_circumference[5]
   QUASILOCALMEASURES::qlm_polar_circumference_0[0]
   QUASILOCALMEASURES::qlm_polar_circumference_0[1]
   QUASILOCALMEASURES::qlm_polar_circumference_0[2]
   QUASILOCALMEASURES::qlm_polar_circumference_0[3]
   QUASILOCALMEASURES::qlm_polar_circumference_0[4]
   QUASILOCALMEASURES::qlm_polar_circumference_0[5]
   QUASILOCALMEASURES::qlm_polar_circumference_pi_2[0]
   QUASILOCALMEASURES::qlm_polar_circumference_pi_2[1]
   QUASILOCALMEASURES::qlm_polar_circumference_pi_2[2]
   QUASILOCALMEASURES::qlm_polar_circumference_pi_2[3]
   QUASILOCALMEASURES::qlm_polar_circumference_pi_2[4]
   QUASILOCALMEASURES::qlm_polar_circumference_pi_2[5]
   QUASILOCALMEASURES::qlm_area[0]
   QUASILOCALMEASURES::qlm_area[1]
   QUASILOCALMEASURES::qlm_area[2]
   QUASILOCALMEASURES::qlm_area[3]
   QUASILOCALMEASURES::qlm_area[4]
   QUASILOCALMEASURES::qlm_area[5]
   QUASILOCALMEASURES::qlm_irreducible_mass[0]
   QUASILOCALMEASURES::qlm_irreducible_mass[1]
   QUASILOCALMEASURES::qlm_irreducible_mass[2]
   QUASILOCALMEASURES::qlm_irreducible_mass[3]
   QUASILOCALMEASURES::qlm_irreducible_mass[4]
   QUASILOCALMEASURES::qlm_irreducible_mass[5]
   QUASILOCALMEASURES::qlm_radius[0]
   QUASILOCALMEASURES::qlm_radius[1]
   QUASILOCALMEASURES::qlm_radius[2]
   QUASILOCALMEASURES::qlm_radius[3]
   QUASILOCALMEASURES::qlm_radius[4]
   QUASILOCALMEASURES::qlm_radius[5]
   QUASILOCALMEASURES::qlm_spin_guess[0]
   QUASILOCALMEASURES::qlm_spin_guess[1]
   QUASILOCALMEASURES::qlm_spin_guess[2]
   QUASILOCALMEASURES::qlm_spin_guess[3]
   QUASILOCALMEASURES::qlm_spin_guess[4]
   QUASILOCALMEASURES::qlm_spin_guess[5]
   QUASILOCALMEASURES::qlm_mass_guess[0]
   QUASILOCALMEASURES::qlm_mass_guess[1]
   QUASILOCALMEASURES::qlm_mass_guess[2]
   QUASILOCALMEASURES::qlm_mass_guess[3]
   QUASILOCALMEASURES::qlm_mass_guess[4]
   QUASILOCALMEASURES::qlm_mass_guess[5]
   QUASILOCALMEASURES::qlm_killing_eigenvalue_re[0]
   QUASILOCALMEASURES::qlm_killing_eigenvalue_re[1]
   QUASILOCALMEASURES::qlm_killing_eigenvalue_re[2]
   QUASILOCALMEASURES::qlm_killing_eigenvalue_re[3]
   QUASILOCALMEASURES::qlm_killing_eigenvalue_re[4]
   QUASILOCALMEASURES::qlm_killing_eigenvalue_re[5]
   QUASILOCALMEASURES::qlm_killing_eigenvalue_im[0]
   QUASILOCALMEASURES::qlm_killing_eigenvalue_im[1]
   QUASILOCALMEASURES::qlm_killing_eigenvalue_im[2]
   QUASILOCALMEASURES::qlm_killing_eigenvalue_im[3]
   QUASILOCALMEASURES::qlm_killing_eigenvalue_im[4]
   QUASILOCALMEASURES::qlm_killing_eigenvalue_im[5]
   QUASILOCALMEASURES::qlm_spin[0]
   QUASILOCALMEASURES::qlm_spin[1]
   QUASILOCALMEASURES::qlm_spin[2]
   QUASILOCALMEASURES::qlm_spin[3]
   QUASILOCALMEASURES::qlm_spin[4]
   QUASILOCALMEASURES::qlm_spin[5]
   QUASILOCALMEASURES::qlm_npspin[0]
   QUASILOCALMEASURES::qlm_npspin[1]
   QUASILOCALMEASURES::qlm_npspin[2]
   QUASILOCALMEASURES::qlm_npspin[3]
   QUASILOCALMEASURES::qlm_npspin[4]
   QUASILOCALMEASURES::qlm_npspin[5]
   QUASILOCALMEASURES::qlm_wsspin[0]
   QUASILOCALMEASURES::qlm_wsspin[1]
   QUASILOCALMEASURES::qlm_wsspin[2]
   QUASILOCALMEASURES::qlm_wsspin[3]
   QUASILOCALMEASURES::qlm_wsspin[4]
   QUASILOCALMEASURES::qlm_wsspin[5]
   QUASILOCALMEASURES::qlm_cvspin[0]
   QUASILOCALMEASURES::qlm_cvspin[1]
   QUASILOCALMEASURES::qlm_cvspin[2]
   QUASILOCALMEASURES::qlm_cvspin[3]
   QUASILOCALMEASURES::qlm_cvspin[4]
   QUASILOCALMEASURES::qlm_cvspin[5]
   QUASILOCALMEASURES::qlm_coordspinx[0]
   QUASILOCALMEASURES::qlm_coordspinx[1]
   QUASILOCALMEASURES::qlm_coordspinx[2]
   QUASILOCALMEASURES::qlm_coordspinx[3]
   QUASILOCALMEASURES::qlm_coordspinx[4]
   QUASILOCALMEASURES::qlm_coordspinx[5]
   QUASILOCALMEASURES::qlm_coordspiny[0]
   QUASILOCALMEASURES::qlm_coordspiny[1]
   QUASILOCALMEASURES::qlm_coordspiny[2]
   QUASILOCALMEASURES::qlm_coordspiny[3]
   QUASILOCALMEASURES::qlm_coordspiny[4]
   QUASILOCALMEASURES::qlm_coordspiny[5]
   QUASILOCALMEASURES::qlm_coordspinz[0]
   QUASILOCALMEASURES::qlm_coordspinz[1]
   QUASILOCALMEASURES::qlm_coordspinz[2]
   QUASILOCALMEASURES::qlm_coordspinz[3]
   QUASILOCALMEASURES::qlm_coordspinz[4]
   QUASILOCALMEASURES::qlm_coordspinz[5]
   QUASILOCALMEASURES::qlm_mass[0]
   QUASILOCALMEASURES::qlm_mass[1]
   QUASILOCALMEASURES::qlm_mass[2]
   QUASILOCALMEASURES::qlm_mass[3]
   QUASILOCALMEASURES::qlm_mass[4]
   QUASILOCALMEASURES::qlm_mass[5]
   QUASILOCALMEASURES::qlm_adm_energy[0]
   QUASILOCALMEASURES::qlm_adm_energy[1]
   QUASILOCALMEASURES::qlm_adm_energy[2]
   QUASILOCALMEASURES::qlm_adm_energy[3]
   QUASILOCALMEASURES::qlm_adm_energy[4]
   QUASILOCALMEASURES::qlm_adm_energy[5]
   QUASILOCALMEASURES::qlm_adm_momentum_x[0]
   QUASILOCALMEASURES::qlm_adm_momentum_x[1]
   QUASILOCALMEASURES::qlm_adm_momentum_x[2]
   QUASILOCALMEASURES::qlm_adm_momentum_x[3]
   QUASILOCALMEASURES::qlm_adm_momentum_x[4]
   QUASILOCALMEASURES::qlm_adm_momentum_x[5]
   QUASILOCALMEASURES::qlm_adm_momentum_y[0]
   QUASILOCALMEASURES::qlm_adm_momentum_y[1]
   QUASILOCALMEASURES::qlm_adm_momentum_y[2]
   QUASILOCALMEASURES::qlm_adm_momentum_y[3]
   QUASILOCALMEASURES::qlm_adm_momentum_y[4]
   QUASILOCALMEASURES::qlm_adm_momentum_y[5]
   QUASILOCALMEASURES::qlm_adm_momentum_z[0]
   QUASILOCALMEASURES::qlm_adm_momentum_z[1]
   QUASILOCALMEASURES::qlm_adm_momentum_z[2]
   QUASILOCALMEASURES::qlm_adm_momentum_z[3]
   QUASILOCALMEASURES::qlm_adm_momentum_z[4]
   QUASILOCALMEASURES::qlm_adm_momentum_z[5]
   QUASILOCALMEASURES::qlm_adm_angular_momentum_x[0]
   QUASILOCALMEASURES::qlm_adm_angular_momentum_x[1]
   QUASILOCALMEASURES::qlm_adm_angular_momentum_x[2]
   QUASILOCALMEASURES::qlm_adm_angular_momentum_x[3]
   QUASILOCALMEASURES::qlm_adm_angular_momentum_x[4]
   QUASILOCALMEASURES::qlm_adm_angular_momentum_x[5]
   QUASILOCALMEASURES::qlm_adm_angular_momentum_y[0]
   QUASILOCALMEASURES::qlm_adm_angular_momentum_y[1]
   QUASILOCALMEASURES::qlm_adm_angular_momentum_y[2]
   QUASILOCALMEASURES::qlm_adm_angular_momentum_y[3]
   QUASILOCALMEASURES::qlm_adm_angular_momentum_y[4]
   QUASILOCALMEASURES::qlm_adm_angular_momentum_y[5]
   QUASILOCALMEASURES::qlm_adm_angular_momentum_z[0]
   QUASILOCALMEASURES::qlm_adm_angular_momentum_z[1]
   QUASILOCALMEASURES::qlm_adm_angular_momentum_z[2]
   QUASILOCALMEASURES::qlm_adm_angular_momentum_z[3]
   QUASILOCALMEASURES::qlm_adm_angular_momentum_z[4]
   QUASILOCALMEASURES::qlm_adm_angular_momentum_z[5]
   QUASILOCALMEASURES::qlm_w_energy[0]
   QUASILOCALMEASURES::qlm_w_energy[1]
   QUASILOCALMEASURES::qlm_w_energy[2]
   QUASILOCALMEASURES::qlm_w_energy[3]
   QUASILOCALMEASURES::qlm_w_energy[4]
   QUASILOCALMEASURES::qlm_w_energy[5]
   QUASILOCALMEASURES::qlm_w_momentum_x[0]
   QUASILOCALMEASURES::qlm_w_momentum_x[1]
   QUASILOCALMEASURES::qlm_w_momentum_x[2]
   QUASILOCALMEASURES::qlm_w_momentum_x[3]
   QUASILOCALMEASURES::qlm_w_momentum_x[4]
   QUASILOCALMEASURES::qlm_w_momentum_x[5]
   QUASILOCALMEASURES::qlm_w_momentum_y[0]
   QUASILOCALMEASURES::qlm_w_momentum_y[1]
   QUASILOCALMEASURES::qlm_w_momentum_y[2]
   QUASILOCALMEASURES::qlm_w_momentum_y[3]
   QUASILOCALMEASURES::qlm_w_momentum_y[4]
   QUASILOCALMEASURES::qlm_w_momentum_y[5]
   QUASILOCALMEASURES::qlm_w_momentum_z[0]
   QUASILOCALMEASURES::qlm_w_momentum_z[1]
   QUASILOCALMEASURES::qlm_w_momentum_z[2]
   QUASILOCALMEASURES::qlm_w_momentum_z[3]
   QUASILOCALMEASURES::qlm_w_momentum_z[4]
   QUASILOCALMEASURES::qlm_w_momentum_z[5]
   QUASILOCALMEASURES::qlm_w_angular_momentum_x[0]
   QUASILOCALMEASURES::qlm_w_angular_momentum_x[1]
   QUASILOCALMEASURES::qlm_w_angular_momentum_x[2]
   QUASILOCALMEASURES::qlm_w_angular_momentum_x[3]
   QUASILOCALMEASURES::qlm_w_angular_momentum_x[4]
   QUASILOCALMEASURES::qlm_w_angular_momentum_x[5]
   QUASILOCALMEASURES::qlm_w_angular_momentum_y[0]
   QUASILOCALMEASURES::qlm_w_angular_momentum_y[1]
   QUASILOCALMEASURES::qlm_w_angular_momentum_y[2]
   QUASILOCALMEASURES::qlm_w_angular_momentum_y[3]
   QUASILOCALMEASURES::qlm_w_angular_momentum_y[4]
   QUASILOCALMEASURES::qlm_w_angular_momentum_y[5]
   QUASILOCALMEASURES::qlm_w_angular_momentum_z[0]
   QUASILOCALMEASURES::qlm_w_angular_momentum_z[1]
   QUASILOCALMEASURES::qlm_w_angular_momentum_z[2]
   QUASILOCALMEASURES::qlm_w_angular_momentum_z[3]
   QUASILOCALMEASURES::qlm_w_angular_momentum_z[4]
   QUASILOCALMEASURES::qlm_w_angular_momentum_z[5]
   SPHERICALSURFACE::sf_area[0]
   SPHERICALSURFACE::sf_area[1]
   SPHERICALSURFACE::sf_area[2]
   SPHERICALSURFACE::sf_area[3]
   SPHERICALSURFACE::sf_area[4]
   SPHERICALSURFACE::sf_area[5]
   SPHERICALSURFACE::sf_mean_radius[0]
   SPHERICALSURFACE::sf_mean_radius[1]
   SPHERICALSURFACE::sf_mean_radius[2]
   SPHERICALSURFACE::sf_mean_radius[3]
   SPHERICALSURFACE::sf_mean_radius[4]
   SPHERICALSURFACE::sf_mean_radius[5]
   SPHERICALSURFACE::sf_centroid_x[0]
   SPHERICALSURFACE::sf_centroid_x[1]
   SPHERICALSURFACE::sf_centroid_x[2]
   SPHERICALSURFACE::sf_centroid_x[3]
   SPHERICALSURFACE::sf_centroid_x[4]
   SPHERICALSURFACE::sf_centroid_x[5]
   SPHERICALSURFACE::sf_centroid_y[0]
   SPHERICALSURFACE::sf_centroid_y[1]
   SPHERICALSURFACE::sf_centroid_y[2]
   SPHERICALSURFACE::sf_centroid_y[3]
   SPHERICALSURFACE::sf_centroid_y[4]
   SPHERICALSURFACE::sf_centroid_y[5]
   SPHERICALSURFACE::sf_centroid_z[0]
   SPHERICALSURFACE::sf_centroid_z[1]
   SPHERICALSURFACE::sf_centroid_z[2]
   SPHERICALSURFACE::sf_centroid_z[3]
   SPHERICALSURFACE::sf_centroid_z[4]
   SPHERICALSURFACE::sf_centroid_z[5]
   SPHERICALSURFACE::sf_quadrupole_xx[0]
   SPHERICALSURFACE::sf_quadrupole_xx[1]
   SPHERICALSURFACE::sf_quadrupole_xx[2]
   SPHERICALSURFACE::sf_quadrupole_xx[3]
   SPHERICALSURFACE::sf_quadrupole_xx[4]
   SPHERICALSURFACE::sf_quadrupole_xx[5]
   SPHERICALSURFACE::sf_quadrupole_xy[0]
   SPHERICALSURFACE::sf_quadrupole_xy[1]
   SPHERICALSURFACE::sf_quadrupole_xy[2]
   SPHERICALSURFACE::sf_quadrupole_xy[3]
   SPHERICALSURFACE::sf_quadrupole_xy[4]
   SPHERICALSURFACE::sf_quadrupole_xy[5]
   SPHERICALSURFACE::sf_quadrupole_xz[0]
   SPHERICALSURFACE::sf_quadrupole_xz[1]
   SPHERICALSURFACE::sf_quadrupole_xz[2]
   SPHERICALSURFACE::sf_quadrupole_xz[3]
   SPHERICALSURFACE::sf_quadrupole_xz[4]
   SPHERICALSURFACE::sf_quadrupole_xz[5]
   SPHERICALSURFACE::sf_quadrupole_yy[0]
   SPHERICALSURFACE::sf_quadrupole_yy[1]
   SPHERICALSURFACE::sf_quadrupole_yy[2]
   SPHERICALSURFACE::sf_quadrupole_yy[3]
   SPHERICALSURFACE::sf_quadrupole_yy[4]
   SPHERICALSURFACE::sf_quadrupole_yy[5]
   SPHERICALSURFACE::sf_quadrupole_yz[0]
   SPHERICALSURFACE::sf_quadrupole_yz[1]
   SPHERICALSURFACE::sf_quadrupole_yz[2]
   SPHERICALSURFACE::sf_quadrupole_yz[3]
   SPHERICALSURFACE::sf_quadrupole_yz[4]
   SPHERICALSURFACE::sf_quadrupole_yz[5]
   SPHERICALSURFACE::sf_quadrupole_zz[0]
   SPHERICALSURFACE::sf_quadrupole_zz[1]
   SPHERICALSURFACE::sf_quadrupole_zz[2]
   SPHERICALSURFACE::sf_quadrupole_zz[3]
   SPHERICALSURFACE::sf_quadrupole_zz[4]
   SPHERICALSURFACE::sf_quadrupole_zz[5]
   SPHERICALSURFACE::sf_min_radius[0]
   SPHERICALSURFACE::sf_min_radius[1]
   SPHERICALSURFACE::sf_min_radius[2]
   SPHERICALSURFACE::sf_min_radius[3]
   SPHERICALSURFACE::sf_min_radius[4]
   SPHERICALSURFACE::sf_min_radius[5]
   SPHERICALSURFACE::sf_max_radius[0]
   SPHERICALSURFACE::sf_max_radius[1]
   SPHERICALSURFACE::sf_max_radius[2]
   SPHERICALSURFACE::sf_max_radius[3]
   SPHERICALSURFACE::sf_max_radius[4]
   SPHERICALSURFACE::sf_max_radius[5]
   SPHERICALSURFACE::sf_min_x[0]
   SPHERICALSURFACE::sf_min_x[1]
   SPHERICALSURFACE::sf_min_x[2]
   SPHERICALSURFACE::sf_min_x[3]
   SPHERICALSURFACE::sf_min_x[4]
   SPHERICALSURFACE::sf_min_x[5]
   SPHERICALSURFACE::sf_min_y[0]
   SPHERICALSURFACE::sf_min_y[1]
   SPHERICALSURFACE::sf_min_y[2]
   SPHERICALSURFACE::sf_min_y[3]
   SPHERICALSURFACE::sf_min_y[4]
   SPHERICALSURFACE::sf_min_y[5]
   SPHERICALSURFACE::sf_min_z[0]
   SPHERICALSURFACE::sf_min_z[1]
   SPHERICALSURFACE::sf_min_z[2]
   SPHERICALSURFACE::sf_min_z[3]
   SPHERICALSURFACE::sf_min_z[4]
   SPHERICALSURFACE::sf_min_z[5]
   SPHERICALSURFACE::sf_max_x[0]
   SPHERICALSURFACE::sf_max_x[1]
   SPHERICALSURFACE::sf_max_x[2]
   SPHERICALSURFACE::sf_max_x[3]
   SPHERICALSURFACE::sf_max_x[4]
   SPHERICALSURFACE::sf_max_x[5]
   SPHERICALSURFACE::sf_max_y[0]
   SPHERICALSURFACE::sf_max_y[1]
   SPHERICALSURFACE::sf_max_y[2]
   SPHERICALSURFACE::sf_max_y[3]
   SPHERICALSURFACE::sf_max_y[4]
   SPHERICALSURFACE::sf_max_y[5]
   SPHERICALSURFACE::sf_max_z[0]
   SPHERICALSURFACE::sf_max_z[1]
   SPHERICALSURFACE::sf_max_z[2]
   SPHERICALSURFACE::sf_max_z[3]
   SPHERICALSURFACE::sf_max_z[4]
   SPHERICALSURFACE::sf_max_z[5]
INFO (CarpetIOASCII): I/O Method 'IOASCII_1D' registered: 1D AMR output of grid variables to ASCII files
INFO (CarpetIOASCII): Periodic 1D AMR output requested for:
   ADMBASE::alp
   ADMBASE::betax
WARNING[L1,P0] (Cactus): Attempt to create a directory with an empty or NULL string
WARNING[L1,P0] (Cactus): Attempt to create a directory with an empty or NULL string
WARNING[L1,P0] (CarpetIOHDF5): Problem creating HDF5 output directory ''
   ADMBASE::betay
   ADMBASE::betaz
   LEANBSSNMOL::hc
   LEANBSSNMOL::mcx
   LEANBSSNMOL::mcy
   LEANBSSNMOL::mcz
   MAGSCALARANALYSIS::rho_phi
   MAGSCALARANALYSIS::rho_e
   MAGSCALARBASE::Ex
   MAGSCALARBASE::Ey
   MAGSCALARBASE::Ez
   MAGSCALARBASE::Ax
   MAGSCALARBASE::Ay
   MAGSCALARBASE::Az
   MAGSCALARBASE::Aphi
   MAGSCALARBASE::phi1
   MAGSCALARBASE::phi2
   MAGSCALARBASE::Kphi1
   MAGSCALARBASE::Kphi2
   MAGSCALAREVOLVE::gc
INFO (CarpetIOASCII): I/O Method 'IOASCII_2D' registered: 2D AMR output of grid variables to ASCII files
INFO (CarpetIOASCII): I/O Method 'IOASCII_3D' registered: 3D AMR output of grid variables to ASCII files
INFO (CarpetIOHDF5): I/O Method 'IOHDF5' registered: AMR output of grid variables to HDF5 files
INFO (CarpetIOHDF5): I/O Method 'IOHDF5_0D' registered: 0D AMR output of grid variables to HDF5 files
INFO (CarpetIOHDF5): I/O Method 'IOHDF5_1D' registered: 1D AMR output of grid variables to HDF5 files
INFO (CarpetIOHDF5): I/O Method 'IOHDF5_2D' registered: 2D AMR output of grid variables to HDF5 files
INFO (CarpetIOHDF5): Periodic 2D AMR output requested for:
   MAGSCALARANALYSIS::rho_phi
   MAGSCALARANALYSIS::rho_e
   SPACEMASK::space_mask
INFO (CarpetIOHDF5): I/O Method 'IOHDF5_3D' registered: 3D AMR output of grid variables to HDF5 files
INFO (MoL): Using Runge-Kutta 4 as the time integrator.
INFO (SymBase): Symmetry on lower z-face: reflection_symmetry
INFO (MoL): The maximum number of evolved variables is 1864. 37 are registered.
INFO (MoL): The maximum number of slow evolved variables is 1864. 0 are registered.
INFO (MoL): The maximum number of constrained variables is 1864. 12 are registered.
INFO (MoL): The maximum number of SandR variables is 1864. 0 are registered.
INFO (MoL): The maximum number of evolved array variables is 1864. 0 are registered.
INFO (MoL): The maximum number of constrained array variables is 1864. 0 are registered.
INFO (MoL): The maximum number of SandR array variables is 1864. 0 are registered.
INFO (MoL): The maximum size of any array variables is 0.
INFO (Vectors): Testing vectorisation... [errors may result in segfaults]
INFO (Vectors): 101/101 tests passed 
INFO (CarpetRegrid2): Enforcing grid structure properties, iteration 0
INFO (CarpetRegrid2): Enforcing grid structure properties, iteration 1
INFO (CarpetRegrid2): Enforcing grid structure properties, iteration 0
INFO (CarpetRegrid2): Enforcing grid structure properties, iteration 1
INFO (CarpetRegrid2): Enforcing grid structure properties, iteration 0
INFO (CarpetRegrid2): Enforcing grid structure properties, iteration 1
INFO (CarpetRegrid2): Enforcing grid structure properties, iteration 0
INFO (CarpetRegrid2): Enforcing grid structure properties, iteration 1
INFO (CarpetRegrid2): Enforcing grid structure properties, iteration 0
INFO (CarpetRegrid2): Enforcing grid structure properties, iteration 1
INFO (CarpetRegrid2): Enforcing grid structure properties, iteration 0
INFO (CarpetRegrid2): Enforcing grid structure properties, iteration 1
INFO (CarpetRegrid2): Enforcing grid structure properties, iteration 0
INFO (CarpetRegrid2): Enforcing grid structure properties, iteration 1
INFO (CarpetRegrid2): Enforcing grid structure properties, iteration 0
INFO (CarpetRegrid2): Enforcing grid structure properties, iteration 1
INFO (CarpetRegrid2): Enforcing grid structure properties, iteration 0
INFO (CarpetRegrid2): Enforcing grid structure properties, iteration 1
INFO (Carpet): Grid structure (superregions, grid points):
   [0][0][0]   exterior: [0,0,0] : [132,132,69]   ([133,133,70] + PADDING) 1238230
   [1][0][0]   exterior: [59,59,3] : [205,205,79]   ([147,147,77] + PADDING) 1663893
   [2][0][0]   exterior: [191,191,9] : [337,337,85]   ([147,147,77] + PADDING) 1663893
   [3][0][0]   exterior: [455,455,21] : [601,601,97]   ([147,147,77] + PADDING) 1663893
   [4][0][0]   exterior: [983,983,45] : [1129,1129,121]   ([147,147,77] + PADDING) 1663893
   [5][0][0]   exterior: [2039,2039,93] : [2185,2185,169]   ([147,147,77] + PADDING) 1663893
   [6][0][0]   exterior: [4151,4151,189] : [4297,4297,265]   ([147,147,77] + PADDING) 1663893
   [7][0][0]   exterior: [8375,8375,381] : [8521,8521,457]   ([147,147,77] + PADDING) 1663893
   [8][0][0]   exterior: [16823,16823,765] : [16969,16969,841]   ([147,147,77] + PADDING) 1663893
   [9][0][0]   exterior: [33719,33719,1533] : [33865,33865,1609]   ([147,147,77] + PADDING) 1663893
INFO (Carpet): Grid structure (superregions, coordinates):
   [0][0][0]   exterior: [-264,-264,-12] : [264,264,264] : [4,4,4]
   [1][0][0]   exterior: [-146,-146,-6] : [146,146,146] : [2,2,2]
   [2][0][0]   exterior: [-73,-73,-3] : [73,73,73] : [1,1,1]
   [3][0][0]   exterior: [-36.5,-36.5,-1.5] : [36.5,36.5,36.5] : [0.5,0.5,0.5]
   [4][0][0]   exterior: [-18.25,-18.25,-0.75] : [18.25,18.25,18.25] : [0.25,0.25,0.25]
   [5][0][0]   exterior: [-9.125,-9.125,-0.375] : [9.125,9.125,9.125] : [0.125,0.125,0.125]
   [6][0][0]   exterior: [-4.5625,-4.5625,-0.1875] : [4.5625,4.5625,4.5625] : [0.0625,0.0625,0.0625]
   [7][0][0]   exterior: [-2.28125,-2.28125,-0.09375] : [2.28125,2.28125,2.28125] : [0.03125,0.03125,0.03125]
   [8][0][0]   exterior: [-1.140625,-1.140625,-0.046875] : [1.140625,1.140625,1.140625] : [0.015625,0.015625,0.015625]
   [9][0][0]   exterior: [-0.5703125,-0.5703125,-0.0234375] : [0.5703125,0.5703125,0.5703125] : [0.0078125,0.0078125,0.0078125]
INFO (Carpet): Global grid structure statistics:
INFO (Carpet): GF: rhs: 1082k active, 1599k owned (+48%), 1872k total (+17%), 1.02e+03 steps/time
INFO (Carpet): GF: vars: 284, pts: 3058M active, 4380M owned (+43%), 5138M total (+17%), 1.0 comp/proc
INFO (Carpet): GA: vars: 1658, pts: 3M active, 3M total (+0%)
INFO (Carpet): Total required memory: 40.999 GByte (for GAs and currently active GFs)
INFO (Carpet): Load balance:  min     avg     max     sdv     max/avg-1
INFO (Carpet): Level  0:     293M    293M    293M      0M owned      0%
INFO (Carpet): Level  1:     454M    454M    454M      0M owned      0%
INFO (Carpet): Level  2:     454M    454M    454M      0M owned      0%
INFO (Carpet): Level  3:     454M    454M    454M      0M owned      0%
INFO (Carpet): Level  4:     454M    454M    454M      0M owned      0%
INFO (Carpet): Level  5:     454M    454M    454M      0M owned      0%
INFO (Carpet): Level  6:     454M    454M    454M      0M owned      0%
INFO (Carpet): Level  7:     454M    454M    454M      0M owned      0%
INFO (Carpet): Level  8:     454M    454M    454M      0M owned      0%
INFO (Carpet): Level  9:     454M    454M    454M      0M owned      0%
INFO (CartGrid3D): Grid Spacings:
INFO (CartGrid3D): dx=>4.0000000e+00  dy=>4.0000000e+00  dz=>4.0000000e+00
INFO (CartGrid3D): Computational Coordinates:
INFO (CartGrid3D): x=>[-264.000,264.000]  y=>[-264.000,264.000]  z=>[-12.000,264.000]
INFO (CartGrid3D): Indices of Physical Coordinates:
INFO (CartGrid3D): x=>[0,132]  y=>[0,132]  z=>[0,69]
INFO (AHFinderDirect): setting up AHFinderDirect data structures
INFO (AHFinderDirect):            to search for 6 horizons on 1 processor
INFO (AHFinderDirect):       constructing full sphere patch system
INFO (AHFinderDirect):                    at origin (0,0,0)
INFO (AHFinderDirect):                    with 18 angular zones per right angle
INFO (AHFinderDirect):       ==> 2166 nominal, 3174 ghosted angular grid points
INFO (AHFinderDirect):       constructing full sphere patch system
INFO (AHFinderDirect):                    at origin (0,0,0)
INFO (AHFinderDirect):                    with 18 angular zones per right angle
INFO (AHFinderDirect):       ==> 2166 nominal, 3174 ghosted angular grid points
INFO (AHFinderDirect):       constructing full sphere patch system
INFO (AHFinderDirect):                    at origin (0,0,0)
INFO (AHFinderDirect):                    with 18 angular zones per right angle
INFO (AHFinderDirect):       ==> 2166 nominal, 3174 ghosted angular grid points
INFO (AHFinderDirect):       constructing full sphere patch system
INFO (AHFinderDirect):                    at origin (0,0,0)
INFO (AHFinderDirect):                    with 18 angular zones per right angle
INFO (AHFinderDirect):       ==> 2166 nominal, 3174 ghosted angular grid points
INFO (AHFinderDirect):       constructing full sphere patch system
INFO (AHFinderDirect):                    at origin (0,0,0)
INFO (AHFinderDirect):                    with 18 angular zones per right angle
INFO (AHFinderDirect):       ==> 2166 nominal, 3174 ghosted angular grid points
INFO (AHFinderDirect):       constructing full sphere patch system
INFO (AHFinderDirect):                    at origin (0,0,0)
INFO (AHFinderDirect):                    with 18 angular zones per right angle
INFO (AHFinderDirect):       ==> 2166 nominal, 3174 ghosted angular grid points
INFO (TerminationTrigger): Reminding you every 0 minutes about remaining walltime
INFO (Time): Timestep set to 1.6 (courant_static)
INFO (MagScalarInit): Step size in input file, h=0.00166667
INFO (QuasiLocalMeasures): Initialising Quasi-Local Measure calculations
INFO (TerminationTrigger): Reminding you every 0 minutes about remaining walltime
INFO (Time): Timestep set to 0.8 (courant_static)
INFO (MagScalarInit): Step size in input file, h=0.00166667
INFO (TerminationTrigger): Reminding you every 0 minutes about remaining walltime
INFO (Time): Timestep set to 0.4 (courant_static)
INFO (MagScalarInit): Step size in input file, h=0.00166667
INFO (TerminationTrigger): Reminding you every 0 minutes about remaining walltime
INFO (Time): Timestep set to 0.2 (courant_static)
INFO (MagScalarInit): Step size in input file, h=0.00166667
INFO (TerminationTrigger): Reminding you every 0 minutes about remaining walltime
INFO (Time): Timestep set to 0.1 (courant_static)
INFO (MagScalarInit): Step size in input file, h=0.00166667
INFO (TerminationTrigger): Reminding you every 0 minutes about remaining walltime
INFO (Time): Timestep set to 0.05 (courant_static)
INFO (MagScalarInit): Step size in input file, h=0.00166667
INFO (TerminationTrigger): Reminding you every 0 minutes about remaining walltime
INFO (Time): Timestep set to 0.025 (courant_static)
INFO (MagScalarInit): Step size in input file, h=0.00166667
INFO (TerminationTrigger): Reminding you every 0 minutes about remaining walltime
INFO (Time): Timestep set to 0.0125 (courant_static)
INFO (MagScalarInit): Step size in input file, h=0.00166667
INFO (TerminationTrigger): Reminding you every 0 minutes about remaining walltime
INFO (Time): Timestep set to 0.00625 (courant_static)
INFO (MagScalarInit): Step size in input file, h=0.00166667
INFO (TerminationTrigger): Reminding you every 0 minutes about remaining walltime
INFO (Time): Timestep set to 0.003125 (courant_static)
INFO (MagScalarInit): Step size in input file, h=0.00166667
INFO (AHFinderDirect): proc 0: searching for horizons 1,2,3,4,5,6/6
INFO (AHFinderDirect): AH 1/6: r=0.3 at (-0.001000,-0.000000,-0.000000)
INFO (AHFinderDirect): AH 1/6: area=721.793402 m_irreducible=3.789409384
INFO (AHFinderDirect): AH 2/6: r=22.9454 at (-0.001000,-0.000000,0.000000)
INFO (AHFinderDirect): AH 2/6: area=11312.68735 m_irreducible=15.00195867
INFO (AHFinderDirect): AH 3/6: r=72.9485 at (-0.001000,-0.000000,0.000000)
INFO (AHFinderDirect): AH 3/6: area=80433.52039 m_irreducible=40.0021755
INFO (AHFinderDirect): AH 4/6: r=92.9467 at (-0.001000,-0.000000,0.000000)
INFO (AHFinderDirect): AH 4/6: area=125669.3891 m_irreducible=50.00113058
INFO (AHFinderDirect): AH 5/6: r=172.955 at (-0.000999,-0.000000,0.000000)
INFO (AHFinderDirect): AH 5/6: area=407196.4383 m_irreducible=90.00508733
INFO (AHFinderDirect): AH 6/6: r=232.951 at (-0.000999,0.000000,0.000000)
INFO (AHFinderDirect): AH 6/6: area=723857.5396 m_irreducible=120.0028674
INFO (QuasiLocalMeasures): Calculating quasi-local quantities for surface    0
INFO (QuasiLocalMeasures): Importing from spherical surface    0
INFO (QuasiLocalMeasures): Geometric quantities for surface    0:
INFO (QuasiLocalMeasures):    Area A:                            721.792
INFO (QuasiLocalMeasures):    Irreducible mass M = R/2:          3.78941
INFO (QuasiLocalMeasures):    Areal radius R = sqrt(A/4pi):      7.57881
INFO (QuasiLocalMeasures): Coordinate-dependent quantities for surface    0:
INFO (QuasiLocalMeasures):    Equatorial circumference:             47.6191
INFO (QuasiLocalMeasures):    Polar circumference at phi=0:         47.5180
INFO (QuasiLocalMeasures):    Polar circumference at phi=pi/2:      47.6105
INFO (QuasiLocalMeasures):    Spin guess J from distortion:        0.128049E-01
INFO (QuasiLocalMeasures):    Mass guess M from distortion:         3.78941
INFO (QuasiLocalMeasures): Isolated Horizon quantities for surface    0:
INFO (QuasiLocalMeasures):    Killing vector field eigenvalue norm:      1.00000
INFO (QuasiLocalMeasures):    Spin J:                                    0.00000
INFO (QuasiLocalMeasures):    Kerr spin parameter a = J/M:               0.00000
INFO (QuasiLocalMeasures):    Dimensionless spin parameter a = J/M^2:    0.00000
INFO (QuasiLocalMeasures):    Spin J from NP:                          -0.170817E-16
INFO (QuasiLocalMeasures):    Spin J from phi-coordinate-vector:         0.00000
INFO (QuasiLocalMeasures):    Mass M:                                    3.78941
INFO (QuasiLocalMeasures): Global quantities for surface    0:
INFO (QuasiLocalMeasures):    ADM energy:                 -2419.15
INFO (QuasiLocalMeasures):    ADM momentum x:              0.00000
INFO (QuasiLocalMeasures):    ADM momentum y:              0.00000
INFO (QuasiLocalMeasures):    ADM momentum z:              0.00000
INFO (QuasiLocalMeasures):    ADM angular momentum x:      0.00000
INFO (QuasiLocalMeasures):    ADM angular momentum y:      0.00000
INFO (QuasiLocalMeasures):    ADM angular momentum z:      0.00000
INFO (QuasiLocalMeasures):    Weinberg energy:                  4836.88
INFO (QuasiLocalMeasures):    Weinberg momentum x:              0.00000
INFO (QuasiLocalMeasures):    Weinberg momentum y:              0.00000
INFO (QuasiLocalMeasures):    Weinberg momentum z:              0.00000
INFO (QuasiLocalMeasures):    Weinberg angular momentum x:      0.00000
INFO (QuasiLocalMeasures):    Weinberg angular momentum y:      0.00000
INFO (QuasiLocalMeasures):    Weinberg angular momentum z:      0.00000
INFO (QuasiLocalMeasures): Calculating quasi-local quantities for surface    1
INFO (QuasiLocalMeasures): Importing from spherical surface    1
INFO (QuasiLocalMeasures): Geometric quantities for surface    1:
INFO (QuasiLocalMeasures):    Area A:                            11312.7
INFO (QuasiLocalMeasures):    Irreducible mass M = R/2:          15.0019
INFO (QuasiLocalMeasures):    Areal radius R = sqrt(A/4pi):      30.0039
INFO (QuasiLocalMeasures): Coordinate-dependent quantities for surface    1:
INFO (QuasiLocalMeasures):    Equatorial circumference:             188.520
INFO (QuasiLocalMeasures):    Polar circumference at phi=0:         188.515
INFO (QuasiLocalMeasures):    Polar circumference at phi=pi/2:      188.520
INFO (QuasiLocalMeasures):    Spin guess J from distortion:        0.184237
INFO (QuasiLocalMeasures):    Mass guess M from distortion:         15.0019
INFO (QuasiLocalMeasures): Isolated Horizon quantities for surface    1:
INFO (QuasiLocalMeasures):    Killing vector field eigenvalue norm:      1.00000
INFO (QuasiLocalMeasures):    Spin J:                                    0.00000
INFO (QuasiLocalMeasures):    Kerr spin parameter a = J/M:               0.00000
INFO (QuasiLocalMeasures):    Dimensionless spin parameter a = J/M^2:    0.00000
INFO (QuasiLocalMeasures):    Spin J from NP:                          -0.409507E-16
INFO (QuasiLocalMeasures):    Spin J from phi-coordinate-vector:         0.00000
INFO (QuasiLocalMeasures):    Mass M:                                    15.0019
INFO (QuasiLocalMeasures): Global quantities for surface    1:
INFO (QuasiLocalMeasures):    ADM energy:                 0.157663
INFO (QuasiLocalMeasures):    ADM momentum x:              0.00000
INFO (QuasiLocalMeasures):    ADM momentum y:              0.00000
INFO (QuasiLocalMeasures):    ADM momentum z:              0.00000
INFO (QuasiLocalMeasures):    ADM angular momentum x:      0.00000
INFO (QuasiLocalMeasures):    ADM angular momentum y:      0.00000
INFO (QuasiLocalMeasures):    ADM angular momentum z:      0.00000
INFO (QuasiLocalMeasures):    Weinberg energy:                  12.0757
INFO (QuasiLocalMeasures):    Weinberg momentum x:              0.00000
INFO (QuasiLocalMeasures):    Weinberg momentum y:              0.00000
INFO (QuasiLocalMeasures):    Weinberg momentum z:              0.00000
INFO (QuasiLocalMeasures):    Weinberg angular momentum x:      0.00000
INFO (QuasiLocalMeasures):    Weinberg angular momentum y:      0.00000
INFO (QuasiLocalMeasures):    Weinberg angular momentum z:      0.00000
INFO (QuasiLocalMeasures): Calculating quasi-local quantities for surface    2
INFO (QuasiLocalMeasures): Importing from spherical surface    2
INFO (QuasiLocalMeasures): Geometric quantities for surface    2:
INFO (QuasiLocalMeasures):    Area A:                            80433.4
INFO (QuasiLocalMeasures):    Irreducible mass M = R/2:          40.0021
INFO (QuasiLocalMeasures):    Areal radius R = sqrt(A/4pi):      80.0043
INFO (QuasiLocalMeasures): Coordinate-dependent quantities for surface    2:
INFO (QuasiLocalMeasures):    Equatorial circumference:             502.682
INFO (QuasiLocalMeasures):    Polar circumference at phi=0:         502.677
INFO (QuasiLocalMeasures):    Polar circumference at phi=pi/2:      502.681
INFO (QuasiLocalMeasures):    Spin guess J from distortion:         1.33710
INFO (QuasiLocalMeasures):    Mass guess M from distortion:         40.0021
INFO (QuasiLocalMeasures): Isolated Horizon quantities for surface    2:
INFO (QuasiLocalMeasures):    Killing vector field eigenvalue norm:      1.00000
INFO (QuasiLocalMeasures):    Spin J:                                    0.00000
INFO (QuasiLocalMeasures):    Kerr spin parameter a = J/M:               0.00000
INFO (QuasiLocalMeasures):    Dimensionless spin parameter a = J/M^2:    0.00000
INFO (QuasiLocalMeasures):    Spin J from NP:                           0.405440E-14
INFO (QuasiLocalMeasures):    Spin J from phi-coordinate-vector:         0.00000
INFO (QuasiLocalMeasures):    Mass M:                                    40.0021
INFO (QuasiLocalMeasures): Global quantities for surface    2:
INFO (QuasiLocalMeasures):    ADM energy:                  4.55801
INFO (QuasiLocalMeasures):    ADM momentum x:              0.00000
INFO (QuasiLocalMeasures):    ADM momentum y:              0.00000
INFO (QuasiLocalMeasures):    ADM momentum z:              0.00000
INFO (QuasiLocalMeasures):    ADM angular momentum x:      0.00000
INFO (QuasiLocalMeasures):    ADM angular momentum y:      0.00000
INFO (QuasiLocalMeasures):    ADM angular momentum z:      0.00000
INFO (QuasiLocalMeasures):    Weinberg energy:                  8.48829
INFO (QuasiLocalMeasures):    Weinberg momentum x:              0.00000
INFO (QuasiLocalMeasures):    Weinberg momentum y:              0.00000
INFO (QuasiLocalMeasures):    Weinberg momentum z:              0.00000
INFO (QuasiLocalMeasures):    Weinberg angular momentum x:      0.00000
INFO (QuasiLocalMeasures):    Weinberg angular momentum y:      0.00000
INFO (QuasiLocalMeasures):    Weinberg angular momentum z:      0.00000
INFO (QuasiLocalMeasures): Calculating quasi-local quantities for surface    3
INFO (QuasiLocalMeasures): Importing from spherical surface    3
INFO (QuasiLocalMeasures): Geometric quantities for surface    3:
INFO (QuasiLocalMeasures):    Area A:                            125669.
INFO (QuasiLocalMeasures):    Irreducible mass M = R/2:          50.0011
INFO (QuasiLocalMeasures):    Areal radius R = sqrt(A/4pi):      100.002
INFO (QuasiLocalMeasures): Coordinate-dependent quantities for surface    3:
INFO (QuasiLocalMeasures):    Equatorial circumference:             628.332
INFO (QuasiLocalMeasures):    Polar circumference at phi=0:         628.328
INFO (QuasiLocalMeasures):    Polar circumference at phi=pi/2:      628.332
INFO (QuasiLocalMeasures):    Spin guess J from distortion:         2.07983
INFO (QuasiLocalMeasures):    Mass guess M from distortion:         50.0011
INFO (QuasiLocalMeasures): Isolated Horizon quantities for surface    3:
INFO (QuasiLocalMeasures):    Killing vector field eigenvalue norm:      1.00000
INFO (QuasiLocalMeasures):    Spin J:                                    0.00000
INFO (QuasiLocalMeasures):    Kerr spin parameter a = J/M:               0.00000
INFO (QuasiLocalMeasures):    Dimensionless spin parameter a = J/M^2:    0.00000
INFO (QuasiLocalMeasures):    Spin J from NP:                          -0.333257E-14
INFO (QuasiLocalMeasures):    Spin J from phi-coordinate-vector:         0.00000
INFO (QuasiLocalMeasures):    Mass M:                                    50.0011
INFO (QuasiLocalMeasures): Global quantities for surface    3:
INFO (QuasiLocalMeasures):    ADM energy:                  5.06115
INFO (QuasiLocalMeasures):    ADM momentum x:              0.00000
INFO (QuasiLocalMeasures):    ADM momentum y:              0.00000
INFO (QuasiLocalMeasures):    ADM momentum z:              0.00000
INFO (QuasiLocalMeasures):    ADM angular momentum x:      0.00000
INFO (QuasiLocalMeasures):    ADM angular momentum y:      0.00000
INFO (QuasiLocalMeasures):    ADM angular momentum z:      0.00000
INFO (QuasiLocalMeasures):    Weinberg energy:                  8.16857
INFO (QuasiLocalMeasures):    Weinberg momentum x:              0.00000
INFO (QuasiLocalMeasures):    Weinberg momentum y:              0.00000
INFO (QuasiLocalMeasures):    Weinberg momentum z:              0.00000
INFO (QuasiLocalMeasures):    Weinberg angular momentum x:      0.00000
INFO (QuasiLocalMeasures):    Weinberg angular momentum y:      0.00000
INFO (QuasiLocalMeasures):    Weinberg angular momentum z:      0.00000
INFO (QuasiLocalMeasures): Calculating quasi-local quantities for surface    4
INFO (QuasiLocalMeasures): Importing from spherical surface    4
INFO (QuasiLocalMeasures): Geometric quantities for surface    4:
INFO (QuasiLocalMeasures):    Area A:                            407196.
INFO (QuasiLocalMeasures):    Irreducible mass M = R/2:          90.0050
INFO (QuasiLocalMeasures):    Areal radius R = sqrt(A/4pi):      180.010
INFO (QuasiLocalMeasures): Coordinate-dependent quantities for surface    4:
INFO (QuasiLocalMeasures):    Equatorial circumference:             1131.04
INFO (QuasiLocalMeasures):    Polar circumference at phi=0:         1131.03
INFO (QuasiLocalMeasures):    Polar circumference at phi=pi/2:      1131.04
INFO (QuasiLocalMeasures):    Spin guess J from distortion:         7.03942
INFO (QuasiLocalMeasures):    Mass guess M from distortion:         90.0050
INFO (QuasiLocalMeasures): Isolated Horizon quantities for surface    4:
INFO (QuasiLocalMeasures):    Killing vector field eigenvalue norm:      1.00000
INFO (QuasiLocalMeasures):    Spin J:                                    0.00000
INFO (QuasiLocalMeasures):    Kerr spin parameter a = J/M:               0.00000
INFO (QuasiLocalMeasures):    Dimensionless spin parameter a = J/M^2:    0.00000
INFO (QuasiLocalMeasures):    Spin J from NP:                           0.965613E-14
INFO (QuasiLocalMeasures):    Spin J from phi-coordinate-vector:         0.00000
INFO (QuasiLocalMeasures):    Mass M:                                    90.0050
INFO (QuasiLocalMeasures): Global quantities for surface    4:
INFO (QuasiLocalMeasures):    ADM energy:                  5.95044
INFO (QuasiLocalMeasures):    ADM momentum x:              0.00000
INFO (QuasiLocalMeasures):    ADM momentum y:              0.00000
INFO (QuasiLocalMeasures):    ADM momentum z:              0.00000
INFO (QuasiLocalMeasures):    ADM angular momentum x:      0.00000
INFO (QuasiLocalMeasures):    ADM angular momentum y:      0.00000
INFO (QuasiLocalMeasures):    ADM angular momentum z:      0.00000
INFO (QuasiLocalMeasures):    Weinberg energy:                  7.64307
INFO (QuasiLocalMeasures):    Weinberg momentum x:              0.00000
INFO (QuasiLocalMeasures):    Weinberg momentum y:              0.00000
INFO (QuasiLocalMeasures):    Weinberg momentum z:              0.00000
INFO (QuasiLocalMeasures):    Weinberg angular momentum x:      0.00000
INFO (QuasiLocalMeasures):    Weinberg angular momentum y:      0.00000
INFO (QuasiLocalMeasures):    Weinberg angular momentum z:      0.00000
INFO (QuasiLocalMeasures): Calculating quasi-local quantities for surface    5
INFO (QuasiLocalMeasures): Importing from spherical surface    5
INFO (QuasiLocalMeasures): Geometric quantities for surface    5:
INFO (QuasiLocalMeasures):    Area A:                            723856.
INFO (QuasiLocalMeasures):    Irreducible mass M = R/2:          120.003
INFO (QuasiLocalMeasures):    Areal radius R = sqrt(A/4pi):      240.006
INFO (QuasiLocalMeasures): Coordinate-dependent quantities for surface    5:
INFO (QuasiLocalMeasures):    Equatorial circumference:             1508.00
INFO (QuasiLocalMeasures):    Polar circumference at phi=0:         1507.99
INFO (QuasiLocalMeasures):    Polar circumference at phi=pi/2:      1508.00
INFO (QuasiLocalMeasures):    Spin guess J from distortion:         12.0467
INFO (QuasiLocalMeasures):    Mass guess M from distortion:         120.003
INFO (QuasiLocalMeasures): Isolated Horizon quantities for surface    5:
INFO (QuasiLocalMeasures):    Killing vector field eigenvalue norm:      1.00000
INFO (QuasiLocalMeasures):    Spin J:                                    0.00000
INFO (QuasiLocalMeasures):    Kerr spin parameter a = J/M:               0.00000
INFO (QuasiLocalMeasures):    Dimensionless spin parameter a = J/M^2:    0.00000
INFO (QuasiLocalMeasures):    Spin J from NP:                           0.543741E-14
INFO (QuasiLocalMeasures):    Spin J from phi-coordinate-vector:         0.00000
INFO (QuasiLocalMeasures):    Mass M:                                    120.003
INFO (QuasiLocalMeasures): Global quantities for surface    5:
INFO (QuasiLocalMeasures):    ADM energy:                  6.22734
INFO (QuasiLocalMeasures):    ADM momentum x:              0.00000
INFO (QuasiLocalMeasures):    ADM momentum y:              0.00000
INFO (QuasiLocalMeasures):    ADM momentum z:              0.00000
INFO (QuasiLocalMeasures):    ADM angular momentum x:      0.00000
INFO (QuasiLocalMeasures):    ADM angular momentum y:      0.00000
INFO (QuasiLocalMeasures):    ADM angular momentum z:      0.00000
INFO (QuasiLocalMeasures):    Weinberg energy:                  7.48926
INFO (QuasiLocalMeasures):    Weinberg momentum x:              0.00000
INFO (QuasiLocalMeasures):    Weinberg momentum y:              0.00000
INFO (QuasiLocalMeasures):    Weinberg momentum z:              0.00000
INFO (QuasiLocalMeasures):    Weinberg angular momentum x:      0.00000
INFO (QuasiLocalMeasures):    Weinberg angular momentum y:      0.00000
INFO (QuasiLocalMeasures):    Weinberg angular momentum z:      0.00000
------------------------------------------------------------------------------------
Iteration      Time | *me_per_hour |     LEANBSSNMOL::conf_fac | *TISTICS::maxrss_mb
                    |              |      minimum      maximum |   minimum   maximum
------------------------------------------------------------------------------------
        0     0.000 |    0.0000000 |    0.0395804    0.9843385 |     39350     39350
INFO (Carpet): Terminating due to cctk_final_time at t = 0.000000
INFO (TimerReport): Timer Report before terminating at iteration 0 time 0
INFO (TimerReport): Top timers at iteration 0 time 0
======================================================================
    %    Time/s   Min/s   Max/s   Timer (gettimeofday)
======================================================================
100.0   273.909 273.909 273.909   main/Initialise
100.0   273.837 273.837 273.837   meta mode/meta mode/global mode
 49.1   134.512 134.512 134.512   main/Initialise/CallAnalysis
 48.4   132.554 132.554 132.554   main/Initialise/CallAnalysis/CCTK_ANALYSIS
 48.3   132.394 132.394 132.394   main/Initialise/CallAnalysis/CCTK_ANALYSIS/CallFunction
 44.7   122.307 122.307 122.307   main/Initialise/CallAnalysis/CCTK_ANALYSIS/CallFunction/thorns
 30.1    82.491  82.491  82.491   [0167] LeanBSSNMoL: LeanBSSN_bssn_constraints in CCTK_ANALYSIS
 30.1    82.488  82.488  82.488   main/Initialise/CallAnalysis/CCTK_ANALYSIS/CallFunction/thorns/LeanBSSN_bssn_constraints
 19.1    52.355  52.355  52.355   main/Initialise/CallInitial
 16.9    46.173  46.173  46.173   main/Initialise/CallPostInitial
 16.9    46.169  46.169  46.169   main/Initialise/CallPostInitial/CCTK_POSTSTEP
 16.9    46.166  46.166  46.166   main/Initialise/CallPostInitial/CCTK_POSTSTEP/CallFunction
 16.8    46.150  46.150  46.150   main/Initialise/CallPostInitial/CCTK_POSTSTEP/CallFunction/thorns
 14.9    40.811  40.811  40.811   main/Initialise/CallRestrict
 14.6    39.913  39.913  39.913   [0143] AHFinderDirect: AHFinderDirect_find_horizons in CCTK_POSTSTEP
 14.6    39.913  39.913  39.913   main/Initialise/CallPostInitial/CCTK_POSTSTEP/CallFunction/thorns/AHFinderDirect_find_horizons
 12.7    34.680  34.680  34.680   main/Initialise/CallInitial/CCTK_POSTINITIAL
 12.7    34.675  34.675  34.675   main/Initialise/CallInitial/CCTK_POSTINITIAL/CallFunction
 11.1    30.507  30.507  30.507   main/Initialise/CallInitial/CCTK_POSTINITIAL/CallFunction/thorns
 11.0    30.029  30.029  30.029   main/Initialise/CallRestrict/CCTK_POSTRESTRICTINITIAL
 11.0    30.026  30.026  30.026   main/Initialise/CallRestrict/CCTK_POSTRESTRICTINITIAL/CallFunction
 10.1    27.540  27.540  27.540   [0127] NPScalars_MagScalar: NPMagScalar_calcPsiGF in CCTK_POSTINITIAL
 10.1    27.538  27.538  27.538   main/Initialise/CallInitial/CCTK_POSTINITIAL/CallFunction/thorns/NPMagScalar_calcPsiGF
  9.2    25.112  25.112  25.112   meta mode/meta mode/global mode/level(9)
  8.7    23.924  23.924  23.924   main/Initialise/CallRestrict/CCTK_POSTRESTRICTINITIAL/CallFunction/syncs
  8.7    23.919  23.919  23.919   main/Initialise/CallRestrict/CCTK_POSTRESTRICTINITIAL/CallFunction/syncs/Prolongate
  8.7    23.914  23.914  23.914   main/Initialise/CallRestrict/CCTK_POSTRESTRICTINITIAL/CallFunction/syncs/Prolongate/comm_state[5].state_do_some_work.user
  8.6    23.630  23.630  23.630   [0180] NPScalars_MagScalar: NPMagScalar_calcPsiGF in CCTK_ANALYSIS
  8.6    23.628  23.628  23.628   main/Initialise/CallAnalysis/CCTK_ANALYSIS/CallFunction/thorns/NPMagScalar_calcPsiGF
  8.6    23.464  23.464  23.464   meta mode/meta mode/global mode/level(2)
  8.6    23.458  23.458  23.458   meta mode/meta mode/global mode/level(5)
  8.4    23.049  23.049  23.049   meta mode/meta mode/global mode/level(6)
  8.4    23.044  23.044  23.044   meta mode/meta mode/global mode/level(4)
  8.3    22.861  22.861  22.861   meta mode/meta mode/global mode/level(7)
  8.3    22.635  22.635  22.635   meta mode/meta mode/global mode/level(1)
  8.2    22.574  22.574  22.574   meta mode/meta mode/global mode/level(8)
  7.4    20.286  20.286  20.286   meta mode/meta mode/global mode/level(3)
  5.2    14.191  14.191  14.191   meta mode/meta mode/global mode/level(0)
  4.4    12.039  12.039  12.039   main/Initialise/CallInitial/CCTK_INITIAL
  4.4    12.036  12.036  12.036   main/Initialise/CallInitial/CCTK_INITIAL/CallFunction
======================================================================
==================================================================================================================================================================================================
Thorn           | Scheduled routine in time bin           | gettimeofday [secs] | getrusage [secs] | cycle [secs] | cycle[avg] [secs] | cycle[sdv] [secs] | cycle[min] [secs] | cycle[max] [secs] 
==================================================================================================================================================================================================
Carpet          | Multi-model Startup routine             |          0.03674300 |       2.64132100 |   0.00000000 |        0.00000000 |        0.00000000 |        0.00000000 |        0.00000000 
CycleClock      | Set up CycleClock                       |          0.10156400 |       0.88727600 |   0.00003323 |        0.00003323 |        0.00000000 |        0.00003323 |        0.00003323 
LoopControl     | Set up LoopControl                      |          0.00034600 |       0.00002600 |   0.00034529 |        0.00034529 |        0.00000000 |        0.00034529 |        0.00034529 
Timers          | Prepare hierarchical timers             |          0.00002200 |       0.00002000 |   0.00002126 |        0.00002126 |        0.00000000 |        0.00002126 |        0.00002126 
Carpet          | Startup routine                         |          0.00000600 |       0.00000600 |   0.00000660 |        0.00000660 |        0.00000000 |        0.00000660 |        0.00000660 
IOUtil          | Startup routine                         |          0.00027900 |       0.00002400 |   0.00027993 |        0.00027993 |        0.00000000 |        0.00027993 |        0.00027993 
CarpetIOScalar  | Startup routine                         |          0.00026100 |       0.00003000 |   0.00026158 |        0.00026158 |        0.00000000 |        0.00026158 |        0.00026158 
CarpetInterp    | Startup routine                         |          0.00000700 |       0.00000600 |   0.00000613 |        0.00000613 |        0.00000000 |        0.00000613 |        0.00000613 
CarpetReduce    | Startup routine                         |          0.00002900 |       0.00002600 |   0.00002854 |        0.00002854 |        0.00000000 |        0.00002854 |        0.00002854 
CartGrid3D      | Register GH Extension for GridSymmetry  |          0.00000400 |       0.00000400 |   0.00000433 |        0.00000433 |        0.00000000 |        0.00000433 |        0.00000433 
CoordBase       | Register a GH extension to store the coo|          0.00000400 |       0.00000400 |   0.00000429 |        0.00000429 |        0.00000000 |        0.00000429 |        0.00000429 
AEILocalInterp  | register CCTK_InterpLocalUniform() inter|          0.00000600 |       0.00000500 |   0.00000577 |        0.00000577 |        0.00000000 |        0.00000577 |        0.00000577 
CarpetIOASCII   | Startup routine                         |          0.00136200 |       0.00000000 |   0.00136247 |        0.00136247 |        0.00000000 |        0.00136247 |        0.00136247 
LeanBSSNMoL     | Register slicing                        |          0.00025500 |       0.00000000 |   0.00025572 |        0.00025572 |        0.00000000 |        0.00025572 |        0.00025572 
LocalInterp     | register LocalInterp's interpolation ope|          0.00000400 |       0.00000000 |   0.00000424 |        0.00000424 |        0.00000000 |        0.00000424 |        0.00000424 
CarpetIOBasic   | Startup routine                         |          0.00000800 |       0.00000000 |   0.00000812 |        0.00000812 |        0.00000000 |        0.00000812 |        0.00000812 
MagScalarEvolve | Register the masks for excision         |          0.00000900 |       0.00000000 |   0.00000846 |        0.00000846 |        0.00000000 |        0.00000846 |        0.00000846 
MoL             | Startup banner                          |          0.00023800 |       0.00000000 |   0.00023849 |        0.00023849 |        0.00000000 |        0.00023849 |        0.00023849 
SymBase         | Register GH Extension for SymBase       |          0.00000800 |       0.00000000 |   0.00000794 |        0.00000794 |        0.00000000 |        0.00000794 |        0.00000794 
TerminationTrigg| Start signal handler                    |          0.00028900 |       0.00000000 |   0.00029009 |        0.00029009 |        0.00000000 |        0.00029009 |        0.00029009 
CarpetIOHDF5    | Startup routine                         |          0.00134200 |       0.00000000 |   0.00134240 |        0.00134240 |        0.00000000 |        0.00134240 |        0.00134240 
Vectors         | Print startup message                   |          0.00000700 |       0.00000000 |   0.00000709 |        0.00000709 |        0.00000000 |        0.00000709 |        0.00000709 
hwloc           | Output hwloc version                    |          0.00000800 |       0.00000000 |   0.00000845 |        0.00000845 |        0.00000000 |        0.00000845 |        0.00000845 
--------------------------------------------------------------------------------------------------------------------------------------------------------------------------------------------------
                | Total time for CCTK_STARTUP             |          0.14280100 |       3.52874800 |   0.00453042 |        0.00453042 |        0.00000000 |        0.00453042 |        0.00453042 
==================================================================================================================================================================================================
ADMBase         | Set up GF symmetries                    |          0.00136400 |       0.00015000 |   0.00136328 |        0.00136328 |        0.00000000 |        0.00136328 |        0.00136328 
Boundary        | Register boundary conditions that this t|          0.00003600 |       0.00003400 |   0.00003527 |        0.00003527 |        0.00000000 |        0.00003527 |        0.00003527 
CarpetRegrid2   | Initialise locations of refined regions |          0.00005300 |       0.00005200 |   0.00005327 |        0.00005327 |        0.00000000 |        0.00005327 |        0.00005327 
CartGrid3D      | Register coordinates for the Cartesian g|          0.00014200 |       0.00013800 |   0.00014209 |        0.00014209 |        0.00000000 |        0.00014209 |        0.00014209 
CoordGauge      | Initialize slicing, setup priorities for|          0.00003600 |       0.00003500 |   0.00003540 |        0.00003540 |        0.00000000 |        0.00003540 |        0.00003540 
CoordGauge      | Identify the slicing for the next iterat|          0.00002700 |       0.00002700 |   0.00002772 |        0.00002772 |        0.00000000 |        0.00002772 |        0.00002772 
MoL             | Set up the MoL bookkeeping index arrays |          0.00006300 |       0.00006200 |   0.00006316 |        0.00006316 |        0.00000000 |        0.00006316 |        0.00006316 
MoL             | Set the flag so it is ok to register wit|          0.00026800 |       0.00004700 |   0.00026788 |        0.00026788 |        0.00000000 |        0.00026788 |        0.00026788 
TmunuBase       | Set the stress_energy_state variable    |          0.00035200 |       0.00011500 |   0.00035121 |        0.00035121 |        0.00000000 |        0.00035121 |        0.00035121 
LeanBSSNMoL     | Register variables for MoL              |          0.00065800 |       0.00017400 |   0.00065836 |        0.00065836 |        0.00000000 |        0.00065836 |        0.00065836 
MagScalarEvolve | Register variables for MoL              |          0.00037600 |       0.00013900 |   0.00037566 |        0.00037566 |        0.00000000 |        0.00037566 |        0.00037566 
SpaceMask       | Set grid symmetries for mask            |          0.00003000 |       0.00003000 |   0.00003057 |        0.00003057 |        0.00000000 |        0.00003057 |        0.00003057 
SpaceMask       | Set grid symmetries for emask (compatibi|          0.00003200 |       0.00003100 |   0.00003246 |        0.00003246 |        0.00000000 |        0.00003246 |        0.00003246 
CartGrid3D      | Register symmetry boundaries            |          0.00011500 |       0.00011200 |   0.00011502 |        0.00011502 |        0.00000000 |        0.00011502 |        0.00011502 
ReflectionSymmet| Register reflection symmetry boundaries |          0.00003300 |       0.00003300 |   0.00003359 |        0.00003359 |        0.00000000 |        0.00003359 |        0.00003359 
SymBase         | Print symmetry boundary face description|          0.00003100 |       0.00003100 |   0.00003165 |        0.00003165 |        0.00000000 |        0.00003165 |        0.00003165 
MoL             | Report how many of each type of variable|          0.00012700 |       0.00012300 |   0.00012666 |        0.00012666 |        0.00000000 |        0.00012666 |        0.00012666 
--------------------------------------------------------------------------------------------------------------------------------------------------------------------------------------------------
                | Total time for CCTK_WRAGH               |          0.00374300 |       0.00133300 |   0.00374324 |        0.00374324 |        0.00000000 |        0.00374324 |        0.00374324 
==================================================================================================================================================================================================
ADMBase         | Check consistency of parameters         |          0.00003400 |       0.00003300 |   0.00003421 |        0.00003421 |        0.00000000 |        0.00003421 |        0.00003421 
Boundary        | Check dimension of grid variables       |          0.00002800 |       0.00002600 |   0.00002728 |        0.00002728 |        0.00000000 |        0.00002728 |        0.00002728 
Carpet          | Parameter checking routine              |          0.00007900 |       0.00007700 |   0.00007905 |        0.00007905 |        0.00000000 |        0.00007905 |        0.00007905 
CarpetLib       | Test prolongation operators             |          0.00161000 |       0.00014400 |   0.00161007 |        0.00161007 |        0.00000000 |        0.00161007 |        0.00161007 
CarpetMask      | Check parameters                        |          0.00003200 |       0.00003000 |   0.00003111 |        0.00003111 |        0.00000000 |        0.00003111 |        0.00003111 
CarpetRegrid2   | Check parameters                        |          0.00004500 |       0.00004400 |   0.00004498 |        0.00004498 |        0.00000000 |        0.00004498 |        0.00004498 
CartGrid3D      | Check coordinates for CartGrid3D        |          0.00003000 |       0.00002900 |   0.00002982 |        0.00002982 |        0.00000000 |        0.00002982 |        0.00002982 
Dissipation     | Check dissipation parameters for consist|          0.00003200 |       0.00003200 |   0.00003233 |        0.00003233 |        0.00000000 |        0.00003233 |        0.00003233 
Fortran         | Test whether Fortran parameters work cor|          0.00003200 |       0.00003100 |   0.00003163 |        0.00003163 |        0.00000000 |        0.00003163 |        0.00003163 
LeanBSSNMoL     | Check Lean parameters for consistency   |          0.00002800 |       0.00002700 |   0.00002721 |        0.00002721 |        0.00000000 |        0.00002721 |        0.00002721 
MoL             | Basic parameter checking                |          0.00003200 |       0.00003100 |   0.00003196 |        0.00003196 |        0.00000000 |        0.00003196 |        0.00003196 
Multipole       | Check Multipole parameters              |          0.00003600 |       0.00003400 |   0.00003536 |        0.00003536 |        0.00000000 |        0.00003536 |        0.00003536 
NPScalars       | Check NPScalars parameters for consisten|          0.00002800 |       0.00002700 |   0.00002772 |        0.00002772 |        0.00000000 |        0.00002772 |        0.00002772 
QuasiLocalMeasur| Check quasi-local parameter settings    |          0.00159200 |       0.00111600 |   0.00159162 |        0.00159162 |        0.00000000 |        0.00159162 |        0.00159162 
SphericalSurface| Check that all surface names are unique |          0.00003000 |       0.00002800 |   0.00002895 |        0.00002895 |        0.00000000 |        0.00002895 |        0.00002895 
TerminationTrigg| Check consitency of parameters          |          0.00003100 |       0.00003000 |   0.00003059 |        0.00003059 |        0.00000000 |        0.00003059 |        0.00003059 
TmunuBase       | Check that no deprecated parameters are |          0.00002700 |       0.00002700 |   0.00002769 |        0.00002769 |        0.00000000 |        0.00002769 |        0.00002769 
Vectors         | Run correctness tests.                  |          0.00007000 |       0.00006700 |   0.00006959 |        0.00006959 |        0.00000000 |        0.00006959 |        0.00006959 
--------------------------------------------------------------------------------------------------------------------------------------------------------------------------------------------------
                | Total time for CCTK_PARAMCHECK          |          0.00379600 |       0.00183300 |   0.00379116 |        0.00379116 |        0.00000000 |        0.00379116 |        0.00379116 
==================================================================================================================================================================================================
ADMBase         | Set the shift_state variable to 1       |          0.00534100 |       0.00114000 |   0.00533961 |        0.00053396 |        0.00361829 |        0.00011094 |        0.00396625 
ADMBase         | Set the dtlapse_state variable to 1     |          0.00071200 |       0.00042800 |   0.00070930 |        0.00007093 |        0.00000817 |        0.00006884 |        0.00007636 
ADMBase         | Set the dtshift_state variable to 1     |          0.00068500 |       0.00040800 |   0.00068452 |        0.00006845 |        0.00000620 |        0.00006689 |        0.00007233 
ADMMacros       | Initialize the local_spatial_order      |          0.00102900 |       0.00041000 |   0.00103275 |        0.00010327 |        0.00033050 |        0.00006720 |        0.00041679 
CartGrid3D      | Set up ranges for spatial 3D Cartesian c|          0.00204700 |       0.00057700 |   0.00204634 |        0.00020463 |        0.00085430 |        0.00006828 |        0.00075137 
CartGrid3D      | Set up spatial 3D Cartesian coordinates |          0.34360500 |       0.27656900 |   0.34358327 |        0.03435833 |        0.01706016 |        0.01878271 |        0.04040812 
SphericalSurface| Set surface resolution automatically    |          0.00125300 |       0.00108100 |   0.00125094 |        0.00012509 |        0.00107109 |        0.00001199 |        0.00114122 
AHFinderDirect  | setup data structures                   |          0.01186900 |       0.00893400 |   0.01187106 |        0.00118711 |        0.01116014 |        0.00001057 |        0.01177455 
Dissipation     | Ensure that there are enough ghost zones|          0.02070300 |       0.00861600 |   0.02069916 |        0.00206992 |        0.00212441 |        0.00127519 |        0.00399824 
LeanBSSNMoL     | Register symmetries of the BSSN grid fun|          0.00083100 |       0.00035700 |   0.00083101 |        0.00008310 |        0.00067699 |        0.00001122 |        0.00072535 
LeanBSSNMoL     | Set all rhs functions to zero to prevent|          0.38130400 |       0.07014400 |   0.38127817 |        0.03812782 |        0.03424107 |        0.02598517 |        0.06941658 
MagScalarBase   | Register symmetries of the grid function|          0.00078100 |       0.00010800 |   0.00078083 |        0.00007808 |        0.00062549 |        0.00001184 |        0.00067147 
MagScalarEvolve | Schedule symmetries                     |          0.00063300 |       0.00008100 |   0.00063392 |        0.00006339 |        0.00049815 |        0.00001073 |        0.00053598 
MagScalarEvolve | set all rhs functions to zero to prevent|          0.29131700 |       0.06359600 |   0.29129611 |        0.02912961 |        0.02590636 |        0.01990759 |        0.05279123 
NPScalars       | Set symmetries for grid functions       |          0.00053800 |       0.00007800 |   0.00053930 |        0.00005393 |        0.00039504 |        0.00001196 |        0.00042870 
NPScalars_MagSca| Set symmetries for grid functions       |          0.00031800 |       0.00007000 |   0.00031650 |        0.00003165 |        0.00019882 |        0.00001061 |        0.00022026 
NaNChecker      | Reset the NaNChecker::NaNsFound counter |          0.00016000 |       0.00006900 |   0.00015729 |        0.00001573 |        0.00004778 |        0.00001055 |        0.00006106 
SpaceMask       | Initialise mask to zero                 |          0.02200900 |       0.01175800 |   0.02200801 |        0.00220080 |        0.00128405 |        0.00164691 |        0.00329953 
SpaceMask       | Set old style mask to one               |          0.01910700 |       0.00602500 |   0.01910738 |        0.00191074 |        0.00163439 |        0.00123189 |        0.00334200 
SphericalSurface| Calculate surface coordinate descriptors|          0.00016900 |       0.00011600 |   0.00016486 |        0.00001649 |        0.00005036 |        0.00001062 |        0.00006426 
CarpetReduce    | Allocate the weight function            |          0.00087700 |       0.00019600 |   0.00087801 |        0.00008780 |        0.00073136 |        0.00001053 |        0.00078163 
CarpetReduce    | Initialise the weight function          |          0.13264100 |      11.58749400 |   0.13262909 |        0.01326291 |        0.12572219 |        0.00001052 |        0.13253345 
CarpetReduce    | Set up the outer boundaries of the weigh|          0.02438600 |       3.03688600 |   0.02438656 |        0.00243866 |        0.02303366 |        0.00001043 |        0.02429030 
CarpetReduce    | Set up the weight function for the restr|          0.05126500 |       6.34473200 |   0.05125913 |        0.00512591 |        0.04852834 |        0.00001047 |        0.05116393 
CarpetMask      | Set up the weight function for the exclu|          0.00099700 |       0.12645400 |   0.00099969 |        0.00009997 |        0.00084322 |        0.00001051 |        0.00089991 
CarpetMask      | Set up the weight function for the exclu|          0.00098600 |       0.12709900 |   0.00098359 |        0.00009836 |        0.00083268 |        0.00001044 |        0.00088831 
CarpetReduce    | Set the weight function                 |          0.10151800 |       1.39433800 |   0.10151238 |        0.01015124 |        0.09620231 |        0.00001047 |        0.10141676 
CarpetReduce    | Test the weight function                |          0.03611500 |       0.85833200 |   0.03611406 |        0.00361141 |        0.03416108 |        0.00001039 |        0.03601945 
SphericalSurface| Set surface radii to be used for initial|          0.00016900 |       0.00006000 |   0.00016754 |        0.00001675 |        0.00005771 |        0.00001048 |        0.00007151 
SphericalSurface| Test the state of the spherical surfaces|          0.00015000 |       0.00006000 |   0.00014934 |        0.00001493 |        0.00004001 |        0.00001053 |        0.00005289 
SymBase         | Check whether the driver set up the grid|          0.00288200 |       0.00072300 |   0.00288347 |        0.00028835 |        0.00162507 |        0.00009940 |        0.00182857 
TerminationTrigg| Clear trigger state                     |          0.00110200 |       0.00042500 |   0.00109922 |        0.00010992 |        0.00036751 |        0.00006957 |        0.00045853 
TerminationTrigg| Start timer                             |          0.00392300 |       0.00046900 |   0.00392202 |        0.00039220 |        0.00288563 |        0.00008150 |        0.00312964 
TerminationTrigg| Create termination file                 |          0.01514300 |       0.00173600 |   0.01514231 |        0.00151423 |        0.00106842 |        0.00117894 |        0.00230993 
Time            | Initialise Time variables               |          0.00016100 |       0.00005500 |   0.00015952 |        0.00001595 |        0.00004199 |        0.00001075 |        0.00005573 
Time            | Set timestep based on Courant condition |          0.00163900 |       0.00029000 |   0.00163795 |        0.00016380 |        0.00075184 |        0.00004640 |        0.00076133 
--------------------------------------------------------------------------------------------------------------------------------------------------------------------------------------------------
                | Total time for CCTK_BASEGRID            |          1.47836500 |      23.92991400 |   1.47825419 |        0.14782542 |        0.43868476 |        0.07090300 |        0.55082351 
==================================================================================================================================================================================================
StaticConformal | Set the conformal_state variable to 0   |          0.00114600 |       0.00046400 |   0.00114605 |        0.00011460 |        0.00029488 |        0.00007811 |        0.00039398 
MagScalarInit   | Initial data for a static scalar cloud s|         10.58715600 |      10.02493400 |  10.58645778 |        1.05864578 |        0.40562832 |        0.67554402 |        1.13043983 
ADMBase         | Set the shift to 0 at all points        |          0.15980100 |       0.02429700 |   0.15978840 |        0.01597884 |        0.01424018 |        0.01041549 |        0.02882850 
ADMBase         | Set the dtlapse to 0 at all points      |          0.05493800 |       0.01225800 |   0.05493614 |        0.00549361 |        0.00452182 |        0.00380832 |        0.00958564 
ADMBase         | Set the dtshift to 0 at all points      |          0.15945000 |       0.02658500 |   0.15944191 |        0.01594419 |        0.01383799 |        0.01037554 |        0.02837255 
CarpetIOASCII   | Initialisation routine                  |          0.00019200 |       0.00014800 |   0.00019044 |        0.00001904 |        0.00006502 |        0.00001204 |        0.00008072 
CarpetIOBasic   | Initialisation routine                  |          0.00015400 |       0.00012100 |   0.00015245 |        0.00001524 |        0.00004277 |        0.00001054 |        0.00005582 
CarpetIOHDF5    | Initialisation routine                  |          0.00014900 |       0.00011700 |   0.00014966 |        0.00001497 |        0.00004136 |        0.00001052 |        0.00005421 
CarpetIOScalar  | Initialisation routine                  |          0.00014900 |       0.00011900 |   0.00014930 |        0.00001493 |        0.00004008 |        0.00001056 |        0.00005296 
LeanBSSNMoL     | Convert initial data into BSSN variables|          0.31715200 |      25.07065100 |   0.31713907 |        0.03171391 |        0.01041388 |        0.02646225 |        0.03858821 
LeanBSSNMoL     | Boundary enforcement                    |          0.22790000 |      27.30646800 |   0.22787526 |        0.02278753 |        0.16699966 |        0.00106619 |        0.18114760 
MoL             | Initialise the step size control        |          0.00345400 |       0.55363800 |   0.00345406 |        0.00034541 |        0.00297086 |        0.00002671 |        0.00316356 
PunctureTracker | Calculate initial location of punctures |          0.00015900 |       0.00013800 |   0.00015673 |        0.00001567 |        0.00004793 |        0.00001049 |        0.00006115 
QuasiLocalMeasur| Initialise quasi-local calculations     |          0.00050500 |       0.00021300 |   0.00050812 |        0.00005081 |        0.00038135 |        0.00001051 |        0.00041259 
Boundary        | Apply all requested local physical bound|          0.00462100 |       0.71319400 |   0.00462239 |        0.00046224 |        0.00267006 |        0.00016364 |        0.00299503 
CartGrid3D      | Apply symmetry boundary conditions      |          0.00175500 |       0.00070900 |   0.00175380 |        0.00017538 |        0.00096237 |        0.00007198 |        0.00108831 
ReflectionSymmet| Apply reflection symmetries             |          0.51877500 |      63.43707900 |   0.51874296 |        0.05187430 |        0.31365960 |        0.00134907 |        0.25163938 
Boundary        | Unselect all grid variables for boundary|          0.00030500 |       0.02425400 |   0.00029408 |        0.00002941 |        0.00002000 |        0.00002624 |        0.00004796 
--------------------------------------------------------------------------------------------------------------------------------------------------------------------------------------------------
                | Total time for CCTK_INITIAL             |         12.03776100 |     127.19538700 |  12.03695858 |        1.20369586 |        0.93683812 |        0.72945223 |        1.67700800 
==================================================================================================================================================================================================
CarpetIOHDF5    | Close all filereader input files        |          0.00018200 |       0.00018100 |   0.00018160 |        0.00001816 |        0.00006881 |        0.00001070 |        0.00008343 
MagScalarEvolve | Compute BSSN like quantities after gener|          0.12910600 |      10.28553200 |   0.12909726 |        0.01290973 |        0.01128556 |        0.00697480 |        0.02064231 
LeanBSSNMoL     | Remove trace of A                       |          0.06142700 |       7.29406800 |   0.06142374 |        0.00614237 |        0.01325644 |        0.00326939 |        0.01446738 
LeanBSSNMoL     | Make sure conformal factor does not drop|          0.02707300 |       3.32497900 |   0.02707105 |        0.00270710 |        0.01472325 |        0.00033156 |        0.01204561 
LeanBSSNMoL     | MoL boundary enforcement                |          1.28819600 |     159.02743900 |   1.28811066 |        0.12881107 |        0.78846439 |        0.00019964 |        0.86217773 
Boundary        | Apply all requested local physical bound|          0.01720000 |       1.42822500 |   0.01721183 |        0.00034424 |        0.00479977 |        0.00008242 |        0.00454918 
CartGrid3D      | Apply symmetry boundary conditions      |          0.00377800 |       0.47702200 |   0.00378408 |        0.00007568 |        0.00009047 |        0.00006880 |        0.00014429 
ReflectionSymmet| Apply reflection symmetries             |          0.32905900 |      40.93190100 |   0.32902161 |        0.00658043 |        0.12627316 |        0.00021255 |        0.11949673 
Boundary        | Unselect all grid variables for boundary|          0.00146000 |       0.11977600 |   0.00143339 |        0.00002867 |        0.00007127 |        0.00002552 |        0.00008368 
LeanBSSNMoL     | Convert variables back to the ADM ones  |          0.50961700 |       8.34127800 |   0.50958325 |        0.05095832 |        0.01262195 |        0.03952858 |        0.05541016 
MagScalarEvolve | MoL boundary enforcement for MagScalar v|          0.27183200 |      33.02776600 |   0.27181373 |        0.02718137 |        0.02982045 |        0.00056872 |        0.03569859 
TmunuBase       | Initialise the stress-energy tensor to z|          0.18304300 |       7.88370900 |   0.18303343 |        0.01830334 |        0.01507421 |        0.01269172 |        0.03198978 
MagScalarEvolve | Compute the energy-momentum tensor      |          0.45573100 |      44.14461100 |   0.45570728 |        0.04557073 |        0.02746218 |        0.02099668 |        0.05620361 
NPScalars       | calculate Psi4 as grid function         |          1.26786100 |     129.59110000 |   1.26783820 |        0.06339191 |        0.06309302 |        0.01987893 |        0.08332044 
NPScalars       | Symmetry boundary conditions            |          0.99816700 |     120.76463800 |   0.99808343 |        0.04990417 |        0.24462153 |        0.00016187 |        0.12811419 
NPScalars_MagSca| calculate grid functions                |         27.53953200 |      34.96980400 |  27.53771868 |        2.75377187 |        1.04403043 |        1.84306910 |        2.93189400 
NPScalars_MagSca| Symmetry boundary conditions            |          1.59458600 |     190.64715700 |   1.59448153 |        0.15944815 |        0.69474156 |        0.00017508 |        0.59480352 
--------------------------------------------------------------------------------------------------------------------------------------------------------------------------------------------------
                | Total time for CCTK_POSTINITIAL         |         34.67785000 |     792.25918600 |  34.67559473 |        3.32614732 |        3.09049846 |        1.94824605 |        4.95112466 
==================================================================================================================================================================================================
LeanBSSNMoL     | Remove trace of A                       |          0.15847500 |       8.73617600 |   0.15847535 |        0.01584754 |        0.03173697 |        0.00764728 |        0.04502467 
LeanBSSNMoL     | Make sure conformal factor does not drop|          0.12437600 |      13.59382200 |   0.12434914 |        0.01243491 |        0.00109300 |        0.01201299 |        0.01318711 
LeanBSSNMoL     | MoL boundary enforcement                |          9.85185000 |    1098.85412300 |   9.85119397 |        0.98511940 |        1.66283779 |        0.00020267 |        1.51288512 
Boundary        | Apply all requested local physical bound|          0.01567100 |       1.38621000 |   0.01567036 |        0.00039176 |        0.00707089 |        0.00009166 |        0.00719015 
CartGrid3D      | Apply symmetry boundary conditions      |          0.00301500 |       0.26106300 |   0.00301925 |        0.00007548 |        0.00006905 |        0.00006804 |        0.00011656 
ReflectionSymmet| Apply reflection symmetries             |          4.74742600 |     578.43051300 |   4.74712633 |        0.11867816 |        0.58091623 |        0.00030283 |        0.25451040 
Boundary        | Unselect all grid variables for boundary|          0.00117800 |       0.00182700 |   0.00117247 |        0.00002931 |        0.00002375 |        0.00002587 |        0.00004256 
LeanBSSNMoL     | Convert variables back to the ADM ones  |          0.51093500 |       8.04596300 |   0.51089788 |        0.05108979 |        0.04063035 |        0.03320283 |        0.08664802 
MagScalarEvolve | MoL boundary enforcement for MagScalar v|          8.05239400 |     787.95428000 |   8.05186972 |        0.80518697 |        1.34082624 |        0.00017635 |        1.17740009 
TmunuBase       | Initialise the stress-energy tensor to z|          0.15455900 |       7.68143100 |   0.15454764 |        0.01545476 |        0.01706127 |        0.01038171 |        0.03106981 
MagScalarEvolve | Compute the energy-momentum tensor      |          0.38590800 |      34.78001200 |   0.38589578 |        0.03858958 |        0.03195246 |        0.02268685 |        0.05495807 
NPScalars       | Symmetry boundary conditions            |          1.05412000 |     104.51244800 |   1.05402250 |        0.10540225 |        0.16412928 |        0.00015247 |        0.14457136 
NPScalars_MagSca| Symmetry boundary conditions            |          4.96762100 |     497.85575800 |   4.96729219 |        0.49672922 |        0.84565944 |        0.00014349 |        0.83052192 
--------------------------------------------------------------------------------------------------------------------------------------------------------------------------------------------------
                | Total time for CCTK_POSTRESTRICTINITIAL |         30.02752800 |    3142.09362600 |  30.02553257 |        2.64502913 |        4.72400671 |        0.08709501 |        4.15812584 
==================================================================================================================================================================================================
CarpetIOHDF5    | Initial data checkpoint routine         |          0.00033000 |       0.00031800 |   0.00032951 |        0.00003295 |        0.00019741 |        0.00001129 |        0.00022019 
--------------------------------------------------------------------------------------------------------------------------------------------------------------------------------------------------
                | Total time for CCTK_CPINITIAL           |          0.00033000 |       0.00031800 |   0.00032951 |        0.00003295 |        0.00019741 |        0.00001129 |        0.00022019 
==================================================================================================================================================================================================
AHFinderDirect  | import the excision mask                |          0.05666600 |       0.01977000 |   0.05664037 |        0.00566404 |        0.05363058 |        0.00001078 |        0.05654247 
AHFinderDirect  | find apparent horizon(s) after this time|         39.91315200 |    2297.74645600 |  39.91052906 |        3.99105291 |       37.86235032 |        0.00001069 |       39.91043228 
AHFinderDirect  | store apparent horizon(s) into spherical|          0.00818900 |       0.00422700 |   0.00818792 |        0.00081879 |        0.00765747 |        0.00001100 |        0.00808330 
AHFinderDirect  | save apparent horizon(s) into Cactus var|          0.00024800 |       0.00022800 |   0.00024553 |        0.00002455 |        0.00012858 |        0.00001078 |        0.00014653 
AHFinderDirect  | set mask(s) based on apparent horizon po|          0.63898000 |       2.18155900 |   0.63893759 |        0.06389376 |        0.48136640 |        0.00301334 |        0.51544431 
SphericalSurface| Set surface radii                       |          0.00018500 |       0.00016600 |   0.00018318 |        0.00001832 |        0.00006972 |        0.00001063 |        0.00008445 
SphericalSurface| Test the state of the spherical surfaces|          0.00015200 |       0.00014000 |   0.00015208 |        0.00001521 |        0.00004155 |        0.00001077 |        0.00005463 
NaNChecker      | Prepare data structures to check for NaN|          0.00055000 |       0.00028400 |   0.00055009 |        0.00005501 |        0.00025914 |        0.00002708 |        0.00030084 
NaNChecker      | Check for NaNs                          |          4.85543500 |     509.30997900 |   4.85511444 |        0.48551144 |        0.24355007 |        0.34547452 |        0.62720931 
NaNChecker      | Count NaNs in NaNChecker::NaNsFound     |          0.00038400 |       0.00034900 |   0.00038709 |        0.00003871 |        0.00002755 |        0.00003368 |        0.00006453 
NaNChecker      | Output NaNChecker::NaNmask and take acti|          0.00057900 |       0.00052200 |   0.00055668 |        0.00005567 |        0.00042324 |        0.00001081 |        0.00045719 
PunctureTracker | Copy puncture positions to spherical sur|          0.00340500 |       0.50330000 |   0.00340347 |        0.00034035 |        0.00312628 |        0.00001062 |        0.00330620 
SpaceMask       | Ensure that all mask values are legal   |          0.02244600 |       2.39957600 |   0.02244495 |        0.00224450 |        0.00209560 |        0.00165114 |        0.00416908 
Dissipation     | Setup spatially varying dissipation     |          0.03045500 |       2.50389000 |   0.03045500 |        0.00304550 |        0.00688591 |        0.00142229 |        0.00691279 
CarpetReduce    | Allocate the weight function            |          0.00188900 |       0.00014700 |   0.00188786 |        0.00018879 |        0.00168808 |        0.00001069 |        0.00179024 
CarpetReduce    | Initialise the weight function          |          0.04616900 |       2.79805400 |   0.04616467 |        0.00461647 |        0.04369283 |        0.00001070 |        0.04606712 
CarpetReduce    | Set up the outer boundaries of the weigh|          0.01806300 |       2.13141100 |   0.01805950 |        0.00180595 |        0.01703041 |        0.00001062 |        0.01796242 
CarpetReduce    | Set up the weight function for the restr|          0.05768800 |       6.77302700 |   0.05768409 |        0.00576841 |        0.05462072 |        0.00001071 |        0.05758618 
CarpetMask      | Set up the weight function for the exclu|          0.00220600 |       0.25407800 |   0.00220352 |        0.00022035 |        0.00198782 |        0.00001062 |        0.00210617 
CarpetMask      | Set up the weight function for the exclu|          0.35432100 |      17.61084600 |   0.35429577 |        0.03542958 |        0.33601261 |        0.00001059 |        0.35419913 
CarpetReduce    | Set the weight function                 |          0.11645300 |       1.39489800 |   0.11644575 |        0.01164457 |        0.11036843 |        0.00001051 |        0.11634926 
CarpetReduce    | Test the weight function                |          0.03974900 |       1.06961800 |   0.03975686 |        0.00397569 |        0.03756726 |        0.00001037 |        0.03961511 
--------------------------------------------------------------------------------------------------------------------------------------------------------------------------------------------------
                | Total time for CCTK_POSTSTEP            |         46.16736400 |    2846.70252500 |  46.16428548 |        4.61642855 |       39.26458059 |        0.35179293 |       41.76888354 
==================================================================================================================================================================================================
CarpetLib       | Print timing statistics if desired      |          0.00016800 |       0.00015300 |   0.00016615 |        0.00001661 |        0.00004681 |        0.00001038 |        0.00006043 
CarpetLib       | Print memory statistics if desired      |          0.00060800 |       0.00017400 |   0.00060550 |        0.00006055 |        0.00047405 |        0.00001019 |        0.00051027 
LeanBSSNMoL     | Compute constraints                     |         82.49132800 |    8764.68415800 |  82.48598465 |        8.24859846 |        2.81897325 |        5.58068008 |        8.62140269 
LeanBSSNMoL     | Enforce symmetry BCs in constraint compu|          2.22430600 |     243.39103400 |   2.22414753 |        0.22241475 |        0.23799823 |        0.00029023 |        0.28461552 
Boundary        | Apply all requested local physical bound|          0.02324300 |       1.26716200 |   0.02323771 |        0.00058094 |        0.00802303 |        0.00013759 |        0.00589080 
CartGrid3D      | Apply symmetry boundary conditions      |          0.00313600 |       0.10024300 |   0.00312854 |        0.00007821 |        0.00009919 |        0.00007041 |        0.00015567 
ReflectionSymmet| Apply reflection symmetries             |          2.16752600 |     252.09373200 |   2.16740159 |        0.05418504 |        0.25389617 |        0.01028939 |        0.12142228 
Boundary        | Unselect all grid variables for boundary|          0.00124600 |       0.06125000 |   0.00123093 |        0.00003077 |        0.00002655 |        0.00002620 |        0.00004865 
LoopControl     | Output LoopControl statistics           |          0.00056000 |       0.01377100 |   0.00055851 |        0.00005585 |        0.00041777 |        0.00001073 |        0.00045216 
MagScalarAnalysi| Compute analysis quantities             |          0.44141000 |      16.06101800 |   0.44138277 |        0.04413828 |        0.02326931 |        0.02658203 |        0.05226560 
MagScalarAnalysi| Enforce BCs                             |          1.85719000 |     187.98116000 |   1.85706548 |        0.18570655 |        0.19824196 |        0.00016184 |        0.23080353 
MagScalarAnalysi| Compute volume integrals of analysis qua|          0.07466200 |       0.81594400 |   0.07465311 |        0.00746531 |        0.07070351 |        0.00001053 |        0.07454055 
MagScalarEvolve | Calculate constraints                   |          0.27815600 |      18.18514500 |   0.27813631 |        0.02781363 |        0.01733946 |        0.01601826 |        0.03589829 
MagScalarEvolve | Enforce symmetry BCs in constraint compu|          0.55358400 |      62.38997800 |   0.55353594 |        0.05535359 |        0.05957352 |        0.00015240 |        0.07062777 
Multipole       | Calculate Multipoles                    |          6.46340700 |     357.40198700 |   6.46299354 |        0.64629935 |        6.13122889 |        0.00001069 |        6.46289380 
NPScalars_MagSca| calculate grid functions                |         23.63014200 |      30.20388200 |  23.62861200 |        2.36286120 |        0.89385932 |        1.52168396 |        2.54144241 
NPScalars_MagSca| Symmetry boundary conditions            |          5.43359900 |     648.04840500 |   5.43324931 |        0.54332493 |        0.57274753 |        0.00017046 |        0.60894951 
QuasiLocalMeasur| Calculate quasi-local quantities        |          6.71839900 |     701.78331700 |   6.71793780 |        6.71793780 |        0.00000000 |        6.71793780 |        6.71793780 
SystemStatistics| Collect system statistics               |          0.00189300 |       0.00057100 |   0.00181039 |        0.00018104 |        0.00161374 |        0.00001057 |        0.00171197 
TerminationTrigg| Check elapsed job walltime              |          0.00116900 |       0.11366000 |   0.00116623 |        0.00011662 |        0.00016866 |        0.00007325 |        0.00021736 
TerminationTrigg| Check if we received a termination signa|          0.00078600 |       0.21358400 |   0.00080253 |        0.00008025 |        0.00005214 |        0.00006925 |        0.00011955 
TerminationTrigg| Check termination file                  |          0.02989600 |       3.34233700 |   0.02989420 |        0.00298942 |        0.00746001 |        0.00046216 |        0.00760698 
TimerReport     | Print the timer report                  |          0.00016300 |       0.00009600 |   0.00016294 |        0.00001629 |        0.00005013 |        0.00001081 |        0.00006385 
--------------------------------------------------------------------------------------------------------------------------------------------------------------------------------------------------
                | Total time for CCTK_ANALYSIS            |        132.39657700 |   11288.15276100 | 132.38786367 |       19.12030548 |       11.29626323 |       13.87487921 |       25.83963744 
==================================================================================================================================================================================================
CarpetIOHDF5    | Termination checkpoint routine          |          0.00024900 |       0.00020800 |   0.00025101 |        0.00002510 |        0.00012780 |        0.00001065 |        0.00014609 
LoopControl     | Output LoopControl statistics           |          0.00023300 |       0.00018900 |   0.00023229 |        0.00002323 |        0.00012068 |        0.00001044 |        0.00013772 
MoL             | Free the MoL bookkeeping index arrays   |          0.00117100 |       0.00076000 |   0.00116875 |        0.00011687 |        0.00010249 |        0.00010183 |        0.00021351 
TimerReport     | Print the timer report                  |          0.01753400 |       0.01169000 |   0.01753074 |        0.00175307 |        0.01653079 |        0.00001049 |        0.01743556 
--------------------------------------------------------------------------------------------------------------------------------------------------------------------------------------------------
                | Total time for CCTK_TERMINATE           |          0.01918700 |       0.01284700 |   0.01918279 |        0.00191828 |        0.01688176 |        0.00013341 |        0.01793288 
==================================================================================================================================================================================================
Timers          | Prepare hierarchical timers             |          0.00039000 |       0.00000000 |   0.00039051 |        0.00039051 |        0.00000000 |        0.00039051 |        0.00039051 
--------------------------------------------------------------------------------------------------------------------------------------------------------------------------------------------------
                | Total time for CCTK_SHUTDOWN            |          0.00039000 |       0.00000000 |   0.00039051 |        0.00039051 |        0.00000000 |        0.00039051 |        0.00039051 
==================================================================================================================================================================================================
--------------------------------------------------------------------------------------------------------------------------------------------------------------------------------------------------
                | Total time for simulation               |        273.92932500 |   18639.57422900 | 273.91142715 |      273.91142715 |        0.00000000 |      273.91142715 |      273.91142715 
==================================================================================================================================================================================================
--------------------------------------------------------------------------------
Done.
