--------------------------------------------------------------------------------

       10                                  
  1   0101       ************************  
  01  1010 10      The Cactus Code V4.16.0    
 1010 1101 011      www.cactuscode.org     
  1001 100101    ************************  
    00010101                               
     100011     (c) Copyright The Authors  
      0100      GNU Licensed. No Warranty  
      0101                                 
--------------------------------------------------------------------------------

Cactus version:    4.16.0
Compile date:      May 30 2025 (11:47:24)
Run date:          Jun 02 2025 (12:02:42+0100)
Run host:          cna0333.deucalion.macc.fccn.pt (pid=328760)
Working directory: /projects/F202407872CPCAA2/jpmferreira/learn-cactus/simulations/cloud-stat_upper_alpha=0.1-q=0.3385-mu=1-gamma=3.97887-rh=0.0000-w=0.950_h=8/output-0000
Executable:        /projects/F202407872CPCAA2/jpmferreira/projects/cactus/exe/cactus_base_arm
Parameter file:    cloud-stat.par
--------------------------------------------------------------------------------

Activating thorn Cactus...Success -> active implementation Cactus
Activation requested for 
--->ADMBase ADMMacros AHFinderDirect AEILocalInterp Boundary Carpet CarpetInterp CarpetLib CarpetMask CarpetReduce CarpetRegrid2 CarpetSlab CarpetTracker CartGrid3D CoordBase CoordGauge Dissipation GenericFD InitBase LeanBSSNMoL LocalInterp LoopControl MoL Multipole NaNChecker NewRad PunctureTracker ReflectionSymmetry SpaceMask SphericalSurface StaticConformal SymBase Time TmunuBase Fortran GSL HDF5 MagScalarBase MagScalarInit MagScalarEvolve NPScalars_Proca QuasiLocalMeasures SystemStatistics TerminationTrigger TimerReport CarpetIOASCII CarpetIOBasic CarpetIOHDF5 CarpetIOScalar IOUtil<---
Thorn Carpet requests automatic activation of MPI
Thorn Carpet requests automatic activation of Timers
Thorn CarpetLib requests automatic activation of Vectors
Thorn CarpetLib requests automatic activation of Boost
Thorn CarpetLib requests automatic activation of CycleClock
Thorn HDF5 requests automatic activation of zlib
Thorn LoopControl requests automatic activation of hwloc
Thorn QuasiLocalMeasures requests automatic activation of LAPACK
Thorn QuasiLocalMeasures requests automatic activation of TGRtensor
Thorn LAPACK requests automatic activation of BLAS
Activating thorn ADMBase...Success -> active implementation ADMBase
Activating thorn ADMMacros...Success -> active implementation ADMMacros
Activating thorn AEILocalInterp...Success -> active implementation AEILocalInterp
Activating thorn AHFinderDirect...Success -> active implementation AHFinderDirect
Activating thorn BLAS...Success -> active implementation BLAS
Activating thorn Boost...Success -> active implementation Boost
Activating thorn Boundary...Success -> active implementation boundary
Activating thorn Carpet...Success -> active implementation Driver
Activating thorn CarpetInterp...Success -> active implementation interp
Activating thorn CarpetIOASCII...Success -> active implementation IOASCII
Activating thorn CarpetIOBasic...Success -> active implementation IOBasic
Activating thorn CarpetIOHDF5...Success -> active implementation IOHDF5
Activating thorn CarpetIOScalar...Success -> active implementation IOScalar
Activating thorn CarpetLib...Success -> active implementation CarpetLib
Activating thorn CarpetMask...Success -> active implementation CarpetMask
Activating thorn CarpetReduce...Success -> active implementation reduce
Activating thorn CarpetRegrid2...Success -> active implementation CarpetRegrid2
Activating thorn CarpetSlab...Success -> active implementation Hyperslab
Activating thorn CarpetTracker...Success -> active implementation CarpetTracker
Activating thorn CartGrid3D...Success -> active implementation grid
Activating thorn CoordBase...Success -> active implementation CoordBase
Activating thorn CoordGauge...Success -> active implementation CoordGauge
Activating thorn CycleClock...Success -> active implementation CycleClock
Activating thorn Dissipation...Success -> active implementation Dissipation
Activating thorn Fortran...Success -> active implementation Fortran
Activating thorn GenericFD...Success -> active implementation GenericFD
Activating thorn GSL...Success -> active implementation GSL
Activating thorn HDF5...Success -> active implementation HDF5
Activating thorn hwloc...Success -> active implementation hwloc
Activating thorn InitBase...Success -> active implementation InitBase
Activating thorn IOUtil...Success -> active implementation IO
Activating thorn LAPACK...Success -> active implementation LAPACK
Activating thorn LeanBSSNMoL...Success -> active implementation LeanBSSNMoL
Activating thorn LocalInterp...Success -> active implementation LocalInterp
Activating thorn LoopControl...Success -> active implementation LoopControl
Activating thorn MagScalarBase...Success -> active implementation MagScalarBase
Activating thorn MagScalarEvolve...Success -> active implementation MagScalarEvolve
Activating thorn MagScalarInit...Success -> active implementation MagScalarInit
Activating thorn MoL...Success -> active implementation MethodOfLines
Activating thorn MPI...Success -> active implementation MPI
Activating thorn Multipole...Success -> active implementation multipole
Activating thorn NaNChecker...Success -> active implementation NaNChecker
Activating thorn NewRad...Success -> active implementation NewRad
Activating thorn NPScalars_Proca...Success -> active implementation NPScalars_Proca
Activating thorn PunctureTracker...Success -> active implementation PunctureTracker
Activating thorn QuasiLocalMeasures...Success -> active implementation QuasiLocalMeasures
Activating thorn ReflectionSymmetry...Success -> active implementation ReflectionSymmetry
Activating thorn SpaceMask...Success -> active implementation SpaceMask
Activating thorn SphericalSurface...Success -> active implementation SphericalSurface
Activating thorn StaticConformal...Success -> active implementation StaticConformal
Activating thorn SymBase...Success -> active implementation SymBase
Activating thorn SystemStatistics...Success -> active implementation SystemStatistics
Activating thorn TerminationTrigger...Success -> active implementation TerminationTrigger
Activating thorn TGRtensor...Success -> active implementation TGRtensor
Activating thorn Time...Success -> active implementation time
Activating thorn TimerReport...Success -> active implementation timerreport
Activating thorn Timers...Success -> active implementation Timers
Activating thorn TmunuBase...Success -> active implementation TmunuBase
Activating thorn Vectors...Success -> active implementation Vectors
Activating thorn zlib...Success -> active implementation zlib
--------------------------------------------------------------------------------
  if (recover initial data)
    Recover parameters
  endif

  Startup routines
    [CCTK_STARTUP]
      Carpet::MultiModel_Startup: Multi-model Startup routine
      CycleClock::CycleClock_Setup: Set up CycleClock
      LoopControl::LC_setup: Set up LoopControl
      Timers::Timer_Startup: Prepare hierarchical timers
      Carpet::Driver_Startup: Startup routine
      IOUtil::IOUtil_Startup: Startup routine
      CarpetIOScalar::CarpetIOScalarStartup: [global] Startup routine
      CarpetInterp::CarpetInterpStartup: Startup routine
      CarpetReduce::CarpetReduceStartup: Startup routine
      CartGrid3D::SymmetryStartup: Register GH Extension for GridSymmetry
      CoordBase::CoordBase_Startup: Register a GH extension to store the coordinate system handles
      AEILocalInterp::AEILocalInterp_U_Startup: register CCTK_InterpLocalUniform() interpolation operators
      CarpetIOASCII::CarpetIOASCIIStartup: [global] Startup routine
      LeanBSSNMoL::LeanBSSN_RegisterSlicing: [meta] Register slicing
      LocalInterp::LocalInterp_Startup: register LocalInterp's interpolation operators
      CarpetIOBasic::CarpetIOBasicStartup: [global] Startup routine
      MagScalarEvolve::MagScalar_Analysis_RegisterMask: Register the masks for excision
      MoL::MoL_Startup: Startup banner
      SymBase::SymBase_Startup: Register GH Extension for SymBase
      TerminationTrigger::TerminationTrigger_StartSignalHandler: Start signal handler
      CarpetIOHDF5::CarpetIOHDF5_Startup: Startup routine
      Vectors::Vectors_Startup: Print startup message
      GROUP hwloc_startup: hwloc startup group
        hwloc::hwloc_version: Output hwloc version

  Startup routines which need an existing grid hierarchy
    [CCTK_WRAGH]
      ADMBase::Einstein_InitSymBound: [global] Set up GF symmetries
      Boundary::Boundary_RegisterBCs: [global] Register boundary conditions that this thorn provides
      CarpetRegrid2::CarpetRegrid2_Initialise: [global] Initialise locations of refined regions
      CartGrid3D::RegisterCartGrid3DCoords: [meta] Register coordinates for the Cartesian grid
      CoordGauge::Einstein_ActivateSlicing: Initialize slicing, setup priorities for mixed slicings
      CoordGauge::Einstein_SetNextSlicing: Identify the slicing for the next iteration
      MoL::MoL_SetupIndexArrays: Set up the MoL bookkeeping index arrays
      MoL::MoL_SetScheduleStatus: [global] Set the flag so it is ok to register with MoL
      TmunuBase::TmunuBase_SetStressEnergyState: [global] Set the stress_energy_state variable
      GROUP MoL_Register: The group where physics thorns register variables with MoL
        LeanBSSNMoL::LeanBSSN_RegisterVars: [meta] Register variables for MoL
        MagScalarEvolve::MagScalar_RegisterVars: [meta] Register variables for MoL
      SpaceMask::MaskSym: [global] Set grid symmetries for mask
      SpaceMask::MaskSym_emask: [global] Set grid symmetries for emask (compatibility mode)
      GROUP SymBase_Wrapper: Wrapper group for SymBase
        GROUP SymmetryRegister: Register your symmetries here
          CartGrid3D::CartGrid3D_RegisterSymmetryBoundaries: [meta] Register symmetry boundaries
          ReflectionSymmetry::ReflectionSymmetry_Register: Register reflection symmetry boundaries
        SymBase::SymBase_Statistics: Print symmetry boundary face descriptions
      MoL::MoL_ReportNumberVariables: [meta] Report how many of each type of variable there are
  Parameter checking routines
    [CCTK_PARAMCHECK]
      ADMBase::ADMBase_ParamCheck: [global] Check consistency of parameters
      Boundary::Boundary_Check: Check dimension of grid variables
      Carpet::CarpetParamCheck: Parameter checking routine
      CarpetLib::CarpetLib_test_prolongate_3d_rf2: [global] Test prolongation operators
      CarpetMask::CarpetSurfaceParamCheck: [global] Check parameters
      CarpetRegrid2::CarpetRegrid2_ParamCheck: Check parameters
      CartGrid3D::ParamCheck_CartGrid3D: Check coordinates for CartGrid3D
      Dissipation::dissipation_paramcheck: Check dissipation parameters for consistency
      Fortran::CheckFortranParameters: Test whether Fortran parameters work correctly
      LeanBSSNMoL::Lean_ParamCheck: Check Lean parameters for consistency
      MoL::MoL_ParamCheck: Basic parameter checking
      Multipole::Multipole_ParamCheck: [global] Check Multipole parameters
      QuasiLocalMeasures::qlm_paramcheck: [global] Check quasi-local parameter settings
      SphericalSurface::SphericalSurface_ParamCheck: [global] Check that all surface names are unique
      TerminationTrigger::TerminationTrigger_ParamCheck: Check consitency of parameters
      TmunuBase::TmunuBase_ParamCheck: [global] Check that no deprecated parameters are used.
      Vectors::Vectors_Test: Run correctness tests.

  Initialisation
    if (NOT (recover initial data AND recovery_mode is 'strict'))
      [CCTK_PREREGRIDINITIAL]
      Set up grid hierarchy
      [CCTK_POSTREGRIDINITIAL]
        SpaceMask::MaskZero: Initialise mask to zero
        CartGrid3D::SpatialCoordinates: Set Coordinates after regridding
        GROUP MaskBase_SetupMask: Set up the weight function
          GROUP MaskBase_SetupMaskAll: Set up the weight function
            CarpetReduce::MaskBase_AllocateMask: [global] Allocate the weight function
            CarpetReduce::MaskBase_InitMask: [global] [loop-local] Initialise the weight function
            GROUP SetupIMaskInternal: Set up the integer weight function (schedule other routines in here)
              CarpetReduce::CoordBase_SetupMask: [global] [loop-local] Set up the outer boundaries of the weight function
              CarpetReduce::CarpetMaskSetup: [global] [loop-singlemap] Set up the weight function for the restriction regions
            GROUP SetupIMask: Set up the integer weight function (schedule other routines in here)
              CarpetMask::CarpetExcludedSetup: [global] [loop-local] Set up the weight function for the excluded regions
              CarpetMask::CarpetSurfaceSetup: [global] [loop-local] Set up the weight function for the excluded spherical surfaces
            CarpetReduce::MaskBase_SetMask: [global] [loop-local] Set the weight function
            GROUP SetupMask: Set up the real weight function (schedule other routines in here)
            CarpetReduce::MaskBase_TestMask: [global] Test the weight function
        Dissipation::setup_epsdis: Setup spatially varying dissipation
        GROUP MoL_PseudoEvolutionBoundaries: Apply boundary conditions to pseudo-evolved quantities
        GROUP CalcNPProcaScalars_BC: Boundary conditions
          NPScalars_Proca::NPProca_Boundaries: [level] Symmetry boundary conditions
          GROUP ApplyBCs_NPProca: Apply boundary conditions
            GROUP BoundaryConditions: Execute all boundary conditions
              Boundary::Boundary_ApplyPhysicalBCs: Apply all requested local physical boundary conditions
              CartGrid3D::CartGrid3D_ApplyBC: Apply symmetry boundary conditions
              ReflectionSymmetry::ReflectionSymmetry_Apply: Apply reflection symmetries
            Boundary::Boundary_ClearSelection: [level] Unselect all grid variables for boundary conditions
        SpaceMask::MaskOne: Set mask to one
        AHFinderDirect::AHFinderDirect_maybe_do_masks: set mask(s) based on apparent horizon position(s)
      [CCTK_BASEGRID]
        ADMBase::ADMBase_SetShiftStateOn: Set the shift_state variable to 1
        ADMBase::ADMBase_SetDtLapseStateOn: Set the dtlapse_state variable to 1
        ADMBase::ADMBase_SetDtShiftStateOn: Set the dtshift_state variable to 1
        ADMMacros::ADMMacros_SetLocalSpatialOrder: Initialize the local_spatial_order
        CartGrid3D::SpatialSpacings: Set up ranges for spatial 3D Cartesian coordinates (on all grids)
        CartGrid3D::SpatialCoordinates: Set up spatial 3D Cartesian coordinates on the GH
        SphericalSurface::SphericalSurface_SetupRes: [global] [loop-local] Set surface resolution automatically
        AHFinderDirect::AHFinderDirect_setup: [global] setup data structures
        Dissipation::dissipation_basegrid: Ensure that there are enough ghost zones
        LeanBSSNMoL::LeanBSSN_symmetries: [global] Register symmetries of the BSSN grid functions
        LeanBSSNMoL::LeanBSSN_zero_rhs: Set all rhs functions to zero to prevent spurious nans
        MagScalarBase::MagScalar_symmetries: [global] Register symmetries of the grid functions
        MagScalarEvolve::MagScalar_InitSymBound: [meta] Schedule symmetries
        MagScalarEvolve::MagScalar_zero_rhs: set all rhs functions to zero to prevent spurious nans
        NPScalars_Proca::NPProca_symmetries: [meta] Set symmetries for grid functions
        NaNChecker::NaNChecker_ResetCounter: [global] Reset the NaNChecker::NaNsFound counter
        SpaceMask::MaskZero: Initialise mask to zero
        SpaceMask::MaskOne: Set old style mask to one
        SphericalSurface::SphericalSurface_Setup: [global] Calculate surface coordinate descriptors
        GROUP MaskBase_SetupMask: Set up the weight function
          GROUP MaskBase_SetupMaskAll: Set up the weight function
            CarpetReduce::MaskBase_AllocateMask: [global] Allocate the weight function
            CarpetReduce::MaskBase_InitMask: [global] [loop-local] Initialise the weight function
            GROUP SetupIMaskInternal: Set up the integer weight function (schedule other routines in here)
              CarpetReduce::CoordBase_SetupMask: [global] [loop-local] Set up the outer boundaries of the weight function
              CarpetReduce::CarpetMaskSetup: [global] [loop-singlemap] Set up the weight function for the restriction regions
            GROUP SetupIMask: Set up the integer weight function (schedule other routines in here)
              CarpetMask::CarpetExcludedSetup: [global] [loop-local] Set up the weight function for the excluded regions
              CarpetMask::CarpetSurfaceSetup: [global] [loop-local] Set up the weight function for the excluded spherical surfaces
            CarpetReduce::MaskBase_SetMask: [global] [loop-local] Set the weight function
            GROUP SetupMask: Set up the real weight function (schedule other routines in here)
            CarpetReduce::MaskBase_TestMask: [global] Test the weight function
        SphericalSurface::SphericalSurface_Set: [global] Set surface radii to be used for initial setup in other thorns
        GROUP SphericalSurface_HasBeenSet: Set the spherical surfaces before this group, and use it afterwards
          SphericalSurface::SphericalSurface_CheckState: [global] Test the state of the spherical surfaces
        SymBase::SymBase_Check: Check whether the driver set up the grid consistently
        TerminationTrigger::TerminationTrigger_ResetTrigger: Clear trigger state
        TerminationTrigger::TerminationTrigger_StartTimer: Start timer
        TerminationTrigger::TerminationTrigger_CreateFile: Create termination file
        Time::Time_Initialise: [global] Initialise Time variables
        Time::TemporalSpacings: [singlemap] Set timestep based on Courant condition (courant_static)
      [CCTK_INITIAL]
        StaticConformal::StaticConformal_InitialiseState: Set the conformal_state variable to 0
        GROUP ADMBase_InitialData: Schedule group for calculating ADM initial data
          MagScalarInit::MagScalar_InitStatCloud: [local] Initial data for a static scalar cloud surrounding a charged BH
        GROUP ADMBase_InitialGauge: Schedule group for the ADM initial gauge condition
          ADMBase::ADMBase_ShiftZero: Set the shift to 0 at all points
          ADMBase::ADMBase_DtLapseZero: Set the dtlapse to 0 at all points
          ADMBase::ADMBase_DtShiftZero: Set the dtshift to 0 at all points
        CarpetIOASCII::CarpetIOASCIIInit: [global] Initialisation routine
        CarpetIOBasic::CarpetIOBasicInit: [global] Initialisation routine
        CarpetIOHDF5::CarpetIOHDF5_Init: [global] Initialisation routine
        CarpetIOScalar::CarpetIOScalarInit: [global] Initialisation routine
        GROUP MagScalarBase_Initial: MagScalarBase initial data group
        GROUP ADMBase_PostInitial: Schedule group for modifying the ADM initial data, such as e.g. adding noise
        LeanBSSNMoL::LeanBSSN_adm2bssn: [local] Convert initial data into BSSN variables
        LeanBSSNMoL::LeanBSSN_Boundaries: [level] Boundary enforcement
        MoL::MoL_StartLoop: [level] Initialise the step size control
        PunctureTracker::PunctureTracker_Init: [global] Calculate initial location of punctures
        QuasiLocalMeasures::qlm_init: [global] Initialise quasi-local calculations
        GROUP LeanBSSN_ApplyBCs: Apply boundary conditions
          GROUP BoundaryConditions: Execute all boundary conditions
            Boundary::Boundary_ApplyPhysicalBCs: Apply all requested local physical boundary conditions
            CartGrid3D::CartGrid3D_ApplyBC: Apply symmetry boundary conditions
            ReflectionSymmetry::ReflectionSymmetry_Apply: Apply reflection symmetries
          Boundary::Boundary_ClearSelection: [level] Unselect all grid variables for boundary conditions
      [CCTK_POSTINITIAL]
        CarpetIOHDF5::CarpetIOHDF5_CloseFiles: [global] Close all filereader input files
        GROUP MoL_PostStepModify: The group for physics thorns to schedule enforcing constraints
        GROUP MoL_PostStep: Ensure that everything is correct after the initial data have been set up
          LeanBSSNMoL::LeanBSSN_remove_trA: Remove trace of A
          LeanBSSNMoL::LeanBSSN_impose_conf_fac_floor: Make sure conformal factor does not drop below specified value
          LeanBSSNMoL::LeanBSSN_Boundaries: [level] MoL boundary enforcement
          GROUP LeanBSSN_ApplyBCs: Apply boundary conditions
            GROUP BoundaryConditions: Execute all boundary conditions
              Boundary::Boundary_ApplyPhysicalBCs: Apply all requested local physical boundary conditions
              CartGrid3D::CartGrid3D_ApplyBC: Apply symmetry boundary conditions
              ReflectionSymmetry::ReflectionSymmetry_Apply: Apply reflection symmetries
            Boundary::Boundary_ClearSelection: [level] Unselect all grid variables for boundary conditions
          LeanBSSNMoL::LeanBSSN_bssn2adm: [local] Convert variables back to the ADM ones
          GROUP ADMBase_SetADMVars: Set the ADM variables before this group, and use them afterwards
          MagScalarEvolve::MagScalar_Boundaries: [level] MoL boundary enforcement for MagScalar variables
          GROUP MagScalar_ApplyBCs: Apply boundary conditions
            GROUP BoundaryConditions: Execute all boundary conditions
              Boundary::Boundary_ApplyPhysicalBCs: Apply all requested local physical boundary conditions
              CartGrid3D::CartGrid3D_ApplyBC: Apply symmetry boundary conditions
              ReflectionSymmetry::ReflectionSymmetry_Apply: Apply reflection symmetries
            Boundary::Boundary_ClearSelection: [level] Unselect all grid variables for boundary conditions
          GROUP SetTmunu: Group for calculating the stress-energy tensor
            TmunuBase::TmunuBase_ZeroTmunu: Initialise the stress-energy tensor to zero
            GROUP AddToTmunu: Add to the stress-energy tensor here
              MagScalarEvolve::MagScalar_AddToTmunu: Compute the energy-momentum tensor
        GROUP MoL_PseudoEvolution: Calculate pseudo-evolved quantities
          GROUP ADMBase_SetADMVars: Set the ADM variables before this group, and use them afterwards
        GROUP CalcNPProcaScalars: Calculate NPScalars
          NPScalars_Proca::NPProca_calcPsiGF: [local] calculate grid functions
          GROUP CalcNPProcaScalars_BC: Boundary conditions
            NPScalars_Proca::NPProca_Boundaries: [level] Symmetry boundary conditions
            GROUP ApplyBCs_NPProca: Apply boundary conditions
              GROUP BoundaryConditions: Execute all boundary conditions
                Boundary::Boundary_ApplyPhysicalBCs: Apply all requested local physical boundary conditions
                CartGrid3D::CartGrid3D_ApplyBC: Apply symmetry boundary conditions
                ReflectionSymmetry::ReflectionSymmetry_Apply: Apply reflection symmetries
              Boundary::Boundary_ClearSelection: [level] Unselect all grid variables for boundary conditions
      Initialise finer grids recursively
      Restrict from finer grids
      [CCTK_POSTRESTRICTINITIAL]
        GROUP MoL_PostStep: Ensure that everything is correct after restriction
          LeanBSSNMoL::LeanBSSN_remove_trA: Remove trace of A
          LeanBSSNMoL::LeanBSSN_impose_conf_fac_floor: Make sure conformal factor does not drop below specified value
          LeanBSSNMoL::LeanBSSN_Boundaries: [level] MoL boundary enforcement
          GROUP LeanBSSN_ApplyBCs: Apply boundary conditions
            GROUP BoundaryConditions: Execute all boundary conditions
              Boundary::Boundary_ApplyPhysicalBCs: Apply all requested local physical boundary conditions
              CartGrid3D::CartGrid3D_ApplyBC: Apply symmetry boundary conditions
              ReflectionSymmetry::ReflectionSymmetry_Apply: Apply reflection symmetries
            Boundary::Boundary_ClearSelection: [level] Unselect all grid variables for boundary conditions
          LeanBSSNMoL::LeanBSSN_bssn2adm: [local] Convert variables back to the ADM ones
          GROUP ADMBase_SetADMVars: Set the ADM variables before this group, and use them afterwards
          MagScalarEvolve::MagScalar_Boundaries: [level] MoL boundary enforcement for MagScalar variables
          GROUP MagScalar_ApplyBCs: Apply boundary conditions
            GROUP BoundaryConditions: Execute all boundary conditions
              Boundary::Boundary_ApplyPhysicalBCs: Apply all requested local physical boundary conditions
              CartGrid3D::CartGrid3D_ApplyBC: Apply symmetry boundary conditions
              ReflectionSymmetry::ReflectionSymmetry_Apply: Apply reflection symmetries
            Boundary::Boundary_ClearSelection: [level] Unselect all grid variables for boundary conditions
          GROUP SetTmunu: Group for calculating the stress-energy tensor
            TmunuBase::TmunuBase_ZeroTmunu: Initialise the stress-energy tensor to zero
            GROUP AddToTmunu: Add to the stress-energy tensor here
              MagScalarEvolve::MagScalar_AddToTmunu: Compute the energy-momentum tensor
        GROUP MoL_PseudoEvolutionBoundaries: Apply boundary conditions to pseudo-evolved quantities
        GROUP CalcNPProcaScalars_BC: Boundary conditions
          NPScalars_Proca::NPProca_Boundaries: [level] Symmetry boundary conditions
          GROUP ApplyBCs_NPProca: Apply boundary conditions
            GROUP BoundaryConditions: Execute all boundary conditions
              Boundary::Boundary_ApplyPhysicalBCs: Apply all requested local physical boundary conditions
              CartGrid3D::CartGrid3D_ApplyBC: Apply symmetry boundary conditions
              ReflectionSymmetry::ReflectionSymmetry_Apply: Apply reflection symmetries
            Boundary::Boundary_ClearSelection: [level] Unselect all grid variables for boundary conditions
      [CCTK_POSTPOSTINITIAL]
      [CCTK_POSTSTEP]
        AHFinderDirect::AHFinderDirect_import_mask: [global] [loop-local] import the excision mask
        AHFinderDirect::AHFinderDirect_find_horizons: [global] find apparent horizon(s) after this time step
        AHFinderDirect::AHFinderDirect_store: [global] store apparent horizon(s) into spherical surface(s)
        AHFinderDirect::AHFinderDirect_save: [global] save apparent horizon(s) into Cactus variables
        AHFinderDirect::AHFinderDirect_maybe_do_masks: set mask(s) based on apparent horizon position(s)
        SphericalSurface::SphericalSurface_Set: [global] Set surface radii
        GROUP SphericalSurface_HasBeenSet: Set the spherical surfaces before this group, and use it afterwards
          SphericalSurface::SphericalSurface_CheckState: [global] Test the state of the spherical surfaces
        GROUP zzz_NaNChecker_NaNCheck: Check for NaNs and count them in NaNChecker::NaNsFound
          NaNChecker::NaNChecker_NaNCheck_Prepare: [level] Prepare data structures to check for NaNs
          NaNChecker::NaNChecker_NaNCheck_Check: [local] Check for NaNs
          NaNChecker::NaNChecker_NaNCheck_Finish: [level] Count NaNs in NaNChecker::NaNsFound
        NaNChecker::NaNChecker_TakeAction: [global] [loop-level] Output NaNChecker::NaNmask and take action according to NaNChecker::action_if_found
        PunctureTracker::PunctureTracker_SetPositions: [global] Copy puncture positions to spherical surfaces
        SpaceMask::CheckMask: Ensure that all mask values are legal
        Dissipation::setup_epsdis: Setup spatially varying dissipation
        GROUP MaskBase_SetupMask: Set up the weight function
          GROUP MaskBase_SetupMaskAll: Set up the weight function
            CarpetReduce::MaskBase_AllocateMask: [global] Allocate the weight function
            CarpetReduce::MaskBase_InitMask: [global] [loop-local] Initialise the weight function
            GROUP SetupIMaskInternal: Set up the integer weight function (schedule other routines in here)
              CarpetReduce::CoordBase_SetupMask: [global] [loop-local] Set up the outer boundaries of the weight function
              CarpetReduce::CarpetMaskSetup: [global] [loop-singlemap] Set up the weight function for the restriction regions
            GROUP SetupIMask: Set up the integer weight function (schedule other routines in here)
              CarpetMask::CarpetExcludedSetup: [global] [loop-local] Set up the weight function for the excluded regions
              CarpetMask::CarpetSurfaceSetup: [global] [loop-local] Set up the weight function for the excluded spherical surfaces
            CarpetReduce::MaskBase_SetMask: [global] [loop-local] Set the weight function
            GROUP SetupMask: Set up the real weight function (schedule other routines in here)
            CarpetReduce::MaskBase_TestMask: [global] Test the weight function
    endif
    if (recover initial data)
      [CCTK_BASEGRID]
        ADMBase::ADMBase_SetShiftStateOn: Set the shift_state variable to 1
        ADMBase::ADMBase_SetDtLapseStateOn: Set the dtlapse_state variable to 1
        ADMBase::ADMBase_SetDtShiftStateOn: Set the dtshift_state variable to 1
        ADMMacros::ADMMacros_SetLocalSpatialOrder: Initialize the local_spatial_order
        CartGrid3D::SpatialSpacings: Set up ranges for spatial 3D Cartesian coordinates (on all grids)
        CartGrid3D::SpatialCoordinates: Set up spatial 3D Cartesian coordinates on the GH
        SphericalSurface::SphericalSurface_SetupRes: [global] [loop-local] Set surface resolution automatically
        AHFinderDirect::AHFinderDirect_setup: [global] setup data structures
        Dissipation::dissipation_basegrid: Ensure that there are enough ghost zones
        LeanBSSNMoL::LeanBSSN_symmetries: [global] Register symmetries of the BSSN grid functions
        LeanBSSNMoL::LeanBSSN_zero_rhs: Set all rhs functions to zero to prevent spurious nans
        MagScalarBase::MagScalar_symmetries: [global] Register symmetries of the grid functions
        MagScalarEvolve::MagScalar_InitSymBound: [meta] Schedule symmetries
        MagScalarEvolve::MagScalar_zero_rhs: set all rhs functions to zero to prevent spurious nans
        NPScalars_Proca::NPProca_symmetries: [meta] Set symmetries for grid functions
        NaNChecker::NaNChecker_ResetCounter: [global] Reset the NaNChecker::NaNsFound counter
        SpaceMask::MaskZero: Initialise mask to zero
        SpaceMask::MaskOne: Set old style mask to one
        SphericalSurface::SphericalSurface_Setup: [global] Calculate surface coordinate descriptors
        GROUP MaskBase_SetupMask: Set up the weight function
          GROUP MaskBase_SetupMaskAll: Set up the weight function
            CarpetReduce::MaskBase_AllocateMask: [global] Allocate the weight function
            CarpetReduce::MaskBase_InitMask: [global] [loop-local] Initialise the weight function
            GROUP SetupIMaskInternal: Set up the integer weight function (schedule other routines in here)
              CarpetReduce::CoordBase_SetupMask: [global] [loop-local] Set up the outer boundaries of the weight function
              CarpetReduce::CarpetMaskSetup: [global] [loop-singlemap] Set up the weight function for the restriction regions
            GROUP SetupIMask: Set up the integer weight function (schedule other routines in here)
              CarpetMask::CarpetExcludedSetup: [global] [loop-local] Set up the weight function for the excluded regions
              CarpetMask::CarpetSurfaceSetup: [global] [loop-local] Set up the weight function for the excluded spherical surfaces
            CarpetReduce::MaskBase_SetMask: [global] [loop-local] Set the weight function
            GROUP SetupMask: Set up the real weight function (schedule other routines in here)
            CarpetReduce::MaskBase_TestMask: [global] Test the weight function
        SphericalSurface::SphericalSurface_Set: [global] Set surface radii to be used for initial setup in other thorns
        GROUP SphericalSurface_HasBeenSet: Set the spherical surfaces before this group, and use it afterwards
          SphericalSurface::SphericalSurface_CheckState: [global] Test the state of the spherical surfaces
        SymBase::SymBase_Check: Check whether the driver set up the grid consistently
        TerminationTrigger::TerminationTrigger_ResetTrigger: Clear trigger state
        TerminationTrigger::TerminationTrigger_StartTimer: Start timer
        TerminationTrigger::TerminationTrigger_CreateFile: Create termination file
        Time::Time_Initialise: [global] Initialise Time variables
        Time::TemporalSpacings: [singlemap] Set timestep based on Courant condition (courant_static)
      [CCTK_RECOVER_VARIABLES]
        IOUtil::IOUtil_RecoverGH: [level] Checkpoint recovery routine
      [CCTK_POST_RECOVER_VARIABLES]
        AHFinderDirect::AHFinderDirect_recover: [global] import horizon data from Cactus variables
        CarpetIOHDF5::CarpetIOHDF5_InitCheckpointingIntervals: [global] Initialisation of checkpointing intervals after recovery
        CarpetIOHDF5::CarpetIOHDF5_CloseFiles: [meta] Close all initial data checkpoint files after recovery
        GROUP MaskBase_SetupMask: Set up the weight function
          GROUP MaskBase_SetupMaskAll: Set up the weight function
            CarpetReduce::MaskBase_AllocateMask: [global] Allocate the weight function
            CarpetReduce::MaskBase_InitMask: [global] [loop-local] Initialise the weight function
            GROUP SetupIMaskInternal: Set up the integer weight function (schedule other routines in here)
              CarpetReduce::CoordBase_SetupMask: [global] [loop-local] Set up the outer boundaries of the weight function
              CarpetReduce::CarpetMaskSetup: [global] [loop-singlemap] Set up the weight function for the restriction regions
            GROUP SetupIMask: Set up the integer weight function (schedule other routines in here)
              CarpetMask::CarpetExcludedSetup: [global] [loop-local] Set up the weight function for the excluded regions
              CarpetMask::CarpetSurfaceSetup: [global] [loop-local] Set up the weight function for the excluded spherical surfaces
            CarpetReduce::MaskBase_SetMask: [global] [loop-local] Set the weight function
            GROUP SetupMask: Set up the real weight function (schedule other routines in here)
            CarpetReduce::MaskBase_TestMask: [global] Test the weight function
        GROUP MoL_PostStep: Ensure that everything is correct after recovery
          LeanBSSNMoL::LeanBSSN_remove_trA: Remove trace of A
          LeanBSSNMoL::LeanBSSN_impose_conf_fac_floor: Make sure conformal factor does not drop below specified value
          LeanBSSNMoL::LeanBSSN_Boundaries: [level] MoL boundary enforcement
          GROUP LeanBSSN_ApplyBCs: Apply boundary conditions
            GROUP BoundaryConditions: Execute all boundary conditions
              Boundary::Boundary_ApplyPhysicalBCs: Apply all requested local physical boundary conditions
              CartGrid3D::CartGrid3D_ApplyBC: Apply symmetry boundary conditions
              ReflectionSymmetry::ReflectionSymmetry_Apply: Apply reflection symmetries
            Boundary::Boundary_ClearSelection: [level] Unselect all grid variables for boundary conditions
          LeanBSSNMoL::LeanBSSN_bssn2adm: [local] Convert variables back to the ADM ones
          GROUP ADMBase_SetADMVars: Set the ADM variables before this group, and use them afterwards
          MagScalarEvolve::MagScalar_Boundaries: [level] MoL boundary enforcement for MagScalar variables
          GROUP MagScalar_ApplyBCs: Apply boundary conditions
            GROUP BoundaryConditions: Execute all boundary conditions
              Boundary::Boundary_ApplyPhysicalBCs: Apply all requested local physical boundary conditions
              CartGrid3D::CartGrid3D_ApplyBC: Apply symmetry boundary conditions
              ReflectionSymmetry::ReflectionSymmetry_Apply: Apply reflection symmetries
            Boundary::Boundary_ClearSelection: [level] Unselect all grid variables for boundary conditions
          GROUP SetTmunu: Group for calculating the stress-energy tensor
            TmunuBase::TmunuBase_ZeroTmunu: Initialise the stress-energy tensor to zero
            GROUP AddToTmunu: Add to the stress-energy tensor here
              MagScalarEvolve::MagScalar_AddToTmunu: Compute the energy-momentum tensor
        GROUP zzz_NaNChecker_NaNCheck: Check for NaNs and count them in NaNChecker::NaNsFound
          NaNChecker::NaNChecker_NaNCheck_Prepare: [level] Prepare data structures to check for NaNs
          NaNChecker::NaNChecker_NaNCheck_Check: [local] Check for NaNs
          NaNChecker::NaNChecker_NaNCheck_Finish: [level] Count NaNs in NaNChecker::NaNsFound
        NaNChecker::NaNChecker_TakeAction: [global] [loop-level] Output NaNChecker::NaNmask and take action according to NaNChecker::action_if_found
        TerminationTrigger::TerminationTrigger_ResetMinutes: [global] Reset Watchtime
    endif
    if (checkpoint initial data)
      [CCTK_CPINITIAL]
        CarpetIOHDF5::CarpetIOHDF5_InitialDataCheckpoint: [meta] Initial data checkpoint routine
    endif
    if (analysis)
      [CCTK_ANALYSIS]
        CarpetLib::CarpetLib_printtimestats: [global] Print timing statistics if desired
        CarpetLib::CarpetLib_printmemstats: [global] Print memory statistics if desired
        GROUP LeanBSSN_constraints: Compute constraints
          LeanBSSNMoL::LeanBSSN_bssn_constraints: Compute constraints
          LeanBSSNMoL::LeanBSSN_Constraints_Boundaries: [level] Enforce symmetry BCs in constraint computation
          GROUP LeanBSSN_Constraints_ApplyBCs: Apply boundary conditions
            GROUP BoundaryConditions: Execute all boundary conditions
              Boundary::Boundary_ApplyPhysicalBCs: Apply all requested local physical boundary conditions
              CartGrid3D::CartGrid3D_ApplyBC: Apply symmetry boundary conditions
              ReflectionSymmetry::ReflectionSymmetry_Apply: Apply reflection symmetries
            Boundary::Boundary_ClearSelection: [level] Unselect all grid variables for boundary conditions
        LoopControl::LC_statistics_analysis: [meta] Output LoopControl statistics
        GROUP MagScalar_constraints: Compute EMG constraints
          MagScalarEvolve::MagScalar_constraints: Compute constraints
          MagScalarEvolve::MagScalar_constraints_boundaries: [level] Enforce symmetry BCs in constraints computation
          GROUP MagScalar_constraints_ApplyBCs: Apply boundary conditions
            GROUP BoundaryConditions: Execute all boundary conditions
              Boundary::Boundary_ApplyPhysicalBCs: Apply all requested local physical boundary conditions
              CartGrid3D::CartGrid3D_ApplyBC: Apply symmetry boundary conditions
              ReflectionSymmetry::ReflectionSymmetry_Apply: Apply reflection symmetries
            Boundary::Boundary_ClearSelection: [level] Unselect all grid variables for boundary conditions
        MagScalarEvolve::MagScalar_analysis: Compute analysis quantities
        MagScalarEvolve::MagScalar_analysis_integrate: [global] Compute integrals of analysis quantities
        Multipole::Multipole_Calc: [global] Calculate Multipoles
        GROUP CalcNPProcaScalars: Calculate NPScalars
          NPScalars_Proca::NPProca_calcPsiGF: [local] calculate grid functions
          GROUP CalcNPProcaScalars_BC: Boundary conditions
            NPScalars_Proca::NPProca_Boundaries: [level] Symmetry boundary conditions
            GROUP ApplyBCs_NPProca: Apply boundary conditions
              GROUP BoundaryConditions: Execute all boundary conditions
                Boundary::Boundary_ApplyPhysicalBCs: Apply all requested local physical boundary conditions
                CartGrid3D::CartGrid3D_ApplyBC: Apply symmetry boundary conditions
                ReflectionSymmetry::ReflectionSymmetry_Apply: Apply reflection symmetries
              Boundary::Boundary_ClearSelection: [level] Unselect all grid variables for boundary conditions
        QuasiLocalMeasures::qlm_calculate: [global] Calculate quasi-local quantities
        SystemStatistics::SystemStatistics_Collect: [global] Collect system statistics
        TerminationTrigger::TerminationTrigger_CheckWalltime: Check elapsed job walltime
        TerminationTrigger::TerminationTrigger_CheckSignal: Check if we received a termination signal
        TerminationTrigger::TerminationTrigger_CheckFile: Check termination file
        TimerReport::zzz_TimerReport_Output: [global] Print the timer report
  endif
  Output grid variables

  do loop over timesteps
    [CCTK_PREREGRID]
      CarpetTracker::CarpetTracker_SetPositions: [global] Set positions of refined regions
    Change grid hierarchy
    [CCTK_POSTREGRID]
      SpaceMask::MaskZero: Initialise mask to zero
      CartGrid3D::SpatialCoordinates: Set Coordinates after regridding
      GROUP MaskBase_SetupMask: Set up the weight function
        GROUP MaskBase_SetupMaskAll: Set up the weight function
          CarpetReduce::MaskBase_AllocateMask: [global] Allocate the weight function
          CarpetReduce::MaskBase_InitMask: [global] [loop-local] Initialise the weight function
          GROUP SetupIMaskInternal: Set up the integer weight function (schedule other routines in here)
            CarpetReduce::CoordBase_SetupMask: [global] [loop-local] Set up the outer boundaries of the weight function
            CarpetReduce::CarpetMaskSetup: [global] [loop-singlemap] Set up the weight function for the restriction regions
          GROUP SetupIMask: Set up the integer weight function (schedule other routines in here)
            CarpetMask::CarpetExcludedSetup: [global] [loop-local] Set up the weight function for the excluded regions
            CarpetMask::CarpetSurfaceSetup: [global] [loop-local] Set up the weight function for the excluded spherical surfaces
          CarpetReduce::MaskBase_SetMask: [global] [loop-local] Set the weight function
          GROUP SetupMask: Set up the real weight function (schedule other routines in here)
          CarpetReduce::MaskBase_TestMask: [global] Test the weight function
      Dissipation::setup_epsdis: Setup spatially varying dissipation
      GROUP MoL_PostStep: Ensure that everything is correct after regridding
        LeanBSSNMoL::LeanBSSN_remove_trA: Remove trace of A
        LeanBSSNMoL::LeanBSSN_impose_conf_fac_floor: Make sure conformal factor does not drop below specified value
        LeanBSSNMoL::LeanBSSN_Boundaries: [level] MoL boundary enforcement
        GROUP LeanBSSN_ApplyBCs: Apply boundary conditions
          GROUP BoundaryConditions: Execute all boundary conditions
            Boundary::Boundary_ApplyPhysicalBCs: Apply all requested local physical boundary conditions
            CartGrid3D::CartGrid3D_ApplyBC: Apply symmetry boundary conditions
            ReflectionSymmetry::ReflectionSymmetry_Apply: Apply reflection symmetries
          Boundary::Boundary_ClearSelection: [level] Unselect all grid variables for boundary conditions
        LeanBSSNMoL::LeanBSSN_bssn2adm: [local] Convert variables back to the ADM ones
        GROUP ADMBase_SetADMVars: Set the ADM variables before this group, and use them afterwards
        MagScalarEvolve::MagScalar_Boundaries: [level] MoL boundary enforcement for MagScalar variables
        GROUP MagScalar_ApplyBCs: Apply boundary conditions
          GROUP BoundaryConditions: Execute all boundary conditions
            Boundary::Boundary_ApplyPhysicalBCs: Apply all requested local physical boundary conditions
            CartGrid3D::CartGrid3D_ApplyBC: Apply symmetry boundary conditions
            ReflectionSymmetry::ReflectionSymmetry_Apply: Apply reflection symmetries
          Boundary::Boundary_ClearSelection: [level] Unselect all grid variables for boundary conditions
        GROUP SetTmunu: Group for calculating the stress-energy tensor
          TmunuBase::TmunuBase_ZeroTmunu: Initialise the stress-energy tensor to zero
          GROUP AddToTmunu: Add to the stress-energy tensor here
            MagScalarEvolve::MagScalar_AddToTmunu: Compute the energy-momentum tensor
      GROUP MoL_PseudoEvolutionBoundaries: Apply boundary conditions to pseudo-evolved quantities
      GROUP CalcNPProcaScalars_BC: Boundary conditions
        NPScalars_Proca::NPProca_Boundaries: [level] Symmetry boundary conditions
        GROUP ApplyBCs_NPProca: Apply boundary conditions
          GROUP BoundaryConditions: Execute all boundary conditions
            Boundary::Boundary_ApplyPhysicalBCs: Apply all requested local physical boundary conditions
            CartGrid3D::CartGrid3D_ApplyBC: Apply symmetry boundary conditions
            ReflectionSymmetry::ReflectionSymmetry_Apply: Apply reflection symmetries
          Boundary::Boundary_ClearSelection: [level] Unselect all grid variables for boundary conditions
      SpaceMask::MaskOne: Set mask to one
      AHFinderDirect::AHFinderDirect_maybe_do_masks: set mask(s) based on apparent horizon position(s)
    Rotate timelevels
    iteration = iteration+1
    t = t+dt
    [CCTK_PRESTEP]
      CoordGauge::Einstein_SetNextSlicing: Identify the slicing for the next iteration
      LoopControl::LC_steer: [meta] Update LoopControl algorithm preferences
      NaNChecker::NaNChecker_ResetCounter: [global] Reset the NaNChecker::NaNsFound counter
    [CCTK_EVOL]
      MoL::MoL_StartLoop: [level] Initialise the step size control
      while (MoL::MoL_Stepsize_Bad)
        GROUP MoL_Evolution: A single Cactus evolution step using MoL
          GROUP MoL_StartStep: MoL internal setup for the evolution step
            MoL::MoL_SetCounter: [level] Set the counter for the ODE method to loop over
            MoL::MoL_SetTime: [level] Ensure the correct time and timestep are used
            MoL::MoL_AllocateScratchSpace: [level] Allocate storage for scratch levels
          GROUP MoL_PreStep: Physics thorns can schedule preloop setup routines in here
          MoL::MoL_AllocateScratch: Allocate sufficient space for array scratch variables
          MoL::MoL_InitialCopy: Ensure the data is in the correct timelevel
          while (MoL::MoL_Intermediate_Step)
            GROUP MoL_Step: The loop over the intermediate steps for the ODE integrator
              MoL::MoL_InitRHS: Initialise the RHS functions
              GROUP MoL_CalcRHS: Physics thorns schedule the calculation of the discrete spatial operator in here
                LeanBSSNMoL::LeanBSSN_CalcRHS: MoL RHS calculation
                LeanBSSNMoL::LeanBSSN_CalcRHS_Bdry: MoL boundary RHS calculation
                MagScalarEvolve::MagScalar_CalcRHS: MoL RHS calculation for MagScalar variables
                MagScalarEvolve::MagScalar_CalcRHS_Bdry: MoL boundary RHS calculation for MagScalar variables
              GROUP MoL_PostRHS: Modify RHS functions
                Dissipation::dissipation_add: Add Kreiss-Oliger dissipation to the right hand sides
              GROUP MoL_RHSBoundaries: Any 'final' modifications to the RHS functions (boundaries etc.)
              MoL::MoL_Add: Updates calculated with the efficient Runge-Kutta 4 method
              MoL::MoL_DecrementCounter: [level] Alter the counter number
              MoL::MoL_ResetTime: [level] If necessary, change the time
              GROUP MoL_PostStepModify: The group for physics thorns to schedule enforcing constraints
              GROUP MoL_PostStep: The group for physics thorns to schedule boundary calls etc.
                LeanBSSNMoL::LeanBSSN_remove_trA: Remove trace of A
                LeanBSSNMoL::LeanBSSN_impose_conf_fac_floor: Make sure conformal factor does not drop below specified value
                LeanBSSNMoL::LeanBSSN_Boundaries: [level] MoL boundary enforcement
                GROUP LeanBSSN_ApplyBCs: Apply boundary conditions
                  GROUP BoundaryConditions: Execute all boundary conditions
                    Boundary::Boundary_ApplyPhysicalBCs: Apply all requested local physical boundary conditions
                    CartGrid3D::CartGrid3D_ApplyBC: Apply symmetry boundary conditions
                    ReflectionSymmetry::ReflectionSymmetry_Apply: Apply reflection symmetries
                  Boundary::Boundary_ClearSelection: [level] Unselect all grid variables for boundary conditions
                LeanBSSNMoL::LeanBSSN_bssn2adm: [local] Convert variables back to the ADM ones
                GROUP ADMBase_SetADMVars: Set the ADM variables before this group, and use them afterwards
                MagScalarEvolve::MagScalar_Boundaries: [level] MoL boundary enforcement for MagScalar variables
                GROUP MagScalar_ApplyBCs: Apply boundary conditions
                  GROUP BoundaryConditions: Execute all boundary conditions
                    Boundary::Boundary_ApplyPhysicalBCs: Apply all requested local physical boundary conditions
                    CartGrid3D::CartGrid3D_ApplyBC: Apply symmetry boundary conditions
                    ReflectionSymmetry::ReflectionSymmetry_Apply: Apply reflection symmetries
                  Boundary::Boundary_ClearSelection: [level] Unselect all grid variables for boundary conditions
                GROUP SetTmunu: Group for calculating the stress-energy tensor
                  TmunuBase::TmunuBase_ZeroTmunu: Initialise the stress-energy tensor to zero
                  GROUP AddToTmunu: Add to the stress-energy tensor here
                    MagScalarEvolve::MagScalar_AddToTmunu: Compute the energy-momentum tensor
              MoL::MoL_ResetDeltaTime: [level] If necessary, change the timestep
          end while
          MoL::MoL_FinishLoop: [level] Control the step size
          MoL::MoL_RestoreSandR: Restoring the Save and Restore variables to the original state
          MoL::MoL_FreeScratchSpace: [level] Free storage for scratch levels
      end while
      GROUP MoL_PseudoEvolution: Calculate pseudo-evolved quantities
        GROUP ADMBase_SetADMVars: Set the ADM variables before this group, and use them afterwards
      PunctureTracker::PunctureTracker_Track: [global] Calculate new location of punctures
    Evolve finer grids recursively
    Restrict from finer grids
    [CCTK_POSTRESTRICT]
      GROUP MoL_PostStep: Ensure that everything is correct after restriction
        LeanBSSNMoL::LeanBSSN_remove_trA: Remove trace of A
        LeanBSSNMoL::LeanBSSN_impose_conf_fac_floor: Make sure conformal factor does not drop below specified value
        LeanBSSNMoL::LeanBSSN_Boundaries: [level] MoL boundary enforcement
        GROUP LeanBSSN_ApplyBCs: Apply boundary conditions
          GROUP BoundaryConditions: Execute all boundary conditions
            Boundary::Boundary_ApplyPhysicalBCs: Apply all requested local physical boundary conditions
            CartGrid3D::CartGrid3D_ApplyBC: Apply symmetry boundary conditions
            ReflectionSymmetry::ReflectionSymmetry_Apply: Apply reflection symmetries
          Boundary::Boundary_ClearSelection: [level] Unselect all grid variables for boundary conditions
        LeanBSSNMoL::LeanBSSN_bssn2adm: [local] Convert variables back to the ADM ones
        GROUP ADMBase_SetADMVars: Set the ADM variables before this group, and use them afterwards
        MagScalarEvolve::MagScalar_Boundaries: [level] MoL boundary enforcement for MagScalar variables
        GROUP MagScalar_ApplyBCs: Apply boundary conditions
          GROUP BoundaryConditions: Execute all boundary conditions
            Boundary::Boundary_ApplyPhysicalBCs: Apply all requested local physical boundary conditions
            CartGrid3D::CartGrid3D_ApplyBC: Apply symmetry boundary conditions
            ReflectionSymmetry::ReflectionSymmetry_Apply: Apply reflection symmetries
          Boundary::Boundary_ClearSelection: [level] Unselect all grid variables for boundary conditions
        GROUP SetTmunu: Group for calculating the stress-energy tensor
          TmunuBase::TmunuBase_ZeroTmunu: Initialise the stress-energy tensor to zero
          GROUP AddToTmunu: Add to the stress-energy tensor here
            MagScalarEvolve::MagScalar_AddToTmunu: Compute the energy-momentum tensor
      GROUP MoL_PseudoEvolutionBoundaries: Apply boundary conditions to pseudo-evolved quantities
      GROUP CalcNPProcaScalars_BC: Boundary conditions
        NPScalars_Proca::NPProca_Boundaries: [level] Symmetry boundary conditions
        GROUP ApplyBCs_NPProca: Apply boundary conditions
          GROUP BoundaryConditions: Execute all boundary conditions
            Boundary::Boundary_ApplyPhysicalBCs: Apply all requested local physical boundary conditions
            CartGrid3D::CartGrid3D_ApplyBC: Apply symmetry boundary conditions
            ReflectionSymmetry::ReflectionSymmetry_Apply: Apply reflection symmetries
          Boundary::Boundary_ClearSelection: [level] Unselect all grid variables for boundary conditions
    [CCTK_POSTSTEP]
      AHFinderDirect::AHFinderDirect_import_mask: [global] [loop-local] import the excision mask
      AHFinderDirect::AHFinderDirect_find_horizons: [global] find apparent horizon(s) after this time step
      AHFinderDirect::AHFinderDirect_store: [global] store apparent horizon(s) into spherical surface(s)
      AHFinderDirect::AHFinderDirect_save: [global] save apparent horizon(s) into Cactus variables
      AHFinderDirect::AHFinderDirect_maybe_do_masks: set mask(s) based on apparent horizon position(s)
      SphericalSurface::SphericalSurface_Set: [global] Set surface radii
      GROUP SphericalSurface_HasBeenSet: Set the spherical surfaces before this group, and use it afterwards
        SphericalSurface::SphericalSurface_CheckState: [global] Test the state of the spherical surfaces
      GROUP zzz_NaNChecker_NaNCheck: Check for NaNs and count them in NaNChecker::NaNsFound
        NaNChecker::NaNChecker_NaNCheck_Prepare: [level] Prepare data structures to check for NaNs
        NaNChecker::NaNChecker_NaNCheck_Check: [local] Check for NaNs
        NaNChecker::NaNChecker_NaNCheck_Finish: [level] Count NaNs in NaNChecker::NaNsFound
      NaNChecker::NaNChecker_TakeAction: [global] [loop-level] Output NaNChecker::NaNmask and take action according to NaNChecker::action_if_found
      PunctureTracker::PunctureTracker_SetPositions: [global] Copy puncture positions to spherical surfaces
      SpaceMask::CheckMask: Ensure that all mask values are legal
      Dissipation::setup_epsdis: Setup spatially varying dissipation
      GROUP MaskBase_SetupMask: Set up the weight function
        GROUP MaskBase_SetupMaskAll: Set up the weight function
          CarpetReduce::MaskBase_AllocateMask: [global] Allocate the weight function
          CarpetReduce::MaskBase_InitMask: [global] [loop-local] Initialise the weight function
          GROUP SetupIMaskInternal: Set up the integer weight function (schedule other routines in here)
            CarpetReduce::CoordBase_SetupMask: [global] [loop-local] Set up the outer boundaries of the weight function
            CarpetReduce::CarpetMaskSetup: [global] [loop-singlemap] Set up the weight function for the restriction regions
          GROUP SetupIMask: Set up the integer weight function (schedule other routines in here)
            CarpetMask::CarpetExcludedSetup: [global] [loop-local] Set up the weight function for the excluded regions
            CarpetMask::CarpetSurfaceSetup: [global] [loop-local] Set up the weight function for the excluded spherical surfaces
          CarpetReduce::MaskBase_SetMask: [global] [loop-local] Set the weight function
          GROUP SetupMask: Set up the real weight function (schedule other routines in here)
          CarpetReduce::MaskBase_TestMask: [global] Test the weight function
    if (checkpoint)
      [CCTK_CHECKPOINT]
      CarpetIOHDF5::CarpetIOHDF5_EvolutionCheckpoint: [meta] Evolution checkpoint routine
      TimerReport::zzz_TimerReport_Checkpoint: [global] Print the timer report
    endif
    if (analysis)
      [CCTK_ANALYSIS]
      CarpetLib::CarpetLib_printtimestats: [global] Print timing statistics if desired
      CarpetLib::CarpetLib_printmemstats: [global] Print memory statistics if desired
      GROUP LeanBSSN_constraints: Compute constraints
        LeanBSSNMoL::LeanBSSN_bssn_constraints: Compute constraints
        LeanBSSNMoL::LeanBSSN_Constraints_Boundaries: [level] Enforce symmetry BCs in constraint computation
        GROUP LeanBSSN_Constraints_ApplyBCs: Apply boundary conditions
          GROUP BoundaryConditions: Execute all boundary conditions
            Boundary::Boundary_ApplyPhysicalBCs: Apply all requested local physical boundary conditions
            CartGrid3D::CartGrid3D_ApplyBC: Apply symmetry boundary conditions
            ReflectionSymmetry::ReflectionSymmetry_Apply: Apply reflection symmetries
          Boundary::Boundary_ClearSelection: [level] Unselect all grid variables for boundary conditions
      LoopControl::LC_statistics_analysis: [meta] Output LoopControl statistics
      GROUP MagScalar_constraints: Compute EMG constraints
        MagScalarEvolve::MagScalar_constraints: Compute constraints
        MagScalarEvolve::MagScalar_constraints_boundaries: [level] Enforce symmetry BCs in constraints computation
        GROUP MagScalar_constraints_ApplyBCs: Apply boundary conditions
          GROUP BoundaryConditions: Execute all boundary conditions
            Boundary::Boundary_ApplyPhysicalBCs: Apply all requested local physical boundary conditions
            CartGrid3D::CartGrid3D_ApplyBC: Apply symmetry boundary conditions
            ReflectionSymmetry::ReflectionSymmetry_Apply: Apply reflection symmetries
          Boundary::Boundary_ClearSelection: [level] Unselect all grid variables for boundary conditions
      MagScalarEvolve::MagScalar_analysis: Compute analysis quantities
      MagScalarEvolve::MagScalar_analysis_integrate: [global] Compute integrals of analysis quantities
      Multipole::Multipole_Calc: [global] Calculate Multipoles
      GROUP CalcNPProcaScalars: Calculate NPScalars
        NPScalars_Proca::NPProca_calcPsiGF: [local] calculate grid functions
        GROUP CalcNPProcaScalars_BC: Boundary conditions
          NPScalars_Proca::NPProca_Boundaries: [level] Symmetry boundary conditions
          GROUP ApplyBCs_NPProca: Apply boundary conditions
            GROUP BoundaryConditions: Execute all boundary conditions
              Boundary::Boundary_ApplyPhysicalBCs: Apply all requested local physical boundary conditions
              CartGrid3D::CartGrid3D_ApplyBC: Apply symmetry boundary conditions
              ReflectionSymmetry::ReflectionSymmetry_Apply: Apply reflection symmetries
            Boundary::Boundary_ClearSelection: [level] Unselect all grid variables for boundary conditions
      QuasiLocalMeasures::qlm_calculate: [global] Calculate quasi-local quantities
      SystemStatistics::SystemStatistics_Collect: [global] Collect system statistics
      TerminationTrigger::TerminationTrigger_CheckWalltime: Check elapsed job walltime
      TerminationTrigger::TerminationTrigger_CheckSignal: Check if we received a termination signal
      TerminationTrigger::TerminationTrigger_CheckFile: Check termination file
      TimerReport::zzz_TimerReport_Output: [global] Print the timer report
    endif
    Output grid variables
    enddo

  Termination routines
    [CCTK_TERMINATE]
      CarpetIOHDF5::CarpetIOHDF5_TerminationCheckpoint: [meta] Termination checkpoint routine
      LoopControl::LC_statistics_terminate: [meta] Output LoopControl statistics
      MoL::MoL_FreeIndexArrays: Free the MoL bookkeeping index arrays
      TimerReport::zzz_TimerReport_Output: [global] Print the timer report

  Shutdown routines
    [CCTK_SHUTDOWN]
      Timers::Timer_Shutdown: Prepare hierarchical timers

  Routines run after changing the grid hierarchy:
    [CCTK_POSTREGRID]
      SpaceMask::MaskZero: Initialise mask to zero
      CartGrid3D::SpatialCoordinates: Set Coordinates after regridding
      GROUP MaskBase_SetupMask: Set up the weight function
        GROUP MaskBase_SetupMaskAll: Set up the weight function
          CarpetReduce::MaskBase_AllocateMask: [global] Allocate the weight function
          CarpetReduce::MaskBase_InitMask: [global] [loop-local] Initialise the weight function
          GROUP SetupIMaskInternal: Set up the integer weight function (schedule other routines in here)
            CarpetReduce::CoordBase_SetupMask: [global] [loop-local] Set up the outer boundaries of the weight function
            CarpetReduce::CarpetMaskSetup: [global] [loop-singlemap] Set up the weight function for the restriction regions
          GROUP SetupIMask: Set up the integer weight function (schedule other routines in here)
            CarpetMask::CarpetExcludedSetup: [global] [loop-local] Set up the weight function for the excluded regions
            CarpetMask::CarpetSurfaceSetup: [global] [loop-local] Set up the weight function for the excluded spherical surfaces
          CarpetReduce::MaskBase_SetMask: [global] [loop-local] Set the weight function
          GROUP SetupMask: Set up the real weight function (schedule other routines in here)
          CarpetReduce::MaskBase_TestMask: [global] Test the weight function
      Dissipation::setup_epsdis: Setup spatially varying dissipation
      GROUP MoL_PostStep: Ensure that everything is correct after regridding
        LeanBSSNMoL::LeanBSSN_remove_trA: Remove trace of A
        LeanBSSNMoL::LeanBSSN_impose_conf_fac_floor: Make sure conformal factor does not drop below specified value
        LeanBSSNMoL::LeanBSSN_Boundaries: [level] MoL boundary enforcement
        GROUP LeanBSSN_ApplyBCs: Apply boundary conditions
          GROUP BoundaryConditions: Execute all boundary conditions
            Boundary::Boundary_ApplyPhysicalBCs: Apply all requested local physical boundary conditions
            CartGrid3D::CartGrid3D_ApplyBC: Apply symmetry boundary conditions
            ReflectionSymmetry::ReflectionSymmetry_Apply: Apply reflection symmetries
          Boundary::Boundary_ClearSelection: [level] Unselect all grid variables for boundary conditions
        LeanBSSNMoL::LeanBSSN_bssn2adm: [local] Convert variables back to the ADM ones
        GROUP ADMBase_SetADMVars: Set the ADM variables before this group, and use them afterwards
        MagScalarEvolve::MagScalar_Boundaries: [level] MoL boundary enforcement for MagScalar variables
        GROUP MagScalar_ApplyBCs: Apply boundary conditions
          GROUP BoundaryConditions: Execute all boundary conditions
            Boundary::Boundary_ApplyPhysicalBCs: Apply all requested local physical boundary conditions
            CartGrid3D::CartGrid3D_ApplyBC: Apply symmetry boundary conditions
            ReflectionSymmetry::ReflectionSymmetry_Apply: Apply reflection symmetries
          Boundary::Boundary_ClearSelection: [level] Unselect all grid variables for boundary conditions
        GROUP SetTmunu: Group for calculating the stress-energy tensor
          TmunuBase::TmunuBase_ZeroTmunu: Initialise the stress-energy tensor to zero
          GROUP AddToTmunu: Add to the stress-energy tensor here
            MagScalarEvolve::MagScalar_AddToTmunu: Compute the energy-momentum tensor
      GROUP MoL_PseudoEvolutionBoundaries: Apply boundary conditions to pseudo-evolved quantities
      GROUP CalcNPProcaScalars_BC: Boundary conditions
        NPScalars_Proca::NPProca_Boundaries: [level] Symmetry boundary conditions
        GROUP ApplyBCs_NPProca: Apply boundary conditions
          GROUP BoundaryConditions: Execute all boundary conditions
            Boundary::Boundary_ApplyPhysicalBCs: Apply all requested local physical boundary conditions
            CartGrid3D::CartGrid3D_ApplyBC: Apply symmetry boundary conditions
            ReflectionSymmetry::ReflectionSymmetry_Apply: Apply reflection symmetries
          Boundary::Boundary_ClearSelection: [level] Unselect all grid variables for boundary conditions
      SpaceMask::MaskOne: Set mask to one
      AHFinderDirect::AHFinderDirect_maybe_do_masks: set mask(s) based on apparent horizon position(s)
--------------------------------------------------------------------------------
INFO (Carpet): Multi-Model listing:
   model 0: "world"
INFO (Carpet): Multi-Model process distribution:
   processes 0-191: model 0 "world"
INFO (Carpet): Multi-Model: This is process 0, model 0 "world"
INFO (CarpetLib): Process startup time was 12 seconds
Current core file size limit: hard=[unlimited], soft=0 MB
Current addres space size limit: hard=[unlimited], soft=[unlimited]
Current data segment size limit: hard=[unlimited], soft=[unlimited]
Current resident set size limit: hard=30000 MB, soft=30000 MB
INFO (Vectors): Using vector size 1 for architecture scalar (no vectorisation, 64-bit precision)
INFO (hwloc): library version 2.9.1, API version 0x20800
--------------------------------------------------------------------------------
AMR driver provided by Carpet
--------------------------------------------------------------------------------
AMR scalar I/O provided by CarpetIOScalar
--------------------------------------------------------------------------------
AMR 0D ASCII I/O provided by CarpetIOASCII
--------------------------------------------------------------------------------
AMR 1D ASCII I/O provided by CarpetIOASCII
--------------------------------------------------------------------------------
AMR 2D ASCII I/O provided by CarpetIOASCII
--------------------------------------------------------------------------------
AMR 3D ASCII I/O provided by CarpetIOASCII
--------------------------------------------------------------------------------
AMR info I/O provided by CarpetIOBasic
--------------------------------------------------------------------------------
MoL: Generalized time integration.
--------------------------------------------------------------------------------
AMR HDF5 I/O provided by CarpetIOHDF5
--------------------------------------------------------------------------------
AMR 0D HDF5 I/O provided by CarpetIOHDF5
--------------------------------------------------------------------------------
AMR 1D HDF5 I/O provided by CarpetIOHDF5
--------------------------------------------------------------------------------
AMR 2D HDF5 I/O provided by CarpetIOHDF5
--------------------------------------------------------------------------------
AMR 3D HDF5 I/O provided by CarpetIOHDF5
--------------------------------------------------------------------------------

INFO (Carpet): MPI is enabled
INFO (Carpet): Carpet is running on 192 processes
INFO (Carpet): This is process 0
INFO (Carpet): OpenMP is enabled
INFO (Carpet): This process contains 1 threads, this is thread 0
INFO (Carpet): There are 192 threads in total
INFO (Carpet): There are 1 threads per process
INFO (Carpet): This process runs on host cna0333.deucalion.macc.fccn.pt, pid=328760
INFO (Carpet): This process runs on 48 cores: 0-47
INFO (Carpet): Thread 0 runs on 48 cores: 0-47
INFO (Carpet): This simulation is running in 3 dimensions
INFO (Carpet): Boundary specification for map 0:
   nboundaryzones: [[3,3,3],[3,3,3]]
   is_internal   : [[0,0,0],[0,0,0]]
   is_staggered  : [[0,0,0],[0,0,0]]
   shiftout      : [[0,0,1],[0,0,0]]
INFO (Carpet): CoordBase domain specification for map 0:
   physical extent: [-256,-256,0] : [256,256,256]   ([512,512,256])
   interior extent: [-248,-248,0] : [248,248,248]   ([496,496,248])
   exterior extent: [-272,-272,-24] : [272,272,272]   ([544,544,296])
   base_spacing   : [8,8,8]
INFO (Carpet): Adapted domain specification for map 0:
   convergence factor: 2
   convergence level : 0
   physical extent   : [-256,-256,0] : [256,256,256]   ([512,512,256])
   interior extent   : [-248,-248,0] : [248,248,248]   ([496,496,248])
   exterior extent   : [-272,-272,-24] : [272,272,272]   ([544,544,296])
   spacing           : [8,8,8]
INFO (Carpet): Base grid specification for map 0:
   number of grid points             : [69,69,38]
   number of coarse grid ghost points: [[3,3,3],[3,3,3]]
INFO (Carpet): Buffer zone counts (excluding ghosts):
   [0]: [[0,0,0],[0,0,0]]
   [1]: [[9,9,9],[9,9,9]]
   [2]: [[9,9,9],[9,9,9]]
   [3]: [[9,9,9],[9,9,9]]
   [4]: [[9,9,9],[9,9,9]]
   [5]: [[9,9,9],[9,9,9]]
   [6]: [[9,9,9],[9,9,9]]
   [7]: [[9,9,9],[9,9,9]]
   [8]: [[9,9,9],[9,9,9]]
   [9]: [[9,9,9],[9,9,9]]
INFO (Carpet): Overlap zone counts:
   [0]: [[0,0,0],[0,0,0]]
   [1]: [[0,0,0],[0,0,0]]
   [2]: [[0,0,0],[0,0,0]]
   [3]: [[0,0,0],[0,0,0]]
   [4]: [[0,0,0],[0,0,0]]
   [5]: [[0,0,0],[0,0,0]]
   [6]: [[0,0,0],[0,0,0]]
   [7]: [[0,0,0],[0,0,0]]
   [8]: [[0,0,0],[0,0,0]]
   [9]: [[0,0,0],[0,0,0]]
INFO (Carpet): Group and variable statistics:
INFO (Carpet):    There are 747 grid functions in 72 groups
INFO (Carpet):    There are 1144 grid scalars in 70 groups
INFO (Carpet):    There are 111 1-dimensional grid arrays in 10 groups
INFO (Carpet):    There are 416 2-dimensional grid arrays in 18 groups
INFO (Carpet):    There are 6 3-dimensional grid arrays in 1 groups
INFO (Carpet):    (The number of variables counts all time levels)
INFO (CarpetIOScalar): Periodic scalar output requested for:
   LEANBSSNMOL::hc
   LEANBSSNMOL::mcx
   LEANBSSNMOL::mcy
   LEANBSSNMOL::mcz
   MAGSCALARBASE::phi1
   MAGSCALARBASE::phi2
   MAGSCALARBASE::Kphi1
   MAGSCALARBASE::Kphi2
   MAGSCALAREVOLVE::gc
INFO (CarpetIOASCII): I/O Method 'IOASCII_0D' registered: 0D AMR output of grid variables to ASCII files
INFO (CarpetIOASCII): Periodic 0D AMR output requested for:
   MAGSCALAREVOLVE::Q_phi
   MAGSCALAREVOLVE::E_phi
   QUASILOCALMEASURES::qlm_time[0]
   QUASILOCALMEASURES::qlm_time[1]
   QUASILOCALMEASURES::qlm_time[2]
   QUASILOCALMEASURES::qlm_time[3]
   QUASILOCALMEASURES::qlm_time[4]
   QUASILOCALMEASURES::qlm_time[5]
   QUASILOCALMEASURES::qlm_equatorial_circumference[0]
   QUASILOCALMEASURES::qlm_equatorial_circumference[1]
   QUASILOCALMEASURES::qlm_equatorial_circumference[2]
   QUASILOCALMEASURES::qlm_equatorial_circumference[3]
   QUASILOCALMEASURES::qlm_equatorial_circumference[4]
   QUASILOCALMEASURES::qlm_equatorial_circumference[5]
   QUASILOCALMEASURES::qlm_polar_circumference_0[0]
   QUASILOCALMEASURES::qlm_polar_circumference_0[1]
   QUASILOCALMEASURES::qlm_polar_circumference_0[2]
   QUASILOCALMEASURES::qlm_polar_circumference_0[3]
   QUASILOCALMEASURES::qlm_polar_circumference_0[4]
   QUASILOCALMEASURES::qlm_polar_circumference_0[5]
   QUASILOCALMEASURES::qlm_polar_circumference_pi_2[0]
   QUASILOCALMEASURES::qlm_polar_circumference_pi_2[1]
   QUASILOCALMEASURES::qlm_polar_circumference_pi_2[2]
   QUASILOCALMEASURES::qlm_polar_circumference_pi_2[3]
   QUASILOCALMEASURES::qlm_polar_circumference_pi_2[4]
   QUASILOCALMEASURES::qlm_polar_circumference_pi_2[5]
   QUASILOCALMEASURES::qlm_area[0]
   QUASILOCALMEASURES::qlm_area[1]
   QUASILOCALMEASURES::qlm_area[2]
   QUASILOCALMEASURES::qlm_area[3]
   QUASILOCALMEASURES::qlm_area[4]
   QUASILOCALMEASURES::qlm_area[5]
   QUASILOCALMEASURES::qlm_irreducible_mass[0]
   QUASILOCALMEASURES::qlm_irreducible_mass[1]
   QUASILOCALMEASURES::qlm_irreducible_mass[2]
   QUASILOCALMEASURES::qlm_irreducible_mass[3]
   QUASILOCALMEASURES::qlm_irreducible_mass[4]
   QUASILOCALMEASURES::qlm_irreducible_mass[5]
   QUASILOCALMEASURES::qlm_radius[0]
   QUASILOCALMEASURES::qlm_radius[1]
   QUASILOCALMEASURES::qlm_radius[2]
   QUASILOCALMEASURES::qlm_radius[3]
   QUASILOCALMEASURES::qlm_radius[4]
   QUASILOCALMEASURES::qlm_radius[5]
   QUASILOCALMEASURES::qlm_spin_guess[0]
   QUASILOCALMEASURES::qlm_spin_guess[1]
   QUASILOCALMEASURES::qlm_spin_guess[2]
   QUASILOCALMEASURES::qlm_spin_guess[3]
   QUASILOCALMEASURES::qlm_spin_guess[4]
   QUASILOCALMEASURES::qlm_spin_guess[5]
   QUASILOCALMEASURES::qlm_mass_guess[0]
   QUASILOCALMEASURES::qlm_mass_guess[1]
   QUASILOCALMEASURES::qlm_mass_guess[2]
   QUASILOCALMEASURES::qlm_mass_guess[3]
   QUASILOCALMEASURES::qlm_mass_guess[4]
   QUASILOCALMEASURES::qlm_mass_guess[5]
   QUASILOCALMEASURES::qlm_killing_eigenvalue_re[0]
   QUASILOCALMEASURES::qlm_killing_eigenvalue_re[1]
   QUASILOCALMEASURES::qlm_killing_eigenvalue_re[2]
   QUASILOCALMEASURES::qlm_killing_eigenvalue_re[3]
   QUASILOCALMEASURES::qlm_killing_eigenvalue_re[4]
   QUASILOCALMEASURES::qlm_killing_eigenvalue_re[5]
   QUASILOCALMEASURES::qlm_killing_eigenvalue_im[0]
   QUASILOCALMEASURES::qlm_killing_eigenvalue_im[1]
   QUASILOCALMEASURES::qlm_killing_eigenvalue_im[2]
   QUASILOCALMEASURES::qlm_killing_eigenvalue_im[3]
   QUASILOCALMEASURES::qlm_killing_eigenvalue_im[4]
   QUASILOCALMEASURES::qlm_killing_eigenvalue_im[5]
   QUASILOCALMEASURES::qlm_spin[0]
   QUASILOCALMEASURES::qlm_spin[1]
   QUASILOCALMEASURES::qlm_spin[2]
   QUASILOCALMEASURES::qlm_spin[3]
   QUASILOCALMEASURES::qlm_spin[4]
   QUASILOCALMEASURES::qlm_spin[5]
   QUASILOCALMEASURES::qlm_npspin[0]
   QUASILOCALMEASURES::qlm_npspin[1]
   QUASILOCALMEASURES::qlm_npspin[2]
   QUASILOCALMEASURES::qlm_npspin[3]
   QUASILOCALMEASURES::qlm_npspin[4]
   QUASILOCALMEASURES::qlm_npspin[5]
   QUASILOCALMEASURES::qlm_wsspin[0]
   QUASILOCALMEASURES::qlm_wsspin[1]
   QUASILOCALMEASURES::qlm_wsspin[2]
   QUASILOCALMEASURES::qlm_wsspin[3]
   QUASILOCALMEASURES::qlm_wsspin[4]
   QUASILOCALMEASURES::qlm_wsspin[5]
   QUASILOCALMEASURES::qlm_cvspin[0]
   QUASILOCALMEASURES::qlm_cvspin[1]
   QUASILOCALMEASURES::qlm_cvspin[2]
   QUASILOCALMEASURES::qlm_cvspin[3]
   QUASILOCALMEASURES::qlm_cvspin[4]
   QUASILOCALMEASURES::qlm_cvspin[5]
   QUASILOCALMEASURES::qlm_coordspinx[0]
   QUASILOCALMEASURES::qlm_coordspinx[1]
   QUASILOCALMEASURES::qlm_coordspinx[2]
   QUASILOCALMEASURES::qlm_coordspinx[3]
   QUASILOCALMEASURES::qlm_coordspinx[4]
   QUASILOCALMEASURES::qlm_coordspinx[5]
   QUASILOCALMEASURES::qlm_coordspiny[0]
   QUASILOCALMEASURES::qlm_coordspiny[1]
   QUASILOCALMEASURES::qlm_coordspiny[2]
   QUASILOCALMEASURES::qlm_coordspiny[3]
   QUASILOCALMEASURES::qlm_coordspiny[4]
   QUASILOCALMEASURES::qlm_coordspiny[5]
   QUASILOCALMEASURES::qlm_coordspinz[0]
   QUASILOCALMEASURES::qlm_coordspinz[1]
   QUASILOCALMEASURES::qlm_coordspinz[2]
   QUASILOCALMEASURES::qlm_coordspinz[3]
   QUASILOCALMEASURES::qlm_coordspinz[4]
   QUASILOCALMEASURES::qlm_coordspinz[5]
   QUASILOCALMEASURES::qlm_mass[0]
   QUASILOCALMEASURES::qlm_mass[1]
   QUASILOCALMEASURES::qlm_mass[2]
   QUASILOCALMEASURES::qlm_mass[3]
   QUASILOCALMEASURES::qlm_mass[4]
   QUASILOCALMEASURES::qlm_mass[5]
   QUASILOCALMEASURES::qlm_adm_energy[0]
   QUASILOCALMEASURES::qlm_adm_energy[1]
   QUASILOCALMEASURES::qlm_adm_energy[2]
   QUASILOCALMEASURES::qlm_adm_energy[3]
   QUASILOCALMEASURES::qlm_adm_energy[4]
   QUASILOCALMEASURES::qlm_adm_energy[5]
   QUASILOCALMEASURES::qlm_adm_momentum_x[0]
   QUASILOCALMEASURES::qlm_adm_momentum_x[1]
   QUASILOCALMEASURES::qlm_adm_momentum_x[2]
   QUASILOCALMEASURES::qlm_adm_momentum_x[3]
   QUASILOCALMEASURES::qlm_adm_momentum_x[4]
   QUASILOCALMEASURES::qlm_adm_momentum_x[5]
   QUASILOCALMEASURES::qlm_adm_momentum_y[0]
   QUASILOCALMEASURES::qlm_adm_momentum_y[1]
   QUASILOCALMEASURES::qlm_adm_momentum_y[2]
   QUASILOCALMEASURES::qlm_adm_momentum_y[3]
   QUASILOCALMEASURES::qlm_adm_momentum_y[4]
   QUASILOCALMEASURES::qlm_adm_momentum_y[5]
   QUASILOCALMEASURES::qlm_adm_momentum_z[0]
   QUASILOCALMEASURES::qlm_adm_momentum_z[1]
   QUASILOCALMEASURES::qlm_adm_momentum_z[2]
   QUASILOCALMEASURES::qlm_adm_momentum_z[3]
   QUASILOCALMEASURES::qlm_adm_momentum_z[4]
   QUASILOCALMEASURES::qlm_adm_momentum_z[5]
   QUASILOCALMEASURES::qlm_adm_angular_momentum_x[0]
   QUASILOCALMEASURES::qlm_adm_angular_momentum_x[1]
   QUASILOCALMEASURES::qlm_adm_angular_momentum_x[2]
   QUASILOCALMEASURES::qlm_adm_angular_momentum_x[3]
   QUASILOCALMEASURES::qlm_adm_angular_momentum_x[4]
   QUASILOCALMEASURES::qlm_adm_angular_momentum_x[5]
   QUASILOCALMEASURES::qlm_adm_angular_momentum_y[0]
   QUASILOCALMEASURES::qlm_adm_angular_momentum_y[1]
   QUASILOCALMEASURES::qlm_adm_angular_momentum_y[2]
   QUASILOCALMEASURES::qlm_adm_angular_momentum_y[3]
   QUASILOCALMEASURES::qlm_adm_angular_momentum_y[4]
   QUASILOCALMEASURES::qlm_adm_angular_momentum_y[5]
   QUASILOCALMEASURES::qlm_adm_angular_momentum_z[0]
   QUASILOCALMEASURES::qlm_adm_angular_momentum_z[1]
   QUASILOCALMEASURES::qlm_adm_angular_momentum_z[2]
   QUASILOCALMEASURES::qlm_adm_angular_momentum_z[3]
   QUASILOCALMEASURES::qlm_adm_angular_momentum_z[4]
   QUASILOCALMEASURES::qlm_adm_angular_momentum_z[5]
   QUASILOCALMEASURES::qlm_w_energy[0]
   QUASILOCALMEASURES::qlm_w_energy[1]
   QUASILOCALMEASURES::qlm_w_energy[2]
   QUASILOCALMEASURES::qlm_w_energy[3]
   QUASILOCALMEASURES::qlm_w_energy[4]
   QUASILOCALMEASURES::qlm_w_energy[5]
   QUASILOCALMEASURES::qlm_w_momentum_x[0]
   QUASILOCALMEASURES::qlm_w_momentum_x[1]
   QUASILOCALMEASURES::qlm_w_momentum_x[2]
   QUASILOCALMEASURES::qlm_w_momentum_x[3]
   QUASILOCALMEASURES::qlm_w_momentum_x[4]
   QUASILOCALMEASURES::qlm_w_momentum_x[5]
   QUASILOCALMEASURES::qlm_w_momentum_y[0]
   QUASILOCALMEASURES::qlm_w_momentum_y[1]
   QUASILOCALMEASURES::qlm_w_momentum_y[2]
   QUASILOCALMEASURES::qlm_w_momentum_y[3]
   QUASILOCALMEASURES::qlm_w_momentum_y[4]
   QUASILOCALMEASURES::qlm_w_momentum_y[5]
   QUASILOCALMEASURES::qlm_w_momentum_z[0]
   QUASILOCALMEASURES::qlm_w_momentum_z[1]
   QUASILOCALMEASURES::qlm_w_momentum_z[2]
   QUASILOCALMEASURES::qlm_w_momentum_z[3]
   QUASILOCALMEASURES::qlm_w_momentum_z[4]
   QUASILOCALMEASURES::qlm_w_momentum_z[5]
   QUASILOCALMEASURES::qlm_w_angular_momentum_x[0]
   QUASILOCALMEASURES::qlm_w_angular_momentum_x[1]
   QUASILOCALMEASURES::qlm_w_angular_momentum_x[2]
   QUASILOCALMEASURES::qlm_w_angular_momentum_x[3]
   QUASILOCALMEASURES::qlm_w_angular_momentum_x[4]
   QUASILOCALMEASURES::qlm_w_angular_momentum_x[5]
   QUASILOCALMEASURES::qlm_w_angular_momentum_y[0]
   QUASILOCALMEASURES::qlm_w_angular_momentum_y[1]
   QUASILOCALMEASURES::qlm_w_angular_momentum_y[2]
   QUASILOCALMEASURES::qlm_w_angular_momentum_y[3]
   QUASILOCALMEASURES::qlm_w_angular_momentum_y[4]
   QUASILOCALMEASURES::qlm_w_angular_momentum_y[5]
   QUASILOCALMEASURES::qlm_w_angular_momentum_z[0]
   QUASILOCALMEASURES::qlm_w_angular_momentum_z[1]
   QUASILOCALMEASURES::qlm_w_angular_momentum_z[2]
   QUASILOCALMEASURES::qlm_w_angular_momentum_z[3]
   QUASILOCALMEASURES::qlm_w_angular_momentum_z[4]
   QUASILOCALMEASURES::qlm_w_angular_momentum_z[5]
   SPHERICALSURFACE::sf_area[0]
   SPHERICALSURFACE::sf_area[1]
   SPHERICALSURFACE::sf_area[2]
   SPHERICALSURFACE::sf_area[3]
   SPHERICALSURFACE::sf_area[4]
   SPHERICALSURFACE::sf_area[5]
   SPHERICALSURFACE::sf_mean_radius[0]
   SPHERICALSURFACE::sf_mean_radius[1]
   SPHERICALSURFACE::sf_mean_radius[2]
   SPHERICALSURFACE::sf_mean_radius[3]
   SPHERICALSURFACE::sf_mean_radius[4]
   SPHERICALSURFACE::sf_mean_radius[5]
   SPHERICALSURFACE::sf_centroid_x[0]
   SPHERICALSURFACE::sf_centroid_x[1]
   SPHERICALSURFACE::sf_centroid_x[2]
   SPHERICALSURFACE::sf_centroid_x[3]
   SPHERICALSURFACE::sf_centroid_x[4]
   SPHERICALSURFACE::sf_centroid_x[5]
   SPHERICALSURFACE::sf_centroid_y[0]
   SPHERICALSURFACE::sf_centroid_y[1]
   SPHERICALSURFACE::sf_centroid_y[2]
   SPHERICALSURFACE::sf_centroid_y[3]
   SPHERICALSURFACE::sf_centroid_y[4]
   SPHERICALSURFACE::sf_centroid_y[5]
   SPHERICALSURFACE::sf_centroid_z[0]
   SPHERICALSURFACE::sf_centroid_z[1]
   SPHERICALSURFACE::sf_centroid_z[2]
   SPHERICALSURFACE::sf_centroid_z[3]
   SPHERICALSURFACE::sf_centroid_z[4]
   SPHERICALSURFACE::sf_centroid_z[5]
   SPHERICALSURFACE::sf_quadrupole_xx[0]
   SPHERICALSURFACE::sf_quadrupole_xx[1]
   SPHERICALSURFACE::sf_quadrupole_xx[2]
   SPHERICALSURFACE::sf_quadrupole_xx[3]
   SPHERICALSURFACE::sf_quadrupole_xx[4]
   SPHERICALSURFACE::sf_quadrupole_xx[5]
   SPHERICALSURFACE::sf_quadrupole_xy[0]
   SPHERICALSURFACE::sf_quadrupole_xy[1]
   SPHERICALSURFACE::sf_quadrupole_xy[2]
   SPHERICALSURFACE::sf_quadrupole_xy[3]
   SPHERICALSURFACE::sf_quadrupole_xy[4]
   SPHERICALSURFACE::sf_quadrupole_xy[5]
   SPHERICALSURFACE::sf_quadrupole_xz[0]
   SPHERICALSURFACE::sf_quadrupole_xz[1]
   SPHERICALSURFACE::sf_quadrupole_xz[2]
   SPHERICALSURFACE::sf_quadrupole_xz[3]
   SPHERICALSURFACE::sf_quadrupole_xz[4]
   SPHERICALSURFACE::sf_quadrupole_xz[5]
   SPHERICALSURFACE::sf_quadrupole_yy[0]
   SPHERICALSURFACE::sf_quadrupole_yy[1]
   SPHERICALSURFACE::sf_quadrupole_yy[2]
   SPHERICALSURFACE::sf_quadrupole_yy[3]
   SPHERICALSURFACE::sf_quadrupole_yy[4]
   SPHERICALSURFACE::sf_quadrupole_yy[5]
   SPHERICALSURFACE::sf_quadrupole_yz[0]
   SPHERICALSURFACE::sf_quadrupole_yz[1]
   SPHERICALSURFACE::sf_quadrupole_yz[2]
   SPHERICALSURFACE::sf_quadrupole_yz[3]
   SPHERICALSURFACE::sf_quadrupole_yz[4]
   SPHERICALSURFACE::sf_quadrupole_yz[5]
   SPHERICALSURFACE::sf_quadrupole_zz[0]
   SPHERICALSURFACE::sf_quadrupole_zz[1]
   SPHERICALSURFACE::sf_quadrupole_zz[2]
   SPHERICALSURFACE::sf_quadrupole_zz[3]
   SPHERICALSURFACE::sf_quadrupole_zz[4]
   SPHERICALSURFACE::sf_quadrupole_zz[5]
   SPHERICALSURFACE::sf_min_radius[0]
   SPHERICALSURFACE::sf_min_radius[1]
   SPHERICALSURFACE::sf_min_radius[2]
WARNING[L1,P145] (Cactus): Attempt to create a directory with an empty or NULL string
WARNING[L1,P145] (CarpetIOHDF5): Problem creating HDF5 output directory ''
WARNING[L1,P49] (Cactus): Attempt to create a directory with an empty or NULL string
WARNING[L1,P49] (CarpetIOHDF5): Problem creating HDF5 output directory ''
WARNING[L1,P97] (Cactus): Attempt to create a directory with an empty or NULL string
WARNING[L1,P97] (CarpetIOHDF5): Problem creating HDF5 output directory ''
WARNING[L1,P149] (Cactus): Attempt to create a directory with an empty or NULL string
WARNING[L1,P149] (CarpetIOHDF5): Problem creating HDF5 output directory ''
WARNING[L1,P61] (Cactus): Attempt to create a directory with an empty or NULL string
WARNING[L1,P61] (CarpetIOHDF5): Problem creating HDF5 output directory ''
WARNING[L1,P101] (Cactus): Attempt to create a directory with an empty or NULL string
WARNING[L1,P101] (CarpetIOHDF5): Problem creating HDF5 output directory ''
WARNING[L1,P0] (Cactus): Attempt to create a directory with an empty or NULL string
WARNING[L1,P153] (Cactus): Attempt to create a directory with an empty or NULL string
WARNING[L1,P153] (CarpetIOHDF5): Problem creating HDF5 output directory ''
WARNING[L1,P62] (Cactus): Attempt to create a directory with an empty or NULL string
WARNING[L1,P62] (CarpetIOHDF5): Problem creating HDF5 output directory ''
WARNING[L1,P104] (Cactus): Attempt to create a directory with an empty or NULL string
WARNING[L1,P104] (CarpetIOHDF5): Problem creating HDF5 output directory ''
WARNING[L1,P154] (Cactus): Attempt to create a directory with an empty or NULL string
WARNING[L1,P154] (CarpetIOHDF5): Problem creating HDF5 output directory ''
WARNING[L1,P65] (Cactus): Attempt to create a directory with an empty or NULL string
WARNING[L1,P65] (CarpetIOHDF5): Problem creating HDF5 output directory ''
WARNING[L1,P105] (Cactus): Attempt to create a directory with an empty or NULL string
WARNING[L1,P105] (CarpetIOHDF5): Problem creating HDF5 output directory ''
WARNING[L1,P156] (Cactus): Attempt to create a directory with an empty or NULL string
WARNING[L1,P156] (CarpetIOHDF5): Problem creating HDF5 output directory ''
WARNING[L1,P66] (Cactus): Attempt to create a directory with an empty or NULL string
WARNING[L1,P66] (CarpetIOHDF5): Problem creating HDF5 output directory ''
WARNING[L1,P109] (Cactus): Attempt to create a directory with an empty or NULL string
WARNING[L1,P109] (CarpetIOHDF5): Problem creating HDF5 output directory ''
WARNING[L1,P157] (Cactus): Attempt to create a directory with an empty or NULL string
WARNING[L1,P157] (CarpetIOHDF5): Problem creating HDF5 output directory ''
WARNING[L1,P68] (Cactus): Attempt to create a directory with an empty or NULL string
WARNING[L1,P68] (CarpetIOHDF5): Problem creating HDF5 output directory ''
WARNING[L1,P113] (Cactus): Attempt to create a directory with an empty or NULL string
WARNING[L1,P113] (CarpetIOHDF5): Problem creating HDF5 output directory ''
WARNING[L1,P161] (Cactus): Attempt to create a directory with an empty or NULL string
WARNING[L1,P161] (CarpetIOHDF5): Problem creating HDF5 output directory ''
WARNING[L1,P69] (Cactus): Attempt to create a directory with an empty or NULL string
WARNING[L1,P69] (CarpetIOHDF5): Problem creating HDF5 output directory ''
WARNING[L1,P117] (Cactus): Attempt to create a directory with an empty or NULL string
WARNING[L1,P117] (CarpetIOHDF5): Problem creating HDF5 output directory ''
WARNING[L1,P165] (Cactus): Attempt to create a directory with an empty or NULL string
WARNING[L1,P165] (CarpetIOHDF5): Problem creating HDF5 output directory ''
WARNING[L1,P70] (Cactus): Attempt to create a directory with an empty or NULL string
WARNING[L1,P70] (CarpetIOHDF5): Problem creating HDF5 output directory ''
WARNING[L1,P120] (Cactus): Attempt to create a directory with an empty or NULL string
WARNING[L1,P120] (CarpetIOHDF5): Problem creating HDF5 output directory ''
WARNING[L1,P168] (Cactus): Attempt to create a directory with an empty or NULL string
WARNING[L1,P168] (CarpetIOHDF5): Problem creating HDF5 output directory ''
WARNING[L1,P72] (Cactus): Attempt to create a directory with an empty or NULL string
WARNING[L1,P72] (CarpetIOHDF5): Problem creating HDF5 output directory ''
WARNING[L1,P121] (Cactus): Attempt to create a directory with an empty or NULL string
WARNING[L1,P121] (CarpetIOHDF5): Problem creating HDF5 output directory ''
WARNING[L1,P169] (Cactus): Attempt to create a directory with an empty or NULL string
WARNING[L1,P169] (CarpetIOHDF5): Problem creating HDF5 output directory ''
WARNING[L1,P73] (Cactus): Attempt to create a directory with an empty or NULL string
WARNING[L1,P73] (CarpetIOHDF5): Problem creating HDF5 output directory ''
WARNING[L1,P124] (Cactus): Attempt to create a directory with an empty or NULL string
WARNING[L1,P124] (CarpetIOHDF5): Problem creating HDF5 output directory ''
WARNING[L1,P170] (Cactus): Attempt to create a directory with an empty or NULL string
WARNING[L1,P170] (CarpetIOHDF5): Problem creating HDF5 output directory ''
WARNING[L1,P74] (Cactus): Attempt to create a directory with an empty or NULL string
WARNING[L1,P74] (CarpetIOHDF5): Problem creating HDF5 output directory ''
WARNING[L1,P125] (Cactus): Attempt to create a directory with an empty or NULL string
WARNING[L1,P125] (CarpetIOHDF5): Problem creating HDF5 output directory ''
WARNING[L1,P172] (Cactus): Attempt to create a directory with an empty or NULL string
WARNING[L1,P172] (CarpetIOHDF5): Problem creating HDF5 output directory ''
WARNING[L1,P76] (Cactus): Attempt to create a directory with an empty or NULL string
WARNING[L1,P76] (CarpetIOHDF5): Problem creating HDF5 output directory ''
WARNING[L1,P128] (Cactus): Attempt to create a directory with an empty or NULL string
WARNING[L1,P128] (CarpetIOHDF5): Problem creating HDF5 output directory ''
WARNING[L1,P173] (Cactus): Attempt to create a directory with an empty or NULL string
WARNING[L1,P173] (CarpetIOHDF5): Problem creating HDF5 output directory ''
WARNING[L1,P77] (Cactus): Attempt to create a directory with an empty or NULL string
WARNING[L1,P77] (CarpetIOHDF5): Problem creating HDF5 output directory ''
WARNING[L1,P129] (Cactus): Attempt to create a directory with an empty or NULL string
WARNING[L1,P129] (CarpetIOHDF5): Problem creating HDF5 output directory ''
WARNING[L1,P174] (Cactus): Attempt to create a directory with an empty or NULL string
WARNING[L1,P174] (CarpetIOHDF5): Problem creating HDF5 output directory ''
WARNING[L1,P78] (Cactus): Attempt to create a directory with an empty or NULL string
WARNING[L1,P78] (CarpetIOHDF5): Problem creating HDF5 output directory ''
WARNING[L1,P130] (Cactus): Attempt to create a directory with an empty or NULL string
WARNING[L1,P130] (CarpetIOHDF5): Problem creating HDF5 output directory ''
WARNING[L1,P176] (Cactus): Attempt to create a directory with an empty or NULL string
WARNING[L1,P176] (CarpetIOHDF5): Problem creating HDF5 output directory ''
WARNING[L1,P80] (Cactus): Attempt to create a directory with an empty or NULL string
WARNING[L1,P80] (CarpetIOHDF5): Problem creating HDF5 output directory ''
WARNING[L1,P132] (Cactus): Attempt to create a directory with an empty or NULL string
WARNING[L1,P132] (CarpetIOHDF5): Problem creating HDF5 output directory ''
WARNING[L1,P177] (Cactus): Attempt to create a directory with an empty or NULL string
WARNING[L1,P177] (CarpetIOHDF5): Problem creating HDF5 output directory ''
WARNING[L1,P81] (Cactus): Attempt to create a directory with an empty or NULL string
WARNING[L1,P81] (CarpetIOHDF5): Problem creating HDF5 output directory ''
WARNING[L1,P133] (Cactus): Attempt to create a directory with an empty or NULL string
WARNING[L1,P133] (CarpetIOHDF5): Problem creating HDF5 output directory ''
WARNING[L1,P180] (Cactus): Attempt to create a directory with an empty or NULL string
WARNING[L1,P180] (CarpetIOHDF5): Problem creating HDF5 output directory ''
WARNING[L1,P82] (Cactus): Attempt to create a directory with an empty or NULL string
WARNING[L1,P82] (CarpetIOHDF5): Problem creating HDF5 output directory ''
WARNING[L1,P134] (Cactus): Attempt to create a directory with an empty or NULL string
WARNING[L1,P134] (CarpetIOHDF5): Problem creating HDF5 output directory ''
WARNING[L1,P181] (Cactus): Attempt to create a directory with an empty or NULL string
WARNING[L1,P181] (CarpetIOHDF5): Problem creating HDF5 output directory ''
WARNING[L1,P84] (Cactus): Attempt to create a directory with an empty or NULL string
WARNING[L1,P84] (CarpetIOHDF5): Problem creating HDF5 output directory ''
WARNING[L1,P136] (Cactus): Attempt to create a directory with an empty or NULL string
WARNING[L1,P136] (CarpetIOHDF5): Problem creating HDF5 output directory ''
WARNING[L1,P182] (Cactus): Attempt to create a directory with an empty or NULL string
WARNING[L1,P182] (CarpetIOHDF5): Problem creating HDF5 output directory ''
WARNING[L1,P85] (Cactus): Attempt to create a directory with an empty or NULL string
WARNING[L1,P85] (CarpetIOHDF5): Problem creating HDF5 output directory ''
WARNING[L1,P138] (Cactus): Attempt to create a directory with an empty or NULL string
WARNING[L1,P138] (CarpetIOHDF5): Problem creating HDF5 output directory ''
WARNING[L1,P184] (Cactus): Attempt to create a directory with an empty or NULL string
WARNING[L1,P184] (CarpetIOHDF5): Problem creating HDF5 output directory ''
WARNING[L1,P86] (Cactus): Attempt to create a directory with an empty or NULL string
WARNING[L1,P86] (CarpetIOHDF5): Problem creating HDF5 output directory ''
WARNING[L1,P140] (Cactus): Attempt to create a directory with an empty or NULL string
WARNING[L1,P140] (CarpetIOHDF5): Problem creating HDF5 output directory ''
WARNING[L1,P186] (Cactus): Attempt to create a directory with an empty or NULL string
WARNING[L1,P186] (CarpetIOHDF5): Problem creating HDF5 output directory ''
WARNING[L1,P88] (Cactus): Attempt to create a directory with an empty or NULL string
WARNING[L1,P88] (CarpetIOHDF5): Problem creating HDF5 output directory ''
WARNING[L1,P141] (Cactus): Attempt to create a directory with an empty or NULL string
WARNING[L1,P141] (CarpetIOHDF5): Problem creating HDF5 output directory ''
WARNING[L1,P188] (Cactus): Attempt to create a directory with an empty or NULL string
WARNING[L1,P188] (CarpetIOHDF5): Problem creating HDF5 output directory ''
WARNING[L1,P89] (Cactus): Attempt to create a directory with an empty or NULL string
WARNING[L1,P89] (CarpetIOHDF5): Problem creating HDF5 output directory ''
WARNING[L1,P142] (Cactus): Attempt to create a directory with an empty or NULL string
WARNING[L1,P142] (CarpetIOHDF5): Problem creating HDF5 output directory ''
WARNING[L1,P189] (Cactus): Attempt to create a directory with an empty or NULL string
WARNING[L1,P189] (CarpetIOHDF5): Problem creating HDF5 output directory ''
WARNING[L1,P90] (Cactus): Attempt to create a directory with an empty or NULL string
WARNING[L1,P90] (CarpetIOHDF5): Problem creating HDF5 output directory ''
WARNING[L1,P96] (Cactus): Attempt to create a directory with an empty or NULL string
WARNING[L1,P96] (CarpetIOHDF5): Problem creating HDF5 output directory ''
WARNING[L1,P190] (Cactus): Attempt to create a directory with an empty or NULL string
WARNING[L1,P190] (CarpetIOHDF5): Problem creating HDF5 output directory ''
WARNING[L1,P92] (Cactus): Attempt to create a directory with an empty or NULL string
WARNING[L1,P92] (CarpetIOHDF5): Problem creating HDF5 output directory ''
WARNING[L1,P98] (Cactus): Attempt to create a directory with an empty or NULL string
WARNING[L1,P98] (CarpetIOHDF5): Problem creating HDF5 output directory ''
WARNING[L1,P144] (Cactus): Attempt to create a directory with an empty or NULL string
WARNING[L1,P144] (CarpetIOHDF5): Problem creating HDF5 output directory ''
WARNING[L1,P93] (Cactus): Attempt to create a directory with an empty or NULL string
WARNING[L1,P93] (CarpetIOHDF5): Problem creating HDF5 output directory ''
WARNING[L1,P99] (Cactus): Attempt to create a directory with an empty or NULL string
WARNING[L1,P99] (CarpetIOHDF5): Problem creating HDF5 output directory ''
WARNING[L1,P146] (Cactus): Attempt to create a directory with an empty or NULL string
WARNING[L1,P146] (CarpetIOHDF5): Problem creating HDF5 output directory ''
WARNING[L1,P94] (Cactus): Attempt to create a directory with an empty or NULL string
WARNING[L1,P94] (CarpetIOHDF5): Problem creating HDF5 output directory ''
WARNING[L1,P100] (Cactus): Attempt to create a directory with an empty or NULL string
WARNING[L1,P100] (CarpetIOHDF5): Problem creating HDF5 output directory ''
WARNING[L1,P147] (Cactus): Attempt to create a directory with an empty or NULL string
WARNING[L1,P147] (CarpetIOHDF5): Problem creating HDF5 output directory ''
WARNING[L1,P48] (Cactus): Attempt to create a directory with an empty or NULL string
WARNING[L1,P48] (CarpetIOHDF5): Problem creating HDF5 output directory ''
WARNING[L1,P102] (Cactus): Attempt to create a directory with an empty or NULL string
WARNING[L1,P102] (CarpetIOHDF5): Problem creating HDF5 output directory ''
WARNING[L1,P148] (Cactus): Attempt to create a directory with an empty or NULL string
WARNING[L1,P148] (CarpetIOHDF5): Problem creating HDF5 output directory ''
WARNING[L1,P50] (Cactus): Attempt to create a directory with an empty or NULL string
WARNING[L1,P50] (CarpetIOHDF5): Problem creating HDF5 output directory ''
WARNING[L1,P103] (Cactus): Attempt to create a directory with an empty or NULL string
WARNING[L1,P103] (CarpetIOHDF5): Problem creating HDF5 output directory ''
WARNING[L1,P150] (Cactus): Attempt to create a directory with an empty or NULL string
WARNING[L1,P150] (CarpetIOHDF5): Problem creating HDF5 output directory ''
WARNING[L1,P51] (Cactus): Attempt to create a directory with an empty or NULL string
WARNING[L1,P51] (CarpetIOHDF5): Problem creating HDF5 output directory ''
WARNING[L1,P106] (Cactus): Attempt to create a directory with an empty or NULL string
WARNING[L1,P106] (CarpetIOHDF5): Problem creating HDF5 output directory ''
WARNING[L1,P151] (Cactus): Attempt to create a directory with an empty or NULL string
WARNING[L1,P151] (CarpetIOHDF5): Problem creating HDF5 output directory ''
WARNING[L1,P52] (Cactus): Attempt to create a directory with an empty or NULL string
WARNING[L1,P52] (CarpetIOHDF5): Problem creating HDF5 output directory ''
WARNING[L1,P107] (Cactus): Attempt to create a directory with an empty or NULL string
WARNING[L1,P107] (CarpetIOHDF5): Problem creating HDF5 output directory ''
WARNING[L1,P152] (Cactus): Attempt to create a directory with an empty or NULL string
WARNING[L1,P152] (CarpetIOHDF5): Problem creating HDF5 output directory ''
WARNING[L1,P53] (Cactus): Attempt to create a directory with an empty or NULL string
WARNING[L1,P53] (CarpetIOHDF5): Problem creating HDF5 output directory ''
WARNING[L1,P108] (Cactus): Attempt to create a directory with an empty or NULL string
WARNING[L1,P108] (CarpetIOHDF5): Problem creating HDF5 output directory ''
WARNING[L1,P155] (Cactus): Attempt to create a directory with an empty or NULL string
WARNING[L1,P155] (CarpetIOHDF5): Problem creating HDF5 output directory ''
WARNING[L1,P54] (Cactus): Attempt to create a directory with an empty or NULL string
WARNING[L1,P54] (CarpetIOHDF5): Problem creating HDF5 output directory ''
WARNING[L1,P110] (Cactus): Attempt to create a directory with an empty or NULL string
WARNING[L1,P110] (CarpetIOHDF5): Problem creating HDF5 output directory ''
WARNING[L1,P158] (Cactus): Attempt to create a directory with an empty or NULL string
WARNING[L1,P158] (CarpetIOHDF5): Problem creating HDF5 output directory ''
WARNING[L1,P55] (Cactus): Attempt to create a directory with an empty or NULL string
WARNING[L1,P55] (CarpetIOHDF5): Problem creating HDF5 output directory ''
WARNING[L1,P111] (Cactus): Attempt to create a directory with an empty or NULL string
WARNING[L1,P111] (CarpetIOHDF5): Problem creating HDF5 output directory ''
WARNING[L1,P159] (Cactus): Attempt to create a directory with an empty or NULL string
WARNING[L1,P159] (CarpetIOHDF5): Problem creating HDF5 output directory ''
WARNING[L1,P56] (Cactus): Attempt to create a directory with an empty or NULL string
WARNING[L1,P56] (CarpetIOHDF5): Problem creating HDF5 output directory ''
WARNING[L1,P112] (Cactus): Attempt to create a directory with an empty or NULL string
WARNING[L1,P112] (CarpetIOHDF5): Problem creating HDF5 output directory ''
WARNING[L1,P160] (Cactus): Attempt to create a directory with an empty or NULL string
WARNING[L1,P160] (CarpetIOHDF5): Problem creating HDF5 output directory ''
WARNING[L1,P58] (Cactus): Attempt to create a directory with an empty or NULL string
WARNING[L1,P58] (CarpetIOHDF5): Problem creating HDF5 output directory ''
WARNING[L1,P114] (Cactus): Attempt to create a directory with an empty or NULL string
WARNING[L1,P114] (CarpetIOHDF5): Problem creating HDF5 output directory ''
WARNING[L1,P162] (Cactus): Attempt to create a directory with an empty or NULL string
WARNING[L1,P162] (CarpetIOHDF5): Problem creating HDF5 output directory ''
WARNING[L1,P59] (Cactus): Attempt to create a directory with an empty or NULL string
WARNING[L1,P59] (CarpetIOHDF5): Problem creating HDF5 output directory ''
WARNING[L1,P115] (Cactus): Attempt to create a directory with an empty or NULL string
WARNING[L1,P115] (CarpetIOHDF5): Problem creating HDF5 output directory ''
WARNING[L1,P163] (Cactus): Attempt to create a directory with an empty or NULL string
WARNING[L1,P163] (CarpetIOHDF5): Problem creating HDF5 output directory ''
WARNING[L1,P60] (Cactus): Attempt to create a directory with an empty or NULL string
WARNING[L1,P60] (CarpetIOHDF5): Problem creating HDF5 output directory ''
WARNING[L1,P116] (Cactus): Attempt to create a directory with an empty or NULL string
WARNING[L1,P116] (CarpetIOHDF5): Problem creating HDF5 output directory ''
WARNING[L1,P164] (Cactus): Attempt to create a directory with an empty or NULL string
WARNING[L1,P164] (CarpetIOHDF5): Problem creating HDF5 output directory ''
WARNING[L1,P63] (Cactus): Attempt to create a directory with an empty or NULL string
WARNING[L1,P63] (CarpetIOHDF5): Problem creating HDF5 output directory ''
WARNING[L1,P118] (Cactus): Attempt to create a directory with an empty or NULL string
WARNING[L1,P118] (CarpetIOHDF5): Problem creating HDF5 output directory ''
WARNING[L1,P166] (Cactus): Attempt to create a directory with an empty or NULL string
WARNING[L1,P166] (CarpetIOHDF5): Problem creating HDF5 output directory ''
WARNING[L1,P64] (Cactus): Attempt to create a directory with an empty or NULL string
WARNING[L1,P64] (CarpetIOHDF5): Problem creating HDF5 output directory ''
WARNING[L1,P119] (Cactus): Attempt to create a directory with an empty or NULL string
WARNING[L1,P119] (CarpetIOHDF5): Problem creating HDF5 output directory ''
WARNING[L1,P167] (Cactus): Attempt to create a directory with an empty or NULL string
WARNING[L1,P167] (CarpetIOHDF5): Problem creating HDF5 output directory ''
WARNING[L1,P67] (Cactus): Attempt to create a directory with an empty or NULL string
WARNING[L1,P67] (CarpetIOHDF5): Problem creating HDF5 output directory ''
WARNING[L1,P122] (Cactus): Attempt to create a directory with an empty or NULL string
WARNING[L1,P122] (CarpetIOHDF5): Problem creating HDF5 output directory ''
WARNING[L1,P171] (Cactus): Attempt to create a directory with an empty or NULL string
WARNING[L1,P171] (CarpetIOHDF5): Problem creating HDF5 output directory ''
WARNING[L1,P71] (Cactus): Attempt to create a directory with an empty or NULL string
WARNING[L1,P71] (CarpetIOHDF5): Problem creating HDF5 output directory ''
WARNING[L1,P123] (Cactus): Attempt to create a directory with an empty or NULL string
WARNING[L1,P123] (CarpetIOHDF5): Problem creating HDF5 output directory ''
WARNING[L1,P175] (Cactus): Attempt to create a directory with an empty or NULL string
WARNING[L1,P175] (CarpetIOHDF5): Problem creating HDF5 output directory ''
WARNING[L1,P75] (Cactus): Attempt to create a directory with an empty or NULL string
WARNING[L1,P75] (CarpetIOHDF5): Problem creating HDF5 output directory ''
WARNING[L1,P126] (Cactus): Attempt to create a directory with an empty or NULL string
WARNING[L1,P126] (CarpetIOHDF5): Problem creating HDF5 output directory ''
WARNING[L1,P178] (Cactus): Attempt to create a directory with an empty or NULL string
WARNING[L1,P178] (CarpetIOHDF5): Problem creating HDF5 output directory ''
WARNING[L1,P79] (Cactus): Attempt to create a directory with an empty or NULL string
WARNING[L1,P79] (CarpetIOHDF5): Problem creating HDF5 output directory ''
WARNING[L1,P127] (Cactus): Attempt to create a directory with an empty or NULL string
WARNING[L1,P127] (CarpetIOHDF5): Problem creating HDF5 output directory ''
WARNING[L1,P179] (Cactus): Attempt to create a directory with an empty or NULL string
WARNING[L1,P179] (CarpetIOHDF5): Problem creating HDF5 output directory ''
WARNING[L1,P83] (Cactus): Attempt to create a directory with an empty or NULL string
WARNING[L1,P83] (CarpetIOHDF5): Problem creating HDF5 output directory ''
WARNING[L1,P131] (Cactus): Attempt to create a directory with an empty or NULL string
WARNING[L1,P131] (CarpetIOHDF5): Problem creating HDF5 output directory ''
WARNING[L1,P183] (Cactus): Attempt to create a directory with an empty or NULL string
WARNING[L1,P183] (CarpetIOHDF5): Problem creating HDF5 output directory ''
WARNING[L1,P87] (Cactus): Attempt to create a directory with an empty or NULL string
WARNING[L1,P87] (CarpetIOHDF5): Problem creating HDF5 output directory ''
WARNING[L1,P135] (Cactus): Attempt to create a directory with an empty or NULL string
WARNING[L1,P135] (CarpetIOHDF5): Problem creating HDF5 output directory ''
WARNING[L1,P187] (Cactus): Attempt to create a directory with an empty or NULL string
WARNING[L1,P187] (CarpetIOHDF5): Problem creating HDF5 output directory ''
WARNING[L1,P91] (Cactus): Attempt to create a directory with an empty or NULL string
WARNING[L1,P91] (CarpetIOHDF5): Problem creating HDF5 output directory ''
WARNING[L1,P137] (Cactus): Attempt to create a directory with an empty or NULL string
WARNING[L1,P137] (CarpetIOHDF5): Problem creating HDF5 output directory ''
WARNING[L1,P191] (Cactus): Attempt to create a directory with an empty or NULL string
WARNING[L1,P191] (CarpetIOHDF5): Problem creating HDF5 output directory ''
WARNING[L1,P95] (Cactus): Attempt to create a directory with an empty or NULL string
WARNING[L1,P95] (CarpetIOHDF5): Problem creating HDF5 output directory ''
WARNING[L1,P139] (Cactus): Attempt to create a directory with an empty or NULL string
WARNING[L1,P139] (CarpetIOHDF5): Problem creating HDF5 output directory ''
WARNING[L1,P185] (Cactus): Attempt to create a directory with an empty or NULL string
WARNING[L1,P185] (CarpetIOHDF5): Problem creating HDF5 output directory ''
WARNING[L1,P57] (Cactus): Attempt to create a directory with an empty or NULL string
WARNING[L1,P57] (CarpetIOHDF5): Problem creating HDF5 output directory ''
WARNING[L1,P143] (Cactus): Attempt to create a directory with an empty or NULL string
WARNING[L1,P143] (CarpetIOHDF5): Problem creating HDF5 output directory ''
WARNING[L1,P1] (Cactus): Attempt to create a directory with an empty or NULL string
WARNING[L1,P1] (CarpetIOHDF5): Problem creating HDF5 output directory ''
WARNING[L1,P5] (Cactus): Attempt to create a directory with an empty or NULL string
WARNING[L1,P5] (CarpetIOHDF5): Problem creating HDF5 output directory ''
WARNING[L1,P9] (Cactus): Attempt to create a directory with an empty or NULL string
WARNING[L1,P9] (CarpetIOHDF5): Problem creating HDF5 output directory ''
WARNING[L1,P13] (Cactus): Attempt to create a directory with an empty or NULL string
WARNING[L1,P13] (CarpetIOHDF5): Problem creating HDF5 output directory ''
WARNING[L1,P17] (Cactus): Attempt to create a directory with an empty or NULL string
WARNING[L1,P17] (CarpetIOHDF5): Problem creating HDF5 output directory ''
WARNING[L1,P21] (Cactus): Attempt to create a directory with an empty or NULL string
WARNING[L1,P21] (CarpetIOHDF5): Problem creating HDF5 output directory ''
WARNING[L1,P25] (Cactus): Attempt to create a directory with an empty or NULL string
WARNING[L1,P25] (CarpetIOHDF5): Problem creating HDF5 output directory ''
WARNING[L1,P28] (Cactus): Attempt to create a directory with an empty or NULL string
WARNING[L1,P28] (CarpetIOHDF5): Problem creating HDF5 output directory ''
WARNING[L1,P29] (Cactus): Attempt to create a directory with an empty or NULL string
WARNING[L1,P29] (CarpetIOHDF5): Problem creating HDF5 output directory ''
WARNING[L1,P32] (Cactus): Attempt to create a directory with an empty or NULL string
WARNING[L1,P32] (CarpetIOHDF5): Problem creating HDF5 output directory ''
WARNING[L1,P33] (Cactus): Attempt to create a directory with an empty or NULL string
WARNING[L1,P33] (CarpetIOHDF5): Problem creating HDF5 output directory ''
WARNING[L1,P37] (Cactus): Attempt to create a directory with an empty or NULL string
WARNING[L1,P37] (CarpetIOHDF5): Problem creating HDF5 output directory ''
WARNING[L1,P40] (Cactus): Attempt to create a directory with an empty or NULL string
WARNING[L1,P40] (CarpetIOHDF5): Problem creating HDF5 output directory ''
WARNING[L1,P42] (Cactus): Attempt to create a directory with an empty or NULL string
WARNING[L1,P42] (CarpetIOHDF5): Problem creating HDF5 output directory ''
WARNING[L1,P45] (Cactus): Attempt to create a directory with an empty or NULL string
WARNING[L1,P45] (CarpetIOHDF5): Problem creating HDF5 output directory ''
WARNING[L1,P0] (Cactus): Attempt to create a directory with an empty or NULL string
WARNING[L1,P0] (CarpetIOHDF5): Problem creating HDF5 output directory ''
WARNING[L1,P2] (Cactus): Attempt to create a directory with an empty or NULL string
WARNING[L1,P2] (CarpetIOHDF5): Problem creating HDF5 output directory ''
WARNING[L1,P4] (Cactus): Attempt to create a directory with an empty or NULL string
WARNING[L1,P4] (CarpetIOHDF5): Problem creating HDF5 output directory ''
WARNING[L1,P6] (Cactus): Attempt to create a directory with an empty or NULL string
WARNING[L1,P6] (CarpetIOHDF5): Problem creating HDF5 output directory ''
WARNING[L1,P8] (Cactus): Attempt to create a directory with an empty or NULL string
WARNING[L1,P8] (CarpetIOHDF5): Problem creating HDF5 output directory ''
WARNING[L1,P10] (Cactus): Attempt to create a directory with an empty or NULL string
WARNING[L1,P10] (CarpetIOHDF5): Problem creating HDF5 output directory ''
WARNING[L1,P12] (Cactus): Attempt to create a directory with an empty or NULL string
WARNING[L1,P12] (CarpetIOHDF5): Problem creating HDF5 output directory ''
WARNING[L1,P14] (Cactus): Attempt to create a directory with an empty or NULL string
WARNING[L1,P14] (CarpetIOHDF5): Problem creating HDF5 output directory ''
WARNING[L1,P16] (Cactus): Attempt to create a directory with an empty or NULL string
WARNING[L1,P16] (CarpetIOHDF5): Problem creating HDF5 output directory ''
WARNING[L1,P18] (Cactus): Attempt to create a directory with an empty or NULL string
WARNING[L1,P18] (CarpetIOHDF5): Problem creating HDF5 output directory ''
WARNING[L1,P20] (Cactus): Attempt to create a directory with an empty or NULL string
WARNING[L1,P20] (CarpetIOHDF5): Problem creating HDF5 output directory ''
WARNING[L1,P22] (Cactus): Attempt to create a directory with an empty or NULL string
WARNING[L1,P22] (CarpetIOHDF5): Problem creating HDF5 output directory ''
WARNING[L1,P24] (Cactus): Attempt to create a directory with an empty or NULL string
WARNING[L1,P24] (CarpetIOHDF5): Problem creating HDF5 output directory ''
WARNING[L1,P26] (Cactus): Attempt to create a directory with an empty or NULL string
WARNING[L1,P26] (CarpetIOHDF5): Problem creating HDF5 output directory ''
WARNING[L1,P30] (Cactus): Attempt to create a directory with an empty or NULL string
WARNING[L1,P30] (CarpetIOHDF5): Problem creating HDF5 output directory ''
WARNING[L1,P34] (Cactus): Attempt to create a directory with an empty or NULL string
WARNING[L1,P34] (CarpetIOHDF5): Problem creating HDF5 output directory ''
WARNING[L1,P36] (Cactus): Attempt to create a directory with an empty or NULL string
WARNING[L1,P36] (CarpetIOHDF5): Problem creating HDF5 output directory ''
WARNING[L1,P38] (Cactus): Attempt to create a directory with an empty or NULL string
WARNING[L1,P38] (CarpetIOHDF5): Problem creating HDF5 output directory ''
WARNING[L1,P44] (Cactus): Attempt to create a directory with an empty or NULL string
WARNING[L1,P44] (CarpetIOHDF5): Problem creating HDF5 output directory ''
WARNING[L1,P46] (Cactus): Attempt to create a directory with an empty or NULL string
WARNING[L1,P46] (CarpetIOHDF5): Problem creating HDF5 output directory ''
WARNING[L1,P3] (Cactus): Attempt to create a directory with an empty or NULL string
WARNING[L1,P3] (CarpetIOHDF5): Problem creating HDF5 output directory ''
WARNING[L1,P7] (Cactus): Attempt to create a directory with an empty or NULL string
WARNING[L1,P7] (CarpetIOHDF5): Problem creating HDF5 output directory ''
WARNING[L1,P11] (Cactus): Attempt to create a directory with an empty or NULL string
WARNING[L1,P11] (CarpetIOHDF5): Problem creating HDF5 output directory ''
WARNING[L1,P15] (Cactus): Attempt to create a directory with an empty or NULL string
WARNING[L1,P15] (CarpetIOHDF5): Problem creating HDF5 output directory ''
WARNING[L1,P19] (Cactus): Attempt to create a directory with an empty or NULL string
WARNING[L1,P19] (CarpetIOHDF5): Problem creating HDF5 output directory ''
WARNING[L1,P23] (Cactus): Attempt to create a directory with an empty or NULL string
WARNING[L1,P23] (CarpetIOHDF5): Problem creating HDF5 output directory ''
WARNING[L1,P27] (Cactus): Attempt to create a directory with an empty or NULL string
WARNING[L1,P27] (CarpetIOHDF5): Problem creating HDF5 output directory ''
WARNING[L1,P31] (Cactus): Attempt to create a directory with an empty or NULL string
WARNING[L1,P31] (CarpetIOHDF5): Problem creating HDF5 output directory ''
WARNING[L1,P35] (Cactus): Attempt to create a directory with an empty or NULL string
WARNING[L1,P35] (CarpetIOHDF5): Problem creating HDF5 output directory ''
WARNING[L1,P39] (Cactus): Attempt to create a directory with an empty or NULL string
WARNING[L1,P39] (CarpetIOHDF5): Problem creating HDF5 output directory ''
WARNING[L1,P43] (Cactus): Attempt to create a directory with an empty or NULL string
WARNING[L1,P43] (CarpetIOHDF5): Problem creating HDF5 output directory ''
WARNING[L1,P47] (Cactus): Attempt to create a directory with an empty or NULL string
WARNING[L1,P47] (CarpetIOHDF5): Problem creating HDF5 output directory ''
WARNING[L1,P41] (Cactus): Attempt to create a directory with an empty or NULL string
WARNING[L1,P41] (CarpetIOHDF5): Problem creating HDF5 output directory ''
   SPHERICALSURFACE::sf_min_radius[3]
   SPHERICALSURFACE::sf_min_radius[4]
   SPHERICALSURFACE::sf_min_radius[5]
   SPHERICALSURFACE::sf_max_radius[0]
   SPHERICALSURFACE::sf_max_radius[1]
   SPHERICALSURFACE::sf_max_radius[2]
   SPHERICALSURFACE::sf_max_radius[3]
   SPHERICALSURFACE::sf_max_radius[4]
   SPHERICALSURFACE::sf_max_radius[5]
   SPHERICALSURFACE::sf_min_x[0]
   SPHERICALSURFACE::sf_min_x[1]
   SPHERICALSURFACE::sf_min_x[2]
   SPHERICALSURFACE::sf_min_x[3]
   SPHERICALSURFACE::sf_min_x[4]
   SPHERICALSURFACE::sf_min_x[5]
   SPHERICALSURFACE::sf_min_y[0]
   SPHERICALSURFACE::sf_min_y[1]
   SPHERICALSURFACE::sf_min_y[2]
   SPHERICALSURFACE::sf_min_y[3]
   SPHERICALSURFACE::sf_min_y[4]
   SPHERICALSURFACE::sf_min_y[5]
   SPHERICALSURFACE::sf_min_z[0]
   SPHERICALSURFACE::sf_min_z[1]
   SPHERICALSURFACE::sf_min_z[2]
   SPHERICALSURFACE::sf_min_z[3]
   SPHERICALSURFACE::sf_min_z[4]
   SPHERICALSURFACE::sf_min_z[5]
   SPHERICALSURFACE::sf_max_x[0]
   SPHERICALSURFACE::sf_max_x[1]
   SPHERICALSURFACE::sf_max_x[2]
   SPHERICALSURFACE::sf_max_x[3]
   SPHERICALSURFACE::sf_max_x[4]
   SPHERICALSURFACE::sf_max_x[5]
   SPHERICALSURFACE::sf_max_y[0]
   SPHERICALSURFACE::sf_max_y[1]
   SPHERICALSURFACE::sf_max_y[2]
   SPHERICALSURFACE::sf_max_y[3]
   SPHERICALSURFACE::sf_max_y[4]
   SPHERICALSURFACE::sf_max_y[5]
   SPHERICALSURFACE::sf_max_z[0]
   SPHERICALSURFACE::sf_max_z[1]
   SPHERICALSURFACE::sf_max_z[2]
   SPHERICALSURFACE::sf_max_z[3]
   SPHERICALSURFACE::sf_max_z[4]
   SPHERICALSURFACE::sf_max_z[5]
INFO (CarpetIOASCII): I/O Method 'IOASCII_1D' registered: 1D AMR output of grid variables to ASCII files
INFO (CarpetIOASCII): Periodic 1D AMR output requested for:
   ADMBASE::alp
   ADMBASE::betax
   ADMBASE::betay
   ADMBASE::betaz
   LEANBSSNMOL::hc
   LEANBSSNMOL::mcx
   LEANBSSNMOL::mcy
   LEANBSSNMOL::mcz
   MAGSCALARBASE::Ex
   MAGSCALARBASE::Ey
   MAGSCALARBASE::Ez
   MAGSCALARBASE::Ax
   MAGSCALARBASE::Ay
   MAGSCALARBASE::Az
   MAGSCALARBASE::Aphi
   MAGSCALARBASE::phi1
   MAGSCALARBASE::phi2
   MAGSCALARBASE::Kphi1
   MAGSCALARBASE::Kphi2
   MAGSCALAREVOLVE::gc
   MAGSCALAREVOLVE::rho_e
   MAGSCALAREVOLVE::rho_phi
INFO (CarpetIOASCII): I/O Method 'IOASCII_2D' registered: 2D AMR output of grid variables to ASCII files
INFO (CarpetIOASCII): I/O Method 'IOASCII_3D' registered: 3D AMR output of grid variables to ASCII files
INFO (CarpetIOHDF5): I/O Method 'IOHDF5' registered: AMR output of grid variables to HDF5 files
INFO (CarpetIOHDF5): I/O Method 'IOHDF5_0D' registered: 0D AMR output of grid variables to HDF5 files
INFO (CarpetIOHDF5): I/O Method 'IOHDF5_1D' registered: 1D AMR output of grid variables to HDF5 files
INFO (CarpetIOHDF5): I/O Method 'IOHDF5_2D' registered: 2D AMR output of grid variables to HDF5 files
INFO (CarpetIOHDF5): Periodic 2D AMR output requested for:
   MAGSCALAREVOLVE::rho_e
   MAGSCALAREVOLVE::rho_phi
   SPACEMASK::space_mask
INFO (CarpetIOHDF5): I/O Method 'IOHDF5_3D' registered: 3D AMR output of grid variables to HDF5 files
INFO (MoL): Using Runge-Kutta 4 as the time integrator.
INFO (SymBase): Symmetry on lower z-face: reflection_symmetry
INFO (MoL): The maximum number of evolved variables is 1862. 37 are registered.
INFO (MoL): The maximum number of slow evolved variables is 1862. 0 are registered.
INFO (MoL): The maximum number of constrained variables is 1862. 12 are registered.
INFO (MoL): The maximum number of SandR variables is 1862. 0 are registered.
INFO (MoL): The maximum number of evolved array variables is 1862. 0 are registered.
INFO (MoL): The maximum number of constrained array variables is 1862. 0 are registered.
INFO (MoL): The maximum number of SandR array variables is 1862. 0 are registered.
INFO (MoL): The maximum size of any array variables is 0.
INFO (Vectors): Testing vectorisation... [errors may result in segfaults]
INFO (Vectors): 101/101 tests passed 
INFO (CarpetRegrid2): Enforcing grid structure properties, iteration 0
INFO (CarpetRegrid2): Enforcing grid structure properties, iteration 1
INFO (CarpetRegrid2): Enforcing grid structure properties, iteration 0
INFO (CarpetRegrid2): Enforcing grid structure properties, iteration 1
INFO (CarpetRegrid2): Enforcing grid structure properties, iteration 0
INFO (CarpetRegrid2): Enforcing grid structure properties, iteration 1
INFO (CarpetRegrid2): Enforcing grid structure properties, iteration 0
INFO (CarpetRegrid2): Enforcing grid structure properties, iteration 1
INFO (CarpetRegrid2): Enforcing grid structure properties, iteration 0
INFO (CarpetRegrid2): Enforcing grid structure properties, iteration 1
INFO (CarpetRegrid2): Enforcing grid structure properties, iteration 0
INFO (CarpetRegrid2): Enforcing grid structure properties, iteration 1
INFO (CarpetRegrid2): Enforcing grid structure properties, iteration 0
INFO (CarpetRegrid2): Enforcing grid structure properties, iteration 1
INFO (CarpetRegrid2): Enforcing grid structure properties, iteration 0
INFO (CarpetRegrid2): Enforcing grid structure properties, iteration 1
INFO (CarpetRegrid2): Enforcing grid structure properties, iteration 0
INFO (CarpetRegrid2): Enforcing grid structure properties, iteration 1
INFO (Carpet): Grid structure (superregions, grid points):
   [0][0][0]   exterior: [0,0,0] : [68,68,37]   ([69,69,38] + PADDING) 180918
   [1][0][0]   exterior: [27,27,3] : [109,109,47]   ([83,83,45] + PADDING) 310005
   [2][0][0]   exterior: [95,95,9] : [177,177,53]   ([83,83,45] + PADDING) 310005
   [3][0][0]   exterior: [231,231,21] : [313,313,65]   ([83,83,45] + PADDING) 310005
   [4][0][0]   exterior: [503,503,45] : [585,585,89]   ([83,83,45] + PADDING) 310005
   [5][0][0]   exterior: [1047,1047,93] : [1129,1129,137]   ([83,83,45] + PADDING) 310005
   [6][0][0]   exterior: [2135,2135,189] : [2217,2217,233]   ([83,83,45] + PADDING) 310005
   [7][0][0]   exterior: [4311,4311,381] : [4393,4393,425]   ([83,83,45] + PADDING) 310005
   [8][0][0]   exterior: [8663,8663,765] : [8745,8745,809]   ([83,83,45] + PADDING) 310005
   [9][0][0]   exterior: [17367,17367,1533] : [17449,17449,1577]   ([83,83,45] + PADDING) 310005
INFO (Carpet): Grid structure (superregions, coordinates):
   [0][0][0]   exterior: [-272,-272,-24] : [272,272,272] : [8,8,8]
   [1][0][0]   exterior: [-164,-164,-12] : [164,164,164] : [4,4,4]
   [2][0][0]   exterior: [-82,-82,-6] : [82,82,82] : [2,2,2]
   [3][0][0]   exterior: [-41,-41,-3] : [41,41,41] : [1,1,1]
   [4][0][0]   exterior: [-20.5,-20.5,-1.5] : [20.5,20.5,20.5] : [0.5,0.5,0.5]
   [5][0][0]   exterior: [-10.25,-10.25,-0.75] : [10.25,10.25,10.25] : [0.25,0.25,0.25]
   [6][0][0]   exterior: [-5.125,-5.125,-0.375] : [5.125,5.125,5.125] : [0.125,0.125,0.125]
   [7][0][0]   exterior: [-2.5625,-2.5625,-0.1875] : [2.5625,2.5625,2.5625] : [0.0625,0.0625,0.0625]
   [8][0][0]   exterior: [-1.28125,-1.28125,-0.09375] : [1.28125,1.28125,1.28125] : [0.03125,0.03125,0.03125]
   [9][0][0]   exterior: [-0.640625,-0.640625,-0.046875] : [0.640625,0.640625,0.640625] : [0.015625,0.015625,0.015625]
INFO (Carpet): Global grid structure statistics:
INFO (Carpet): GF: rhs: 139k active, 289k owned (+107%), 1029k total (+256%), 1.02e+03 steps/time
INFO (Carpet): GF: vars: 278, pts: 384M active, 759M owned (+98%), 2747M total (+262%), 1.0 comp/proc
INFO (Carpet): GA: vars: 1658, pts: 654M active, 654M total (+0%)
INFO (Carpet): Total required memory: 29.015 GByte (for GAs and currently active GFs)
INFO (Carpet): Load balance:  min     avg     max     sdv     max/avg-1
INFO (Carpet): Level  0:       0M      0M      0M      0M owned     63%
INFO (Carpet): Level  1:       0M      0M      1M      0M owned     23%
INFO (Carpet): Level  2:       0M      0M      1M      0M owned     23%
INFO (Carpet): Level  3:       0M      0M      1M      0M owned     23%
INFO (Carpet): Level  4:       0M      0M      1M      0M owned     23%
INFO (Carpet): Level  5:       0M      0M      1M      0M owned     23%
INFO (Carpet): Level  6:       0M      0M      1M      0M owned     23%
INFO (Carpet): Level  7:       0M      0M      1M      0M owned     23%
INFO (Carpet): Level  8:       0M      0M      1M      0M owned     23%
INFO (Carpet): Level  9:       0M      0M      1M      0M owned     23%
WARNING[L1,P0] (QuasiLocalMeasures): Did not manage to integrate along a Killing vector field line loop
INFO (CartGrid3D): Grid Spacings:
INFO (CartGrid3D): dx=>8.0000000e+00  dy=>8.0000000e+00  dz=>8.0000000e+00
INFO (CartGrid3D): Computational Coordinates:
INFO (CartGrid3D): x=>[-272.000,272.000]  y=>[-272.000,272.000]  z=>[-24.000,272.000]
INFO (CartGrid3D): Indices of Physical Coordinates:
INFO (CartGrid3D): x=>[0,68]  y=>[0,68]  z=>[0,37]
INFO (AHFinderDirect): setting up AHFinderDirect data structures
INFO (AHFinderDirect):            to search for 6 horizons on 192 processors
INFO (AHFinderDirect):       constructing full sphere patch system
INFO (AHFinderDirect):                    at origin (0,0,0)
INFO (AHFinderDirect):                    with 18 angular zones per right angle
INFO (AHFinderDirect):       ==> 2166 nominal, 3174 ghosted angular grid points
INFO (AHFinderDirect):       constructing full sphere patch system
INFO (AHFinderDirect):                    at origin (0,0,0)
INFO (AHFinderDirect):                    with 18 angular zones per right angle
INFO (AHFinderDirect):       ==> 2166 nominal, 3174 ghosted angular grid points
INFO (AHFinderDirect):       constructing full sphere patch system
INFO (AHFinderDirect):                    at origin (0,0,0)
INFO (AHFinderDirect):                    with 18 angular zones per right angle
INFO (AHFinderDirect):       ==> 2166 nominal, 3174 ghosted angular grid points
INFO (AHFinderDirect):       constructing full sphere patch system
INFO (AHFinderDirect):                    at origin (0,0,0)
INFO (AHFinderDirect):                    with 18 angular zones per right angle
INFO (AHFinderDirect):       ==> 2166 nominal, 3174 ghosted angular grid points
INFO (AHFinderDirect):       constructing full sphere patch system
INFO (AHFinderDirect):                    at origin (0,0,0)
INFO (AHFinderDirect):                    with 18 angular zones per right angle
INFO (AHFinderDirect):       ==> 2166 nominal, 3174 ghosted angular grid points
INFO (AHFinderDirect):       constructing full sphere patch system
INFO (AHFinderDirect):                    at origin (0,0,0)
INFO (AHFinderDirect):                    with 18 angular zones per right angle
INFO (AHFinderDirect):       ==> 2166 nominal, 3174 ghosted angular grid points
INFO (TerminationTrigger): Reminding you every 0 minutes about remaining walltime
INFO (Time): Timestep set to 3.2 (courant_static)
INFO (MagScalarInit): Step size in input file, h=0.00166667
INFO (QuasiLocalMeasures): Initialising Quasi-Local Measure calculations
INFO (TerminationTrigger): Reminding you every 0 minutes about remaining walltime
INFO (Time): Timestep set to 1.6 (courant_static)
INFO (MagScalarInit): Step size in input file, h=0.00166667
INFO (TerminationTrigger): Reminding you every 0 minutes about remaining walltime
INFO (Time): Timestep set to 0.8 (courant_static)
INFO (MagScalarInit): Step size in input file, h=0.00166667
INFO (TerminationTrigger): Reminding you every 0 minutes about remaining walltime
INFO (Time): Timestep set to 0.4 (courant_static)
INFO (MagScalarInit): Step size in input file, h=0.00166667
INFO (TerminationTrigger): Reminding you every 0 minutes about remaining walltime
INFO (Time): Timestep set to 0.2 (courant_static)
INFO (MagScalarInit): Step size in input file, h=0.00166667
INFO (TerminationTrigger): Reminding you every 0 minutes about remaining walltime
INFO (Time): Timestep set to 0.1 (courant_static)
INFO (MagScalarInit): Step size in input file, h=0.00166667
INFO (TerminationTrigger): Reminding you every 0 minutes about remaining walltime
INFO (Time): Timestep set to 0.05 (courant_static)
INFO (MagScalarInit): Step size in input file, h=0.00166667
INFO (TerminationTrigger): Reminding you every 0 minutes about remaining walltime
INFO (Time): Timestep set to 0.025 (courant_static)
INFO (MagScalarInit): Step size in input file, h=0.00166667
INFO (TerminationTrigger): Reminding you every 0 minutes about remaining walltime
INFO (Time): Timestep set to 0.0125 (courant_static)
INFO (MagScalarInit): Step size in input file, h=0.00166667
INFO (TerminationTrigger): Reminding you every 0 minutes about remaining walltime
INFO (Time): Timestep set to 0.00625 (courant_static)
INFO (MagScalarInit): Step size in input file, h=0.00166667
INFO (AHFinderDirect): proc 0: searching for horizon 1/6
INFO (AHFinderDirect): AH 6/6: r=239.239 at (-0.000990,0.000024,-0.000016)
INFO (AHFinderDirect): AH 6/6: area=723835.2208 m_irreducible=120.0010174
INFO (AHFinderDirect): AH 2/6: r=29.3113 at (-0.001000,-0.000000,0.000000)
INFO (AHFinderDirect): AH 2/6: area=11309.93119 m_irreducible=15.00013106
INFO (AHFinderDirect): AH 3/6: r=79.2575 at (-0.001000,-0.000000,0.000000)
INFO (AHFinderDirect): AH 3/6: area=80424.87705 m_irreducible=40.00002614
INFO (AHFinderDirect): AH 4/6: r=99.2511 at (-0.001000,0.000000,0.000000)
INFO (AHFinderDirect): AH 4/6: area=125663.7918 m_irreducible=50.00001704
INFO (AHFinderDirect): AH 5/6: r=179.24 at (-0.001000,0.000000,-0.000000)
INFO (AHFinderDirect): AH 5/6: area=407150.4552 m_irreducible=90.00000523
INFO (QuasiLocalMeasures): Calculating quasi-local quantities for surface    0
INFO (QuasiLocalMeasures): Importing from spherical surface    0
INFO (QuasiLocalMeasures): Geometric quantities for surface    0:
INFO (QuasiLocalMeasures):    Area A:                            0.00000
INFO (QuasiLocalMeasures):    Irreducible mass M = R/2:          0.00000
INFO (QuasiLocalMeasures):    Areal radius R = sqrt(A/4pi):      0.00000
INFO (QuasiLocalMeasures): Coordinate-dependent quantities for surface    0:
INFO (QuasiLocalMeasures):    Equatorial circumference:             0.00000
INFO (QuasiLocalMeasures):    Polar circumference at phi=0:         0.00000
INFO (QuasiLocalMeasures):    Polar circumference at phi=pi/2:      0.00000
INFO (QuasiLocalMeasures):    No valid spin guess from distortion.
INFO (QuasiLocalMeasures):    (Spin guess is imaginary.)
INFO (QuasiLocalMeasures):    Magnitude of invalid spin guess:              NaN
INFO (QuasiLocalMeasures):    Mass guess M from distortion:                 NaN
INFO (QuasiLocalMeasures): Isolated Horizon quantities for surface    0:
INFO (QuasiLocalMeasures):    Killing vector field eigenvalue norm:      0.00000
INFO (QuasiLocalMeasures):    Spin J:                                            NaN
INFO (QuasiLocalMeasures):    Kerr spin parameter a = J/M:                       NaN
INFO (QuasiLocalMeasures):    Dimensionless spin parameter a = J/M^2:            NaN
INFO (QuasiLocalMeasures):    Spin J from NP:                                    NaN
INFO (QuasiLocalMeasures):    Spin J from phi-coordinate-vector:         0.00000
INFO (QuasiLocalMeasures):    Mass M:                                            NaN
INFO (QuasiLocalMeasures): Global quantities for surface    0:
INFO (QuasiLocalMeasures):    ADM energy:                          NaN
INFO (QuasiLocalMeasures):    ADM momentum x:                      NaN
INFO (QuasiLocalMeasures):    ADM momentum y:                      NaN
INFO (QuasiLocalMeasures):    ADM momentum z:                      NaN
INFO (QuasiLocalMeasures):    ADM angular momentum x:              NaN
INFO (QuasiLocalMeasures):    ADM angular momentum y:              NaN
INFO (QuasiLocalMeasures):    ADM angular momentum z:              NaN
INFO (QuasiLocalMeasures):    Weinberg energy:                          NaN
INFO (QuasiLocalMeasures):    Weinberg momentum x:                      NaN
INFO (QuasiLocalMeasures):    Weinberg momentum y:                      NaN
INFO (QuasiLocalMeasures):    Weinberg momentum z:                      NaN
INFO (QuasiLocalMeasures):    Weinberg angular momentum x:              NaN
INFO (QuasiLocalMeasures):    Weinberg angular momentum y:              NaN
INFO (QuasiLocalMeasures):    Weinberg angular momentum z:              NaN
------------------------------------------------------------------------------------
Iteration      Time | *me_per_hour |     LEANBSSNMOL::conf_fac | *TISTICS::maxrss_mb
                    |              |      minimum      maximum |   minimum   maximum
------------------------------------------------------------------------------------
        0     0.000 |    0.0000000 |    0.9602266    0.9982699 |       315       353
        1     0.006 |    5.7082823 |    0.9602266    0.9982699 |       327       365
        2     0.013 |    9.5243941 |    0.9602266    0.9982699 |       327       365
        3     0.019 |   12.0096656 |    0.9602266    0.9982699 |       327       365
        4     0.025 |   13.7976497 |    0.9602266    0.9982699 |       327       365
        5     0.031 |   14.3360495 |    0.9602266    0.9982699 |       327       365
        6     0.038 |   15.6639986 |    0.9602266    0.9982699 |       327       365
        7     0.044 |   16.5853824 |    0.9602266    0.9982699 |       327       365
        8     0.050 |   17.1010409 |    0.9602266    0.9982699 |       327       365
        9     0.056 |   16.5608881 |    0.9602266    0.9982699 |       327       365
       10     0.062 |   17.3147327 |    0.9602266    0.9982699 |       327       365
       11     0.069 |   17.8228114 |    0.9602266    0.9982699 |       327       365
       12     0.075 |   18.2494788 |    0.9602266    0.9982699 |       327       365
       13     0.081 |   18.2011422 |    0.9602266    0.9982699 |       327       365
       14     0.088 |   18.6787928 |    0.9602266    0.9982699 |       327       365
       15     0.094 |   18.8990696 |    0.9602266    0.9982699 |       327       365
       16     0.100 |   18.2203561 |    0.9602266    0.9982699 |       327       365
       17     0.106 |   17.1055962 |    0.9602266    0.9982699 |       327       365
       18     0.113 |   17.4419145 |    0.9602266    0.9982699 |       327       365
       19     0.119 |   17.7163071 |    0.9602266    0.9982699 |       327       365
------------------------------------------------------------------------------------
Iteration      Time | *me_per_hour |     LEANBSSNMOL::conf_fac | *TISTICS::maxrss_mb
                    |              |      minimum      maximum |   minimum   maximum
------------------------------------------------------------------------------------
       20     0.125 |   17.9815948 |    0.9602266    0.9982699 |       327       365
       21     0.131 |   17.9722986 |    0.9602266    0.9982699 |       327       365
       22     0.138 |   18.2961048 |    0.9602267    0.9982699 |       327       365
       23     0.144 |   18.5306912 |    0.9602267    0.9982699 |       327       365
       24     0.150 |   18.6493485 |    0.9602267    0.9982699 |       327       365
       25     0.156 |   18.3565973 |    0.9602267    0.9982699 |       327       365
       26     0.163 |   18.5882996 |    0.9602267    0.9982699 |       327       365
       27     0.169 |   18.7759700 |    0.9602267    0.9982699 |       327       365
       28     0.175 |   18.9511096 |    0.9602267    0.9982699 |       327       365
       29     0.181 |   18.9080802 |    0.9602267    0.9982699 |       327       365
       30     0.188 |   19.1359075 |    0.9602267    0.9982699 |       327       365
       31     0.194 |   19.2957449 |    0.9602267    0.9982699 |       327       365
       32     0.200 |   19.1949049 |    0.9602267    0.9982699 |       327       365
       33     0.206 |   18.5805119 |    0.9602267    0.9982699 |       327       365
       34     0.213 |   18.7842246 |    0.9602267    0.9982699 |       327       365
       35     0.219 |   18.9044557 |    0.9602267    0.9982699 |       327       365
       36     0.225 |   19.0370447 |    0.9602267    0.9982699 |       327       365
       37     0.231 |   19.0002361 |    0.9602267    0.9982699 |       327       365
       38     0.238 |   19.1784232 |    0.9602267    0.9982699 |       327       365
       39     0.244 |   19.2990242 |    0.9602267    0.9982699 |       327       365
------------------------------------------------------------------------------------
Iteration      Time | *me_per_hour |     LEANBSSNMOL::conf_fac | *TISTICS::maxrss_mb
                    |              |      minimum      maximum |   minimum   maximum
------------------------------------------------------------------------------------
       40     0.250 |   19.3594937 |    0.9602268    0.9982699 |       327       365
       41     0.256 |   19.1591412 |    0.9602268    0.9982699 |       327       365
       42     0.263 |   19.3195677 |    0.9602268    0.9982699 |       327       365
       43     0.269 |   19.4322880 |    0.9602268    0.9982699 |       327       365
       44     0.275 |   19.5345944 |    0.9602268    0.9982699 |       327       365
       45     0.281 |   19.4925120 |    0.9602268    0.9982699 |       327       365
       46     0.288 |   19.6221855 |    0.9602268    0.9982699 |       327       365
       47     0.294 |   19.7162151 |    0.9602268    0.9982699 |       327       365
       48     0.300 |   19.7081626 |    0.9602268    0.9982699 |       327       365
       49     0.306 |   19.3872404 |    0.9602268    0.9982699 |       327       365
       50     0.312 |   19.5205984 |    0.9602268    0.9982699 |       327       365
       51     0.319 |   19.6141859 |    0.9602268    0.9982699 |       327       365
       52     0.325 |   19.6999280 |    0.9602269    0.9982699 |       327       365
       53     0.331 |   19.6595924 |    0.9602269    0.9982699 |       327       365
       54     0.338 |   19.7813766 |    0.9602269    0.9982699 |       327       365
       55     0.344 |   19.8566011 |    0.9602269    0.9982699 |       327       365
       56     0.350 |   19.8915673 |    0.9602269    0.9982699 |       327       365
       57     0.356 |   19.7311745 |    0.9602269    0.9982699 |       327       365
       58     0.363 |   19.8444762 |    0.9602269    0.9982699 |       327       365
       59     0.369 |   19.9214060 |    0.9602269    0.9982699 |       327       365
------------------------------------------------------------------------------------
Iteration      Time | *me_per_hour |     LEANBSSNMOL::conf_fac | *TISTICS::maxrss_mb
                    |              |      minimum      maximum |   minimum   maximum
------------------------------------------------------------------------------------
       60     0.375 |   19.9877876 |    0.9602269    0.9982699 |       327       365
       61     0.381 |   19.9402273 |    0.9602269    0.9982699 |       327       365
       62     0.388 |   20.0445368 |    0.9602270    0.9982699 |       327       365
       63     0.394 |   20.1161489 |    0.9602270    0.9982699 |       327       365
       64     0.400 |   20.0263193 |    0.9602270    0.9982699 |       327       365
       65     0.406 |   19.5661833 |    0.9602270    0.9982699 |       327       365
       66     0.413 |   19.6632341 |    0.9602270    0.9982699 |       327       365
       67     0.419 |   19.7331014 |    0.9602270    0.9982699 |       327       365
       68     0.425 |   19.7974309 |    0.9602270    0.9982699 |       327       365
       69     0.431 |   19.7567639 |    0.9602270    0.9982699 |       327       365
       70     0.438 |   19.7665139 |    0.9602270    0.9982699 |       327       365
       71     0.444 |   19.6710723 |    0.9602271    0.9982699 |       327       365
       72     0.450 |   19.5470332 |    0.9602271    0.9982699 |       327       365
       73     0.456 |   19.3922290 |    0.9602271    0.9982699 |       327       365
       74     0.463 |   19.4807319 |    0.9602271    0.9982699 |       327       365
       75     0.469 |   19.5394012 |    0.9602271    0.9982699 |       327       365
       76     0.475 |   19.5986438 |    0.9602271    0.9982699 |       327       365
       77     0.481 |   19.5708320 |    0.9602271    0.9982699 |       327       365
       78     0.488 |   19.6556210 |    0.9602271    0.9982699 |       327       365
       79     0.494 |   19.7150579 |    0.9602272    0.9982699 |       327       365
------------------------------------------------------------------------------------
Iteration      Time | *me_per_hour |     LEANBSSNMOL::conf_fac | *TISTICS::maxrss_mb
                    |              |      minimum      maximum |   minimum   maximum
------------------------------------------------------------------------------------
       80     0.500 |   19.7115599 |    0.9602272    0.9982699 |       327       365
       81     0.506 |   19.5182384 |    0.9602272    0.9982699 |       327       365
       82     0.513 |   19.5994476 |    0.9602272    0.9982699 |       327       365
       83     0.519 |   19.6559275 |    0.9602272    0.9982699 |       327       365
       84     0.525 |   19.7090249 |    0.9602272    0.9982699 |       327       365
       85     0.531 |   19.6830070 |    0.9602273    0.9982699 |       327       365
       86     0.537 |   19.7457508 |    0.9602273    0.9982699 |       327       365
       87     0.544 |   19.7998092 |    0.9602273    0.9982699 |       327       365
       88     0.550 |   19.8229323 |    0.9602273    0.9982699 |       327       365
       89     0.556 |   19.7127155 |    0.9602273    0.9982699 |       327       365
       90     0.562 |   19.7857354 |    0.9602273    0.9982699 |       327       365
       91     0.569 |   19.8329651 |    0.9602274    0.9982699 |       327       365
       92     0.575 |   19.8792462 |    0.9602274    0.9982699 |       327       365
       93     0.581 |   19.8554870 |    0.9602274    0.9982699 |       327       365
       94     0.588 |   19.9251810 |    0.9602274    0.9982699 |       327       365
       95     0.594 |   19.9735000 |    0.9602274    0.9982699 |       327       365
       96     0.600 |   19.9437168 |    0.9602274    0.9982699 |       327       365
       97     0.606 |   19.7104681 |    0.9602275    0.9982699 |       327       365
       98     0.613 |   19.7775927 |    0.9602275    0.9982699 |       327       365
       99     0.619 |   19.8223169 |    0.9602275    0.9982699 |       327       365
------------------------------------------------------------------------------------
Iteration      Time | *me_per_hour |     LEANBSSNMOL::conf_fac | *TISTICS::maxrss_mb
                    |              |      minimum      maximum |   minimum   maximum
------------------------------------------------------------------------------------
      100     0.625 |   19.8363216 |    0.9602275    0.9982699 |       327       365
      101     0.631 |   19.8120795 |    0.9602275    0.9982699 |       327       365
      102     0.638 |   19.8746947 |    0.9602276    0.9982699 |       327       365
      103     0.644 |   19.9168116 |    0.9602276    0.9982699 |       327       365
      104     0.650 |   19.9305682 |    0.9602276    0.9982699 |       327       365
      105     0.656 |   19.8435918 |    0.9602276    0.9982699 |       327       365
      106     0.663 |   19.9050658 |    0.9602276    0.9982699 |       327       365
      107     0.669 |   19.9479167 |    0.9602277    0.9982699 |       327       365
      108     0.675 |   19.9872490 |    0.9602277    0.9982699 |       327       365
      109     0.681 |   19.9636652 |    0.9602277    0.9982699 |       327       365
      110     0.688 |   20.0225506 |    0.9602277    0.9982699 |       327       365
      111     0.694 |   20.0629674 |    0.9602277    0.9982699 |       327       365
      112     0.700 |   20.0575036 |    0.9602278    0.9982699 |       327       365
      113     0.706 |   19.9125363 |    0.9602278    0.9982699 |       327       365
      114     0.713 |   19.9687426 |    0.9602278    0.9982699 |       327       365
      115     0.719 |   19.9989221 |    0.9602278    0.9982699 |       327       365
      116     0.725 |   20.0350057 |    0.9602278    0.9982699 |       327       365
      117     0.731 |   20.0071457 |    0.9602279    0.9982699 |       327       365
      118     0.738 |   20.0602990 |    0.9602279    0.9982699 |       327       365
      119     0.744 |   20.0959419 |    0.9602279    0.9982699 |       327       365
------------------------------------------------------------------------------------
Iteration      Time | *me_per_hour |     LEANBSSNMOL::conf_fac | *TISTICS::maxrss_mb
                    |              |      minimum      maximum |   minimum   maximum
------------------------------------------------------------------------------------
      120     0.750 |   20.1083282 |    0.9602279    0.9982699 |       327       365
      121     0.756 |   20.0265657 |    0.9602280    0.9982699 |       327       365
      122     0.763 |   20.0790277 |    0.9602280    0.9982699 |       327       365
      123     0.769 |   20.0934269 |    0.9602280    0.9982699 |       327       365
      124     0.775 |   20.1145483 |    0.9602280    0.9982699 |       327       365
      125     0.781 |   19.9834837 |    0.9602280    0.9982699 |       327       365
      126     0.788 |   19.9790749 |    0.9602281    0.9982699 |       327       365
      127     0.794 |   20.0090383 |    0.9602281    0.9982699 |       327       365
      128     0.800 |   19.9430377 |    0.9602281    0.9982699 |       327       365
      129     0.806 |   19.6495994 |    0.9602281    0.9982699 |       327       365
      130     0.812 |   19.6992411 |    0.9602281    0.9982699 |       327       365
      131     0.819 |   19.7330021 |    0.9602282    0.9982699 |       327       365
      132     0.825 |   19.7650187 |    0.9602282    0.9982699 |       327       365
      133     0.831 |   19.7461627 |    0.9602282    0.9982699 |       327       365
      134     0.838 |   19.7917149 |    0.9602282    0.9982699 |       327       365
      135     0.844 |   19.8215134 |    0.9602283    0.9982699 |       327       365
      136     0.850 |   19.8352511 |    0.9602283    0.9982699 |       327       365
      137     0.856 |   19.7654824 |    0.9602283    0.9982699 |       327       365
      138     0.863 |   19.8120769 |    0.9602283    0.9982699 |       327       365
      139     0.869 |   19.8414724 |    0.9602284    0.9982699 |       327       365
------------------------------------------------------------------------------------
Iteration      Time | *me_per_hour |     LEANBSSNMOL::conf_fac | *TISTICS::maxrss_mb
                    |              |      minimum      maximum |   minimum   maximum
------------------------------------------------------------------------------------
      140     0.875 |   19.8713224 |    0.9602284    0.9982699 |       327       365
      141     0.881 |   19.8533780 |    0.9602284    0.9982699 |       327       365
      142     0.888 |   19.8984448 |    0.9602284    0.9982699 |       327       365
      143     0.894 |   19.9243652 |    0.9602285    0.9982699 |       327       365
      144     0.900 |   19.9182025 |    0.9602285    0.9982699 |       327       365
      145     0.906 |   19.7975998 |    0.9602285    0.9982699 |       327       365
      146     0.913 |   19.8413830 |    0.9602285    0.9982699 |       327       365
      147     0.919 |   19.8714069 |    0.9602286    0.9982699 |       327       365
      148     0.925 |   19.8990417 |    0.9602286    0.9982699 |       327       365
      149     0.931 |   19.8817306 |    0.9602286    0.9982699 |       327       365
      150     0.938 |   19.9242351 |    0.9602286    0.9982699 |       327       365
      151     0.944 |   19.9528544 |    0.9602287    0.9982699 |       327       365
      152     0.950 |   19.9644566 |    0.9602287    0.9982699 |       327       365
      153     0.956 |   19.8945661 |    0.9602287    0.9982699 |       327       365
      154     0.963 |   19.9276582 |    0.9602288    0.9982699 |       327       365
      155     0.969 |   19.9558082 |    0.9602288    0.9982699 |       327       365
      156     0.975 |   19.9810259 |    0.9602288    0.9982699 |       327       365
      157     0.981 |   19.9577466 |    0.9602288    0.9982699 |       327       365
      158     0.988 |   19.9977773 |    0.9602289    0.9982699 |       327       365
      159     0.994 |   20.0225238 |    0.9602289    0.9982699 |       327       365
------------------------------------------------------------------------------------
Iteration      Time | *me_per_hour |     LEANBSSNMOL::conf_fac | *TISTICS::maxrss_mb
                    |              |      minimum      maximum |   minimum   maximum
------------------------------------------------------------------------------------
      160     1.000 |   20.0026463 |    0.9602289    0.9982699 |       327       365
      161     1.006 |   19.8553015 |    0.9602290    0.9982699 |       327       365
      162     1.012 |   19.8948608 |    0.9602290    0.9982699 |       327       365
      163     1.019 |   19.9217408 |    0.9602290    0.9982699 |       327       365
      164     1.025 |   19.9463540 |    0.9602291    0.9982699 |       327       365
      165     1.031 |   19.9305403 |    0.9602291    0.9982699 |       327       365
      166     1.038 |   19.9687891 |    0.9602291    0.9982699 |       327       365
      167     1.044 |   19.9896739 |    0.9602292    0.9982699 |       327       365
      168     1.050 |   19.9998567 |    0.9602292    0.9982699 |       327       365
      169     1.056 |   19.9428880 |    0.9602292    0.9982699 |       327       365
      170     1.062 |   19.9753700 |    0.9602293    0.9982699 |       327       365
      171     1.069 |   20.0006594 |    0.9602293    0.9982699 |       327       365
      172     1.075 |   20.0238773 |    0.9602293    0.9982699 |       327       365
      173     1.081 |   20.0077059 |    0.9602294    0.9982699 |       327       365
      174     1.088 |   20.0432786 |    0.9602294    0.9982699 |       327       365
      175     1.094 |   20.0680377 |    0.9602294    0.9982699 |       327       365
      176     1.100 |   20.0638588 |    0.9602295    0.9982699 |       327       365
      177     1.106 |   19.9389968 |    0.9602295    0.9982699 |       327       365
      178     1.113 |   19.9284715 |    0.9602295    0.9982699 |       327       365
      179     1.119 |   19.9104666 |    0.9602296    0.9982699 |       327       365
------------------------------------------------------------------------------------
Iteration      Time | *me_per_hour |     LEANBSSNMOL::conf_fac | *TISTICS::maxrss_mb
                    |              |      minimum      maximum |   minimum   maximum
------------------------------------------------------------------------------------
      180     1.125 |   19.9310165 |    0.9602296    0.9982699 |       327       365
      181     1.131 |   19.9139072 |    0.9602297    0.9982699 |       327       365
      182     1.137 |   19.9484941 |    0.9602297    0.9982699 |       327       365
      183     1.144 |   19.9700537 |    0.9602297    0.9982699 |       327       365
      184     1.150 |   19.9771107 |    0.9602298    0.9982699 |       327       365
      185     1.156 |   19.9238479 |    0.9602298    0.9982699 |       327       365
      186     1.163 |   19.9577688 |    0.9602298    0.9982699 |       327       365
      187     1.169 |   19.9801985 |    0.9602299    0.9982699 |       327       365
      188     1.175 |   20.0016716 |    0.9602299    0.9982699 |       327       365
      189     1.181 |   19.9830848 |    0.9602299    0.9982699 |       327       365
      190     1.188 |   20.0161109 |    0.9602300    0.9982699 |       327       365
      191     1.194 |   20.0382324 |    0.9602300    0.9982699 |       327       365
      192     1.200 |   20.0096156 |    0.9602301    0.9982699 |       327       365
      193     1.206 |   19.8486459 |    0.9602301    0.9982699 |       327       365
      194     1.213 |   19.8813588 |    0.9602301    0.9982699 |       327       365
      195     1.219 |   19.9018064 |    0.9602302    0.9982699 |       327       365
      196     1.225 |   19.9196426 |    0.9602302    0.9982699 |       327       365
      197     1.231 |   19.9050189 |    0.9602302    0.9982699 |       327       365
      198     1.238 |   19.9369565 |    0.9602303    0.9982699 |       327       365
      199     1.244 |   19.9583216 |    0.9602303    0.9982699 |       327       365
------------------------------------------------------------------------------------
Iteration      Time | *me_per_hour |     LEANBSSNMOL::conf_fac | *TISTICS::maxrss_mb
                    |              |      minimum      maximum |   minimum   maximum
------------------------------------------------------------------------------------
      200     1.250 |   19.9664998 |    0.9602304    0.9982699 |       327       365
      201     1.256 |   19.9179191 |    0.9602304    0.9982699 |       327       365
      202     1.263 |   19.9490538 |    0.9602305    0.9982699 |       327       365
      203     1.269 |   19.9699598 |    0.9602305    0.9982699 |       327       365
      204     1.275 |   19.9898969 |    0.9602305    0.9982699 |       327       365
      205     1.281 |   19.9762651 |    0.9602306    0.9982699 |       327       365
      206     1.288 |   20.0067109 |    0.9602306    0.9982699 |       327       365
      207     1.294 |   20.0238477 |    0.9602307    0.9982699 |       327       365
      208     1.300 |   20.0182739 |    0.9602307    0.9982699 |       327       365
      209     1.306 |   19.9369846 |    0.9602307    0.9982699 |       327       365
      210     1.312 |   19.9532251 |    0.9602308    0.9982699 |       327       365
      211     1.319 |   19.9730751 |    0.9602308    0.9982699 |       327       365
      212     1.325 |   19.9913521 |    0.9602309    0.9982699 |       327       365
      213     1.331 |   19.9778061 |    0.9602309    0.9982699 |       327       365
      214     1.338 |   20.0070146 |    0.9602309    0.9982699 |       327       365
      215     1.344 |   20.0264702 |    0.9602310    0.9982699 |       327       365
      216     1.350 |   20.0339011 |    0.9602310    0.9982699 |       327       365
      217     1.356 |   19.9880046 |    0.9602311    0.9982699 |       327       365
      218     1.363 |   20.0167827 |    0.9602311    0.9982699 |       327       365
      219     1.369 |   20.0358378 |    0.9602312    0.9982699 |       327       365
------------------------------------------------------------------------------------
Iteration      Time | *me_per_hour |     LEANBSSNMOL::conf_fac | *TISTICS::maxrss_mb
                    |              |      minimum      maximum |   minimum   maximum
------------------------------------------------------------------------------------
      220     1.375 |   20.0539462 |    0.9602312    0.9982699 |       327       365
      221     1.381 |   20.0387999 |    0.9602313    0.9982699 |       327       365
      222     1.388 |   20.0671366 |    0.9602313    0.9982699 |       327       365
      223     1.394 |   20.0860111 |    0.9602313    0.9982699 |       327       365
      224     1.400 |   20.0646818 |    0.9602314    0.9982699 |       327       365
      225     1.406 |   19.9574704 |    0.9602314    0.9982699 |       327       365
      226     1.413 |   19.9852466 |    0.9602315    0.9982699 |       327       365
      227     1.419 |   20.0031618 |    0.9602315    0.9982699 |       327       365
      228     1.425 |   20.0189549 |    0.9602316    0.9982699 |       327       365
      229     1.431 |   19.9883842 |    0.9602316    0.9982699 |       327       365
      230     1.438 |   19.9642342 |    0.9602317    0.9982699 |       327       365
      231     1.444 |   19.9552428 |    0.9602317    0.9982699 |       327       365
      232     1.450 |   19.9618693 |    0.9602318    0.9982699 |       327       365
      233     1.456 |   19.9187849 |    0.9602318    0.9982699 |       327       365
      234     1.463 |   19.9434274 |    0.9602319    0.9982699 |       327       365
      235     1.469 |   19.9616398 |    0.9602319    0.9982699 |       327       365
      236     1.475 |   19.9790339 |    0.9602320    0.9982699 |       327       365
      237     1.481 |   19.9606828 |    0.9602320    0.9982699 |       327       365
      238     1.488 |   19.9873988 |    0.9602321    0.9982699 |       327       365
      239     1.494 |   20.0050209 |    0.9602321    0.9982699 |       327       365
------------------------------------------------------------------------------------
Iteration      Time | *me_per_hour |     LEANBSSNMOL::conf_fac | *TISTICS::maxrss_mb
                    |              |      minimum      maximum |   minimum   maximum
------------------------------------------------------------------------------------
      240     1.500 |   20.0020425 |    0.9602322    0.9982699 |       327       365
      241     1.506 |   19.9301816 |    0.9602322    0.9982699 |       327       365
      242     1.513 |   19.9564981 |    0.9602322    0.9982699 |       327       365
      243     1.519 |   19.9739946 |    0.9602323    0.9982699 |       327       365
      244     1.525 |   19.9905547 |    0.9602323    0.9982699 |       327       365
      245     1.531 |   19.9789163 |    0.9602324    0.9982699 |       327       365
      246     1.538 |   20.0046811 |    0.9602324    0.9982699 |       327       365
      247     1.544 |   20.0195755 |    0.9602325    0.9982699 |       327       365
      248     1.550 |   20.0257252 |    0.9602325    0.9982699 |       327       365
      249     1.556 |   19.9861106 |    0.9602326    0.9982699 |       327       365
      250     1.562 |   20.0096843 |    0.9602326    0.9982699 |       327       365
      251     1.569 |   20.0255110 |    0.9602327    0.9982699 |       327       365
      252     1.575 |   20.0414497 |    0.9602327    0.9982699 |       327       365
      253     1.581 |   20.0303636 |    0.9602328    0.9982699 |       327       365
      254     1.588 |   20.0542612 |    0.9602328    0.9982699 |       327       365
      255     1.594 |   20.0708939 |    0.9602329    0.9982699 |       327       365
      256     1.600 |   20.0345895 |    0.9602329    0.9982699 |       327       365
      257     1.606 |   19.8568436 |    0.9602330    0.9982699 |       327       365
      258     1.613 |   19.8814127 |    0.9602330    0.9982699 |       327       365
      259     1.619 |   19.8965820 |    0.9602331    0.9982699 |       327       365
------------------------------------------------------------------------------------
Iteration      Time | *me_per_hour |     LEANBSSNMOL::conf_fac | *TISTICS::maxrss_mb
                    |              |      minimum      maximum |   minimum   maximum
------------------------------------------------------------------------------------
      260     1.625 |   19.9107519 |    0.9602331    0.9982699 |       327       365
      261     1.631 |   19.9004838 |    0.9602332    0.9982699 |       327       365
      262     1.638 |   19.9247664 |    0.9602332    0.9982699 |       327       365
      263     1.644 |   19.9305445 |    0.9602333    0.9982699 |       327       365
      264     1.650 |   19.9370321 |    0.9602333    0.9982699 |       327       365
      265     1.656 |   19.9006389 |    0.9602334    0.9982699 |       327       365
      266     1.663 |   19.9245427 |    0.9602334    0.9982699 |       327       365
      267     1.669 |   19.9405868 |    0.9602335    0.9982699 |       327       365
      268     1.675 |   19.9557215 |    0.9602335    0.9982699 |       327       365
      269     1.681 |   19.9458148 |    0.9602336    0.9982699 |       327       365
      270     1.688 |   19.9692561 |    0.9602337    0.9982699 |       327       365
      271     1.694 |   19.9851479 |    0.9602337    0.9982699 |       327       365
      272     1.700 |   19.9823335 |    0.9602338    0.9982699 |       327       365
      273     1.706 |   19.9185643 |    0.9602338    0.9982699 |       327       365
      274     1.713 |   19.9416538 |    0.9602339    0.9982699 |       327       365
      275     1.719 |   19.9572226 |    0.9602339    0.9982699 |       327       365
      276     1.725 |   19.9721237 |    0.9602340    0.9982699 |       327       365
      277     1.731 |   19.9599625 |    0.9602340    0.9982699 |       327       365
      278     1.738 |   19.9824232 |    0.9602341    0.9982699 |       327       365
      279     1.744 |   19.9977503 |    0.9602342    0.9982699 |       327       365
------------------------------------------------------------------------------------
Iteration      Time | *me_per_hour |     LEANBSSNMOL::conf_fac | *TISTICS::maxrss_mb
                    |              |      minimum      maximum |   minimum   maximum
------------------------------------------------------------------------------------
      280     1.750 |   20.0030921 |    0.9602342    0.9982699 |       327       365
      281     1.756 |   19.9678460 |    0.9602343    0.9982699 |       327       365
      282     1.763 |   19.9901840 |    0.9602343    0.9982699 |       327       365
      283     1.769 |   20.0051635 |    0.9602344    0.9982699 |       327       365
      284     1.775 |   20.0052553 |    0.9602344    0.9982699 |       327       365
      285     1.781 |   19.9463264 |    0.9602345    0.9982699 |       327       365
      286     1.788 |   19.9365415 |    0.9602346    0.9982699 |       327       365
      287     1.794 |   19.9490929 |    0.9602346    0.9982699 |       327       365
      288     1.800 |   19.9363637 |    0.9602347    0.9982699 |       327       365
      289     1.806 |   19.8530365 |    0.9602347    0.9982699 |       327       365
      290     1.812 |   19.8749332 |    0.9602348    0.9982699 |       327       365
      291     1.819 |   19.8898346 |    0.9602349    0.9982699 |       327       365
      292     1.825 |   19.9022484 |    0.9602349    0.9982699 |       327       365
      293     1.831 |   19.8931987 |    0.9602350    0.9982699 |       327       365
      294     1.838 |   19.9131582 |    0.9602350    0.9982699 |       327       365
      295     1.844 |   19.9269493 |    0.9602351    0.9982699 |       327       365
      296     1.850 |   19.9326806 |    0.9602352    0.9982699 |       327       365
      297     1.856 |   19.8998318 |    0.9602352    0.9982699 |       327       365
      298     1.863 |   19.9211299 |    0.9602353    0.9982699 |       327       365
      299     1.869 |   19.9323653 |    0.9602353    0.9982699 |       327       365
------------------------------------------------------------------------------------
Iteration      Time | *me_per_hour |     LEANBSSNMOL::conf_fac | *TISTICS::maxrss_mb
                    |              |      minimum      maximum |   minimum   maximum
------------------------------------------------------------------------------------
      300     1.875 |   19.9397129 |    0.9602354    0.9982699 |       327       365
      301     1.881 |   19.9307422 |    0.9602355    0.9982699 |       327       365
      302     1.888 |   19.9514484 |    0.9602355    0.9982699 |       327       365
      303     1.894 |   19.9638224 |    0.9602356    0.9982699 |       327       365
      304     1.900 |   19.9598274 |    0.9602357    0.9982699 |       327       365
      305     1.906 |   19.9047346 |    0.9602357    0.9982699 |       327       365
      306     1.913 |   19.9252047 |    0.9602358    0.9982699 |       327       365
      307     1.919 |   19.9365115 |    0.9602359    0.9982699 |       327       365
      308     1.925 |   19.9499674 |    0.9602359    0.9982699 |       327       365
      309     1.931 |   19.9409490 |    0.9602360    0.9982699 |       327       365
      310     1.938 |   19.9612469 |    0.9602361    0.9982699 |       327       365
      311     1.944 |   19.9750546 |    0.9602361    0.9982699 |       327       365
      312     1.950 |   19.9803618 |    0.9602362    0.9982699 |       327       365
      313     1.956 |   19.9475768 |    0.9602363    0.9982699 |       327       365
      314     1.963 |   19.9674254 |    0.9602363    0.9982699 |       327       365
      315     1.969 |   19.9799017 |    0.9602364    0.9982699 |       327       365
      316     1.975 |   19.9926764 |    0.9602365    0.9982699 |       327       365
      317     1.981 |   19.9810805 |    0.9602365    0.9982699 |       327       365
      318     1.988 |   20.0008546 |    0.9602366    0.9982699 |       327       365
      319     1.994 |   20.0142548 |    0.9602367    0.9982699 |       327       365
------------------------------------------------------------------------------------
Iteration      Time | *me_per_hour |     LEANBSSNMOL::conf_fac | *TISTICS::maxrss_mb
                    |              |      minimum      maximum |   minimum   maximum
------------------------------------------------------------------------------------
      320     2.000 |   19.9968458 |    0.9602367    0.9982699 |       327       365
      321     2.006 |   19.9004298 |    0.9602368    0.9982699 |       327       365
      322     2.013 |   19.9201245 |    0.9602369    0.9982699 |       327       365
      323     2.019 |   19.9332959 |    0.9602370    0.9982699 |       327       365
      324     2.025 |   19.9458830 |    0.9602370    0.9982699 |       327       365
      325     2.031 |   19.9373260 |    0.9602371    0.9982699 |       327       365
      326     2.038 |   19.9536198 |    0.9602372    0.9982699 |       327       365
      327     2.044 |   19.9666235 |    0.9602372    0.9982699 |       327       365
      328     2.050 |   19.9719970 |    0.9602373    0.9982699 |       327       365
      329     2.056 |   19.9417533 |    0.9602374    0.9982699 |       327       365
      330     2.062 |   19.9547378 |    0.9602375    0.9982699 |       327       365
      331     2.069 |   19.9676237 |    0.9602375    0.9982699 |       327       365
      332     2.075 |   19.9789883 |    0.9602376    0.9982699 |       327       365
      333     2.081 |   19.9691897 |    0.9602377    0.9982699 |       327       365
      334     2.087 |   19.9881285 |    0.9602378    0.9982699 |       327       365
      335     2.094 |   20.0008555 |    0.9602379    0.9982699 |       327       365
      336     2.100 |   19.9981885 |    0.9602379    0.9982699 |       327       365
      337     2.106 |   19.9161501 |    0.9602380    0.9982699 |       327       365
      338     2.113 |   19.9256831 |    0.9602381    0.9982699 |       327       365
      339     2.119 |   19.9364448 |    0.9602382    0.9982699 |       327       365
------------------------------------------------------------------------------------
Iteration      Time | *me_per_hour |     LEANBSSNMOL::conf_fac | *TISTICS::maxrss_mb
                    |              |      minimum      maximum |   minimum   maximum
------------------------------------------------------------------------------------
      340     2.125 |   19.9342676 |    0.9602383    0.9982699 |       327       365
      341     2.131 |   19.9008540 |    0.9602383    0.9982699 |       327       365
      342     2.138 |   19.8860809 |    0.9602384    0.9982699 |       327       365
      343     2.144 |   19.8899669 |    0.9602385    0.9982699 |       327       365
      344     2.150 |   19.8949380 |    0.9602386    0.9982699 |       327       365
      345     2.156 |   19.8670553 |    0.9602387    0.9982699 |       327       365
      346     2.163 |   19.8852095 |    0.9602388    0.9982699 |       327       365
      347     2.169 |   19.8977545 |    0.9602388    0.9982699 |       327       365
      348     2.175 |   19.9095241 |    0.9602389    0.9982699 |       327       365
      349     2.181 |   19.9019262 |    0.9602390    0.9982699 |       327       365
      350     2.188 |   19.9194934 |    0.9602391    0.9982699 |       327       365
      351     2.194 |   19.9318578 |    0.9602392    0.9982699 |       327       365
      352     2.200 |   19.9160863 |    0.9602393    0.9982699 |       327       365
      353     2.206 |   19.8488930 |    0.9602394    0.9982699 |       327       365
      354     2.212 |   19.8668962 |    0.9602394    0.9982699 |       327       365
      355     2.219 |   19.8777180 |    0.9602395    0.9982699 |       327       365
      356     2.225 |   19.8892615 |    0.9602396    0.9982699 |       327       365
      357     2.231 |   19.8818957 |    0.9602397    0.9982699 |       327       365
      358     2.238 |   19.8996297 |    0.9602398    0.9982699 |       327       365
      359     2.244 |   19.9112332 |    0.9602399    0.9982699 |       327       365
------------------------------------------------------------------------------------
Iteration      Time | *me_per_hour |     LEANBSSNMOL::conf_fac | *TISTICS::maxrss_mb
                    |              |      minimum      maximum |   minimum   maximum
------------------------------------------------------------------------------------
      360     2.250 |   19.9162746 |    0.9602400    0.9982699 |       327       365
      361     2.256 |   19.8895973 |    0.9602400    0.9982699 |       327       365
      362     2.263 |   19.9071596 |    0.9602401    0.9982699 |       327       365
      363     2.269 |   19.9182179 |    0.9602402    0.9982699 |       327       365
      364     2.275 |   19.9293802 |    0.9602403    0.9982699 |       327       365
      365     2.281 |   19.9218701 |    0.9602404    0.9982699 |       327       365
      366     2.288 |   19.9384936 |    0.9602405    0.9982699 |       327       365
      367     2.294 |   19.9482429 |    0.9602406    0.9982699 |       327       365
      368     2.300 |   19.9459053 |    0.9602407    0.9982699 |       327       365
      369     2.306 |   19.8994262 |    0.9602408    0.9982699 |       327       365
      370     2.312 |   19.9164586 |    0.9602408    0.9982699 |       327       365
      371     2.319 |   19.9282378 |    0.9602409    0.9982699 |       327       365
      372     2.325 |   19.9393296 |    0.9602410    0.9982699 |       327       365
      373     2.331 |   19.9322545 |    0.9602411    0.9982699 |       327       365
      374     2.337 |   19.9492430 |    0.9602412    0.9982699 |       327       365
      375     2.344 |   19.9606599 |    0.9602413    0.9982699 |       327       365
      376     2.350 |   19.9653813 |    0.9602414    0.9982699 |       327       365
      377     2.356 |   19.9395965 |    0.9602415    0.9982699 |       327       365
      378     2.363 |   19.9562402 |    0.9602415    0.9982699 |       327       365
      379     2.369 |   19.9677386 |    0.9602416    0.9982699 |       327       365
------------------------------------------------------------------------------------
Iteration      Time | *me_per_hour |     LEANBSSNMOL::conf_fac | *TISTICS::maxrss_mb
                    |              |      minimum      maximum |   minimum   maximum
------------------------------------------------------------------------------------
      380     2.375 |   19.9764939 |    0.9602417    0.9982699 |       327       365
      381     2.381 |   19.9694625 |    0.9602418    0.9982699 |       327       365
      382     2.388 |   19.9858694 |    0.9602419    0.9982699 |       327       365
      383     2.394 |   19.9971599 |    0.9602420    0.9982699 |       327       365
      384     2.400 |   19.9755444 |    0.9602421    0.9982699 |       327       365
      385     2.406 |   19.8774521 |    0.9602422    0.9982699 |       327       365
      386     2.413 |   19.8938021 |    0.9602423    0.9982699 |       327       365
      387     2.419 |   19.9051364 |    0.9602424    0.9982699 |       327       365
      388     2.425 |   19.9156803 |    0.9602425    0.9982699 |       327       365
      389     2.431 |   19.9088349 |    0.9602426    0.9982699 |       327       365
      390     2.438 |   19.9246354 |    0.9602427    0.9982699 |       327       365
      391     2.444 |   19.9156556 |    0.9602428    0.9982699 |       327       365
      392     2.450 |   19.8847057 |    0.9602429    0.9982699 |       327       365
      393     2.456 |   19.8460085 |    0.9602430    0.9982699 |       327       365
      394     2.463 |   19.8618665 |    0.9602431    0.9982699 |       327       365
      395     2.469 |   19.8723807 |    0.9602432    0.9982699 |       327       365
      396     2.475 |   19.8828261 |    0.9602433    0.9982699 |       327       365
      397     2.481 |   19.8762256 |    0.9602434    0.9982699 |       327       365
      398     2.488 |   19.8920595 |    0.9602435    0.9982699 |       327       365
      399     2.494 |   19.9028536 |    0.9602436    0.9982699 |       327       365
------------------------------------------------------------------------------------
Iteration      Time | *me_per_hour |     LEANBSSNMOL::conf_fac | *TISTICS::maxrss_mb
                    |              |      minimum      maximum |   minimum   maximum
------------------------------------------------------------------------------------
      400     2.500 |   19.9014543 |    0.9602437    0.9982699 |       327       365
      401     2.506 |   19.8599638 |    0.9602438    0.9982699 |       327       365
      402     2.513 |   19.8749090 |    0.9602439    0.9982699 |       327       365
      403     2.519 |   19.8855837 |    0.9602440    0.9982699 |       327       365
      404     2.525 |   19.8957196 |    0.9602441    0.9982699 |       327       365
      405     2.531 |   19.8875737 |    0.9602442    0.9982699 |       327       365
      406     2.538 |   19.9031869 |    0.9602443    0.9982699 |       327       365
      407     2.544 |   19.9139342 |    0.9602444    0.9982699 |       327       365
      408     2.550 |   19.9182161 |    0.9602445    0.9982699 |       327       365
      409     2.556 |   19.8914820 |    0.9602446    0.9982699 |       327       365
      410     2.562 |   19.9069706 |    0.9602447    0.9982699 |       327       365
      411     2.569 |   19.9166684 |    0.9602448    0.9982699 |       327       365
      412     2.575 |   19.9263823 |    0.9602449    0.9982699 |       327       365
      413     2.581 |   19.9199860 |    0.9602450    0.9982699 |       327       365
      414     2.588 |   19.9352156 |    0.9602451    0.9982699 |       327       365
      415     2.594 |   19.9456025 |    0.9602452    0.9982699 |       327       365
      416     2.600 |   19.9384360 |    0.9602453    0.9982699 |       327       365
      417     2.606 |   19.8819401 |    0.9602454    0.9982699 |       327       365
      418     2.613 |   19.8954652 |    0.9602455    0.9982699 |       327       365
      419     2.619 |   19.9042751 |    0.9602457    0.9982699 |       327       365
------------------------------------------------------------------------------------
Iteration      Time | *me_per_hour |     LEANBSSNMOL::conf_fac | *TISTICS::maxrss_mb
                    |              |      minimum      maximum |   minimum   maximum
------------------------------------------------------------------------------------
      420     2.625 |   19.9138896 |    0.9602458    0.9982699 |       327       365
      421     2.631 |   19.9073988 |    0.9602459    0.9982699 |       327       365
      422     2.638 |   19.9203970 |    0.9602460    0.9982699 |       327       365
      423     2.644 |   19.9305916 |    0.9602461    0.9982699 |       327       365
      424     2.650 |   19.9348407 |    0.9602462    0.9982699 |       327       365
      425     2.656 |   19.9124196 |    0.9602463    0.9982699 |       327       365
      426     2.663 |   19.9273305 |    0.9602464    0.9982699 |       327       365
      427     2.669 |   19.9375670 |    0.9602465    0.9982699 |       327       365
      428     2.675 |   19.9470555 |    0.9602466    0.9982699 |       327       365
      429     2.681 |   19.9410072 |    0.9602467    0.9982699 |       327       365
      430     2.688 |   19.9549549 |    0.9602469    0.9982699 |       327       365
      431     2.694 |   19.9650527 |    0.9602470    0.9982699 |       327       365
      432     2.700 |   19.9636478 |    0.9602471    0.9982699 |       327       365
      433     2.706 |   19.9239899 |    0.9602472    0.9982699 |       327       365
      434     2.713 |   19.9386675 |    0.9602473    0.9982699 |       327       365
      435     2.719 |   19.9484316 |    0.9602474    0.9982699 |       327       365
      436     2.725 |   19.9575283 |    0.9602475    0.9982699 |       327       365
      437     2.731 |   19.9514368 |    0.9602477    0.9982699 |       327       365
      438     2.738 |   19.9659188 |    0.9602478    0.9982699 |       327       365
      439     2.744 |   19.9751965 |    0.9602479    0.9982699 |       327       365
------------------------------------------------------------------------------------
Iteration      Time | *me_per_hour |     LEANBSSNMOL::conf_fac | *TISTICS::maxrss_mb
                    |              |      minimum      maximum |   minimum   maximum
------------------------------------------------------------------------------------
      440     2.750 |   19.9789227 |    0.9602480    0.9982699 |       327       365
      441     2.756 |   19.9568101 |    0.9602481    0.9982699 |       327       365
      442     2.763 |   19.9669268 |    0.9602483    0.9982699 |       327       365
      443     2.769 |   19.9766781 |    0.9602484    0.9982699 |       327       365
      444     2.775 |   19.9859268 |    0.9602485    0.9982699 |       327       365
      445     2.781 |   19.9787456 |    0.9602486    0.9982699 |       327       365
      446     2.788 |   19.9809388 |    0.9602487    0.9982699 |       327       365
      447     2.794 |   19.9623786 |    0.9602488    0.9982699 |       327       365
      448     2.800 |   19.9302480 |    0.9602490    0.9982699 |       327       365
      449     2.806 |   19.8600870 |    0.9602491    0.9982699 |       327       365
      450     2.812 |   19.8742233 |    0.9602492    0.9982699 |       327       365
      451     2.819 |   19.8840190 |    0.9602493    0.9982699 |       327       365
      452     2.825 |   19.8930323 |    0.9602495    0.9982699 |       327       365
      453     2.831 |   19.8865972 |    0.9602496    0.9982699 |       327       365
      454     2.838 |   19.9006278 |    0.9602497    0.9982699 |       327       365
      455     2.844 |   19.9101948 |    0.9602498    0.9982699 |       327       365
      456     2.850 |   19.9117356 |    0.9602500    0.9982699 |       327       365
      457     2.856 |   19.8907626 |    0.9602501    0.9982699 |       327       365
      458     2.863 |   19.9028149 |    0.9602502    0.9982699 |       327       365
      459     2.869 |   19.9122926 |    0.9602503    0.9982699 |       327       365
------------------------------------------------------------------------------------
Iteration      Time | *me_per_hour |     LEANBSSNMOL::conf_fac | *TISTICS::maxrss_mb
                    |              |      minimum      maximum |   minimum   maximum
------------------------------------------------------------------------------------
      460     2.875 |   19.9212092 |    0.9602505    0.9982699 |       327       365
      461     2.881 |   19.9155066 |    0.9602506    0.9982699 |       327       365
      462     2.888 |   19.9272269 |    0.9602507    0.9982699 |       327       365
      463     2.894 |   19.9366434 |    0.9602508    0.9982699 |       327       365
      464     2.900 |   19.9353265 |    0.9602510    0.9982699 |       327       365
      465     2.906 |   19.8995208 |    0.9602511    0.9982699 |       327       365
      466     2.913 |   19.9130817 |    0.9602512    0.9982699 |       327       365
      467     2.919 |   19.9224769 |    0.9602514    0.9982699 |       327       365
      468     2.925 |   19.9302864 |    0.9602515    0.9982699 |       327       365
      469     2.931 |   19.9246706 |    0.9602516    0.9982699 |       327       365
      470     2.938 |   19.9381241 |    0.9602517    0.9982699 |       327       365
      471     2.944 |   19.9466641 |    0.9602519    0.9982699 |       327       365
      472     2.950 |   19.9499457 |    0.9602520    0.9982699 |       327       365
      473     2.956 |   19.9278860 |    0.9602521    0.9982699 |       327       365
      474     2.963 |   19.9412174 |    0.9602523    0.9982699 |       327       365
      475     2.969 |   19.9499543 |    0.9602524    0.9982699 |       327       365
      476     2.975 |   19.9570516 |    0.9602525    0.9982699 |       327       365
      477     2.981 |   19.9514585 |    0.9602527    0.9982699 |       327       365
      478     2.988 |   19.9644846 |    0.9602528    0.9982699 |       327       365
      479     2.994 |   19.9735105 |    0.9602529    0.9982699 |       327       365
------------------------------------------------------------------------------------
Iteration      Time | *me_per_hour |     LEANBSSNMOL::conf_fac | *TISTICS::maxrss_mb
                    |              |      minimum      maximum |   minimum   maximum
------------------------------------------------------------------------------------
      480     3.000 |   19.9674278 |    0.9602531    0.9982699 |       327       365
      481     3.006 |   19.9181902 |    0.9602532    0.9982699 |       327       365
      482     3.013 |   19.9313082 |    0.9602533    0.9982699 |       327       365
      483     3.019 |   19.9401798 |    0.9602535    0.9982699 |       327       365
      484     3.025 |   19.9486465 |    0.9602536    0.9982699 |       327       365
      485     3.031 |   19.9431935 |    0.9602537    0.9982699 |       327       365
      486     3.038 |   19.9555060 |    0.9602539    0.9982699 |       327       365
      487     3.044 |   19.9644539 |    0.9602540    0.9982699 |       327       365
      488     3.050 |   19.9674312 |    0.9602542    0.9982699 |       327       365
      489     3.056 |   19.9452774 |    0.9602543    0.9982699 |       327       365
      490     3.062 |   19.9581738 |    0.9602544    0.9982699 |       327       365
      491     3.069 |   19.9669952 |    0.9602546    0.9982699 |       327       365
      492     3.075 |   19.9752930 |    0.9602547    0.9982699 |       327       365
      493     3.081 |   19.9697469 |    0.9602548    0.9982699 |       327       365
      494     3.088 |   19.9825289 |    0.9602550    0.9982699 |       327       365
      495     3.094 |   19.9904991 |    0.9602551    0.9982699 |       327       365
      496     3.100 |   19.9892405 |    0.9602552    0.9982699 |       327       365
      497     3.106 |   19.9554650 |    0.9602554    0.9982699 |       327       365
      498     3.113 |   19.9593770 |    0.9602555    0.9982699 |       327       365
      499     3.119 |   19.9492032 |    0.9602557    0.9982699 |       327       365
------------------------------------------------------------------------------------
Iteration      Time | *me_per_hour |     LEANBSSNMOL::conf_fac | *TISTICS::maxrss_mb
                    |              |      minimum      maximum |   minimum   maximum
------------------------------------------------------------------------------------
      500     3.125 |   19.9358072 |    0.9602558    0.9982699 |       327       365
      501     3.131 |   19.9298194 |    0.9602559    0.9982699 |       327       365
      502     3.138 |   19.9379942 |    0.9602561    0.9982699 |       327       365
      503     3.144 |   19.9467334 |    0.9602562    0.9982699 |       327       365
      504     3.150 |   19.9502375 |    0.9602564    0.9982699 |       327       365
      505     3.156 |   19.9309164 |    0.9602565    0.9982699 |       327       365
      506     3.163 |   19.9433974 |    0.9602567    0.9982699 |       327       365
      507     3.169 |   19.9519586 |    0.9602568    0.9982699 |       327       365
      508     3.175 |   19.9600100 |    0.9602569    0.9982699 |       327       365
      509     3.181 |   19.9542006 |    0.9602571    0.9982699 |       327       365
      510     3.188 |   19.9640848 |    0.9602572    0.9982699 |       327       365
      511     3.194 |   19.9725276 |    0.9602574    0.9982699 |       327       365
WARNING[L1,P0] (QuasiLocalMeasures): Did not manage to integrate along a Killing vector field line loop
INFO (AHFinderDirect): proc 0: searching for horizon 1/6
INFO (AHFinderDirect): AH 2/6: r=29.3101 at (-0.001000,-0.000000,0.000000)
INFO (AHFinderDirect): AH 2/6: area=11309.75138 m_irreducible=15.00001182
INFO (AHFinderDirect): AH 3/6: r=79.2574 at (-0.001000,0.000000,-0.000000)
INFO (AHFinderDirect): AH 3/6: area=80424.77366 m_irreducible=40.00000043
INFO (AHFinderDirect): AH 4/6: r=99.2511 at (-0.001000,-0.000000,-0.000000)
INFO (AHFinderDirect): AH 4/6: area=125663.7072 m_irreducible=50.0000002
INFO (AHFinderDirect): AH 5/6: r=179.24 at (-0.001000,-0.000000,-0.000000)
INFO (AHFinderDirect): AH 5/6: area=407150.4082 m_irreducible=90.00000003
INFO (AHFinderDirect): AH 6/6: r=239.237 at (-0.001000,0.000000,-0.000000)
INFO (AHFinderDirect): AH 6/6: area=723822.9802 m_irreducible=120.0000027
INFO (QuasiLocalMeasures): Calculating quasi-local quantities for surface    0
INFO (QuasiLocalMeasures): Importing from spherical surface    0
INFO (QuasiLocalMeasures): Geometric quantities for surface    0:
INFO (QuasiLocalMeasures):    Area A:                            0.00000
INFO (QuasiLocalMeasures):    Irreducible mass M = R/2:          0.00000
INFO (QuasiLocalMeasures):    Areal radius R = sqrt(A/4pi):      0.00000
INFO (QuasiLocalMeasures): Coordinate-dependent quantities for surface    0:
INFO (QuasiLocalMeasures):    Equatorial circumference:             0.00000
INFO (QuasiLocalMeasures):    Polar circumference at phi=0:         0.00000
INFO (QuasiLocalMeasures):    Polar circumference at phi=pi/2:      0.00000
INFO (QuasiLocalMeasures):    No valid spin guess from distortion.
INFO (QuasiLocalMeasures):    (Spin guess is imaginary.)
INFO (QuasiLocalMeasures):    Magnitude of invalid spin guess:              NaN
INFO (QuasiLocalMeasures):    Mass guess M from distortion:                 NaN
INFO (QuasiLocalMeasures): Isolated Horizon quantities for surface    0:
INFO (QuasiLocalMeasures):    Killing vector field eigenvalue norm:      0.00000
INFO (QuasiLocalMeasures):    Spin J:                                            NaN
INFO (QuasiLocalMeasures):    Kerr spin parameter a = J/M:                       NaN
INFO (QuasiLocalMeasures):    Dimensionless spin parameter a = J/M^2:            NaN
INFO (QuasiLocalMeasures):    Spin J from NP:                                    NaN
INFO (QuasiLocalMeasures):    Spin J from phi-coordinate-vector:         0.00000
INFO (QuasiLocalMeasures):    Mass M:                                            NaN
INFO (QuasiLocalMeasures): Global quantities for surface    0:
INFO (QuasiLocalMeasures):    ADM energy:                          NaN
INFO (QuasiLocalMeasures):    ADM momentum x:                      NaN
INFO (QuasiLocalMeasures):    ADM momentum y:                      NaN
INFO (QuasiLocalMeasures):    ADM momentum z:                      NaN
INFO (QuasiLocalMeasures):    ADM angular momentum x:              NaN
INFO (QuasiLocalMeasures):    ADM angular momentum y:              NaN
INFO (QuasiLocalMeasures):    ADM angular momentum z:              NaN
INFO (QuasiLocalMeasures):    Weinberg energy:                          NaN
INFO (QuasiLocalMeasures):    Weinberg momentum x:                      NaN
INFO (QuasiLocalMeasures):    Weinberg momentum y:                      NaN
INFO (QuasiLocalMeasures):    Weinberg momentum z:                      NaN
INFO (QuasiLocalMeasures):    Weinberg angular momentum x:              NaN
INFO (QuasiLocalMeasures):    Weinberg angular momentum y:              NaN
INFO (QuasiLocalMeasures):    Weinberg angular momentum z:              NaN
      512     3.200 |   18.4009387 |    0.9602575    0.9982699 |       327       367
      513     3.206 |   18.2699643 |    0.9602577    0.9982699 |       327       367
      514     3.213 |   18.2832219 |    0.9602578    0.9982699 |       327       367
      515     3.219 |   18.2931661 |    0.9602580    0.9982699 |       327       367
      516     3.225 |   18.3027567 |    0.9602581    0.9982699 |       327       367
      517     3.231 |   18.3010016 |    0.9602582    0.9982699 |       327       367
      518     3.238 |   18.3131886 |    0.9602584    0.9982699 |       327       367
      519     3.244 |   18.3208436 |    0.9602585    0.9982699 |       327       367
------------------------------------------------------------------------------------
Iteration      Time | *me_per_hour |     LEANBSSNMOL::conf_fac | *TISTICS::maxrss_mb
                    |              |      minimum      maximum |   minimum   maximum
------------------------------------------------------------------------------------
      520     3.250 |   18.3250201 |    0.9602587    0.9982699 |       327       367
      521     3.256 |   18.3121055 |    0.9602588    0.9982699 |       327       367
      522     3.263 |   18.3249273 |    0.9602590    0.9982699 |       327       367
      523     3.269 |   18.3332944 |    0.9602591    0.9982699 |       327       367
      524     3.275 |   18.3425800 |    0.9602593    0.9982699 |       327       367
      525     3.281 |   18.3411988 |    0.9602594    0.9982699 |       327       367
      526     3.288 |   18.3537501 |    0.9602596    0.9982699 |       327       367
      527     3.294 |   18.3633305 |    0.9602598    0.9982699 |       327       367
      528     3.300 |   18.3649273 |    0.9602599    0.9982699 |       327       367
      529     3.306 |   18.3404793 |    0.9602601    0.9982699 |       327       367
      530     3.312 |   18.3533570 |    0.9602602    0.9982699 |       327       367
      531     3.319 |   18.3628880 |    0.9602604    0.9982699 |       327       367
      532     3.325 |   18.3720822 |    0.9602605    0.9982699 |       327       367
      533     3.331 |   18.3693466 |    0.9602607    0.9982699 |       327       367
      534     3.338 |   18.3807742 |    0.9602608    0.9982699 |       327       367
      535     3.344 |   18.3880893 |    0.9602610    0.9982699 |       327       367
      536     3.350 |   18.3933579 |    0.9602612    0.9982699 |       327       367
      537     3.356 |   18.3795359 |    0.9602613    0.9982699 |       327       367
      538     3.363 |   18.3922071 |    0.9602615    0.9982699 |       327       367
      539     3.369 |   18.4016699 |    0.9602616    0.9982699 |       327       367
------------------------------------------------------------------------------------
Iteration      Time | *me_per_hour |     LEANBSSNMOL::conf_fac | *TISTICS::maxrss_mb
                    |              |      minimum      maximum |   minimum   maximum
------------------------------------------------------------------------------------
      540     3.375 |   18.4107963 |    0.9602618    0.9982699 |       327       367
      541     3.381 |   18.4092015 |    0.9602620    0.9982699 |       327       367
      542     3.388 |   18.4215797 |    0.9602621    0.9982699 |       327       367
      543     3.394 |   18.4308322 |    0.9602623    0.9982699 |       327       367
      544     3.400 |   18.4285866 |    0.9602625    0.9982699 |       327       367
      545     3.406 |   18.3932420 |    0.9602626    0.9982699 |       327       367
      546     3.413 |   18.4039817 |    0.9602628    0.9982699 |       327       367
      547     3.419 |   18.4133087 |    0.9602630    0.9982699 |       327       367
      548     3.425 |   18.4223176 |    0.9602631    0.9982699 |       327       367
      549     3.431 |   18.4206909 |    0.9602633    0.9982699 |       327       367
      550     3.438 |   18.4328272 |    0.9602635    0.9982699 |       327       367
      551     3.444 |   18.4415155 |    0.9602636    0.9982699 |       327       367
      552     3.450 |   18.4468078 |    0.9602638    0.9982699 |       327       367
      553     3.456 |   18.4342909 |    0.9602640    0.9982699 |       327       367
      554     3.463 |   18.4465077 |    0.9602642    0.9982699 |       327       367
      555     3.469 |   18.4557398 |    0.9602643    0.9982699 |       327       367
      556     3.475 |   18.4644839 |    0.9602645    0.9982699 |       327       367
      557     3.481 |   18.4627865 |    0.9602647    0.9982699 |       327       367
      558     3.488 |   18.4750302 |    0.9602648    0.9982699 |       327       367
      559     3.494 |   18.4684812 |    0.9602650    0.9982699 |       327       367
------------------------------------------------------------------------------------
Iteration      Time | *me_per_hour |     LEANBSSNMOL::conf_fac | *TISTICS::maxrss_mb
                    |              |      minimum      maximum |   minimum   maximum
------------------------------------------------------------------------------------
      560     3.500 |   18.4588079 |    0.9602652    0.9982699 |       327       367
      561     3.506 |   18.4322472 |    0.9602654    0.9982699 |       327       367
      562     3.513 |   18.4288957 |    0.9602655    0.9982699 |       327       367
      563     3.519 |   18.4188312 |    0.9602657    0.9982699 |       327       367
      564     3.525 |   18.4257865 |    0.9602659    0.9982699 |       327       367
      565     3.531 |   18.4242279 |    0.9602661    0.9982699 |       327       367
      566     3.538 |   18.4361695 |    0.9602663    0.9982699 |       327       367
      567     3.544 |   18.4451888 |    0.9602665    0.9982699 |       327       367
      568     3.550 |   18.4502103 |    0.9602666    0.9982699 |       327       367
      569     3.556 |   18.4380859 |    0.9602668    0.9982699 |       327       367
      570     3.562 |   18.4501316 |    0.9602670    0.9982699 |       327       367
      571     3.569 |   18.4590745 |    0.9602672    0.9982699 |       327       367
      572     3.575 |   18.4675968 |    0.9602674    0.9982699 |       327       367
      573     3.581 |   18.4628124 |    0.9602676    0.9982699 |       327       367
      574     3.588 |   18.4744914 |    0.9602678    0.9982699 |       327       367
      575     3.594 |   18.4833461 |    0.9602679    0.9982699 |       327       367
      576     3.600 |   18.4750652 |    0.9602681    0.9982699 |       327       367
      577     3.606 |   18.4318303 |    0.9602683    0.9982699 |       327       367
      578     3.613 |   18.4436242 |    0.9602685    0.9982699 |       327       367
      579     3.619 |   18.4520599 |    0.9602687    0.9982699 |       327       367
------------------------------------------------------------------------------------
Iteration      Time | *me_per_hour |     LEANBSSNMOL::conf_fac | *TISTICS::maxrss_mb
                    |              |      minimum      maximum |   minimum   maximum
------------------------------------------------------------------------------------
      580     3.625 |   18.4605339 |    0.9602689    0.9982699 |       327       367
      581     3.631 |   18.4588599 |    0.9602691    0.9982699 |       327       367
      582     3.638 |   18.4705761 |    0.9602693    0.9982699 |       327       367
      583     3.644 |   18.4787769 |    0.9602695    0.9982699 |       327       367
      584     3.650 |   18.4836980 |    0.9602697    0.9982699 |       327       367
      585     3.656 |   18.4706309 |    0.9602698    0.9982699 |       327       367
      586     3.663 |   18.4822690 |    0.9602700    0.9982699 |       327       367
      587     3.669 |   18.4902860 |    0.9602702    0.9982699 |       327       367
      588     3.675 |   18.4985680 |    0.9602704    0.9982699 |       327       367
      589     3.681 |   18.4959224 |    0.9602706    0.9982699 |       327       367
      590     3.688 |   18.5074514 |    0.9602708    0.9982699 |       327       367
      591     3.694 |   18.5157305 |    0.9602710    0.9982699 |       327       367
      592     3.700 |   18.5170874 |    0.9602712    0.9982699 |       327       367
      593     3.706 |   18.4951308 |    0.9602714    0.9982699 |       327       367
      594     3.713 |   18.5065368 |    0.9602716    0.9982699 |       327       367
      595     3.719 |   18.5146083 |    0.9602718    0.9982699 |       327       367
      596     3.725 |   18.5227168 |    0.9602720    0.9982699 |       327       367
      597     3.731 |   18.5210482 |    0.9602722    0.9982699 |       327       367
      598     3.738 |   18.5324195 |    0.9602724    0.9982699 |       327       367
      599     3.744 |   18.5405213 |    0.9602726    0.9982699 |       327       367
------------------------------------------------------------------------------------
Iteration      Time | *me_per_hour |     LEANBSSNMOL::conf_fac | *TISTICS::maxrss_mb
                    |              |      minimum      maximum |   minimum   maximum
------------------------------------------------------------------------------------
      600     3.750 |   18.5446148 |    0.9602728    0.9982699 |       327       367
      601     3.756 |   18.5328576 |    0.9602730    0.9982699 |       327       367
      602     3.763 |   18.5440897 |    0.9602732    0.9982699 |       327       367
      603     3.769 |   18.5511065 |    0.9602734    0.9982699 |       327       367
      604     3.775 |   18.5590527 |    0.9602736    0.9982699 |       327       367
      605     3.781 |   18.5573401 |    0.9602738    0.9982699 |       327       367
      606     3.788 |   18.5675096 |    0.9602740    0.9982699 |       327       367
      607     3.794 |   18.5745215 |    0.9602743    0.9982699 |       327       367
      608     3.800 |   18.5713071 |    0.9602745    0.9982699 |       327       367
      609     3.806 |   18.5365625 |    0.9602747    0.9982699 |       327       367
      610     3.812 |   18.5476307 |    0.9602749    0.9982699 |       327       367
      611     3.819 |   18.5558941 |    0.9602751    0.9982699 |       327       367
      612     3.825 |   18.5604851 |    0.9602753    0.9982699 |       327       367
      613     3.831 |   18.5532070 |    0.9602755    0.9982699 |       327       367
      614     3.838 |   18.5597458 |    0.9602757    0.9982699 |       327       367
      615     3.844 |   18.5562065 |    0.9602760    0.9982699 |       327       367
      616     3.850 |   18.5422491 |    0.9602762    0.9982699 |       327       367
      617     3.856 |   18.5305588 |    0.9602764    0.9982699 |       327       367
      618     3.863 |   18.5414519 |    0.9602766    0.9982699 |       327       367
      619     3.869 |   18.5496230 |    0.9602768    0.9982699 |       327       367
------------------------------------------------------------------------------------
Iteration      Time | *me_per_hour |     LEANBSSNMOL::conf_fac | *TISTICS::maxrss_mb
                    |              |      minimum      maximum |   minimum   maximum
------------------------------------------------------------------------------------
      620     3.875 |   18.5574411 |    0.9602771    0.9982699 |       327       367
      621     3.881 |   18.5556825 |    0.9602773    0.9982699 |       327       367
      622     3.888 |   18.5665175 |    0.9602775    0.9982699 |       327       367
      623     3.894 |   18.5741245 |    0.9602777    0.9982699 |       327       367
      624     3.900 |   18.5749968 |    0.9602780    0.9982699 |       327       367
      625     3.906 |   18.5520414 |    0.9602782    0.9982699 |       327       367
      626     3.913 |   18.5627646 |    0.9602784    0.9982699 |       327       367
      627     3.919 |   18.5706816 |    0.9602786    0.9982699 |       327       367
      628     3.925 |   18.5783356 |    0.9602789    0.9982699 |       327       367
      629     3.931 |   18.5757773 |    0.9602791    0.9982699 |       327       367
      630     3.938 |   18.5864803 |    0.9602793    0.9982699 |       327       367
      631     3.944 |   18.5943926 |    0.9602796    0.9982699 |       327       367
      632     3.950 |   18.5987537 |    0.9602798    0.9982699 |       327       367
      633     3.956 |   18.5870292 |    0.9602800    0.9982699 |       327       367
      634     3.963 |   18.5976823 |    0.9602803    0.9982699 |       327       367
      635     3.969 |   18.6055065 |    0.9602805    0.9982699 |       327       367
      636     3.975 |   18.6130877 |    0.9602807    0.9982699 |       327       367
      637     3.981 |   18.6112569 |    0.9602810    0.9982699 |       327       367
      638     3.988 |   18.6212840 |    0.9602812    0.9982699 |       327       367
      639     3.994 |   18.6290905 |    0.9602814    0.9982699 |       327       367
------------------------------------------------------------------------------------
Iteration      Time | *me_per_hour |     LEANBSSNMOL::conf_fac | *TISTICS::maxrss_mb
                    |              |      minimum      maximum |   minimum   maximum
------------------------------------------------------------------------------------
      640     4.000 |   18.6192516 |    0.9602817    0.9982699 |       327       367
      641     4.006 |   18.5674302 |    0.9602819    0.9982699 |       327       367
      642     4.013 |   18.5780092 |    0.9602821    0.9982699 |       327       367
      643     4.019 |   18.5858397 |    0.9602824    0.9982699 |       327       367
      644     4.025 |   18.5933248 |    0.9602826    0.9982699 |       327       367
      645     4.031 |   18.5915347 |    0.9602829    0.9982699 |       327       367
      646     4.038 |   18.6019973 |    0.9602831    0.9982699 |       327       367
      647     4.044 |   18.6096780 |    0.9602834    0.9982699 |       327       367
      648     4.050 |   18.6140077 |    0.9602836    0.9982699 |       327       367
      649     4.056 |   18.6028323 |    0.9602838    0.9982699 |       327       367
      650     4.062 |   18.6130283 |    0.9602841    0.9982699 |       327       367
      651     4.069 |   18.6207512 |    0.9602843    0.9982699 |       327       367
      652     4.075 |   18.6270181 |    0.9602846    0.9982699 |       327       367
      653     4.081 |   18.6251996 |    0.9602848    0.9982699 |       327       367
      654     4.088 |   18.6354727 |    0.9602851    0.9982699 |       327       367
      655     4.094 |   18.6430796 |    0.9602853    0.9982699 |       327       367
      656     4.100 |   18.6438246 |    0.9602856    0.9982699 |       327       367
      657     4.106 |   18.6235604 |    0.9602858    0.9982699 |       327       367
      658     4.112 |   18.6339238 |    0.9602861    0.9982699 |       327       367
      659     4.119 |   18.6414538 |    0.9602864    0.9982699 |       327       367
------------------------------------------------------------------------------------
Iteration      Time | *me_per_hour |     LEANBSSNMOL::conf_fac | *TISTICS::maxrss_mb
                    |              |      minimum      maximum |   minimum   maximum
------------------------------------------------------------------------------------
      660     4.125 |   18.6487995 |    0.9602866    0.9982699 |       327       367
      661     4.131 |   18.6471075 |    0.9602869    0.9982699 |       327       367
      662     4.138 |   18.6573882 |    0.9602871    0.9982699 |       327       367
      663     4.144 |   18.6645391 |    0.9602874    0.9982699 |       327       367
      664     4.150 |   18.6686182 |    0.9602877    0.9982699 |       327       367
      665     4.156 |   18.6571357 |    0.9602879    0.9982699 |       327       367
      666     4.163 |   18.6627252 |    0.9602882    0.9982699 |       327       367
      667     4.169 |   18.6605393 |    0.9602885    0.9982699 |       327       367
      668     4.175 |   18.6508769 |    0.9602887    0.9982699 |       327       367
      669     4.181 |   18.6437934 |    0.9602890    0.9982699 |       327       367
      670     4.188 |   18.6539652 |    0.9602893    0.9982699 |       327       367
      671     4.194 |   18.6614168 |    0.9602895    0.9982699 |       327       367
      672     4.200 |   18.6593173 |    0.9602898    0.9982699 |       327       367
      673     4.206 |   18.6301567 |    0.9602901    0.9982699 |       327       367
      674     4.213 |   18.6402885 |    0.9602904    0.9982699 |       327       367
      675     4.219 |   18.6477927 |    0.9602906    0.9982699 |       327       367
      676     4.225 |   18.6542546 |    0.9602909    0.9982699 |       327       367
      677     4.231 |   18.6514559 |    0.9602912    0.9982699 |       327       367
      678     4.237 |   18.6606672 |    0.9602915    0.9982699 |       327       367
      679     4.244 |   18.6676973 |    0.9602917    0.9982699 |       327       367
------------------------------------------------------------------------------------
Iteration      Time | *me_per_hour |     LEANBSSNMOL::conf_fac | *TISTICS::maxrss_mb
                    |              |      minimum      maximum |   minimum   maximum
------------------------------------------------------------------------------------
      680     4.250 |   18.6717127 |    0.9602920    0.9982699 |       327       367
      681     4.256 |   18.6611405 |    0.9602923    0.9982699 |       327       367
      682     4.263 |   18.6701501 |    0.9602926    0.9982699 |       327       367
      683     4.269 |   18.6776032 |    0.9602929    0.9982699 |       327       367
      684     4.275 |   18.6847774 |    0.9602932    0.9982699 |       327       367
      685     4.281 |   18.6831164 |    0.9602934    0.9982699 |       327       367
      686     4.288 |   18.6928505 |    0.9602937    0.9982699 |       327       367
      687     4.294 |   18.7001692 |    0.9602940    0.9982699 |       327       367
      688     4.300 |   18.7011443 |    0.9602943    0.9982699 |       327       367
      689     4.306 |   18.6817089 |    0.9602946    0.9982699 |       327       367
      690     4.312 |   18.6915995 |    0.9602949    0.9982699 |       327       367
      691     4.319 |   18.6985050 |    0.9602952    0.9982699 |       327       367
      692     4.325 |   18.7053699 |    0.9602955    0.9982699 |       327       367
      693     4.331 |   18.7026362 |    0.9602958    0.9982699 |       327       367
      694     4.338 |   18.7124342 |    0.9602961    0.9982699 |       327       367
      695     4.344 |   18.7194602 |    0.9602964    0.9982699 |       327       367
      696     4.350 |   18.7227014 |    0.9602967    0.9982699 |       327       367
      697     4.356 |   18.7120725 |    0.9602970    0.9982699 |       327       367
      698     4.362 |   18.7217786 |    0.9602973    0.9982699 |       327       367
      699     4.369 |   18.7288580 |    0.9602976    0.9982699 |       327       367
------------------------------------------------------------------------------------
Iteration      Time | *me_per_hour |     LEANBSSNMOL::conf_fac | *TISTICS::maxrss_mb
                    |              |      minimum      maximum |   minimum   maximum
------------------------------------------------------------------------------------
      700     4.375 |   18.7356885 |    0.9602979    0.9982699 |       327       367
      701     4.381 |   18.7339622 |    0.9602982    0.9982699 |       327       367
      702     4.388 |   18.7435610 |    0.9602985    0.9982699 |       327       367
      703     4.394 |   18.7503384 |    0.9602988    0.9982699 |       327       367
      704     4.400 |   18.7450703 |    0.9602991    0.9982699 |       327       367
      705     4.406 |   18.7072696 |    0.9602994    0.9982699 |       327       367
      706     4.413 |   18.7168579 |    0.9602998    0.9982699 |       327       367
      707     4.419 |   18.7239361 |    0.9603001    0.9982699 |       327       367
      708     4.425 |   18.7307907 |    0.9603004    0.9982699 |       327       367
      709     4.431 |   18.7277242 |    0.9603007    0.9982699 |       327       367
      710     4.438 |   18.7371893 |    0.9603010    0.9982699 |       327       367
      711     4.444 |   18.7438470 |    0.9603013    0.9982699 |       327       367
      712     4.450 |   18.7470931 |    0.9603016    0.9982699 |       327       367
      713     4.456 |   18.7365693 |    0.9603020    0.9982699 |       327       367
      714     4.463 |   18.7460814 |    0.9603023    0.9982699 |       327       367
      715     4.469 |   18.7530368 |    0.9603026    0.9982699 |       327       367
      716     4.475 |   18.7595090 |    0.9603029    0.9982699 |       327       367
      717     4.481 |   18.7576890 |    0.9603032    0.9982699 |       327       367
      718     4.487 |   18.7670406 |    0.9603036    0.9982699 |       327       367
      719     4.494 |   18.7728795 |    0.9603039    0.9982699 |       327       367
------------------------------------------------------------------------------------
Iteration      Time | *me_per_hour |     LEANBSSNMOL::conf_fac | *TISTICS::maxrss_mb
                    |              |      minimum      maximum |   minimum   maximum
------------------------------------------------------------------------------------
      720     4.500 |   18.7686646 |    0.9603042    0.9982699 |       327       367
      721     4.506 |   18.7263734 |    0.9603045    0.9982699 |       327       367
      722     4.513 |   18.7355025 |    0.9603049    0.9982699 |       327       367
      723     4.519 |   18.7424122 |    0.9603052    0.9982699 |       327       367
      724     4.525 |   18.7490778 |    0.9603055    0.9982699 |       327       367
      725     4.531 |   18.7474740 |    0.9603059    0.9982699 |       327       367
      726     4.538 |   18.7568466 |    0.9603062    0.9982699 |       327       367
      727     4.544 |   18.7637616 |    0.9603065    0.9982699 |       327       367
      728     4.550 |   18.7675305 |    0.9603069    0.9982699 |       327       367
      729     4.556 |   18.7574824 |    0.9603072    0.9982699 |       327       367
      730     4.562 |   18.7667594 |    0.9603075    0.9982699 |       327       367
      731     4.569 |   18.7733171 |    0.9603079    0.9982699 |       327       367
      732     4.575 |   18.7793305 |    0.9603082    0.9982699 |       327       367
      733     4.581 |   18.7769437 |    0.9603085    0.9982699 |       327       367
      734     4.588 |   18.7862383 |    0.9603089    0.9982699 |       327       367
      735     4.594 |   18.7930272 |    0.9603092    0.9982699 |       327       367
      736     4.600 |   18.7894414 |    0.9603096    0.9982699 |       327       367
      737     4.606 |   18.7623732 |    0.9603099    0.9982699 |       327       367
      738     4.612 |   18.7714511 |    0.9603102    0.9982699 |       327       367
      739     4.619 |   18.7779670 |    0.9603106    0.9982699 |       327       367
------------------------------------------------------------------------------------
Iteration      Time | *me_per_hour |     LEANBSSNMOL::conf_fac | *TISTICS::maxrss_mb
                    |              |      minimum      maximum |   minimum   maximum
------------------------------------------------------------------------------------
      740     4.625 |   18.7843565 |    0.9603109    0.9982699 |       327       367
      741     4.631 |   18.7826828 |    0.9603113    0.9982699 |       327       367
      742     4.638 |   18.7917629 |    0.9603116    0.9982699 |       327       367
      743     4.644 |   18.7984105 |    0.9603120    0.9982699 |       327       367
      744     4.650 |   18.8018532 |    0.9603123    0.9982699 |       327       367
      745     4.656 |   18.7918743 |    0.9603127    0.9982699 |       327       367
      746     4.663 |   18.7982574 |    0.9603130    0.9982699 |       327       367
      747     4.669 |   18.8042473 |    0.9603134    0.9982699 |       327       367
      748     4.675 |   18.8105111 |    0.9603137    0.9982699 |       327       367
      749     4.681 |   18.8086500 |    0.9603141    0.9982699 |       327       367
      750     4.688 |   18.8169101 |    0.9603144    0.9982699 |       327       367
      751     4.694 |   18.8234609 |    0.9603148    0.9982699 |       327       367
      752     4.700 |   18.8241514 |    0.9603151    0.9982699 |       327       367
      753     4.706 |   18.8044805 |    0.9603155    0.9982699 |       327       367
      754     4.713 |   18.8133558 |    0.9603158    0.9982699 |       327       367
      755     4.719 |   18.8199458 |    0.9603162    0.9982699 |       327       367
      756     4.725 |   18.8262952 |    0.9603166    0.9982699 |       327       367
      757     4.731 |   18.8245159 |    0.9603169    0.9982699 |       327       367
      758     4.737 |   18.8332789 |    0.9603173    0.9982699 |       327       367
      759     4.744 |   18.8396753 |    0.9603177    0.9982699 |       327       367
------------------------------------------------------------------------------------
Iteration      Time | *me_per_hour |     LEANBSSNMOL::conf_fac | *TISTICS::maxrss_mb
                    |              |      minimum      maximum |   minimum   maximum
------------------------------------------------------------------------------------
      760     4.750 |   18.8419373 |    0.9603180    0.9982699 |       327       367
      761     4.756 |   18.8299473 |    0.9603184    0.9982699 |       327       367
      762     4.763 |   18.8387442 |    0.9603188    0.9982699 |       327       367
      763     4.769 |   18.8451808 |    0.9603191    0.9982699 |       327       367
      764     4.775 |   18.8501759 |    0.9603195    0.9982699 |       327       367
      765     4.781 |   18.8483528 |    0.9603199    0.9982699 |       327       367
      766     4.788 |   18.8571338 |    0.9603202    0.9982699 |       327       367
      767     4.794 |   18.8635600 |    0.9603206    0.9982699 |       327       367
      768     4.800 |   18.8543516 |    0.9603210    0.9982699 |       327       367
      769     4.806 |   18.8027712 |    0.9603214    0.9982699 |       327       367
      770     4.812 |   18.8114551 |    0.9603217    0.9982699 |       327       367
      771     4.819 |   18.8178293 |    0.9603221    0.9982699 |       327       367
      772     4.825 |   18.8217289 |    0.9603225    0.9982699 |       327       367
      773     4.831 |   18.8091924 |    0.9603229    0.9982699 |       327       367
      774     4.838 |   18.8062660 |    0.9603233    0.9982699 |       327       367
      775     4.844 |   18.8109770 |    0.9603237    0.9982699 |       327       367
      776     4.850 |   18.8144610 |    0.9603241    0.9982699 |       327       367
      777     4.856 |   18.8047081 |    0.9603245    0.9982699 |       327       367
      778     4.863 |   18.8133539 |    0.9603248    0.9982699 |       327       367
      779     4.869 |   18.8196572 |    0.9603252    0.9982699 |       327       367
------------------------------------------------------------------------------------
Iteration      Time | *me_per_hour |     LEANBSSNMOL::conf_fac | *TISTICS::maxrss_mb
                    |              |      minimum      maximum |   minimum   maximum
------------------------------------------------------------------------------------
      780     4.875 |   18.8257749 |    0.9603256    0.9982699 |       327       367
      781     4.881 |   18.8240929 |    0.9603260    0.9982699 |       327       367
      782     4.888 |   18.8327202 |    0.9603264    0.9982699 |       327       367
      783     4.894 |   18.8389836 |    0.9603268    0.9982699 |       327       367
      784     4.900 |   18.8393748 |    0.9603272    0.9982699 |       327       367
      785     4.906 |   18.8210931 |    0.9603276    0.9982699 |       327       367
      786     4.913 |   18.8296730 |    0.9603281    0.9982699 |       327       367
      787     4.919 |   18.8359365 |    0.9603285    0.9982699 |       327       367
      788     4.925 |   18.8418690 |    0.9603289    0.9982699 |       327       367
      789     4.931 |   18.8391756 |    0.9603293    0.9982699 |       327       367
      790     4.938 |   18.8477138 |    0.9603297    0.9982699 |       327       367
      791     4.944 |   18.8537336 |    0.9603301    0.9982699 |       327       367
      792     4.950 |   18.8568753 |    0.9603305    0.9982699 |       327       367
      793     4.956 |   18.8473399 |    0.9603310    0.9982699 |       327       367
      794     4.963 |   18.8549503 |    0.9603314    0.9982699 |       327       367
      795     4.969 |   18.8612526 |    0.9603318    0.9982699 |       327       367
      796     4.975 |   18.8672668 |    0.9603322    0.9982699 |       327       367
      797     4.981 |   18.8655861 |    0.9603327    0.9982699 |       327       367
      798     4.988 |   18.8741050 |    0.9603331    0.9982699 |       327       367
      799     4.994 |   18.8799420 |    0.9603335    0.9982699 |       327       367
------------------------------------------------------------------------------------
Iteration      Time | *me_per_hour |     LEANBSSNMOL::conf_fac | *TISTICS::maxrss_mb
                    |              |      minimum      maximum |   minimum   maximum
------------------------------------------------------------------------------------
      800     5.000 |   18.8776393 |    0.9603339    0.9982699 |       327       367
      801     5.006 |   18.8519490 |    0.9603344    0.9982699 |       327       367
      802     5.013 |   18.8594733 |    0.9603348    0.9982699 |       327       367
      803     5.019 |   18.8656691 |    0.9603352    0.9982699 |       327       367
      804     5.025 |   18.8716266 |    0.9603357    0.9982699 |       327       367
      805     5.031 |   18.8700079 |    0.9603361    0.9982699 |       327       367
      806     5.038 |   18.8784248 |    0.9603366    0.9982699 |       327       367
      807     5.044 |   18.8845775 |    0.9603370    0.9982699 |       327       367
      808     5.050 |   18.8878730 |    0.9603374    0.9982699 |       327       367
      809     5.056 |   18.8785727 |    0.9603379    0.9982699 |       327       367
      810     5.062 |   18.8866949 |    0.9603383    0.9982699 |       327       367
      811     5.069 |   18.8927843 |    0.9603388    0.9982699 |       327       367
      812     5.075 |   18.8986692 |    0.9603392    0.9982699 |       327       367
      813     5.081 |   18.8931464 |    0.9603397    0.9982699 |       327       367
      814     5.088 |   18.9013886 |    0.9603401    0.9982699 |       327       367
      815     5.094 |   18.9074098 |    0.9603406    0.9982699 |       327       367
      816     5.100 |   18.9079617 |    0.9603410    0.9982699 |       327       367
      817     5.106 |   18.8899147 |    0.9603415    0.9982699 |       327       367
      818     5.113 |   18.8981628 |    0.9603419    0.9982699 |       327       367
      819     5.119 |   18.9040724 |    0.9603424    0.9982699 |       327       367
------------------------------------------------------------------------------------
Iteration      Time | *me_per_hour |     LEANBSSNMOL::conf_fac | *TISTICS::maxrss_mb
                    |              |      minimum      maximum |   minimum   maximum
------------------------------------------------------------------------------------
      820     5.125 |   18.9096054 |    0.9603429    0.9982699 |       327       367
      821     5.131 |   18.9080051 |    0.9603433    0.9982699 |       327       367
      822     5.138 |   18.9155977 |    0.9603438    0.9982699 |       327       367
      823     5.144 |   18.9216183 |    0.9603442    0.9982699 |       327       367
      824     5.150 |   18.9106039 |    0.9603447    0.9982699 |       327       367
      825     5.156 |   18.8951217 |    0.9603452    0.9982699 |       327       367
      826     5.163 |   18.8999777 |    0.9603456    0.9982699 |       327       367
      827     5.169 |   18.9032332 |    0.9603461    0.9982699 |       327       367
      828     5.175 |   18.9020002 |    0.9603466    0.9982699 |       327       367
      829     5.181 |   18.8868847 |    0.9603470    0.9982699 |       327       367
      830     5.188 |   18.8916499 |    0.9603475    0.9982699 |       327       367
      831     5.194 |   18.8966210 |    0.9603480    0.9982699 |       327       367
      832     5.200 |   18.8917709 |    0.9603485    0.9982699 |       327       367
      833     5.206 |   18.8598506 |    0.9603489    0.9982699 |       327       367
      834     5.213 |   18.8679179 |    0.9603494    0.9982699 |       327       367
      835     5.219 |   18.8737151 |    0.9603499    0.9982699 |       327       367
      836     5.225 |   18.8793420 |    0.9603504    0.9982699 |       327       367
      837     5.231 |   18.8772269 |    0.9603508    0.9982699 |       327       367
      838     5.238 |   18.8845307 |    0.9603508    0.9982699 |       327       367
      839     5.244 |   18.8903064 |    0.9603500    0.9982699 |       327       367
------------------------------------------------------------------------------------
Iteration      Time | *me_per_hour |     LEANBSSNMOL::conf_fac | *TISTICS::maxrss_mb
                    |              |      minimum      maximum |   minimum   maximum
------------------------------------------------------------------------------------
      840     5.250 |   18.8934549 |    0.9603492    0.9982699 |       327       367
      841     5.256 |   18.8836205 |    0.9603484    0.9982699 |       327       367
      842     5.263 |   18.8915952 |    0.9603476    0.9982699 |       327       367
      843     5.269 |   18.8973720 |    0.9603469    0.9982699 |       327       367
      844     5.275 |   18.9029359 |    0.9603461    0.9982699 |       327       367
      845     5.281 |   18.9012189 |    0.9603453    0.9982699 |       327       367
      846     5.288 |   18.9091494 |    0.9603445    0.9982699 |       327       367
      847     5.294 |   18.9149142 |    0.9603437    0.9982699 |       327       367
      848     5.300 |   18.9152987 |    0.9603430    0.9982699 |       327       367
      849     5.306 |   18.8987927 |    0.9603422    0.9982699 |       327       367
      850     5.312 |   18.9066974 |    0.9603414    0.9982699 |       327       367
      851     5.319 |   18.9122364 |    0.9603407    0.9982699 |       327       367
      852     5.325 |   18.9176080 |    0.9603399    0.9982699 |       327       367
      853     5.331 |   18.9153646 |    0.9603391    0.9982699 |       327       367
      854     5.338 |   18.9230753 |    0.9603384    0.9982699 |       327       367
      855     5.344 |   18.9285058 |    0.9603376    0.9982699 |       327       367
      856     5.350 |   18.9314615 |    0.9603368    0.9982699 |       327       367
      857     5.356 |   18.9223251 |    0.9603361    0.9982699 |       327       367
      858     5.363 |   18.9300422 |    0.9603353    0.9982699 |       327       367
      859     5.369 |   18.9356933 |    0.9603346    0.9982699 |       327       367
------------------------------------------------------------------------------------
Iteration      Time | *me_per_hour |     LEANBSSNMOL::conf_fac | *TISTICS::maxrss_mb
                    |              |      minimum      maximum |   minimum   maximum
------------------------------------------------------------------------------------
      860     5.375 |   18.9411526 |    0.9603338    0.9982699 |       327       367
      861     5.381 |   18.9394092 |    0.9603331    0.9982699 |       327       367
      862     5.388 |   18.9471296 |    0.9603323    0.9982699 |       327       367
      863     5.394 |   18.9527740 |    0.9603315    0.9982699 |       327       367
      864     5.400 |   18.9508171 |    0.9603307    0.9982699 |       327       367
      865     5.406 |   18.9268578 |    0.9603300    0.9982699 |       327       367
      866     5.413 |   18.9345308 |    0.9603292    0.9982699 |       327       367
      867     5.419 |   18.9401252 |    0.9603284    0.9982699 |       327       367
      868     5.425 |   18.9454924 |    0.9603276    0.9982699 |       327       367
      869     5.431 |   18.9431059 |    0.9603268    0.9982699 |       327       367
      870     5.438 |   18.9507989 |    0.9603261    0.9982699 |       327       367
      871     5.444 |   18.9563063 |    0.9603253    0.9982699 |       327       367
      872     5.450 |   18.9591378 |    0.9603245    0.9982699 |       327       367
      873     5.456 |   18.9499179 |    0.9603237    0.9982699 |       327       367
      874     5.463 |   18.9575475 |    0.9603230    0.9982699 |       327       367
      875     5.469 |   18.9631194 |    0.9603222    0.9982699 |       327       367
      876     5.475 |   18.9683937 |    0.9603214    0.9982699 |       327       367
      877     5.481 |   18.9665108 |    0.9603206    0.9982699 |       327       367
      878     5.488 |   18.9741137 |    0.9603199    0.9982699 |       327       367
      879     5.494 |   18.9796090 |    0.9603191    0.9982699 |       327       367
------------------------------------------------------------------------------------
Iteration      Time | *me_per_hour |     LEANBSSNMOL::conf_fac | *TISTICS::maxrss_mb
                    |              |      minimum      maximum |   minimum   maximum
------------------------------------------------------------------------------------
      880     5.500 |   18.9757221 |    0.9603183    0.9982699 |       327       367
      881     5.506 |   18.9387941 |    0.9603175    0.9982699 |       327       367
      882     5.513 |   18.9463446 |    0.9603167    0.9982699 |       327       367
      883     5.519 |   18.9518148 |    0.9603159    0.9982699 |       327       367
      884     5.525 |   18.9570803 |    0.9603151    0.9982699 |       327       367
      885     5.531 |   18.9554388 |    0.9603143    0.9982699 |       327       367
      886     5.538 |   18.9630256 |    0.9603135    0.9982699 |       327       367
      887     5.544 |   18.9683166 |    0.9603127    0.9982699 |       327       367
      888     5.550 |   18.9711808 |    0.9603119    0.9982699 |       327       367
      889     5.556 |   18.9623681 |    0.9603110    0.9982699 |       327       367
      890     5.562 |   18.9697041 |    0.9603102    0.9982699 |       327       367
      891     5.569 |   18.9730561 |    0.9603094    0.9982699 |       327       367
      892     5.575 |   18.9775356 |    0.9603086    0.9982699 |       327       367
      893     5.581 |   18.9757544 |    0.9603078    0.9982699 |       327       367
      894     5.588 |   18.9832286 |    0.9603070    0.9982699 |       327       367
      895     5.594 |   18.9885417 |    0.9603063    0.9982699 |       327       367
      896     5.600 |   18.9812835 |    0.9603055    0.9982699 |       327       367
      897     5.606 |   18.9443307 |    0.9603047    0.9982699 |       327       367
      898     5.613 |   18.9517717 |    0.9603039    0.9982699 |       327       367
      899     5.619 |   18.9571615 |    0.9603031    0.9982699 |       327       367
------------------------------------------------------------------------------------
Iteration      Time | *me_per_hour |     LEANBSSNMOL::conf_fac | *TISTICS::maxrss_mb
                    |              |      minimum      maximum |   minimum   maximum
------------------------------------------------------------------------------------
      900     5.625 |   18.9622333 |    0.9603023    0.9982699 |       327       367
      901     5.631 |   18.9604030 |    0.9603015    0.9982699 |       327       367
      902     5.638 |   18.9677995 |    0.9603007    0.9982699 |       327       367
      903     5.644 |   18.9731508 |    0.9602999    0.9982699 |       327       367
      904     5.650 |   18.9758774 |    0.9602991    0.9982699 |       327       367
      905     5.656 |   18.9658688 |    0.9602984    0.9982699 |       327       367
      906     5.663 |   18.9731856 |    0.9602976    0.9982699 |       327       367
      907     5.669 |   18.9784906 |    0.9602968    0.9982699 |       327       367
      908     5.675 |   18.9831365 |    0.9602960    0.9982699 |       327       367
      909     5.681 |   18.9815031 |    0.9602952    0.9982699 |       327       367
      910     5.688 |   18.9888248 |    0.9602944    0.9982699 |       327       367
      911     5.694 |   18.9941250 |    0.9602937    0.9982699 |       327       367
      912     5.700 |   18.9945131 |    0.9602929    0.9982699 |       327       367
      913     5.706 |   18.9788658 |    0.9602921    0.9982699 |       327       367
      914     5.713 |   18.9861820 |    0.9602913    0.9982699 |       327       367
      915     5.719 |   18.9914593 |    0.9602906    0.9982699 |       327       367
      916     5.725 |   18.9965058 |    0.9602898    0.9982699 |       327       367
      917     5.731 |   18.9945867 |    0.9602890    0.9982699 |       327       367
      918     5.738 |   19.0018451 |    0.9602883    0.9982699 |       327       367
      919     5.744 |   19.0059154 |    0.9602875    0.9982699 |       327       367
------------------------------------------------------------------------------------
Iteration      Time | *me_per_hour |     LEANBSSNMOL::conf_fac | *TISTICS::maxrss_mb
                    |              |      minimum      maximum |   minimum   maximum
------------------------------------------------------------------------------------
      920     5.750 |   19.0084928 |    0.9602867    0.9982699 |       327       367
      921     5.756 |   18.9998609 |    0.9602859    0.9982699 |       327       367
      922     5.763 |   19.0068549 |    0.9602852    0.9982699 |       327       367
      923     5.769 |   19.0119613 |    0.9602844    0.9982699 |       327       367
      924     5.775 |   19.0169460 |    0.9602836    0.9982699 |       327       367
      925     5.781 |   19.0151925 |    0.9602829    0.9982699 |       327       367
      926     5.788 |   19.0221592 |    0.9602821    0.9982699 |       327       367
      927     5.794 |   19.0273484 |    0.9602814    0.9982699 |       327       367
      928     5.800 |   19.0253532 |    0.9602806    0.9982699 |       327       367
      929     5.806 |   19.0025511 |    0.9602798    0.9982699 |       327       367
      930     5.812 |   19.0096527 |    0.9602791    0.9982699 |       327       367
      931     5.819 |   19.0146977 |    0.9602783    0.9982699 |       327       367
      932     5.825 |   19.0192849 |    0.9602776    0.9982699 |       327       367
      933     5.831 |   19.0138889 |    0.9602768    0.9982699 |       327       367
      934     5.838 |   19.0081092 |    0.9602761    0.9982699 |       327       367
      935     5.844 |   19.0063327 |    0.9602753    0.9982699 |       327       367
      936     5.850 |   19.0089473 |    0.9602746    0.9982699 |       327       367
      937     5.856 |   19.0004685 |    0.9602738    0.9982699 |       327       367
      938     5.863 |   19.0075719 |    0.9602731    0.9982699 |       327       367
      939     5.869 |   19.0127080 |    0.9602724    0.9982699 |       327       367
------------------------------------------------------------------------------------
Iteration      Time | *me_per_hour |     LEANBSSNMOL::conf_fac | *TISTICS::maxrss_mb
                    |              |      minimum      maximum |   minimum   maximum
------------------------------------------------------------------------------------
      940     5.875 |   19.0176015 |    0.9602716    0.9982699 |       327       367
      941     5.881 |   19.0159258 |    0.9602709    0.9982699 |       327       367
      942     5.888 |   19.0230454 |    0.9602701    0.9982699 |       327       367
      943     5.894 |   19.0281462 |    0.9602694    0.9982699 |       327       367
      944     5.900 |   19.0284675 |    0.9602686    0.9982699 |       327       367
      945     5.906 |   19.0125940 |    0.9602679    0.9982699 |       327       367
      946     5.913 |   19.0196728 |    0.9602671    0.9982699 |       327       367
      947     5.919 |   19.0247256 |    0.9602664    0.9982699 |       327       367
      948     5.925 |   19.0296066 |    0.9602656    0.9982699 |       327       367
      949     5.931 |   19.0274071 |    0.9602649    0.9982699 |       327       367
      950     5.938 |   19.0343640 |    0.9602642    0.9982699 |       327       367
      951     5.944 |   19.0394312 |    0.9602634    0.9982699 |       327       367
      952     5.950 |   19.0420801 |    0.9602627    0.9982699 |       327       367
      953     5.956 |   19.0334650 |    0.9602620    0.9982699 |       327       367
      954     5.963 |   19.0404378 |    0.9602612    0.9982699 |       327       367
      955     5.969 |   19.0454260 |    0.9602604    0.9982699 |       327       367
      956     5.975 |   19.0502430 |    0.9602596    0.9982699 |       327       367
      957     5.981 |   19.0485257 |    0.9602588    0.9982699 |       327       367
      958     5.988 |   19.0554703 |    0.9602580    0.9982699 |       327       367
      959     5.994 |   19.0602741 |    0.9602572    0.9982699 |       327       367
------------------------------------------------------------------------------------
Iteration      Time | *me_per_hour |     LEANBSSNMOL::conf_fac | *TISTICS::maxrss_mb
                    |              |      minimum      maximum |   minimum   maximum
------------------------------------------------------------------------------------
      960     6.000 |   19.0546280 |    0.9602565    0.9982699 |       327       367
      961     6.006 |   19.0256167 |    0.9602557    0.9982699 |       327       367
      962     6.013 |   19.0325389 |    0.9602549    0.9982699 |       327       367
      963     6.019 |   19.0373558 |    0.9602541    0.9982699 |       327       367
      964     6.025 |   19.0420890 |    0.9602533    0.9982699 |       327       367
      965     6.031 |   19.0391192 |    0.9602525    0.9982699 |       327       367
      966     6.038 |   19.0459724 |    0.9602518    0.9982699 |       327       367
      967     6.044 |   19.0509384 |    0.9602510    0.9982699 |       327       367
      968     6.050 |   19.0535402 |    0.9602502    0.9982699 |       327       367
      969     6.056 |   19.0452604 |    0.9602494    0.9982699 |       327       367
      970     6.062 |   19.0518428 |    0.9602486    0.9982699 |       327       367
      971     6.069 |   19.0567709 |    0.9602478    0.9982699 |       327       367
      972     6.075 |   19.0611547 |    0.9602470    0.9982699 |       327       367
      973     6.081 |   19.0587893 |    0.9602463    0.9982699 |       327       367
      974     6.088 |   19.0656147 |    0.9602455    0.9982699 |       327       367
      975     6.094 |   19.0704510 |    0.9602447    0.9982699 |       327       367
      976     6.100 |   19.0701125 |    0.9602439    0.9982699 |       327       367
      977     6.106 |   19.0553968 |    0.9602431    0.9982699 |       327       367
      978     6.113 |   19.0622237 |    0.9602424    0.9982699 |       327       367
      979     6.119 |   19.0668139 |    0.9602416    0.9982699 |       327       367
------------------------------------------------------------------------------------
Iteration      Time | *me_per_hour |     LEANBSSNMOL::conf_fac | *TISTICS::maxrss_mb
                    |              |      minimum      maximum |   minimum   maximum
------------------------------------------------------------------------------------
      980     6.125 |   19.0715103 |    0.9602408    0.9982699 |       327       367
      981     6.131 |   19.0698341 |    0.9602400    0.9982699 |       327       367
      982     6.138 |   19.0765986 |    0.9602393    0.9982699 |       327       367
      983     6.144 |   19.0814444 |    0.9602385    0.9982699 |       327       367
      984     6.150 |   19.0839354 |    0.9602377    0.9982699 |       327       367
      985     6.156 |   19.0757203 |    0.9602369    0.9982699 |       327       367
      986     6.163 |   19.0816536 |    0.9602362    0.9982699 |       327       367
      987     6.169 |   19.0839740 |    0.9602354    0.9982699 |       327       367
      988     6.175 |   19.0774334 |    0.9602346    0.9982699 |       327       367
      989     6.181 |   19.0665716 |    0.9602339    0.9982699 |       327       367
      990     6.188 |   19.0733400 |    0.9602331    0.9982699 |       327       367
      991     6.194 |   19.0782081 |    0.9602323    0.9982699 |       327       367
      992     6.200 |   19.0763132 |    0.9602316    0.9982699 |       327       367
      993     6.206 |   19.0553978 |    0.9602308    0.9982699 |       327       367
      994     6.213 |   19.0620673 |    0.9602301    0.9982699 |       327       367
      995     6.219 |   19.0666484 |    0.9602293    0.9982699 |       327       367
      996     6.225 |   19.0712500 |    0.9602286    0.9982699 |       327       367
      997     6.231 |   19.0692999 |    0.9602278    0.9982699 |       327       367
      998     6.238 |   19.0749877 |    0.9602271    0.9982699 |       327       367
      999     6.244 |   19.0794867 |    0.9602263    0.9982699 |       327       367
------------------------------------------------------------------------------------
Iteration      Time | *me_per_hour |     LEANBSSNMOL::conf_fac | *TISTICS::maxrss_mb
                    |              |      minimum      maximum |   minimum   maximum
------------------------------------------------------------------------------------
     1000     6.250 |   19.0819777 |    0.9602256    0.9982699 |       327       367
     1001     6.256 |   19.0738642 |    0.9602248    0.9982699 |       327       367
     1002     6.263 |   19.0802157 |    0.9602241    0.9982699 |       327       367
     1003     6.269 |   19.0849656 |    0.9602233    0.9982699 |       327       367
     1004     6.275 |   19.0896034 |    0.9602226    0.9982699 |       327       367
     1005     6.281 |   19.0880387 |    0.9602219    0.9982699 |       327       367
     1006     6.288 |   19.0945520 |    0.9602211    0.9982699 |       327       367
     1007     6.294 |   19.0993804 |    0.9602204    0.9982699 |       327       367
     1008     6.300 |   19.0997677 |    0.9602196    0.9982699 |       327       367
     1009     6.306 |   19.0854883 |    0.9602189    0.9982699 |       327       367
     1010     6.312 |   19.0921540 |    0.9602181    0.9982699 |       327       367
     1011     6.319 |   19.0969260 |    0.9602174    0.9982699 |       327       367
     1012     6.325 |   19.1013796 |    0.9602167    0.9982699 |       327       367
     1013     6.331 |   19.0992432 |    0.9602159    0.9982699 |       327       367
     1014     6.338 |   19.1055705 |    0.9602152    0.9982699 |       327       367
     1015     6.344 |   19.1102265 |    0.9602144    0.9982699 |       327       367
     1016     6.350 |   19.1125396 |    0.9602137    0.9982699 |       327       367
     1017     6.356 |   19.1039798 |    0.9602130    0.9982699 |       327       367
     1018     6.363 |   19.1105671 |    0.9602122    0.9982699 |       327       367
     1019     6.369 |   19.1153893 |    0.9602115    0.9982699 |       327       367
------------------------------------------------------------------------------------
Iteration      Time | *me_per_hour |     LEANBSSNMOL::conf_fac | *TISTICS::maxrss_mb
                    |              |      minimum      maximum |   minimum   maximum
------------------------------------------------------------------------------------
     1020     6.375 |   19.1199750 |    0.9602108    0.9982699 |       327       367
     1021     6.381 |   19.1184217 |    0.9602101    0.9982699 |       327       367
     1022     6.388 |   19.1249541 |    0.9602093    0.9982699 |       327       367
     1023     6.394 |   19.1297021 |    0.9602086    0.9982699 |       327       367
WARNING[L1,P0] (QuasiLocalMeasures): Did not manage to integrate along a Killing vector field line loop
INFO (AHFinderDirect): proc 0: searching for horizon 1/6
INFO (AHFinderDirect): AH 2/6: r=29.3072 at (-0.001000,0.000000,0.000000)
INFO (AHFinderDirect): AH 2/6: area=11309.77799 m_irreducible=15.00002947
INFO (AHFinderDirect): AH 3/6: r=79.2572 at (-0.001000,-0.000000,-0.000000)
INFO (AHFinderDirect): AH 3/6: area=80424.77447 m_irreducible=40.00000063
INFO (AHFinderDirect): AH 4/6: r=99.251 at (-0.001000,0.000000,0.000000)
INFO (AHFinderDirect): AH 4/6: area=125663.7075 m_irreducible=50.00000026
INFO (AHFinderDirect): AH 5/6: r=179.24 at (-0.001000,0.000000,0.000000)
INFO (AHFinderDirect): AH 5/6: area=407150.4081 m_irreducible=90.00000002
INFO (AHFinderDirect): AH 6/6: r=239.237 at (-0.001000,-0.000000,0.000000)
INFO (AHFinderDirect): AH 6/6: area=723822.9476 m_irreducible=120
INFO (QuasiLocalMeasures): Calculating quasi-local quantities for surface    0
INFO (QuasiLocalMeasures): Importing from spherical surface    0
INFO (QuasiLocalMeasures): Geometric quantities for surface    0:
INFO (QuasiLocalMeasures):    Area A:                            0.00000
INFO (QuasiLocalMeasures):    Irreducible mass M = R/2:          0.00000
INFO (QuasiLocalMeasures):    Areal radius R = sqrt(A/4pi):      0.00000
INFO (QuasiLocalMeasures): Coordinate-dependent quantities for surface    0:
INFO (QuasiLocalMeasures):    Equatorial circumference:             0.00000
INFO (QuasiLocalMeasures):    Polar circumference at phi=0:         0.00000
INFO (QuasiLocalMeasures):    Polar circumference at phi=pi/2:      0.00000
INFO (QuasiLocalMeasures):    No valid spin guess from distortion.
INFO (QuasiLocalMeasures):    (Spin guess is imaginary.)
INFO (QuasiLocalMeasures):    Magnitude of invalid spin guess:              NaN
INFO (QuasiLocalMeasures):    Mass guess M from distortion:                 NaN
INFO (QuasiLocalMeasures): Isolated Horizon quantities for surface    0:
INFO (QuasiLocalMeasures):    Killing vector field eigenvalue norm:      0.00000
INFO (QuasiLocalMeasures):    Spin J:                                            NaN
INFO (QuasiLocalMeasures):    Kerr spin parameter a = J/M:                       NaN
INFO (QuasiLocalMeasures):    Dimensionless spin parameter a = J/M^2:            NaN
INFO (QuasiLocalMeasures):    Spin J from NP:                                    NaN
INFO (QuasiLocalMeasures):    Spin J from phi-coordinate-vector:         0.00000
INFO (QuasiLocalMeasures):    Mass M:                                            NaN
INFO (QuasiLocalMeasures): Global quantities for surface    0:
INFO (QuasiLocalMeasures):    ADM energy:                          NaN
INFO (QuasiLocalMeasures):    ADM momentum x:                      NaN
INFO (QuasiLocalMeasures):    ADM momentum y:                      NaN
INFO (QuasiLocalMeasures):    ADM momentum z:                      NaN
INFO (QuasiLocalMeasures):    ADM angular momentum x:              NaN
INFO (QuasiLocalMeasures):    ADM angular momentum y:              NaN
INFO (QuasiLocalMeasures):    ADM angular momentum z:              NaN
INFO (QuasiLocalMeasures):    Weinberg energy:                          NaN
INFO (QuasiLocalMeasures):    Weinberg momentum x:                      NaN
INFO (QuasiLocalMeasures):    Weinberg momentum y:                      NaN
INFO (QuasiLocalMeasures):    Weinberg momentum z:                      NaN
INFO (QuasiLocalMeasures):    Weinberg angular momentum x:              NaN
INFO (QuasiLocalMeasures):    Weinberg angular momentum y:              NaN
INFO (QuasiLocalMeasures):    Weinberg angular momentum z:              NaN
     1024     6.400 |   18.3876948 |    0.9602079    0.9982699 |       327       371
     1025     6.406 |   18.3195898 |    0.9602072    0.9982699 |       327       371
     1026     6.413 |   18.3262916 |    0.9602064    0.9982699 |       327       371
     1027     6.419 |   18.3312807 |    0.9602057    0.9982699 |       327       371
     1028     6.425 |   18.3361582 |    0.9602050    0.9982699 |       327       371
     1029     6.431 |   18.3353880 |    0.9602043    0.9982699 |       327       371
     1030     6.438 |   18.3420537 |    0.9602036    0.9982699 |       327       371
     1031     6.444 |   18.3470185 |    0.9602029    0.9982699 |       327       371
     1032     6.450 |   18.3497485 |    0.9602021    0.9982699 |       327       371
     1033     6.456 |   18.3432298 |    0.9602014    0.9982699 |       327       371
     1034     6.463 |   18.3476799 |    0.9602006    0.9982699 |       327       371
     1035     6.469 |   18.3526861 |    0.9601998    0.9982699 |       327       371
     1036     6.475 |   18.3574750 |    0.9601991    0.9982699 |       327       371
     1037     6.481 |   18.3565559 |    0.9601983    0.9982699 |       327       371
     1038     6.488 |   18.3627606 |    0.9601975    0.9982699 |       327       371
     1039     6.494 |   18.3677196 |    0.9601967    0.9982699 |       327       371
------------------------------------------------------------------------------------
Iteration      Time | *me_per_hour |     LEANBSSNMOL::conf_fac | *TISTICS::maxrss_mb
                    |              |      minimum      maximum |   minimum   maximum
------------------------------------------------------------------------------------
     1040     6.500 |   18.3686375 |    0.9601960    0.9982699 |       327       371
     1041     6.506 |   18.3564445 |    0.9601952    0.9982699 |       327       371
     1042     6.513 |   18.3630237 |    0.9601944    0.9982699 |       327       371
     1043     6.519 |   18.3679747 |    0.9601936    0.9982699 |       327       371
     1044     6.525 |   18.3727654 |    0.9601928    0.9982699 |       327       371
     1045     6.531 |   18.3719577 |    0.9601921    0.9982699 |       327       371
     1046     6.538 |   18.3694587 |    0.9601913    0.9982699 |       327       371
     1047     6.544 |   18.3659403 |    0.9601905    0.9982699 |       327       371
     1048     6.550 |   18.3682774 |    0.9601897    0.9982699 |       327       371
     1049     6.556 |   18.3531806 |    0.9601889    0.9982699 |       327       371
     1050     6.562 |   18.3498653 |    0.9601882    0.9982699 |       327       371
     1051     6.569 |   18.3505443 |    0.9601874    0.9982699 |       327       371
     1052     6.575 |   18.3551292 |    0.9601866    0.9982699 |       327       371
     1053     6.581 |   18.3543838 |    0.9601858    0.9982699 |       327       371
     1054     6.588 |   18.3609135 |    0.9601851    0.9982699 |       327       371
     1055     6.594 |   18.3657512 |    0.9601843    0.9982699 |       327       371
     1056     6.600 |   18.3647707 |    0.9601835    0.9982699 |       327       371
     1057     6.606 |   18.3470047 |    0.9601827    0.9982699 |       327       371
     1058     6.613 |   18.3532403 |    0.9601820    0.9982699 |       327       371
     1059     6.619 |   18.3573675 |    0.9601812    0.9982699 |       327       371
------------------------------------------------------------------------------------
Iteration      Time | *me_per_hour |     LEANBSSNMOL::conf_fac | *TISTICS::maxrss_mb
                    |              |      minimum      maximum |   minimum   maximum
------------------------------------------------------------------------------------
     1060     6.625 |   18.3617980 |    0.9601804    0.9982699 |       327       371
     1061     6.631 |   18.3609880 |    0.9601797    0.9982699 |       327       371
     1062     6.638 |   18.3674728 |    0.9601789    0.9982699 |       327       371
     1063     6.644 |   18.3713672 |    0.9601781    0.9982699 |       327       371
     1064     6.650 |   18.3741303 |    0.9601774    0.9982699 |       327       371
     1065     6.656 |   18.3678614 |    0.9601766    0.9982699 |       327       371
     1066     6.663 |   18.3743441 |    0.9601759    0.9982699 |       327       371
     1067     6.669 |   18.3791193 |    0.9601751    0.9982699 |       327       371
     1068     6.675 |   18.3837693 |    0.9601743    0.9982699 |       327       371
     1069     6.681 |   18.3830327 |    0.9601736    0.9982699 |       327       371
     1070     6.688 |   18.3894699 |    0.9601728    0.9982699 |       327       371
     1071     6.694 |   18.3942403 |    0.9601721    0.9982699 |       327       371
     1072     6.700 |   18.3950943 |    0.9601713    0.9982699 |       327       371
     1073     6.706 |   18.3827173 |    0.9601705    0.9982699 |       327       371
     1074     6.713 |   18.3887020 |    0.9601698    0.9982699 |       327       371
     1075     6.719 |   18.3934606 |    0.9601690    0.9982699 |       327       371
     1076     6.725 |   18.3980661 |    0.9601683    0.9982699 |       327       371
     1077     6.731 |   18.3968427 |    0.9601675    0.9982699 |       327       371
     1078     6.738 |   18.4032249 |    0.9601668    0.9982699 |       327       371
     1079     6.744 |   18.4079405 |    0.9601660    0.9982699 |       327       371
------------------------------------------------------------------------------------
Iteration      Time | *me_per_hour |     LEANBSSNMOL::conf_fac | *TISTICS::maxrss_mb
                    |              |      minimum      maximum |   minimum   maximum
------------------------------------------------------------------------------------
     1080     6.750 |   18.4106701 |    0.9601653    0.9982699 |       327       371
     1081     6.756 |   18.4044496 |    0.9601645    0.9982699 |       327       371
     1082     6.763 |   18.4108027 |    0.9601638    0.9982699 |       327       371
     1083     6.769 |   18.4155169 |    0.9601630    0.9982699 |       327       371
     1084     6.775 |   18.4200739 |    0.9601623    0.9982699 |       327       371
     1085     6.781 |   18.4192938 |    0.9601616    0.9982699 |       327       371
     1086     6.788 |   18.4255691 |    0.9601608    0.9982699 |       327       371
     1087     6.794 |   18.4303199 |    0.9601601    0.9982699 |       327       371
     1088     6.800 |   18.4258684 |    0.9601593    0.9982699 |       327       371
     1089     6.806 |   18.4028458 |    0.9601586    0.9982699 |       327       371
     1090     6.812 |   18.4090326 |    0.9601579    0.9982699 |       327       371
     1091     6.819 |   18.4133935 |    0.9601571    0.9982699 |       327       371
     1092     6.825 |   18.4178941 |    0.9601564    0.9982699 |       327       371
     1093     6.831 |   18.4165385 |    0.9601557    0.9982699 |       327       371
     1094     6.838 |   18.4227941 |    0.9601550    0.9982699 |       327       371
     1095     6.844 |   18.4267704 |    0.9601542    0.9982699 |       327       371
     1096     6.850 |   18.4271101 |    0.9601535    0.9982699 |       327       371
     1097     6.856 |   18.4178522 |    0.9601528    0.9982699 |       327       371
     1098     6.863 |   18.4229078 |    0.9601521    0.9982699 |       327       371
     1099     6.869 |   18.4261606 |    0.9601513    0.9982699 |       327       371
------------------------------------------------------------------------------------
Iteration      Time | *me_per_hour |     LEANBSSNMOL::conf_fac | *TISTICS::maxrss_mb
                    |              |      minimum      maximum |   minimum   maximum
------------------------------------------------------------------------------------
     1100     6.875 |   18.4300501 |    0.9601506    0.9982699 |       327       371
     1101     6.881 |   18.4263101 |    0.9601499    0.9982699 |       327       371
     1102     6.888 |   18.4255638 |    0.9601491    0.9982699 |       327       371
     1103     6.894 |   18.4209055 |    0.9601483    0.9982699 |       327       371
     1104     6.900 |   18.4216645 |    0.9601476    0.9982699 |       327       371
     1105     6.906 |   18.4101238 |    0.9601468    0.9982699 |       327       371
     1106     6.913 |   18.4162859 |    0.9601460    0.9982699 |       327       371
     1107     6.919 |   18.4208427 |    0.9601452    0.9982699 |       327       371
     1108     6.925 |   18.4252846 |    0.9601444    0.9982699 |       327       371
     1109     6.931 |   18.4242951 |    0.9601436    0.9982699 |       327       371
     1110     6.938 |   18.4303403 |    0.9601429    0.9982699 |       327       371
     1111     6.944 |   18.4349362 |    0.9601421    0.9982699 |       327       371
     1112     6.950 |   18.4368786 |    0.9601413    0.9982699 |       327       371
     1113     6.956 |   18.4298974 |    0.9601405    0.9982699 |       327       371
     1114     6.963 |   18.4360655 |    0.9601397    0.9982699 |       327       371
     1115     6.969 |   18.4406689 |    0.9601390    0.9982699 |       327       371
     1116     6.975 |   18.4445862 |    0.9601382    0.9982699 |       327       371
     1117     6.981 |   18.4438655 |    0.9601374    0.9982699 |       327       371
     1118     6.988 |   18.4500482 |    0.9601366    0.9982699 |       327       371
     1119     6.994 |   18.4546226 |    0.9601359    0.9982699 |       327       371
------------------------------------------------------------------------------------
Iteration      Time | *me_per_hour |     LEANBSSNMOL::conf_fac | *TISTICS::maxrss_mb
                    |              |      minimum      maximum |   minimum   maximum
------------------------------------------------------------------------------------
     1120     7.000 |   18.4534896 |    0.9601351    0.9982699 |       327       371
     1121     7.006 |   18.4368004 |    0.9601343    0.9982699 |       327       371
     1122     7.013 |   18.4429522 |    0.9601335    0.9982699 |       327       371
     1123     7.019 |   18.4474661 |    0.9601328    0.9982699 |       327       371
     1124     7.025 |   18.4518526 |    0.9601320    0.9982699 |       327       371
     1125     7.031 |   18.4511123 |    0.9601312    0.9982699 |       327       371
     1126     7.038 |   18.4568758 |    0.9601305    0.9982699 |       327       371
     1127     7.044 |   18.4613925 |    0.9601297    0.9982699 |       327       371
     1128     7.050 |   18.4637312 |    0.9601290    0.9982699 |       327       371
     1129     7.056 |   18.4572629 |    0.9601282    0.9982699 |       327       371
     1130     7.062 |   18.4632539 |    0.9601274    0.9982699 |       327       371
     1131     7.069 |   18.4677718 |    0.9601267    0.9982699 |       327       371
     1132     7.075 |   18.4721066 |    0.9601259    0.9982699 |       327       371
     1133     7.081 |   18.4713024 |    0.9601252    0.9982699 |       327       371
     1134     7.088 |   18.4773792 |    0.9601244    0.9982699 |       327       371
     1135     7.094 |   18.4818890 |    0.9601236    0.9982699 |       327       371
     1136     7.100 |   18.4826174 |    0.9601229    0.9982699 |       327       371
     1137     7.106 |   18.4713235 |    0.9601221    0.9982699 |       327       371
     1138     7.113 |   18.4765260 |    0.9601214    0.9982699 |       327       371
     1139     7.119 |   18.4810644 |    0.9601206    0.9982699 |       327       371
------------------------------------------------------------------------------------
Iteration      Time | *me_per_hour |     LEANBSSNMOL::conf_fac | *TISTICS::maxrss_mb
                    |              |      minimum      maximum |   minimum   maximum
------------------------------------------------------------------------------------
     1140     7.125 |   18.4841105 |    0.9601199    0.9982699 |       327       371
     1141     7.131 |   18.4833958 |    0.9601191    0.9982699 |       327       371
     1142     7.138 |   18.4893630 |    0.9601184    0.9982699 |       327       371
     1143     7.144 |   18.4938642 |    0.9601176    0.9982699 |       327       371
     1144     7.150 |   18.4963934 |    0.9601169    0.9982699 |       327       371
     1145     7.156 |   18.4903565 |    0.9601161    0.9982699 |       327       371
     1146     7.163 |   18.4963325 |    0.9601154    0.9982699 |       327       371
     1147     7.169 |   18.5008047 |    0.9601146    0.9982699 |       327       371
     1148     7.175 |   18.5048423 |    0.9601139    0.9982699 |       327       371
     1149     7.181 |   18.5040983 |    0.9601132    0.9982699 |       327       371
     1150     7.188 |   18.5100432 |    0.9601124    0.9982699 |       327       371
     1151     7.194 |   18.5144923 |    0.9601117    0.9982699 |       327       371
     1152     7.200 |   18.5095846 |    0.9601109    0.9982699 |       327       371
     1153     7.206 |   18.4806911 |    0.9601102    0.9982699 |       327       371
     1154     7.213 |   18.4814528 |    0.9601095    0.9982699 |       327       371
     1155     7.219 |   18.4771707 |    0.9601087    0.9982699 |       327       371
     1156     7.225 |   18.4798799 |    0.9601080    0.9982699 |       327       371
     1157     7.231 |   18.4791048 |    0.9601073    0.9982699 |       327       371
     1158     7.238 |   18.4850620 |    0.9601065    0.9982699 |       327       371
     1159     7.244 |   18.4894289 |    0.9601058    0.9982699 |       327       371
------------------------------------------------------------------------------------
Iteration      Time | *me_per_hour |     LEANBSSNMOL::conf_fac | *TISTICS::maxrss_mb
                    |              |      minimum      maximum |   minimum   maximum
------------------------------------------------------------------------------------
     1160     7.250 |   18.4918811 |    0.9601051    0.9982699 |       327       371
     1161     7.256 |   18.4858890 |    0.9601043    0.9982699 |       327       371
     1162     7.263 |   18.4917895 |    0.9601036    0.9982699 |       327       371
     1163     7.269 |   18.4961581 |    0.9601029    0.9982699 |       327       371
     1164     7.275 |   18.5001687 |    0.9601022    0.9982699 |       327       371
     1165     7.281 |   18.4991405 |    0.9601014    0.9982699 |       327       371
     1166     7.288 |   18.5046156 |    0.9601006    0.9982699 |       327       371
     1167     7.294 |   18.5089494 |    0.9600998    0.9982699 |       327       371
     1168     7.300 |   18.5096598 |    0.9600990    0.9982699 |       327       371
     1169     7.306 |   18.4982822 |    0.9600982    0.9982699 |       327       371
     1170     7.312 |   18.5041421 |    0.9600974    0.9982699 |       327       371
     1171     7.319 |   18.5084826 |    0.9600966    0.9982699 |       327       371
     1172     7.325 |   18.5126209 |    0.9600958    0.9982699 |       327       371
     1173     7.331 |   18.5117454 |    0.9600950    0.9982699 |       327       371
     1174     7.338 |   18.5175659 |    0.9600942    0.9982699 |       327       371
     1175     7.344 |   18.5218495 |    0.9600934    0.9982699 |       327       371
     1176     7.350 |   18.5243259 |    0.9600926    0.9982699 |       327       371
     1177     7.356 |   18.5183698 |    0.9600918    0.9982699 |       327       371
     1178     7.363 |   18.5241343 |    0.9600910    0.9982699 |       327       371
     1179     7.369 |   18.5283806 |    0.9600902    0.9982699 |       327       371
------------------------------------------------------------------------------------
Iteration      Time | *me_per_hour |     LEANBSSNMOL::conf_fac | *TISTICS::maxrss_mb
                    |              |      minimum      maximum |   minimum   maximum
------------------------------------------------------------------------------------
     1180     7.375 |   18.5322131 |    0.9600894    0.9982699 |       327       371
     1181     7.381 |   18.5310386 |    0.9600886    0.9982699 |       327       371
     1182     7.388 |   18.5368007 |    0.9600878    0.9982699 |       327       371
     1183     7.394 |   18.5410221 |    0.9600870    0.9982699 |       327       371
     1184     7.400 |   18.5396077 |    0.9600862    0.9982699 |       327       371
     1185     7.406 |   18.5233950 |    0.9600854    0.9982699 |       327       371
     1186     7.413 |   18.5291573 |    0.9600846    0.9982699 |       327       371
     1187     7.419 |   18.5330009 |    0.9600839    0.9982699 |       327       371
     1188     7.425 |   18.5370646 |    0.9600831    0.9982699 |       327       371
     1189     7.431 |   18.5362457 |    0.9600823    0.9982699 |       327       371
     1190     7.438 |   18.5419721 |    0.9600815    0.9982699 |       327       371
     1191     7.444 |   18.5462093 |    0.9600807    0.9982699 |       327       371
     1192     7.450 |   18.5484595 |    0.9600800    0.9982699 |       327       371
     1193     7.456 |   18.5396296 |    0.9600792    0.9982699 |       327       371
     1194     7.463 |   18.5451660 |    0.9600784    0.9982699 |       327       371
     1195     7.469 |   18.5493640 |    0.9600777    0.9982699 |       327       371
     1196     7.475 |   18.5533780 |    0.9600769    0.9982699 |       327       371
     1197     7.481 |   18.5522706 |    0.9600761    0.9982699 |       327       371
     1198     7.488 |   18.5579297 |    0.9600754    0.9982699 |       327       371
     1199     7.494 |   18.5621302 |    0.9600746    0.9982699 |       327       371
------------------------------------------------------------------------------------
Iteration      Time | *me_per_hour |     LEANBSSNMOL::conf_fac | *TISTICS::maxrss_mb
                    |              |      minimum      maximum |   minimum   maximum
------------------------------------------------------------------------------------
     1200     7.500 |   18.5627863 |    0.9600739    0.9982699 |       327       371
     1201     7.506 |   18.5516041 |    0.9600731    0.9982699 |       327       371
     1202     7.513 |   18.5572896 |    0.9600723    0.9982699 |       327       371
     1203     7.519 |   18.5614674 |    0.9600716    0.9982699 |       327       371
     1204     7.525 |   18.5651196 |    0.9600708    0.9982699 |       327       371
     1205     7.531 |   18.5642504 |    0.9600701    0.9982699 |       327       371
     1206     7.538 |   18.5698911 |    0.9600693    0.9982699 |       327       371
     1207     7.544 |   18.5731067 |    0.9600686    0.9982699 |       327       371
     1208     7.550 |   18.5691771 |    0.9600678    0.9982699 |       327       371
     1209     7.556 |   18.5540381 |    0.9600671    0.9982699 |       327       371
     1210     7.562 |   18.5594187 |    0.9600663    0.9982699 |       327       371
     1211     7.569 |   18.5635381 |    0.9600656    0.9982699 |       327       371
     1212     7.575 |   18.5675268 |    0.9600649    0.9982699 |       327       371
     1213     7.581 |   18.5666493 |    0.9600641    0.9982699 |       327       371
     1214     7.588 |   18.5722396 |    0.9600634    0.9982699 |       327       371
     1215     7.594 |   18.5763822 |    0.9600627    0.9982699 |       327       371
     1216     7.600 |   18.5736149 |    0.9600619    0.9982699 |       327       371
     1217     7.606 |   18.5523521 |    0.9600612    0.9982699 |       327       371
     1218     7.613 |   18.5579777 |    0.9600605    0.9982699 |       327       371
     1219     7.619 |   18.5618962 |    0.9600597    0.9982699 |       327       371
------------------------------------------------------------------------------------
Iteration      Time | *me_per_hour |     LEANBSSNMOL::conf_fac | *TISTICS::maxrss_mb
                    |              |      minimum      maximum |   minimum   maximum
------------------------------------------------------------------------------------
     1220     7.625 |   18.5658614 |    0.9600590    0.9982699 |       327       371
     1221     7.631 |   18.5649809 |    0.9600583    0.9982699 |       327       371
     1222     7.638 |   18.5705574 |    0.9600576    0.9982699 |       327       371
     1223     7.644 |   18.5742240 |    0.9600568    0.9982699 |       327       371
     1224     7.650 |   18.5765409 |    0.9600561    0.9982699 |       327       371
     1225     7.656 |   18.5707180 |    0.9600554    0.9982699 |       327       371
     1226     7.663 |   18.5763047 |    0.9600547    0.9982699 |       327       371
     1227     7.669 |   18.5802526 |    0.9600540    0.9982699 |       327       371
     1228     7.675 |   18.5842416 |    0.9600532    0.9982699 |       327       371
     1229     7.681 |   18.5833369 |    0.9600525    0.9982699 |       327       371
     1230     7.688 |   18.5880016 |    0.9600518    0.9982699 |       327       371
     1231     7.694 |   18.5920825 |    0.9600511    0.9982699 |       327       371
     1232     7.700 |   18.5926313 |    0.9600504    0.9982699 |       327       371
     1233     7.706 |   18.5819261 |    0.9600497    0.9982699 |       327       371
     1234     7.713 |   18.5873045 |    0.9600490    0.9982699 |       327       371
     1235     7.719 |   18.5913624 |    0.9600483    0.9982699 |       327       371
     1236     7.725 |   18.5952902 |    0.9600476    0.9982699 |       327       371
     1237     7.731 |   18.5941770 |    0.9600469    0.9982699 |       327       371
     1238     7.738 |   18.5997130 |    0.9600462    0.9982699 |       327       371
     1239     7.744 |   18.6037649 |    0.9600455    0.9982699 |       327       371
------------------------------------------------------------------------------------
Iteration      Time | *me_per_hour |     LEANBSSNMOL::conf_fac | *TISTICS::maxrss_mb
                    |              |      minimum      maximum |   minimum   maximum
------------------------------------------------------------------------------------
     1240     7.750 |   18.6059817 |    0.9600448    0.9982699 |       327       371
     1241     7.756 |   18.6002682 |    0.9600441    0.9982699 |       327       371
     1242     7.763 |   18.6057582 |    0.9600434    0.9982699 |       327       371
     1243     7.769 |   18.6097991 |    0.9600428    0.9982699 |       327       371
     1244     7.775 |   18.6136738 |    0.9600421    0.9982699 |       327       371
     1245     7.781 |   18.6127853 |    0.9600414    0.9982699 |       327       371
     1246     7.788 |   18.6180575 |    0.9600407    0.9982699 |       327       371
     1247     7.794 |   18.6220805 |    0.9600400    0.9982699 |       327       371
     1248     7.800 |   18.6201049 |    0.9600393    0.9982699 |       327       371
     1249     7.806 |   18.6045232 |    0.9600387    0.9982699 |       327       371
     1250     7.812 |   18.6095574 |    0.9600379    0.9982699 |       327       371
     1251     7.819 |   18.6135709 |    0.9600371    0.9982699 |       327       371
     1252     7.825 |   18.6174311 |    0.9600364    0.9982699 |       327       371
     1253     7.831 |   18.6165827 |    0.9600356    0.9982699 |       327       371
     1254     7.838 |   18.6219116 |    0.9600348    0.9982699 |       327       371
     1255     7.844 |   18.6258765 |    0.9600341    0.9982699 |       327       371
     1256     7.850 |   18.6281151 |    0.9600333    0.9982699 |       327       371
     1257     7.856 |   18.6224364 |    0.9600326    0.9982699 |       327       371
     1258     7.863 |   18.6278938 |    0.9600318    0.9982699 |       327       371
     1259     7.869 |   18.6318827 |    0.9600310    0.9982699 |       327       371
------------------------------------------------------------------------------------
Iteration      Time | *me_per_hour |     LEANBSSNMOL::conf_fac | *TISTICS::maxrss_mb
                    |              |      minimum      maximum |   minimum   maximum
------------------------------------------------------------------------------------
     1260     7.875 |   18.6357515 |    0.9600303    0.9982699 |       327       371
     1261     7.881 |   18.6344542 |    0.9600295    0.9982699 |       327       371
     1262     7.888 |   18.6367049 |    0.9600288    0.9982699 |       327       371
     1263     7.894 |   18.6352719 |    0.9600280    0.9982699 |       327       371
     1264     7.900 |   18.6271799 |    0.9600273    0.9982699 |       327       371
     1265     7.906 |   18.6166776 |    0.9600265    0.9982699 |       327       371
     1266     7.913 |   18.6220904 |    0.9600258    0.9982699 |       327       371
     1267     7.919 |   18.6258969 |    0.9600250    0.9982699 |       327       371
     1268     7.925 |   18.6297162 |    0.9600243    0.9982699 |       327       371
     1269     7.931 |   18.6284053 |    0.9600235    0.9982699 |       327       371
     1270     7.938 |   18.6337549 |    0.9600227    0.9982699 |       327       371
     1271     7.944 |   18.6371968 |    0.9600219    0.9982699 |       327       371
     1272     7.950 |   18.6385262 |    0.9600212    0.9982699 |       327       371
     1273     7.956 |   18.6327501 |    0.9600204    0.9982699 |       327       371
     1274     7.963 |   18.6378484 |    0.9600196    0.9982699 |       327       371
     1275     7.969 |   18.6408746 |    0.9600189    0.9982699 |       327       371
     1276     7.975 |   18.6446743 |    0.9600181    0.9982699 |       327       371
     1277     7.981 |   18.6399206 |    0.9600174    0.9982699 |       327       371
     1278     7.988 |   18.6452365 |    0.9600166    0.9982699 |       327       371
     1279     7.994 |   18.6491893 |    0.9600158    0.9982699 |       327       371
------------------------------------------------------------------------------------
Iteration      Time | *me_per_hour |     LEANBSSNMOL::conf_fac | *TISTICS::maxrss_mb
                    |              |      minimum      maximum |   minimum   maximum
------------------------------------------------------------------------------------
     1280     8.000 |   18.6438505 |    0.9600151    0.9982699 |       327       371
INFO (Carpet): Terminating due to cctk_final_time at t = 8.000000
INFO (TimerReport): Timer Report before terminating at iteration 1280 time 8
INFO (TimerReport): Top timers at iteration 1280 time 8
======================================================================
    %    Time/s   Min/s   Max/s   Timer (gettimeofday)
======================================================================
100.0   1617.52 1612.05 1626.83   meta mode/meta mode/global mode
 95.5   1545.12 1544.76 1545.14   main/Evolve
 58.6    948.40  939.24  953.84   main/Evolve/CallEvol
 58.4    944.36  935.47  949.86   main/Evolve/CallEvol/CCTK_EVOL
 58.2    941.52  932.77  947.13   main/Evolve/CallEvol/CCTK_EVOL/CallFunction
 38.1    615.80  596.62  627.76   meta mode/meta mode/global mode/level(9)
 29.9    482.87  375.09  582.13   main/Evolve/CallEvol/CCTK_EVOL/CallFunction/thorns
 26.1    421.68  321.49  538.84   main/Evolve/CallEvol/CCTK_EVOL/CallFunction/syncs
 22.6    365.31  358.31  374.45   meta mode/meta mode/global mode/level(8)
 22.2    358.71  353.03  367.95   main/Evolve/CallAnalysis
 17.9    289.30  152.34  523.05   main/Evolve/CallEvol/CCTK_EVOL/CallFunction/syncs/Sync
 15.5    250.63  155.87  352.19   [0202] LeanBSSNMoL: LeanBSSN_Boundaries in CCTK_EVOL
 12.9    209.19  206.87  210.66   main/Evolve/CallRestrict
 12.3    198.78   58.55  442.04   main/Evolve/CallEvol/CCTK_EVOL/CallFunction/syncs/Sync/comm_state[6].state_do_some_work.step
 12.1    196.29  145.79  240.83   [0192] LeanBSSNMoL: LeanBSSN_CalcRHS in CCTK_EVOL
 12.0    194.09  143.78  238.53   main/Evolve/CallEvol/CCTK_EVOL/CallFunction/thorns/LeanBSSN_CalcRHS
 12.0    193.81  175.10  207.91   main/Evolve/CallRestrict/CCTK_POSTRESTRICT
 12.0    193.43  174.70  207.54   main/Evolve/CallRestrict/CCTK_POSTRESTRICT/CallFunction
 11.8    191.36  187.67  195.37   meta mode/meta mode/global mode/level(7)
 11.1    179.41  165.49  192.57   main/Evolve/CallAnalysis/CCTK_ANALYSIS
 11.0    177.47  157.83  193.07   main/Evolve/CallRestrict/CCTK_POSTRESTRICT/CallFunction/syncs
 10.7    173.18  150.72  232.11   [0208] MagScalarEvolve: MagScalar_Boundaries in CCTK_EVOL
 10.6    171.19  157.34  184.34   main/Evolve/CallAnalysis/CCTK_ANALYSIS/CallFunction
 10.2    164.23  122.23  203.72   [0194] MagScalarEvolve: MagScalar_CalcRHS in CCTK_EVOL
 10.0    162.55  120.66  201.99   main/Evolve/CallEvol/CCTK_EVOL/CallFunction/thorns/MagScalar_CalcRHS
  8.2    131.96    0.55  217.83   main/Evolve/CallEvol/CCTK_EVOL/CallFunction/syncs/Prolongate
  8.1    131.79  120.19  149.31   main/Evolve/CallAnalysis/CCTK_POSTSTEP
  8.1    131.26  119.67  148.80   main/Evolve/CallAnalysis/CCTK_POSTSTEP/CallFunction
  7.4    119.53  103.90  138.79   main/Evolve/CallAnalysis/CCTK_ANALYSIS/CallFunction/syncs
  6.5    105.18    0.57  170.90   main/Evolve/CallRestrict/CCTK_POSTRESTRICT/CallFunction/syncs/Prolongate
  6.4    103.49  101.25  105.01   meta mode/meta mode/global mode/level(6)
  6.3    102.64   92.76  113.40   main/Evolve/CallAnalysis/CCTK_POSTSTEP/CallFunction/thorns
  6.2     99.72    0.02  208.21   main/Evolve/CallEvol/CCTK_EVOL/CallFunction/syncs/Prolongate/comm_state[6].state_do_some_work.step
  5.6     90.50   90.48   90.86   main/Initialise
  5.5     88.29   88.27   88.32   [0137] AHFinderDirect: AHFinderDirect_find_horizons in CCTK_POSTSTEP
  5.0     80.57    0.02  161.40   main/Evolve/CallRestrict/CCTK_POSTRESTRICT/CallFunction/syncs/Prolongate/comm_state[6].state_do_some_work.step
  4.9     79.70   60.09   93.90   [0220] LeanBSSNMoL: LeanBSSN_Boundaries in CCTK_POSTRESTRICT
  4.5     72.17   19.04  168.98   main/Evolve/CallRestrict/CCTK_POSTRESTRICT/CallFunction/syncs/Sync
  4.1     66.92    0.79  114.40   main/Evolve/CallAnalysis/CCTK_ANALYSIS/CallFunction/syncs/Prolongate
  3.7     60.15   57.54   63.47   [0226] MagScalarEvolve: MagScalar_Boundaries in CCTK_POSTRESTRICT
======================================================================
===================================================================================================
Thorn           | Scheduled routine in time bin           | gettimeofday [secs] | getrusage [secs] 
===================================================================================================
Carpet          | Multi-model Startup routine             |          0.06783000 |       0.05707800 
CycleClock      | Set up CycleClock                       |          0.00000400 |       0.00000300 
LoopControl     | Set up LoopControl                      |          0.00000300 |       0.00000300 
Timers          | Prepare hierarchical timers             |          0.00001400 |       0.00001300 
Carpet          | Startup routine                         |          0.00000700 |       0.00000800 
IOUtil          | Startup routine                         |          0.00000500 |       0.00000500 
CarpetIOScalar  | Startup routine                         |          0.00001600 |       0.00001600 
CarpetInterp    | Startup routine                         |          0.00000300 |       0.00000300 
CarpetReduce    | Startup routine                         |          0.00006800 |       0.00006900 
CartGrid3D      | Register GH Extension for GridSymmetry  |          0.00000400 |       0.00000400 
CoordBase       | Register a GH extension to store the coo|          0.00000500 |       0.00000500 
AEILocalInterp  | register CCTK_InterpLocalUniform() inter|          0.00000800 |       0.00000800 
CarpetIOASCII   | Startup routine                         |          0.00005900 |       0.00005900 
LeanBSSNMoL     | Register slicing                        |          0.00026800 |       0.00026900 
LocalInterp     | register LocalInterp's interpolation ope|          0.00000300 |       0.00000300 
CarpetIOBasic   | Startup routine                         |          0.00000900 |       0.00001000 
MagScalarEvolve | Register the masks for excision         |          0.00001200 |       0.00001300 
MoL             | Startup banner                          |          0.00000300 |       0.00000300 
SymBase         | Register GH Extension for SymBase       |          0.00000400 |       0.00000400 
TerminationTrigg| Start signal handler                    |          0.00006200 |       0.00006100 
CarpetIOHDF5    | Startup routine                         |          0.00007300 |       0.00007300 
Vectors         | Print startup message                   |          0.00000600 |       0.00000500 
hwloc           | Output hwloc version                    |          0.00000800 |       0.00000900 
---------------------------------------------------------------------------------------------------
                | Total time for CCTK_STARTUP             |          0.06847400 |       0.05772400 
===================================================================================================
ADMBase         | Set up GF symmetries                    |          0.00009300 |       0.00008800 
Boundary        | Register boundary conditions that this t|          0.00004200 |       0.00003900 
CarpetRegrid2   | Initialise locations of refined regions |          0.00004100 |       0.00003800 
CartGrid3D      | Register coordinates for the Cartesian g|          0.00030200 |       0.00028300 
CoordGauge      | Initialize slicing, setup priorities for|          0.00003800 |       0.00003600 
CoordGauge      | Identify the slicing for the next iterat|          0.00003200 |       0.00002900 
MoL             | Set up the MoL bookkeeping index arrays |          0.00008500 |       0.00007900 
MoL             | Set the flag so it is ok to register wit|          0.00003100 |       0.00002800 
TmunuBase       | Set the stress_energy_state variable    |          0.00031400 |       0.00029400 
LeanBSSNMoL     | Register variables for MoL              |          0.00039900 |       0.00037400 
MagScalarEvolve | Register variables for MoL              |          0.00029500 |       0.00027600 
SpaceMask       | Set grid symmetries for mask            |          0.00003700 |       0.00003400 
SpaceMask       | Set grid symmetries for emask (compatibi|          0.00003500 |       0.00003200 
CartGrid3D      | Register symmetry boundaries            |          0.00026500 |       0.00026000 
ReflectionSymmet| Register reflection symmetry boundaries |          0.00003600 |       0.00003600 
SymBase         | Print symmetry boundary face description|          0.00003300 |       0.00003300 
MoL             | Report how many of each type of variable|          0.00024300 |       0.00024200 
---------------------------------------------------------------------------------------------------
                | Total time for CCTK_WRAGH               |          0.00232100 |       0.00220100 
===================================================================================================
ADMBase         | Check consistency of parameters         |          0.00004300 |       0.00004200 
Boundary        | Check dimension of grid variables       |          0.00002500 |       0.00002600 
Carpet          | Parameter checking routine              |          0.00004800 |       0.00004800 
CarpetLib       | Test prolongation operators             |          0.00004900 |       0.00004900 
CarpetMask      | Check parameters                        |          0.00002900 |       0.00002800 
CarpetRegrid2   | Check parameters                        |          0.00005200 |       0.00005200 
CartGrid3D      | Check coordinates for CartGrid3D        |          0.00003600 |       0.00003600 
Dissipation     | Check dissipation parameters for consist|          0.00002800 |       0.00002800 
Fortran         | Test whether Fortran parameters work cor|          0.00002800 |       0.00002800 
LeanBSSNMoL     | Check Lean parameters for consistency   |          0.00002700 |       0.00002700 
MoL             | Basic parameter checking                |          0.00002900 |       0.00002800 
Multipole       | Check Multipole parameters              |          0.00003100 |       0.00003000 
QuasiLocalMeasur| Check quasi-local parameter settings    |          0.00495500 |       0.00495600 
SphericalSurface| Check that all surface names are unique |          0.00003200 |       0.00003200 
TerminationTrigg| Check consitency of parameters          |          0.00003000 |       0.00002900 
TmunuBase       | Check that no deprecated parameters are |          0.00002900 |       0.00002800 
Vectors         | Run correctness tests.                  |          0.00088700 |       0.00011200 
---------------------------------------------------------------------------------------------------
                | Total time for CCTK_PARAMCHECK          |          0.00635800 |       0.00557900 
===================================================================================================
ADMBase         | Set the shift_state variable to 1       |          0.00293500 |       0.00292300 
ADMBase         | Set the dtlapse_state variable to 1     |          0.00177000 |       0.00176000 
ADMBase         | Set the dtshift_state variable to 1     |          0.00162000 |       0.00161000 
ADMMacros       | Initialize the local_spatial_order      |          0.00160900 |       0.00160300 
CartGrid3D      | Set up ranges for spatial 3D Cartesian c|          0.00173800 |       0.00173100 
CartGrid3D      | Set up spatial 3D Cartesian coordinates |          0.00828100 |       0.00824300 
SphericalSurface| Set surface resolution automatically    |          0.00251000 |       0.00250900 
AHFinderDirect  | setup data structures                   |          0.03685400 |       0.03685300 
Dissipation     | Ensure that there are enough ghost zones|          0.00220600 |       0.00219600 
LeanBSSNMoL     | Register symmetries of the BSSN grid fun|          0.00086000 |       0.00086000 
LeanBSSNMoL     | Set all rhs functions to zero to prevent|          0.00244300 |       0.00243300 
MagScalarBase   | Register symmetries of the grid function|          0.00028400 |       0.00028400 
MagScalarEvolve | Schedule symmetries                     |          0.00128900 |       0.00128600 
MagScalarEvolve | set all rhs functions to zero to prevent|          0.00256600 |       0.00255500 
NPScalars_Proca | Set symmetries for grid functions       |          0.00095500 |       0.00095700 
NaNChecker      | Reset the NaNChecker::NaNsFound counter |          0.00013800 |       0.00013400 
SpaceMask       | Initialise mask to zero                 |          0.00181000 |       0.00177800 
SpaceMask       | Set old style mask to one               |          0.00143800 |       0.00129700 
SphericalSurface| Calculate surface coordinate descriptors|          0.00016200 |       0.00015700 
CarpetReduce    | Allocate the weight function            |          0.00063600 |       0.00063300 
CarpetReduce    | Initialise the weight function          |          0.00303900 |       0.00008400 
CarpetReduce    | Set up the outer boundaries of the weigh|          0.00387100 |       0.00005100 
CarpetReduce    | Set up the weight function for the restr|          0.00483400 |       0.00186800 
CarpetMask      | Set up the weight function for the exclu|          0.00208600 |       0.00207700 
CarpetMask      | Set up the weight function for the exclu|          0.00211100 |       0.00203100 
CarpetReduce    | Set the weight function                 |          0.00311900 |       0.00299500 
CarpetReduce    | Test the weight function                |          0.01466100 |       0.01461000 
SphericalSurface| Set surface radii to be used for initial|          0.00015000 |       0.00013900 
SphericalSurface| Test the state of the spherical surfaces|          0.00013500 |       0.00012700 
SymBase         | Check whether the driver set up the grid|          0.00167100 |       0.00151600 
TerminationTrigg| Clear trigger state                     |          0.00132700 |       0.00120200 
TerminationTrigg| Start timer                             |          0.00135100 |       0.00121000 
TerminationTrigg| Create termination file                 |          0.03623800 |       0.00831800 
Time            | Initialise Time variables               |          0.00015500 |       0.00013600 
Time            | Set timestep based on Courant condition |          0.00056500 |       0.00045400 
---------------------------------------------------------------------------------------------------
                | Total time for CCTK_BASEGRID            |          0.14741700 |       0.10862000 
===================================================================================================
StaticConformal | Set the conformal_state variable to 0   |          0.00259200 |       0.00206100 
MagScalarInit   | Initial data for a static scalar cloud s|          1.06245200 |       0.62814200 
ADMBase         | Set the shift to 0 at all points        |          0.00290100 |       0.00282200 
ADMBase         | Set the dtlapse to 0 at all points      |          0.00127800 |       0.00124100 
ADMBase         | Set the dtshift to 0 at all points      |          0.00136400 |       0.00132600 
CarpetIOASCII   | Initialisation routine                  |          0.00014700 |       0.00014300 
CarpetIOBasic   | Initialisation routine                  |          0.00013200 |       0.00012800 
CarpetIOHDF5    | Initialisation routine                  |          0.00013200 |       0.00013000 
CarpetIOScalar  | Initialisation routine                  |          0.00013200 |       0.00012600 
LeanBSSNMoL     | Convert initial data into BSSN variables|          0.03337000 |       0.03248000 
LeanBSSNMoL     | Boundary enforcement                    |          0.20475500 |       0.20397300 
MoL             | Initialise the step size control        |          0.00026000 |       0.00025800 
PunctureTracker | Calculate initial location of punctures |          0.00016300 |       0.00015900 
QuasiLocalMeasur| Initialise quasi-local calculations     |          0.00045700 |       0.00044300 
Boundary        | Apply all requested local physical bound|          0.00305900 |       0.00303100 
CartGrid3D      | Apply symmetry boundary conditions      |          0.00131000 |       0.00129700 
ReflectionSymmet| Apply reflection symmetries             |          0.00300700 |       0.00294500 
Boundary        | Unselect all grid variables for boundary|          0.00023500 |       0.00021100 
---------------------------------------------------------------------------------------------------
                | Total time for CCTK_INITIAL             |          1.31774600 |       0.88091600 
===================================================================================================
CarpetIOHDF5    | Close all filereader input files        |          0.00022500 |       0.00021400 
LeanBSSNMoL     | Remove trace of A                       |          0.01488800 |       0.01332400 
LeanBSSNMoL     | Make sure conformal factor does not drop|          0.00175600 |       0.00159200 
LeanBSSNMoL     | MoL boundary enforcement                |          0.48633400 |       0.47807000 
Boundary        | Apply all requested local physical bound|          0.00911900 |       0.00880400 
CartGrid3D      | Apply symmetry boundary conditions      |          0.00399100 |       0.00382200 
ReflectionSymmet| Apply reflection symmetries             |          0.00739100 |       0.00712300 
Boundary        | Unselect all grid variables for boundary|          0.00071200 |       0.00062300 
LeanBSSNMoL     | Convert variables back to the ADM ones  |          0.01039000 |       0.00925200 
MagScalarEvolve | MoL boundary enforcement for MagScalar v|          0.38550900 |       0.36659200 
TmunuBase       | Initialise the stress-energy tensor to z|          0.00170500 |       0.00151100 
MagScalarEvolve | Compute the energy-momentum tensor      |          0.01737000 |       0.01651600 
NPScalars_Proca | calculate grid functions                |          0.08107700 |       0.07808400 
NPScalars_Proca | Symmetry boundary conditions            |          0.19853800 |       0.19370300 
---------------------------------------------------------------------------------------------------
                | Total time for CCTK_POSTINITIAL         |          1.21900500 |       1.17923000 
===================================================================================================
LeanBSSNMoL     | Remove trace of A                       |          0.01742700 |       0.01723200 
LeanBSSNMoL     | Make sure conformal factor does not drop|          0.00331900 |       0.00326700 
LeanBSSNMoL     | MoL boundary enforcement                |          0.19174800 |       0.18158000 
Boundary        | Apply all requested local physical bound|          0.00962700 |       0.00955300 
CartGrid3D      | Apply symmetry boundary conditions      |          0.00389900 |       0.00388000 
ReflectionSymmet| Apply reflection symmetries             |          0.00762900 |       0.00752700 
Boundary        | Unselect all grid variables for boundary|          0.00065600 |       0.00062800 
LeanBSSNMoL     | Convert variables back to the ADM ones  |          0.01054400 |       0.01049900 
MagScalarEvolve | MoL boundary enforcement for MagScalar v|          0.17739500 |       0.16720700 
TmunuBase       | Initialise the stress-energy tensor to z|          0.00172400 |       0.00154600 
MagScalarEvolve | Compute the energy-momentum tensor      |          0.01775300 |       0.01577800 
NPScalars_Proca | Symmetry boundary conditions            |          0.16657500 |       0.14872100 
---------------------------------------------------------------------------------------------------
                | Total time for CCTK_POSTRESTRICTINITIAL |          0.60829600 |       0.56741800 
===================================================================================================
CarpetIOHDF5    | Initial data checkpoint routine         |          0.00046700 |       0.00044900 
---------------------------------------------------------------------------------------------------
                | Total time for CCTK_CPINITIAL           |          0.00046700 |       0.00044900 
===================================================================================================
CarpetTracker   | Set positions of refined regions        |          0.73839900 |       0.69195600 
---------------------------------------------------------------------------------------------------
                | Total time for CCTK_PREREGRID           |          0.73839900 |       0.69195600 
===================================================================================================
CoordGauge      | Identify the slicing for the next iterat|          0.63300500 |       0.60714700 
LoopControl     | Update LoopControl algorithm preferences|          0.97404500 |       0.92099900 
NaNChecker      | Reset the NaNChecker::NaNsFound counter |          0.07993500 |       0.07523700 
---------------------------------------------------------------------------------------------------
                | Total time for CCTK_PRESTEP             |          1.68698500 |       1.60338300 
===================================================================================================
MoL             | Initialise the step size control        |          0.06124300 |       0.05768600 
MoL             | Set the counter for the ODE method to lo|          0.06327800 |       0.05914600 
MoL             | Ensure the correct time and timestep are|          0.04957900 |       0.04661200 
MoL             | Allocate storage for scratch levels     |          0.94375200 |       0.87111900 
MoL             | Allocate sufficient space for array scra|          0.74601400 |       0.70562400 
MoL             | Ensure the data is in the correct timele|          2.19641700 |       2.07980800 
MoL             | Initialise the RHS functions            |          4.12657800 |       3.96652900 
LeanBSSNMoL     | MoL RHS calculation                     |        148.84221700 |     145.96403200 
LeanBSSNMoL     | MoL boundary RHS calculation            |          6.51146000 |       6.47356900 
MagScalarEvolve | MoL RHS calculation for MagScalar variab|        124.58962600 |     123.70028200 
MagScalarEvolve | MoL boundary RHS calculation for MagScal|          5.60410400 |       5.56868900 
Dissipation     | Add Kreiss-Oliger dissipation to the rig|         17.68563500 |      17.45085000 
MoL             | Updates calculated with the efficient Ru|         10.25164200 |      10.08615900 
MoL             | Alter the counter number                |          0.25716800 |       0.25182700 
MoL             | If necessary, change the time           |          0.20944800 |       0.20508200 
LeanBSSNMoL     | Remove trace of A                       |         17.79158600 |      17.39231900 
LeanBSSNMoL     | Make sure conformal factor does not drop|          3.09328500 |       3.01263400 
LeanBSSNMoL     | MoL boundary enforcement                |        289.48738200 |     283.91755100 
Boundary        | Apply all requested local physical bound|          6.27659900 |       6.17636100 
CartGrid3D      | Apply symmetry boundary conditions      |          2.63256700 |       2.58256200 
ReflectionSymmet| Apply reflection symmetries             |          5.60947100 |       5.48728200 
Boundary        | Unselect all grid variables for boundary|          0.46583200 |       0.45382000 
LeanBSSNMoL     | Convert variables back to the ADM ones  |         11.12593000 |      10.82543900 
MagScalarEvolve | MoL boundary enforcement for MagScalar v|        232.10585100 |     227.18339600 
TmunuBase       | Initialise the stress-energy tensor to z|          1.83780000 |       1.78770200 
MagScalarEvolve | Compute the energy-momentum tensor      |         19.69423100 |      19.14813200 
MoL             | If necessary, change the timestep       |          0.24624500 |       0.23881000 
MoL             | Control the step size                   |          0.04987600 |       0.04725400 
MoL             | Restoring the Save and Restore variables|          0.67378100 |       0.65231600 
MoL             | Free storage for scratch levels         |          0.36139200 |       0.34917000 
PunctureTracker | Calculate new location of punctures     |         32.00872700 |      31.47556700 
---------------------------------------------------------------------------------------------------
                | Total time for CCTK_EVOL                |        945.59871600 |     928.21732900 
===================================================================================================
LeanBSSNMoL     | Remove trace of A                       |          3.35880600 |       3.24637700 
LeanBSSNMoL     | Make sure conformal factor does not drop|          0.53595000 |       0.51634600 
LeanBSSNMoL     | MoL boundary enforcement                |         75.66545100 |      74.46193300 
Boundary        | Apply all requested local physical bound|          1.74352600 |       1.69974800 
CartGrid3D      | Apply symmetry boundary conditions      |          0.73515300 |       0.71711900 
ReflectionSymmet| Apply reflection symmetries             |          1.40789400 |       1.36807000 
Boundary        | Unselect all grid variables for boundary|          0.12469100 |       0.12035900 
LeanBSSNMoL     | Convert variables back to the ADM ones  |          2.09493900 |       2.03358800 
MagScalarEvolve | MoL boundary enforcement for MagScalar v|         60.91800400 |      59.69426600 
TmunuBase       | Initialise the stress-energy tensor to z|          0.31780400 |       0.30634100 
MagScalarEvolve | Compute the energy-momentum tensor      |          3.58747800 |       3.48943000 
NPScalars_Proca | Symmetry boundary conditions            |         39.75163700 |      39.01816000 
---------------------------------------------------------------------------------------------------
                | Total time for CCTK_POSTRESTRICT        |        190.24133300 |     186.67173700 
===================================================================================================
AHFinderDirect  | import the excision mask                |          3.28437400 |       3.09762100 
AHFinderDirect  | find apparent horizon(s) after this time|         88.30679000 |      87.19531600 
AHFinderDirect  | store apparent horizon(s) into spherical|          0.16508100 |       0.15568600 
AHFinderDirect  | save apparent horizon(s) into Cactus var|          0.29122200 |       0.26679300 
AHFinderDirect  | set mask(s) based on apparent horizon po|          0.72783300 |       0.65490700 
SphericalSurface| Set surface radii                       |          0.09001900 |       0.08103600 
SphericalSurface| Test the state of the spherical surfaces|          0.07239500 |       0.06467800 
NaNChecker      | Prepare data structures to check for NaN|          0.05210100 |       0.04673500 
NaNChecker      | Check for NaNs                          |          0.43862200 |       0.39749200 
NaNChecker      | Count NaNs in NaNChecker::NaNsFound     |          0.06331200 |       0.05742800 
NaNChecker      | Output NaNChecker::NaNmask and take acti|          0.58234600 |       0.50467500 
PunctureTracker | Copy puncture positions to spherical sur|          0.07548000 |       0.06454100 
SpaceMask       | Ensure that all mask values are legal   |          0.45023600 |       0.39325500 
Dissipation     | Setup spatially varying dissipation     |          3.83160500 |       3.39386100 
CarpetReduce    | Allocate the weight function            |          0.25083400 |       0.21562900 
CarpetReduce    | Initialise the weight function          |          3.53318600 |       2.98040900 
CarpetReduce    | Set up the outer boundaries of the weigh|          5.11257700 |       4.34898700 
CarpetReduce    | Set up the weight function for the restr|          6.67241100 |       5.64214900 
CarpetMask      | Set up the weight function for the exclu|          2.88565100 |       2.47635200 
CarpetMask      | Set up the weight function for the exclu|         21.00274000 |      19.69389000 
CarpetReduce    | Set the weight function                 |          4.00534200 |       3.84025800 
CarpetReduce    | Test the weight function                |         23.76460900 |      22.62156700 
---------------------------------------------------------------------------------------------------
                | Total time for CCTK_POSTSTEP            |        165.65876600 |     158.19326500 
===================================================================================================
CarpetIOHDF5    | Evolution checkpoint routine            |          0.83109600 |       0.82040100 
TimerReport     | Print the timer report                  |          0.07179100 |       0.06963000 
---------------------------------------------------------------------------------------------------
                | Total time for CCTK_CHECKPOINT          |          0.90288700 |       0.89003100 
===================================================================================================
CarpetLib       | Print timing statistics if desired      |          0.07460300 |       0.07164900 
CarpetLib       | Print memory statistics if desired      |          0.06921900 |       0.06700800 
LeanBSSNMoL     | Compute constraints                     |          0.87554600 |       0.82283900 
LeanBSSNMoL     | Enforce symmetry BCs in constraint compu|         21.08048100 |      19.95124600 
Boundary        | Apply all requested local physical bound|          2.28094600 |       2.20273500 
CartGrid3D      | Apply symmetry boundary conditions      |          0.95645800 |       0.91945900 
ReflectionSymmet| Apply reflection symmetries             |          1.17707200 |       1.13182400 
Boundary        | Unselect all grid variables for boundary|          0.15819600 |       0.15140900 
LoopControl     | Output LoopControl statistics           |          0.87461300 |       0.83979300 
MagScalarEvolve | Compute constraints                     |          0.55892200 |       0.53449100 
MagScalarEvolve | Enforce symmetry BCs in constraints comp|          9.49691200 |       9.12894500 
MagScalarEvolve | Compute analysis quantities             |         19.50699700 |      18.67467800 
MagScalarEvolve | Compute integrals of analysis quantities|          0.19584800 |       0.18721700 
Multipole       | Calculate Multipoles                    |         24.53890400 |      18.86711500 
NPScalars_Proca | calculate grid functions                |         22.44272000 |      21.76705000 
NPScalars_Proca | Symmetry boundary conditions            |         65.66888600 |      64.75301700 
QuasiLocalMeasur| Calculate quasi-local quantities        |          5.35838300 |       4.78541200 
SystemStatistics| Collect system statistics               |          0.83352000 |       0.79678000 
TerminationTrigg| Check elapsed job walltime              |          0.69879700 |       0.67331200 
TerminationTrigg| Check if we received a termination signa|          0.30878700 |       0.29591200 
TerminationTrigg| Check termination file                  |          3.23720200 |       1.85000700 
TimerReport     | Print the timer report                  |          0.09771900 |       0.08610300 
---------------------------------------------------------------------------------------------------
                | Total time for CCTK_ANALYSIS            |        180.49073100 |     168.55800100 
===================================================================================================
CarpetIOHDF5    | Termination checkpoint routine          |          0.00094300 |       0.00093800 
LoopControl     | Output LoopControl statistics           |          0.00093300 |       0.00090800 
MoL             | Free the MoL bookkeeping index arrays   |          0.00317400 |       0.00316100 
TimerReport     | Print the timer report                  |         14.74910800 |      14.68282100 
---------------------------------------------------------------------------------------------------
                | Total time for CCTK_TERMINATE           |         14.75415800 |      14.68782800 
===================================================================================================
Timers          | Prepare hierarchical timers             |          0.00149500 |       0.00149500 
---------------------------------------------------------------------------------------------------
                | Total time for CCTK_SHUTDOWN            |          0.00149500 |       0.00149500 
===================================================================================================
---------------------------------------------------------------------------------------------------
                | Total time for simulation               |       1650.38771500 |    1596.35675200 
===================================================================================================
--------------------------------------------------------------------------------
Done.
