--------------------------------------------------------------------------------

       10                                  
  1   0101       ************************  
  01  1010 10      The Cactus Code V4.16.0    
 1010 1101 011      www.cactuscode.org     
  1001 100101    ************************  
    00010101                               
     100011     (c) Copyright The Authors  
      0100      GNU Licensed. No Warranty  
      0101                                 
--------------------------------------------------------------------------------

Cactus version:    4.16.0
Compile date:      Dec 25 2025 (15:36:41)
Run date:          Jan 05 2026 (11:13:09+0000)
Run host:          cnx007.deucalion.macc.fccn.pt (pid=1247419)
Working directory: /projects/F202407872CPCAA2/jpmferreira/learn-cactus/simulations/axionic_lower_alpha=1-q=1-mu=1-B=0.22-fa=0.03-rh=0.3000-w=0.900_h=2/output-0000
Executable:        /projects/F202407872CPCAA2/jpmferreira/projects/cactus/exe/cactus_base
Parameter file:    cloud-stat.par
--------------------------------------------------------------------------------

Activating thorn Cactus...Success -> active implementation Cactus
Activation requested for 
--->ADMBase ADMMacros AHFinderDirect AEILocalInterp Boundary Carpet CarpetInterp CarpetLib CarpetMask CarpetReduce CarpetRegrid2 CarpetSlab CarpetTracker CartGrid3D CoordBase CoordGauge Dissipation GenericFD InitBase LeanBSSNMoL LocalInterp LoopControl MoL Multipole NaNChecker NewRad PunctureTracker ReflectionSymmetry SpaceMask SphericalSurface StaticConformal SymBase Time TmunuBase Fortran GSL HDF5 MagScalarBase MagScalarInit MagScalarEvolve NPScalars NPScalars_MagScalar MagScalarAnalysis QuasiLocalMeasures SystemStatistics TerminationTrigger TimerReport CarpetIOASCII CarpetIOBasic CarpetIOHDF5 CarpetIOScalar IOUtil<---
Thorn Carpet requests automatic activation of MPI
Thorn Carpet requests automatic activation of Timers
Thorn CarpetLib requests automatic activation of Vectors
Thorn CarpetLib requests automatic activation of Boost
Thorn CarpetLib requests automatic activation of CycleClock
Thorn HDF5 requests automatic activation of zlib
Thorn LoopControl requests automatic activation of hwloc
Thorn QuasiLocalMeasures requests automatic activation of LAPACK
Thorn QuasiLocalMeasures requests automatic activation of TGRtensor
Thorn LAPACK requests automatic activation of BLAS
Activating thorn ADMBase...Success -> active implementation ADMBase
Activating thorn ADMMacros...Success -> active implementation ADMMacros
Activating thorn AEILocalInterp...Success -> active implementation AEILocalInterp
Activating thorn AHFinderDirect...Success -> active implementation AHFinderDirect
Activating thorn BLAS...Success -> active implementation BLAS
Activating thorn Boost...Success -> active implementation Boost
Activating thorn Boundary...Success -> active implementation boundary
Activating thorn Carpet...Success -> active implementation Driver
Activating thorn CarpetInterp...Success -> active implementation interp
Activating thorn CarpetIOASCII...Success -> active implementation IOASCII
Activating thorn CarpetIOBasic...Success -> active implementation IOBasic
Activating thorn CarpetIOHDF5...Success -> active implementation IOHDF5
Activating thorn CarpetIOScalar...Success -> active implementation IOScalar
Activating thorn CarpetLib...Success -> active implementation CarpetLib
Activating thorn CarpetMask...Success -> active implementation CarpetMask
Activating thorn CarpetReduce...Success -> active implementation reduce
Activating thorn CarpetRegrid2...Success -> active implementation CarpetRegrid2
Activating thorn CarpetSlab...Success -> active implementation Hyperslab
Activating thorn CarpetTracker...Success -> active implementation CarpetTracker
Activating thorn CartGrid3D...Success -> active implementation grid
Activating thorn CoordBase...Success -> active implementation CoordBase
Activating thorn CoordGauge...Success -> active implementation CoordGauge
Activating thorn CycleClock...Success -> active implementation CycleClock
Activating thorn Dissipation...Success -> active implementation Dissipation
Activating thorn Fortran...Success -> active implementation Fortran
Activating thorn GenericFD...Success -> active implementation GenericFD
Activating thorn GSL...Success -> active implementation GSL
Activating thorn HDF5...Success -> active implementation HDF5
Activating thorn hwloc...Success -> active implementation hwloc
Activating thorn InitBase...Success -> active implementation InitBase
Activating thorn IOUtil...Success -> active implementation IO
Activating thorn LAPACK...Success -> active implementation LAPACK
Activating thorn LeanBSSNMoL...Success -> active implementation LeanBSSNMoL
Activating thorn LocalInterp...Success -> active implementation LocalInterp
Activating thorn LoopControl...Success -> active implementation LoopControl
Activating thorn MagScalarAnalysis...Success -> active implementation MagScalarAnalysis
Activating thorn MagScalarBase...Success -> active implementation MagScalarBase
Activating thorn MagScalarEvolve...Success -> active implementation MagScalarEvolve
Activating thorn MagScalarInit...Success -> active implementation MagScalarInit
Activating thorn MoL...Success -> active implementation MethodOfLines
Activating thorn MPI...Success -> active implementation MPI
Activating thorn Multipole...Success -> active implementation multipole
Activating thorn NaNChecker...Success -> active implementation NaNChecker
Activating thorn NewRad...Success -> active implementation NewRad
Activating thorn NPScalars...Success -> active implementation NPScalars
Activating thorn NPScalars_MagScalar...Success -> active implementation NPScalars_MagScalar
Activating thorn PunctureTracker...Success -> active implementation PunctureTracker
Activating thorn QuasiLocalMeasures...Success -> active implementation QuasiLocalMeasures
Activating thorn ReflectionSymmetry...Success -> active implementation ReflectionSymmetry
Activating thorn SpaceMask...Success -> active implementation SpaceMask
Activating thorn SphericalSurface...Success -> active implementation SphericalSurface
Activating thorn StaticConformal...Success -> active implementation StaticConformal
Activating thorn SymBase...Success -> active implementation SymBase
Activating thorn SystemStatistics...Success -> active implementation SystemStatistics
Activating thorn TerminationTrigger...Success -> active implementation TerminationTrigger
Activating thorn TGRtensor...Success -> active implementation TGRtensor
Activating thorn Time...Success -> active implementation time
Activating thorn TimerReport...Success -> active implementation timerreport
Activating thorn Timers...Success -> active implementation Timers
Activating thorn TmunuBase...Success -> active implementation TmunuBase
Activating thorn Vectors...Success -> active implementation Vectors
Activating thorn zlib...Success -> active implementation zlib
--------------------------------------------------------------------------------
  if (recover initial data)
    Recover parameters
  endif

  Startup routines
    [CCTK_STARTUP]
      Carpet::MultiModel_Startup: Multi-model Startup routine
      CycleClock::CycleClock_Setup: Set up CycleClock
      LoopControl::LC_setup: Set up LoopControl
      Timers::Timer_Startup: Prepare hierarchical timers
      Carpet::Driver_Startup: Startup routine
      IOUtil::IOUtil_Startup: Startup routine
      CarpetIOScalar::CarpetIOScalarStartup: [global] Startup routine
      CarpetInterp::CarpetInterpStartup: Startup routine
      CarpetReduce::CarpetReduceStartup: Startup routine
      CartGrid3D::SymmetryStartup: Register GH Extension for GridSymmetry
      CoordBase::CoordBase_Startup: Register a GH extension to store the coordinate system handles
      AEILocalInterp::AEILocalInterp_U_Startup: register CCTK_InterpLocalUniform() interpolation operators
      CarpetIOASCII::CarpetIOASCIIStartup: [global] Startup routine
      LeanBSSNMoL::LeanBSSN_RegisterSlicing: [meta] Register slicing
      LocalInterp::LocalInterp_Startup: register LocalInterp's interpolation operators
      CarpetIOBasic::CarpetIOBasicStartup: [global] Startup routine
      MagScalarEvolve::MagScalar_Analysis_RegisterMask: Register the masks for excision
      MoL::MoL_Startup: Startup banner
      SymBase::SymBase_Startup: Register GH Extension for SymBase
      TerminationTrigger::TerminationTrigger_StartSignalHandler: Start signal handler
      CarpetIOHDF5::CarpetIOHDF5_Startup: Startup routine
      Vectors::Vectors_Startup: Print startup message
      GROUP hwloc_startup: hwloc startup group
        hwloc::hwloc_version: Output hwloc version

  Startup routines which need an existing grid hierarchy
    [CCTK_WRAGH]
      ADMBase::Einstein_InitSymBound: [global] Set up GF symmetries
      Boundary::Boundary_RegisterBCs: [global] Register boundary conditions that this thorn provides
      CarpetRegrid2::CarpetRegrid2_Initialise: [global] Initialise locations of refined regions
      CartGrid3D::RegisterCartGrid3DCoords: [meta] Register coordinates for the Cartesian grid
      CoordGauge::Einstein_ActivateSlicing: Initialize slicing, setup priorities for mixed slicings
      CoordGauge::Einstein_SetNextSlicing: Identify the slicing for the next iteration
      MoL::MoL_SetupIndexArrays: Set up the MoL bookkeeping index arrays
      MoL::MoL_SetScheduleStatus: [global] Set the flag so it is ok to register with MoL
      TmunuBase::TmunuBase_SetStressEnergyState: [global] Set the stress_energy_state variable
      GROUP MoL_Register: The group where physics thorns register variables with MoL
        LeanBSSNMoL::LeanBSSN_RegisterVars: [meta] Register variables for MoL
        MagScalarEvolve::MagScalar_RegisterVars: [meta] Register variables for MoL
      SpaceMask::MaskSym: [global] Set grid symmetries for mask
      SpaceMask::MaskSym_emask: [global] Set grid symmetries for emask (compatibility mode)
      GROUP SymBase_Wrapper: Wrapper group for SymBase
        GROUP SymmetryRegister: Register your symmetries here
          CartGrid3D::CartGrid3D_RegisterSymmetryBoundaries: [meta] Register symmetry boundaries
          ReflectionSymmetry::ReflectionSymmetry_Register: Register reflection symmetry boundaries
        SymBase::SymBase_Statistics: Print symmetry boundary face descriptions
      MoL::MoL_ReportNumberVariables: [meta] Report how many of each type of variable there are
  Parameter checking routines
    [CCTK_PARAMCHECK]
      ADMBase::ADMBase_ParamCheck: [global] Check consistency of parameters
      Boundary::Boundary_Check: Check dimension of grid variables
      Carpet::CarpetParamCheck: Parameter checking routine
      CarpetLib::CarpetLib_test_prolongate_3d_rf2: [global] Test prolongation operators
      CarpetMask::CarpetSurfaceParamCheck: [global] Check parameters
      CarpetRegrid2::CarpetRegrid2_ParamCheck: Check parameters
      CartGrid3D::ParamCheck_CartGrid3D: Check coordinates for CartGrid3D
      Dissipation::dissipation_paramcheck: Check dissipation parameters for consistency
      Fortran::CheckFortranParameters: Test whether Fortran parameters work correctly
      LeanBSSNMoL::Lean_ParamCheck: Check Lean parameters for consistency
      MoL::MoL_ParamCheck: Basic parameter checking
      Multipole::Multipole_ParamCheck: [global] Check Multipole parameters
      NPScalars::NPScalars_ParamCheck: Check NPScalars parameters for consistency
      QuasiLocalMeasures::qlm_paramcheck: [global] Check quasi-local parameter settings
      SphericalSurface::SphericalSurface_ParamCheck: [global] Check that all surface names are unique
      TerminationTrigger::TerminationTrigger_ParamCheck: Check consitency of parameters
      TmunuBase::TmunuBase_ParamCheck: [global] Check that no deprecated parameters are used.
      Vectors::Vectors_Test: Run correctness tests.

  Initialisation
    if (NOT (recover initial data AND recovery_mode is 'strict'))
      [CCTK_PREREGRIDINITIAL]
      Set up grid hierarchy
      [CCTK_POSTREGRIDINITIAL]
        SpaceMask::MaskZero: Initialise mask to zero
        CartGrid3D::SpatialCoordinates: Set Coordinates after regridding
        GROUP MaskBase_SetupMask: Set up the weight function
          GROUP MaskBase_SetupMaskAll: Set up the weight function
            CarpetReduce::MaskBase_AllocateMask: [global] Allocate the weight function
            CarpetReduce::MaskBase_InitMask: [global] [loop-local] Initialise the weight function
            GROUP SetupIMaskInternal: Set up the integer weight function (schedule other routines in here)
              CarpetReduce::CoordBase_SetupMask: [global] [loop-local] Set up the outer boundaries of the weight function
              CarpetReduce::CarpetMaskSetup: [global] [loop-singlemap] Set up the weight function for the restriction regions
            GROUP SetupIMask: Set up the integer weight function (schedule other routines in here)
              CarpetMask::CarpetExcludedSetup: [global] [loop-local] Set up the weight function for the excluded regions
              CarpetMask::CarpetSurfaceSetup: [global] [loop-local] Set up the weight function for the excluded spherical surfaces
            CarpetReduce::MaskBase_SetMask: [global] [loop-local] Set the weight function
            GROUP SetupMask: Set up the real weight function (schedule other routines in here)
            CarpetReduce::MaskBase_TestMask: [global] Test the weight function
        Dissipation::setup_epsdis: Setup spatially varying dissipation
        GROUP MoL_PseudoEvolutionBoundaries: Apply boundary conditions to pseudo-evolved quantities
        GROUP CalcNPScalars_BC: Boundary conditions
          NPScalars::NPboundaries: [level] Symmetry boundary conditions
          GROUP ApplyBCs_NP: Apply boundary conditions
            GROUP BoundaryConditions: Execute all boundary conditions
              Boundary::Boundary_ApplyPhysicalBCs: Apply all requested local physical boundary conditions
              CartGrid3D::CartGrid3D_ApplyBC: Apply symmetry boundary conditions
              ReflectionSymmetry::ReflectionSymmetry_Apply: Apply reflection symmetries
            Boundary::Boundary_ClearSelection: [level] Unselect all grid variables for boundary conditions
        GROUP CalcNPMagScalarScalars_BC: Boundary conditions
          NPScalars_MagScalar::NPMagScalar_Boundaries: [level] Symmetry boundary conditions
          GROUP ApplyBCs_NPMagScalar: Apply boundary conditions
            GROUP BoundaryConditions: Execute all boundary conditions
              Boundary::Boundary_ApplyPhysicalBCs: Apply all requested local physical boundary conditions
              CartGrid3D::CartGrid3D_ApplyBC: Apply symmetry boundary conditions
              ReflectionSymmetry::ReflectionSymmetry_Apply: Apply reflection symmetries
            Boundary::Boundary_ClearSelection: [level] Unselect all grid variables for boundary conditions
        SpaceMask::MaskOne: Set mask to one
        AHFinderDirect::AHFinderDirect_maybe_do_masks: set mask(s) based on apparent horizon position(s)
      [CCTK_BASEGRID]
        ADMBase::ADMBase_SetShiftStateOn: Set the shift_state variable to 1
        ADMBase::ADMBase_SetDtLapseStateOn: Set the dtlapse_state variable to 1
        ADMBase::ADMBase_SetDtShiftStateOn: Set the dtshift_state variable to 1
        ADMMacros::ADMMacros_SetLocalSpatialOrder: Initialize the local_spatial_order
        CartGrid3D::SpatialSpacings: Set up ranges for spatial 3D Cartesian coordinates (on all grids)
        CartGrid3D::SpatialCoordinates: Set up spatial 3D Cartesian coordinates on the GH
        SphericalSurface::SphericalSurface_SetupRes: [global] [loop-local] Set surface resolution automatically
        AHFinderDirect::AHFinderDirect_setup: [global] setup data structures
        Dissipation::dissipation_basegrid: Ensure that there are enough ghost zones
        LeanBSSNMoL::LeanBSSN_symmetries: [global] Register symmetries of the BSSN grid functions
        LeanBSSNMoL::LeanBSSN_zero_rhs: Set all rhs functions to zero to prevent spurious nans
        MagScalarBase::MagScalar_symmetries: [global] Register symmetries of the grid functions
        MagScalarEvolve::MagScalar_InitSymBound: [meta] Schedule symmetries
        MagScalarEvolve::MagScalar_zero_rhs: set all rhs functions to zero to prevent spurious nans
        NPScalars::NP_symmetries: [meta] Set symmetries for grid functions
        NPScalars_MagScalar::NPMagScalar_symmetries: [meta] Set symmetries for grid functions
        NaNChecker::NaNChecker_ResetCounter: [global] Reset the NaNChecker::NaNsFound counter
        SpaceMask::MaskZero: Initialise mask to zero
        SpaceMask::MaskOne: Set old style mask to one
        SphericalSurface::SphericalSurface_Setup: [global] Calculate surface coordinate descriptors
        GROUP MaskBase_SetupMask: Set up the weight function
          GROUP MaskBase_SetupMaskAll: Set up the weight function
            CarpetReduce::MaskBase_AllocateMask: [global] Allocate the weight function
            CarpetReduce::MaskBase_InitMask: [global] [loop-local] Initialise the weight function
            GROUP SetupIMaskInternal: Set up the integer weight function (schedule other routines in here)
              CarpetReduce::CoordBase_SetupMask: [global] [loop-local] Set up the outer boundaries of the weight function
              CarpetReduce::CarpetMaskSetup: [global] [loop-singlemap] Set up the weight function for the restriction regions
            GROUP SetupIMask: Set up the integer weight function (schedule other routines in here)
              CarpetMask::CarpetExcludedSetup: [global] [loop-local] Set up the weight function for the excluded regions
              CarpetMask::CarpetSurfaceSetup: [global] [loop-local] Set up the weight function for the excluded spherical surfaces
            CarpetReduce::MaskBase_SetMask: [global] [loop-local] Set the weight function
            GROUP SetupMask: Set up the real weight function (schedule other routines in here)
            CarpetReduce::MaskBase_TestMask: [global] Test the weight function
        SphericalSurface::SphericalSurface_Set: [global] Set surface radii to be used for initial setup in other thorns
        GROUP SphericalSurface_HasBeenSet: Set the spherical surfaces before this group, and use it afterwards
          SphericalSurface::SphericalSurface_CheckState: [global] Test the state of the spherical surfaces
        SymBase::SymBase_Check: Check whether the driver set up the grid consistently
        TerminationTrigger::TerminationTrigger_ResetTrigger: Clear trigger state
        TerminationTrigger::TerminationTrigger_StartTimer: Start timer
        TerminationTrigger::TerminationTrigger_CreateFile: Create termination file
        Time::Time_Initialise: [global] Initialise Time variables
        Time::TemporalSpacings: [singlemap] Set timestep based on Courant condition (courant_static)
      [CCTK_INITIAL]
        StaticConformal::StaticConformal_InitialiseState: Set the conformal_state variable to 0
        GROUP ADMBase_InitialData: Schedule group for calculating ADM initial data
          MagScalarInit::MagScalar_InitStatCloud: [local] Initial data for a static scalar cloud surrounding a charged BH
        GROUP ADMBase_InitialGauge: Schedule group for the ADM initial gauge condition
          ADMBase::ADMBase_ShiftZero: Set the shift to 0 at all points
          ADMBase::ADMBase_DtLapseZero: Set the dtlapse to 0 at all points
          ADMBase::ADMBase_DtShiftZero: Set the dtshift to 0 at all points
        CarpetIOASCII::CarpetIOASCIIInit: [global] Initialisation routine
        CarpetIOBasic::CarpetIOBasicInit: [global] Initialisation routine
        CarpetIOHDF5::CarpetIOHDF5_Init: [global] Initialisation routine
        CarpetIOScalar::CarpetIOScalarInit: [global] Initialisation routine
        GROUP MagScalarBase_Initial: MagScalarBase initial data group
        GROUP ADMBase_PostInitial: Schedule group for modifying the ADM initial data, such as e.g. adding noise
        LeanBSSNMoL::LeanBSSN_adm2bssn: [local] Convert initial data into BSSN variables
        LeanBSSNMoL::LeanBSSN_Boundaries: [level] Boundary enforcement
        MoL::MoL_StartLoop: [level] Initialise the step size control
        PunctureTracker::PunctureTracker_Init: [global] Calculate initial location of punctures
        QuasiLocalMeasures::qlm_init: [global] Initialise quasi-local calculations
        GROUP LeanBSSN_ApplyBCs: Apply boundary conditions
          GROUP BoundaryConditions: Execute all boundary conditions
            Boundary::Boundary_ApplyPhysicalBCs: Apply all requested local physical boundary conditions
            CartGrid3D::CartGrid3D_ApplyBC: Apply symmetry boundary conditions
            ReflectionSymmetry::ReflectionSymmetry_Apply: Apply reflection symmetries
          Boundary::Boundary_ClearSelection: [level] Unselect all grid variables for boundary conditions
      [CCTK_POSTINITIAL]
        CarpetIOHDF5::CarpetIOHDF5_CloseFiles: [global] Close all filereader input files
        MagScalarEvolve::MagScalar_adm2bssn: Compute BSSN like quantities after generating initial data
        GROUP MoL_PostStepModify: The group for physics thorns to schedule enforcing constraints
        GROUP MoL_PostStep: Ensure that everything is correct after the initial data have been set up
          LeanBSSNMoL::LeanBSSN_remove_trA: Remove trace of A
          LeanBSSNMoL::LeanBSSN_impose_conf_fac_floor: Make sure conformal factor does not drop below specified value
          LeanBSSNMoL::LeanBSSN_Boundaries: [level] MoL boundary enforcement
          GROUP LeanBSSN_ApplyBCs: Apply boundary conditions
            GROUP BoundaryConditions: Execute all boundary conditions
              Boundary::Boundary_ApplyPhysicalBCs: Apply all requested local physical boundary conditions
              CartGrid3D::CartGrid3D_ApplyBC: Apply symmetry boundary conditions
              ReflectionSymmetry::ReflectionSymmetry_Apply: Apply reflection symmetries
            Boundary::Boundary_ClearSelection: [level] Unselect all grid variables for boundary conditions
          LeanBSSNMoL::LeanBSSN_bssn2adm: [local] Convert variables back to the ADM ones
          GROUP ADMBase_SetADMVars: Set the ADM variables before this group, and use them afterwards
          MagScalarEvolve::MagScalar_Boundaries: [level] MoL boundary enforcement for MagScalar variables
          GROUP MagScalar_ApplyBCs: Apply boundary conditions
            GROUP BoundaryConditions: Execute all boundary conditions
              Boundary::Boundary_ApplyPhysicalBCs: Apply all requested local physical boundary conditions
              CartGrid3D::CartGrid3D_ApplyBC: Apply symmetry boundary conditions
              ReflectionSymmetry::ReflectionSymmetry_Apply: Apply reflection symmetries
            Boundary::Boundary_ClearSelection: [level] Unselect all grid variables for boundary conditions
          GROUP SetTmunu: Group for calculating the stress-energy tensor
            TmunuBase::TmunuBase_ZeroTmunu: Initialise the stress-energy tensor to zero
            GROUP AddToTmunu: Add to the stress-energy tensor here
              MagScalarEvolve::MagScalar_AddToTmunu: Compute the energy-momentum tensor
        GROUP MoL_PseudoEvolution: Calculate pseudo-evolved quantities
          GROUP ADMBase_SetADMVars: Set the ADM variables before this group, and use them afterwards
          GROUP CalcNPScalars: Calculate NPScalars
            NPScalars::NP_calcPsiGF: [local] calculate Psi4 as grid function
            GROUP CalcNPScalars_BC: Boundary conditions
              NPScalars::NPboundaries: [level] Symmetry boundary conditions
              GROUP ApplyBCs_NP: Apply boundary conditions
                GROUP BoundaryConditions: Execute all boundary conditions
                  Boundary::Boundary_ApplyPhysicalBCs: Apply all requested local physical boundary conditions
                  CartGrid3D::CartGrid3D_ApplyBC: Apply symmetry boundary conditions
                  ReflectionSymmetry::ReflectionSymmetry_Apply: Apply reflection symmetries
                Boundary::Boundary_ClearSelection: [level] Unselect all grid variables for boundary conditions
        GROUP CalcNPScalars: Calculate NPScalars
          NPScalars::NP_calcPsiGF: [local] calculate Psi4 as grid function
          GROUP CalcNPScalars_BC: Boundary conditions
            NPScalars::NPboundaries: [level] Symmetry boundary conditions
            GROUP ApplyBCs_NP: Apply boundary conditions
              GROUP BoundaryConditions: Execute all boundary conditions
                Boundary::Boundary_ApplyPhysicalBCs: Apply all requested local physical boundary conditions
                CartGrid3D::CartGrid3D_ApplyBC: Apply symmetry boundary conditions
                ReflectionSymmetry::ReflectionSymmetry_Apply: Apply reflection symmetries
              Boundary::Boundary_ClearSelection: [level] Unselect all grid variables for boundary conditions
        GROUP CalcNPMagScalarScalars: Calculate NPScalars
          NPScalars_MagScalar::NPMagScalar_calcPsiGF: [local] calculate grid functions
          GROUP CalcNPMagScalarScalars_BC: Boundary conditions
            NPScalars_MagScalar::NPMagScalar_Boundaries: [level] Symmetry boundary conditions
            GROUP ApplyBCs_NPMagScalar: Apply boundary conditions
              GROUP BoundaryConditions: Execute all boundary conditions
                Boundary::Boundary_ApplyPhysicalBCs: Apply all requested local physical boundary conditions
                CartGrid3D::CartGrid3D_ApplyBC: Apply symmetry boundary conditions
                ReflectionSymmetry::ReflectionSymmetry_Apply: Apply reflection symmetries
              Boundary::Boundary_ClearSelection: [level] Unselect all grid variables for boundary conditions
      Initialise finer grids recursively
      Restrict from finer grids
      [CCTK_POSTRESTRICTINITIAL]
        GROUP MoL_PostStep: Ensure that everything is correct after restriction
          LeanBSSNMoL::LeanBSSN_remove_trA: Remove trace of A
          LeanBSSNMoL::LeanBSSN_impose_conf_fac_floor: Make sure conformal factor does not drop below specified value
          LeanBSSNMoL::LeanBSSN_Boundaries: [level] MoL boundary enforcement
          GROUP LeanBSSN_ApplyBCs: Apply boundary conditions
            GROUP BoundaryConditions: Execute all boundary conditions
              Boundary::Boundary_ApplyPhysicalBCs: Apply all requested local physical boundary conditions
              CartGrid3D::CartGrid3D_ApplyBC: Apply symmetry boundary conditions
              ReflectionSymmetry::ReflectionSymmetry_Apply: Apply reflection symmetries
            Boundary::Boundary_ClearSelection: [level] Unselect all grid variables for boundary conditions
          LeanBSSNMoL::LeanBSSN_bssn2adm: [local] Convert variables back to the ADM ones
          GROUP ADMBase_SetADMVars: Set the ADM variables before this group, and use them afterwards
          MagScalarEvolve::MagScalar_Boundaries: [level] MoL boundary enforcement for MagScalar variables
          GROUP MagScalar_ApplyBCs: Apply boundary conditions
            GROUP BoundaryConditions: Execute all boundary conditions
              Boundary::Boundary_ApplyPhysicalBCs: Apply all requested local physical boundary conditions
              CartGrid3D::CartGrid3D_ApplyBC: Apply symmetry boundary conditions
              ReflectionSymmetry::ReflectionSymmetry_Apply: Apply reflection symmetries
            Boundary::Boundary_ClearSelection: [level] Unselect all grid variables for boundary conditions
          GROUP SetTmunu: Group for calculating the stress-energy tensor
            TmunuBase::TmunuBase_ZeroTmunu: Initialise the stress-energy tensor to zero
            GROUP AddToTmunu: Add to the stress-energy tensor here
              MagScalarEvolve::MagScalar_AddToTmunu: Compute the energy-momentum tensor
        GROUP MoL_PseudoEvolutionBoundaries: Apply boundary conditions to pseudo-evolved quantities
        GROUP CalcNPScalars_BC: Boundary conditions
          NPScalars::NPboundaries: [level] Symmetry boundary conditions
          GROUP ApplyBCs_NP: Apply boundary conditions
            GROUP BoundaryConditions: Execute all boundary conditions
              Boundary::Boundary_ApplyPhysicalBCs: Apply all requested local physical boundary conditions
              CartGrid3D::CartGrid3D_ApplyBC: Apply symmetry boundary conditions
              ReflectionSymmetry::ReflectionSymmetry_Apply: Apply reflection symmetries
            Boundary::Boundary_ClearSelection: [level] Unselect all grid variables for boundary conditions
        GROUP CalcNPMagScalarScalars_BC: Boundary conditions
          NPScalars_MagScalar::NPMagScalar_Boundaries: [level] Symmetry boundary conditions
          GROUP ApplyBCs_NPMagScalar: Apply boundary conditions
            GROUP BoundaryConditions: Execute all boundary conditions
              Boundary::Boundary_ApplyPhysicalBCs: Apply all requested local physical boundary conditions
              CartGrid3D::CartGrid3D_ApplyBC: Apply symmetry boundary conditions
              ReflectionSymmetry::ReflectionSymmetry_Apply: Apply reflection symmetries
            Boundary::Boundary_ClearSelection: [level] Unselect all grid variables for boundary conditions
      [CCTK_POSTPOSTINITIAL]
      [CCTK_POSTSTEP]
        AHFinderDirect::AHFinderDirect_import_mask: [global] [loop-local] import the excision mask
        AHFinderDirect::AHFinderDirect_find_horizons: [global] find apparent horizon(s) after this time step
        AHFinderDirect::AHFinderDirect_store: [global] store apparent horizon(s) into spherical surface(s)
        AHFinderDirect::AHFinderDirect_save: [global] save apparent horizon(s) into Cactus variables
        AHFinderDirect::AHFinderDirect_maybe_do_masks: set mask(s) based on apparent horizon position(s)
        SphericalSurface::SphericalSurface_Set: [global] Set surface radii
        GROUP SphericalSurface_HasBeenSet: Set the spherical surfaces before this group, and use it afterwards
          SphericalSurface::SphericalSurface_CheckState: [global] Test the state of the spherical surfaces
        GROUP zzz_NaNChecker_NaNCheck: Check for NaNs and count them in NaNChecker::NaNsFound
          NaNChecker::NaNChecker_NaNCheck_Prepare: [level] Prepare data structures to check for NaNs
          NaNChecker::NaNChecker_NaNCheck_Check: [local] Check for NaNs
          NaNChecker::NaNChecker_NaNCheck_Finish: [level] Count NaNs in NaNChecker::NaNsFound
        NaNChecker::NaNChecker_TakeAction: [global] [loop-level] Output NaNChecker::NaNmask and take action according to NaNChecker::action_if_found
        PunctureTracker::PunctureTracker_SetPositions: [global] Copy puncture positions to spherical surfaces
        SpaceMask::CheckMask: Ensure that all mask values are legal
        Dissipation::setup_epsdis: Setup spatially varying dissipation
        GROUP MaskBase_SetupMask: Set up the weight function
          GROUP MaskBase_SetupMaskAll: Set up the weight function
            CarpetReduce::MaskBase_AllocateMask: [global] Allocate the weight function
            CarpetReduce::MaskBase_InitMask: [global] [loop-local] Initialise the weight function
            GROUP SetupIMaskInternal: Set up the integer weight function (schedule other routines in here)
              CarpetReduce::CoordBase_SetupMask: [global] [loop-local] Set up the outer boundaries of the weight function
              CarpetReduce::CarpetMaskSetup: [global] [loop-singlemap] Set up the weight function for the restriction regions
            GROUP SetupIMask: Set up the integer weight function (schedule other routines in here)
              CarpetMask::CarpetExcludedSetup: [global] [loop-local] Set up the weight function for the excluded regions
              CarpetMask::CarpetSurfaceSetup: [global] [loop-local] Set up the weight function for the excluded spherical surfaces
            CarpetReduce::MaskBase_SetMask: [global] [loop-local] Set the weight function
            GROUP SetupMask: Set up the real weight function (schedule other routines in here)
            CarpetReduce::MaskBase_TestMask: [global] Test the weight function
    endif
    if (recover initial data)
      [CCTK_BASEGRID]
        ADMBase::ADMBase_SetShiftStateOn: Set the shift_state variable to 1
        ADMBase::ADMBase_SetDtLapseStateOn: Set the dtlapse_state variable to 1
        ADMBase::ADMBase_SetDtShiftStateOn: Set the dtshift_state variable to 1
        ADMMacros::ADMMacros_SetLocalSpatialOrder: Initialize the local_spatial_order
        CartGrid3D::SpatialSpacings: Set up ranges for spatial 3D Cartesian coordinates (on all grids)
        CartGrid3D::SpatialCoordinates: Set up spatial 3D Cartesian coordinates on the GH
        SphericalSurface::SphericalSurface_SetupRes: [global] [loop-local] Set surface resolution automatically
        AHFinderDirect::AHFinderDirect_setup: [global] setup data structures
        Dissipation::dissipation_basegrid: Ensure that there are enough ghost zones
        LeanBSSNMoL::LeanBSSN_symmetries: [global] Register symmetries of the BSSN grid functions
        LeanBSSNMoL::LeanBSSN_zero_rhs: Set all rhs functions to zero to prevent spurious nans
        MagScalarBase::MagScalar_symmetries: [global] Register symmetries of the grid functions
        MagScalarEvolve::MagScalar_InitSymBound: [meta] Schedule symmetries
        MagScalarEvolve::MagScalar_zero_rhs: set all rhs functions to zero to prevent spurious nans
        NPScalars::NP_symmetries: [meta] Set symmetries for grid functions
        NPScalars_MagScalar::NPMagScalar_symmetries: [meta] Set symmetries for grid functions
        NaNChecker::NaNChecker_ResetCounter: [global] Reset the NaNChecker::NaNsFound counter
        SpaceMask::MaskZero: Initialise mask to zero
        SpaceMask::MaskOne: Set old style mask to one
        SphericalSurface::SphericalSurface_Setup: [global] Calculate surface coordinate descriptors
        GROUP MaskBase_SetupMask: Set up the weight function
          GROUP MaskBase_SetupMaskAll: Set up the weight function
            CarpetReduce::MaskBase_AllocateMask: [global] Allocate the weight function
            CarpetReduce::MaskBase_InitMask: [global] [loop-local] Initialise the weight function
            GROUP SetupIMaskInternal: Set up the integer weight function (schedule other routines in here)
              CarpetReduce::CoordBase_SetupMask: [global] [loop-local] Set up the outer boundaries of the weight function
              CarpetReduce::CarpetMaskSetup: [global] [loop-singlemap] Set up the weight function for the restriction regions
            GROUP SetupIMask: Set up the integer weight function (schedule other routines in here)
              CarpetMask::CarpetExcludedSetup: [global] [loop-local] Set up the weight function for the excluded regions
              CarpetMask::CarpetSurfaceSetup: [global] [loop-local] Set up the weight function for the excluded spherical surfaces
            CarpetReduce::MaskBase_SetMask: [global] [loop-local] Set the weight function
            GROUP SetupMask: Set up the real weight function (schedule other routines in here)
            CarpetReduce::MaskBase_TestMask: [global] Test the weight function
        SphericalSurface::SphericalSurface_Set: [global] Set surface radii to be used for initial setup in other thorns
        GROUP SphericalSurface_HasBeenSet: Set the spherical surfaces before this group, and use it afterwards
          SphericalSurface::SphericalSurface_CheckState: [global] Test the state of the spherical surfaces
        SymBase::SymBase_Check: Check whether the driver set up the grid consistently
        TerminationTrigger::TerminationTrigger_ResetTrigger: Clear trigger state
        TerminationTrigger::TerminationTrigger_StartTimer: Start timer
        TerminationTrigger::TerminationTrigger_CreateFile: Create termination file
        Time::Time_Initialise: [global] Initialise Time variables
        Time::TemporalSpacings: [singlemap] Set timestep based on Courant condition (courant_static)
      [CCTK_RECOVER_VARIABLES]
        IOUtil::IOUtil_RecoverGH: [level] Checkpoint recovery routine
      [CCTK_POST_RECOVER_VARIABLES]
        AHFinderDirect::AHFinderDirect_recover: [global] import horizon data from Cactus variables
        CarpetIOHDF5::CarpetIOHDF5_InitCheckpointingIntervals: [global] Initialisation of checkpointing intervals after recovery
        CarpetIOHDF5::CarpetIOHDF5_CloseFiles: [meta] Close all initial data checkpoint files after recovery
        GROUP MaskBase_SetupMask: Set up the weight function
          GROUP MaskBase_SetupMaskAll: Set up the weight function
            CarpetReduce::MaskBase_AllocateMask: [global] Allocate the weight function
            CarpetReduce::MaskBase_InitMask: [global] [loop-local] Initialise the weight function
            GROUP SetupIMaskInternal: Set up the integer weight function (schedule other routines in here)
              CarpetReduce::CoordBase_SetupMask: [global] [loop-local] Set up the outer boundaries of the weight function
              CarpetReduce::CarpetMaskSetup: [global] [loop-singlemap] Set up the weight function for the restriction regions
            GROUP SetupIMask: Set up the integer weight function (schedule other routines in here)
              CarpetMask::CarpetExcludedSetup: [global] [loop-local] Set up the weight function for the excluded regions
              CarpetMask::CarpetSurfaceSetup: [global] [loop-local] Set up the weight function for the excluded spherical surfaces
            CarpetReduce::MaskBase_SetMask: [global] [loop-local] Set the weight function
            GROUP SetupMask: Set up the real weight function (schedule other routines in here)
            CarpetReduce::MaskBase_TestMask: [global] Test the weight function
        GROUP MoL_PostStep: Ensure that everything is correct after recovery
          LeanBSSNMoL::LeanBSSN_remove_trA: Remove trace of A
          LeanBSSNMoL::LeanBSSN_impose_conf_fac_floor: Make sure conformal factor does not drop below specified value
          LeanBSSNMoL::LeanBSSN_Boundaries: [level] MoL boundary enforcement
          GROUP LeanBSSN_ApplyBCs: Apply boundary conditions
            GROUP BoundaryConditions: Execute all boundary conditions
              Boundary::Boundary_ApplyPhysicalBCs: Apply all requested local physical boundary conditions
              CartGrid3D::CartGrid3D_ApplyBC: Apply symmetry boundary conditions
              ReflectionSymmetry::ReflectionSymmetry_Apply: Apply reflection symmetries
            Boundary::Boundary_ClearSelection: [level] Unselect all grid variables for boundary conditions
          LeanBSSNMoL::LeanBSSN_bssn2adm: [local] Convert variables back to the ADM ones
          GROUP ADMBase_SetADMVars: Set the ADM variables before this group, and use them afterwards
          MagScalarEvolve::MagScalar_Boundaries: [level] MoL boundary enforcement for MagScalar variables
          GROUP MagScalar_ApplyBCs: Apply boundary conditions
            GROUP BoundaryConditions: Execute all boundary conditions
              Boundary::Boundary_ApplyPhysicalBCs: Apply all requested local physical boundary conditions
              CartGrid3D::CartGrid3D_ApplyBC: Apply symmetry boundary conditions
              ReflectionSymmetry::ReflectionSymmetry_Apply: Apply reflection symmetries
            Boundary::Boundary_ClearSelection: [level] Unselect all grid variables for boundary conditions
          GROUP SetTmunu: Group for calculating the stress-energy tensor
            TmunuBase::TmunuBase_ZeroTmunu: Initialise the stress-energy tensor to zero
            GROUP AddToTmunu: Add to the stress-energy tensor here
              MagScalarEvolve::MagScalar_AddToTmunu: Compute the energy-momentum tensor
        GROUP zzz_NaNChecker_NaNCheck: Check for NaNs and count them in NaNChecker::NaNsFound
          NaNChecker::NaNChecker_NaNCheck_Prepare: [level] Prepare data structures to check for NaNs
          NaNChecker::NaNChecker_NaNCheck_Check: [local] Check for NaNs
          NaNChecker::NaNChecker_NaNCheck_Finish: [level] Count NaNs in NaNChecker::NaNsFound
        NaNChecker::NaNChecker_TakeAction: [global] [loop-level] Output NaNChecker::NaNmask and take action according to NaNChecker::action_if_found
        TerminationTrigger::TerminationTrigger_ResetMinutes: [global] Reset Watchtime
    endif
    if (checkpoint initial data)
      [CCTK_CPINITIAL]
        CarpetIOHDF5::CarpetIOHDF5_InitialDataCheckpoint: [meta] Initial data checkpoint routine
    endif
    if (analysis)
      [CCTK_ANALYSIS]
        CarpetLib::CarpetLib_printtimestats: [global] Print timing statistics if desired
        CarpetLib::CarpetLib_printmemstats: [global] Print memory statistics if desired
        GROUP LeanBSSN_constraints: Compute constraints
          LeanBSSNMoL::LeanBSSN_bssn_constraints: Compute constraints
          LeanBSSNMoL::LeanBSSN_Constraints_Boundaries: [level] Enforce symmetry BCs in constraint computation
          GROUP LeanBSSN_Constraints_ApplyBCs: Apply boundary conditions
            GROUP BoundaryConditions: Execute all boundary conditions
              Boundary::Boundary_ApplyPhysicalBCs: Apply all requested local physical boundary conditions
              CartGrid3D::CartGrid3D_ApplyBC: Apply symmetry boundary conditions
              ReflectionSymmetry::ReflectionSymmetry_Apply: Apply reflection symmetries
            Boundary::Boundary_ClearSelection: [level] Unselect all grid variables for boundary conditions
        LoopControl::LC_statistics_analysis: [meta] Output LoopControl statistics
        GROUP MagScalar_analysis_group: Compute analysis quantities
          MagScalarAnalysis::MagScalar_analysis: Compute analysis quantities
          MagScalarAnalysis::MagScalar_analysis_boundaries: [level] Enforce BCs
          GROUP MagScalar_analysis_ApplyBCs: Apply boundary conditions
            GROUP BoundaryConditions: Execute all boundary conditions
              Boundary::Boundary_ApplyPhysicalBCs: Apply all requested local physical boundary conditions
              CartGrid3D::CartGrid3D_ApplyBC: Apply symmetry boundary conditions
              ReflectionSymmetry::ReflectionSymmetry_Apply: Apply reflection symmetries
            Boundary::Boundary_ClearSelection: [level] Unselect all grid variables for boundary conditions
          MagScalarAnalysis::MagScalar_analysis_integrate: [global] Compute volume integrals of analysis quantities
        GROUP MagScalar_constraints: Group to calculate constraints
          MagScalarEvolve::MagScalar_constraints: Calculate constraints
          MagScalarEvolve::MagScalar_constraints_boundaries: [level] Enforce symmetry BCs in constraint computation
          GROUP MagScalar_constraints_ApplyBCs: Apply boundary conditions
            GROUP BoundaryConditions: Execute all boundary conditions
              Boundary::Boundary_ApplyPhysicalBCs: Apply all requested local physical boundary conditions
              CartGrid3D::CartGrid3D_ApplyBC: Apply symmetry boundary conditions
              ReflectionSymmetry::ReflectionSymmetry_Apply: Apply reflection symmetries
            Boundary::Boundary_ClearSelection: [level] Unselect all grid variables for boundary conditions
        Multipole::Multipole_Calc: [global] Calculate Multipoles
        GROUP CalcNPMagScalarScalars: Calculate NPScalars
          NPScalars_MagScalar::NPMagScalar_calcPsiGF: [local] calculate grid functions
          GROUP CalcNPMagScalarScalars_BC: Boundary conditions
            NPScalars_MagScalar::NPMagScalar_Boundaries: [level] Symmetry boundary conditions
            GROUP ApplyBCs_NPMagScalar: Apply boundary conditions
              GROUP BoundaryConditions: Execute all boundary conditions
                Boundary::Boundary_ApplyPhysicalBCs: Apply all requested local physical boundary conditions
                CartGrid3D::CartGrid3D_ApplyBC: Apply symmetry boundary conditions
                ReflectionSymmetry::ReflectionSymmetry_Apply: Apply reflection symmetries
              Boundary::Boundary_ClearSelection: [level] Unselect all grid variables for boundary conditions
        QuasiLocalMeasures::qlm_calculate: [global] Calculate quasi-local quantities
        SystemStatistics::SystemStatistics_Collect: [global] Collect system statistics
        TerminationTrigger::TerminationTrigger_CheckWalltime: Check elapsed job walltime
        TerminationTrigger::TerminationTrigger_CheckSignal: Check if we received a termination signal
        TerminationTrigger::TerminationTrigger_CheckFile: Check termination file
        TimerReport::zzz_TimerReport_Output: [global] Print the timer report
  endif
  Output grid variables

  do loop over timesteps
    [CCTK_PREREGRID]
      CarpetTracker::CarpetTracker_SetPositions: [global] Set positions of refined regions
    Change grid hierarchy
    [CCTK_POSTREGRID]
      SpaceMask::MaskZero: Initialise mask to zero
      CartGrid3D::SpatialCoordinates: Set Coordinates after regridding
      GROUP MaskBase_SetupMask: Set up the weight function
        GROUP MaskBase_SetupMaskAll: Set up the weight function
          CarpetReduce::MaskBase_AllocateMask: [global] Allocate the weight function
          CarpetReduce::MaskBase_InitMask: [global] [loop-local] Initialise the weight function
          GROUP SetupIMaskInternal: Set up the integer weight function (schedule other routines in here)
            CarpetReduce::CoordBase_SetupMask: [global] [loop-local] Set up the outer boundaries of the weight function
            CarpetReduce::CarpetMaskSetup: [global] [loop-singlemap] Set up the weight function for the restriction regions
          GROUP SetupIMask: Set up the integer weight function (schedule other routines in here)
            CarpetMask::CarpetExcludedSetup: [global] [loop-local] Set up the weight function for the excluded regions
            CarpetMask::CarpetSurfaceSetup: [global] [loop-local] Set up the weight function for the excluded spherical surfaces
          CarpetReduce::MaskBase_SetMask: [global] [loop-local] Set the weight function
          GROUP SetupMask: Set up the real weight function (schedule other routines in here)
          CarpetReduce::MaskBase_TestMask: [global] Test the weight function
      Dissipation::setup_epsdis: Setup spatially varying dissipation
      GROUP MoL_PostStep: Ensure that everything is correct after regridding
        LeanBSSNMoL::LeanBSSN_remove_trA: Remove trace of A
        LeanBSSNMoL::LeanBSSN_impose_conf_fac_floor: Make sure conformal factor does not drop below specified value
        LeanBSSNMoL::LeanBSSN_Boundaries: [level] MoL boundary enforcement
        GROUP LeanBSSN_ApplyBCs: Apply boundary conditions
          GROUP BoundaryConditions: Execute all boundary conditions
            Boundary::Boundary_ApplyPhysicalBCs: Apply all requested local physical boundary conditions
            CartGrid3D::CartGrid3D_ApplyBC: Apply symmetry boundary conditions
            ReflectionSymmetry::ReflectionSymmetry_Apply: Apply reflection symmetries
          Boundary::Boundary_ClearSelection: [level] Unselect all grid variables for boundary conditions
        LeanBSSNMoL::LeanBSSN_bssn2adm: [local] Convert variables back to the ADM ones
        GROUP ADMBase_SetADMVars: Set the ADM variables before this group, and use them afterwards
        MagScalarEvolve::MagScalar_Boundaries: [level] MoL boundary enforcement for MagScalar variables
        GROUP MagScalar_ApplyBCs: Apply boundary conditions
          GROUP BoundaryConditions: Execute all boundary conditions
            Boundary::Boundary_ApplyPhysicalBCs: Apply all requested local physical boundary conditions
            CartGrid3D::CartGrid3D_ApplyBC: Apply symmetry boundary conditions
            ReflectionSymmetry::ReflectionSymmetry_Apply: Apply reflection symmetries
          Boundary::Boundary_ClearSelection: [level] Unselect all grid variables for boundary conditions
        GROUP SetTmunu: Group for calculating the stress-energy tensor
          TmunuBase::TmunuBase_ZeroTmunu: Initialise the stress-energy tensor to zero
          GROUP AddToTmunu: Add to the stress-energy tensor here
            MagScalarEvolve::MagScalar_AddToTmunu: Compute the energy-momentum tensor
      GROUP MoL_PseudoEvolutionBoundaries: Apply boundary conditions to pseudo-evolved quantities
      GROUP CalcNPScalars_BC: Boundary conditions
        NPScalars::NPboundaries: [level] Symmetry boundary conditions
        GROUP ApplyBCs_NP: Apply boundary conditions
          GROUP BoundaryConditions: Execute all boundary conditions
            Boundary::Boundary_ApplyPhysicalBCs: Apply all requested local physical boundary conditions
            CartGrid3D::CartGrid3D_ApplyBC: Apply symmetry boundary conditions
            ReflectionSymmetry::ReflectionSymmetry_Apply: Apply reflection symmetries
          Boundary::Boundary_ClearSelection: [level] Unselect all grid variables for boundary conditions
      GROUP CalcNPMagScalarScalars_BC: Boundary conditions
        NPScalars_MagScalar::NPMagScalar_Boundaries: [level] Symmetry boundary conditions
        GROUP ApplyBCs_NPMagScalar: Apply boundary conditions
          GROUP BoundaryConditions: Execute all boundary conditions
            Boundary::Boundary_ApplyPhysicalBCs: Apply all requested local physical boundary conditions
            CartGrid3D::CartGrid3D_ApplyBC: Apply symmetry boundary conditions
            ReflectionSymmetry::ReflectionSymmetry_Apply: Apply reflection symmetries
          Boundary::Boundary_ClearSelection: [level] Unselect all grid variables for boundary conditions
      SpaceMask::MaskOne: Set mask to one
      AHFinderDirect::AHFinderDirect_maybe_do_masks: set mask(s) based on apparent horizon position(s)
    Rotate timelevels
    iteration = iteration+1
    t = t+dt
    [CCTK_PRESTEP]
      CoordGauge::Einstein_SetNextSlicing: Identify the slicing for the next iteration
      LoopControl::LC_steer: [meta] Update LoopControl algorithm preferences
      NaNChecker::NaNChecker_ResetCounter: [global] Reset the NaNChecker::NaNsFound counter
    [CCTK_EVOL]
      MoL::MoL_StartLoop: [level] Initialise the step size control
      while (MoL::MoL_Stepsize_Bad)
        GROUP MoL_Evolution: A single Cactus evolution step using MoL
          GROUP MoL_StartStep: MoL internal setup for the evolution step
            MoL::MoL_SetCounter: [level] Set the counter for the ODE method to loop over
            MoL::MoL_SetTime: [level] Ensure the correct time and timestep are used
            MoL::MoL_AllocateScratchSpace: [level] Allocate storage for scratch levels
          GROUP MoL_PreStep: Physics thorns can schedule preloop setup routines in here
          MoL::MoL_AllocateScratch: Allocate sufficient space for array scratch variables
          MoL::MoL_InitialCopy: Ensure the data is in the correct timelevel
          while (MoL::MoL_Intermediate_Step)
            GROUP MoL_Step: The loop over the intermediate steps for the ODE integrator
              MoL::MoL_InitRHS: Initialise the RHS functions
              GROUP MoL_CalcRHS: Physics thorns schedule the calculation of the discrete spatial operator in here
                LeanBSSNMoL::LeanBSSN_CalcRHS: MoL RHS calculation
                LeanBSSNMoL::LeanBSSN_CalcRHS_Bdry: MoL boundary RHS calculation
                MagScalarEvolve::MagScalar_CalcRHS: MoL RHS calculation for MagScalar variables
                MagScalarEvolve::MagScalar_CalcRHS_Bdry: MoL boundary RHS calculation for MagScalar variables
              GROUP MoL_PostRHS: Modify RHS functions
                Dissipation::dissipation_add: Add Kreiss-Oliger dissipation to the right hand sides
              GROUP MoL_RHSBoundaries: Any 'final' modifications to the RHS functions (boundaries etc.)
              MoL::MoL_Add: Updates calculated with the efficient Runge-Kutta 4 method
              MoL::MoL_DecrementCounter: [level] Alter the counter number
              MoL::MoL_ResetTime: [level] If necessary, change the time
              GROUP MoL_PostStepModify: The group for physics thorns to schedule enforcing constraints
              GROUP MoL_PostStep: The group for physics thorns to schedule boundary calls etc.
                LeanBSSNMoL::LeanBSSN_remove_trA: Remove trace of A
                LeanBSSNMoL::LeanBSSN_impose_conf_fac_floor: Make sure conformal factor does not drop below specified value
                LeanBSSNMoL::LeanBSSN_Boundaries: [level] MoL boundary enforcement
                GROUP LeanBSSN_ApplyBCs: Apply boundary conditions
                  GROUP BoundaryConditions: Execute all boundary conditions
                    Boundary::Boundary_ApplyPhysicalBCs: Apply all requested local physical boundary conditions
                    CartGrid3D::CartGrid3D_ApplyBC: Apply symmetry boundary conditions
                    ReflectionSymmetry::ReflectionSymmetry_Apply: Apply reflection symmetries
                  Boundary::Boundary_ClearSelection: [level] Unselect all grid variables for boundary conditions
                LeanBSSNMoL::LeanBSSN_bssn2adm: [local] Convert variables back to the ADM ones
                GROUP ADMBase_SetADMVars: Set the ADM variables before this group, and use them afterwards
                MagScalarEvolve::MagScalar_Boundaries: [level] MoL boundary enforcement for MagScalar variables
                GROUP MagScalar_ApplyBCs: Apply boundary conditions
                  GROUP BoundaryConditions: Execute all boundary conditions
                    Boundary::Boundary_ApplyPhysicalBCs: Apply all requested local physical boundary conditions
                    CartGrid3D::CartGrid3D_ApplyBC: Apply symmetry boundary conditions
                    ReflectionSymmetry::ReflectionSymmetry_Apply: Apply reflection symmetries
                  Boundary::Boundary_ClearSelection: [level] Unselect all grid variables for boundary conditions
                GROUP SetTmunu: Group for calculating the stress-energy tensor
                  TmunuBase::TmunuBase_ZeroTmunu: Initialise the stress-energy tensor to zero
                  GROUP AddToTmunu: Add to the stress-energy tensor here
                    MagScalarEvolve::MagScalar_AddToTmunu: Compute the energy-momentum tensor
              MoL::MoL_ResetDeltaTime: [level] If necessary, change the timestep
          end while
          MoL::MoL_FinishLoop: [level] Control the step size
          MoL::MoL_RestoreSandR: Restoring the Save and Restore variables to the original state
          MoL::MoL_FreeScratchSpace: [level] Free storage for scratch levels
      end while
      GROUP MoL_PseudoEvolution: Calculate pseudo-evolved quantities
        GROUP ADMBase_SetADMVars: Set the ADM variables before this group, and use them afterwards
        GROUP CalcNPScalars: Calculate NPScalars
          NPScalars::NP_calcPsiGF: [local] calculate Psi4 as grid function
          GROUP CalcNPScalars_BC: Boundary conditions
            NPScalars::NPboundaries: [level] Symmetry boundary conditions
            GROUP ApplyBCs_NP: Apply boundary conditions
              GROUP BoundaryConditions: Execute all boundary conditions
                Boundary::Boundary_ApplyPhysicalBCs: Apply all requested local physical boundary conditions
                CartGrid3D::CartGrid3D_ApplyBC: Apply symmetry boundary conditions
                ReflectionSymmetry::ReflectionSymmetry_Apply: Apply reflection symmetries
              Boundary::Boundary_ClearSelection: [level] Unselect all grid variables for boundary conditions
      PunctureTracker::PunctureTracker_Track: [global] Calculate new location of punctures
    Evolve finer grids recursively
    Restrict from finer grids
    [CCTK_POSTRESTRICT]
      GROUP MoL_PostStep: Ensure that everything is correct after restriction
        LeanBSSNMoL::LeanBSSN_remove_trA: Remove trace of A
        LeanBSSNMoL::LeanBSSN_impose_conf_fac_floor: Make sure conformal factor does not drop below specified value
        LeanBSSNMoL::LeanBSSN_Boundaries: [level] MoL boundary enforcement
        GROUP LeanBSSN_ApplyBCs: Apply boundary conditions
          GROUP BoundaryConditions: Execute all boundary conditions
            Boundary::Boundary_ApplyPhysicalBCs: Apply all requested local physical boundary conditions
            CartGrid3D::CartGrid3D_ApplyBC: Apply symmetry boundary conditions
            ReflectionSymmetry::ReflectionSymmetry_Apply: Apply reflection symmetries
          Boundary::Boundary_ClearSelection: [level] Unselect all grid variables for boundary conditions
        LeanBSSNMoL::LeanBSSN_bssn2adm: [local] Convert variables back to the ADM ones
        GROUP ADMBase_SetADMVars: Set the ADM variables before this group, and use them afterwards
        MagScalarEvolve::MagScalar_Boundaries: [level] MoL boundary enforcement for MagScalar variables
        GROUP MagScalar_ApplyBCs: Apply boundary conditions
          GROUP BoundaryConditions: Execute all boundary conditions
            Boundary::Boundary_ApplyPhysicalBCs: Apply all requested local physical boundary conditions
            CartGrid3D::CartGrid3D_ApplyBC: Apply symmetry boundary conditions
            ReflectionSymmetry::ReflectionSymmetry_Apply: Apply reflection symmetries
          Boundary::Boundary_ClearSelection: [level] Unselect all grid variables for boundary conditions
        GROUP SetTmunu: Group for calculating the stress-energy tensor
          TmunuBase::TmunuBase_ZeroTmunu: Initialise the stress-energy tensor to zero
          GROUP AddToTmunu: Add to the stress-energy tensor here
            MagScalarEvolve::MagScalar_AddToTmunu: Compute the energy-momentum tensor
      GROUP MoL_PseudoEvolutionBoundaries: Apply boundary conditions to pseudo-evolved quantities
      GROUP CalcNPScalars_BC: Boundary conditions
        NPScalars::NPboundaries: [level] Symmetry boundary conditions
        GROUP ApplyBCs_NP: Apply boundary conditions
          GROUP BoundaryConditions: Execute all boundary conditions
            Boundary::Boundary_ApplyPhysicalBCs: Apply all requested local physical boundary conditions
            CartGrid3D::CartGrid3D_ApplyBC: Apply symmetry boundary conditions
            ReflectionSymmetry::ReflectionSymmetry_Apply: Apply reflection symmetries
          Boundary::Boundary_ClearSelection: [level] Unselect all grid variables for boundary conditions
      GROUP CalcNPMagScalarScalars_BC: Boundary conditions
        NPScalars_MagScalar::NPMagScalar_Boundaries: [level] Symmetry boundary conditions
        GROUP ApplyBCs_NPMagScalar: Apply boundary conditions
          GROUP BoundaryConditions: Execute all boundary conditions
            Boundary::Boundary_ApplyPhysicalBCs: Apply all requested local physical boundary conditions
            CartGrid3D::CartGrid3D_ApplyBC: Apply symmetry boundary conditions
            ReflectionSymmetry::ReflectionSymmetry_Apply: Apply reflection symmetries
          Boundary::Boundary_ClearSelection: [level] Unselect all grid variables for boundary conditions
    [CCTK_POSTSTEP]
      AHFinderDirect::AHFinderDirect_import_mask: [global] [loop-local] import the excision mask
      AHFinderDirect::AHFinderDirect_find_horizons: [global] find apparent horizon(s) after this time step
      AHFinderDirect::AHFinderDirect_store: [global] store apparent horizon(s) into spherical surface(s)
      AHFinderDirect::AHFinderDirect_save: [global] save apparent horizon(s) into Cactus variables
      AHFinderDirect::AHFinderDirect_maybe_do_masks: set mask(s) based on apparent horizon position(s)
      SphericalSurface::SphericalSurface_Set: [global] Set surface radii
      GROUP SphericalSurface_HasBeenSet: Set the spherical surfaces before this group, and use it afterwards
        SphericalSurface::SphericalSurface_CheckState: [global] Test the state of the spherical surfaces
      GROUP zzz_NaNChecker_NaNCheck: Check for NaNs and count them in NaNChecker::NaNsFound
        NaNChecker::NaNChecker_NaNCheck_Prepare: [level] Prepare data structures to check for NaNs
        NaNChecker::NaNChecker_NaNCheck_Check: [local] Check for NaNs
        NaNChecker::NaNChecker_NaNCheck_Finish: [level] Count NaNs in NaNChecker::NaNsFound
      NaNChecker::NaNChecker_TakeAction: [global] [loop-level] Output NaNChecker::NaNmask and take action according to NaNChecker::action_if_found
      PunctureTracker::PunctureTracker_SetPositions: [global] Copy puncture positions to spherical surfaces
      SpaceMask::CheckMask: Ensure that all mask values are legal
      Dissipation::setup_epsdis: Setup spatially varying dissipation
      GROUP MaskBase_SetupMask: Set up the weight function
        GROUP MaskBase_SetupMaskAll: Set up the weight function
          CarpetReduce::MaskBase_AllocateMask: [global] Allocate the weight function
          CarpetReduce::MaskBase_InitMask: [global] [loop-local] Initialise the weight function
          GROUP SetupIMaskInternal: Set up the integer weight function (schedule other routines in here)
            CarpetReduce::CoordBase_SetupMask: [global] [loop-local] Set up the outer boundaries of the weight function
            CarpetReduce::CarpetMaskSetup: [global] [loop-singlemap] Set up the weight function for the restriction regions
          GROUP SetupIMask: Set up the integer weight function (schedule other routines in here)
            CarpetMask::CarpetExcludedSetup: [global] [loop-local] Set up the weight function for the excluded regions
            CarpetMask::CarpetSurfaceSetup: [global] [loop-local] Set up the weight function for the excluded spherical surfaces
          CarpetReduce::MaskBase_SetMask: [global] [loop-local] Set the weight function
          GROUP SetupMask: Set up the real weight function (schedule other routines in here)
          CarpetReduce::MaskBase_TestMask: [global] Test the weight function
    if (checkpoint)
      [CCTK_CHECKPOINT]
      CarpetIOHDF5::CarpetIOHDF5_EvolutionCheckpoint: [meta] Evolution checkpoint routine
      TimerReport::zzz_TimerReport_Checkpoint: [global] Print the timer report
    endif
    if (analysis)
      [CCTK_ANALYSIS]
      CarpetLib::CarpetLib_printtimestats: [global] Print timing statistics if desired
      CarpetLib::CarpetLib_printmemstats: [global] Print memory statistics if desired
      GROUP LeanBSSN_constraints: Compute constraints
        LeanBSSNMoL::LeanBSSN_bssn_constraints: Compute constraints
        LeanBSSNMoL::LeanBSSN_Constraints_Boundaries: [level] Enforce symmetry BCs in constraint computation
        GROUP LeanBSSN_Constraints_ApplyBCs: Apply boundary conditions
          GROUP BoundaryConditions: Execute all boundary conditions
            Boundary::Boundary_ApplyPhysicalBCs: Apply all requested local physical boundary conditions
            CartGrid3D::CartGrid3D_ApplyBC: Apply symmetry boundary conditions
            ReflectionSymmetry::ReflectionSymmetry_Apply: Apply reflection symmetries
          Boundary::Boundary_ClearSelection: [level] Unselect all grid variables for boundary conditions
      LoopControl::LC_statistics_analysis: [meta] Output LoopControl statistics
      GROUP MagScalar_analysis_group: Compute analysis quantities
        MagScalarAnalysis::MagScalar_analysis: Compute analysis quantities
        MagScalarAnalysis::MagScalar_analysis_boundaries: [level] Enforce BCs
        GROUP MagScalar_analysis_ApplyBCs: Apply boundary conditions
          GROUP BoundaryConditions: Execute all boundary conditions
            Boundary::Boundary_ApplyPhysicalBCs: Apply all requested local physical boundary conditions
            CartGrid3D::CartGrid3D_ApplyBC: Apply symmetry boundary conditions
            ReflectionSymmetry::ReflectionSymmetry_Apply: Apply reflection symmetries
          Boundary::Boundary_ClearSelection: [level] Unselect all grid variables for boundary conditions
        MagScalarAnalysis::MagScalar_analysis_integrate: [global] Compute volume integrals of analysis quantities
      GROUP MagScalar_constraints: Group to calculate constraints
        MagScalarEvolve::MagScalar_constraints: Calculate constraints
        MagScalarEvolve::MagScalar_constraints_boundaries: [level] Enforce symmetry BCs in constraint computation
        GROUP MagScalar_constraints_ApplyBCs: Apply boundary conditions
          GROUP BoundaryConditions: Execute all boundary conditions
            Boundary::Boundary_ApplyPhysicalBCs: Apply all requested local physical boundary conditions
            CartGrid3D::CartGrid3D_ApplyBC: Apply symmetry boundary conditions
            ReflectionSymmetry::ReflectionSymmetry_Apply: Apply reflection symmetries
          Boundary::Boundary_ClearSelection: [level] Unselect all grid variables for boundary conditions
      Multipole::Multipole_Calc: [global] Calculate Multipoles
      GROUP CalcNPMagScalarScalars: Calculate NPScalars
        NPScalars_MagScalar::NPMagScalar_calcPsiGF: [local] calculate grid functions
        GROUP CalcNPMagScalarScalars_BC: Boundary conditions
          NPScalars_MagScalar::NPMagScalar_Boundaries: [level] Symmetry boundary conditions
          GROUP ApplyBCs_NPMagScalar: Apply boundary conditions
            GROUP BoundaryConditions: Execute all boundary conditions
              Boundary::Boundary_ApplyPhysicalBCs: Apply all requested local physical boundary conditions
              CartGrid3D::CartGrid3D_ApplyBC: Apply symmetry boundary conditions
              ReflectionSymmetry::ReflectionSymmetry_Apply: Apply reflection symmetries
            Boundary::Boundary_ClearSelection: [level] Unselect all grid variables for boundary conditions
      QuasiLocalMeasures::qlm_calculate: [global] Calculate quasi-local quantities
      SystemStatistics::SystemStatistics_Collect: [global] Collect system statistics
      TerminationTrigger::TerminationTrigger_CheckWalltime: Check elapsed job walltime
      TerminationTrigger::TerminationTrigger_CheckSignal: Check if we received a termination signal
      TerminationTrigger::TerminationTrigger_CheckFile: Check termination file
      TimerReport::zzz_TimerReport_Output: [global] Print the timer report
    endif
    Output grid variables
    enddo

  Termination routines
    [CCTK_TERMINATE]
      CarpetIOHDF5::CarpetIOHDF5_TerminationCheckpoint: [meta] Termination checkpoint routine
      LoopControl::LC_statistics_terminate: [meta] Output LoopControl statistics
      MoL::MoL_FreeIndexArrays: Free the MoL bookkeeping index arrays
      TimerReport::zzz_TimerReport_Output: [global] Print the timer report

  Shutdown routines
    [CCTK_SHUTDOWN]
      Timers::Timer_Shutdown: Prepare hierarchical timers

  Routines run after changing the grid hierarchy:
    [CCTK_POSTREGRID]
      SpaceMask::MaskZero: Initialise mask to zero
      CartGrid3D::SpatialCoordinates: Set Coordinates after regridding
      GROUP MaskBase_SetupMask: Set up the weight function
        GROUP MaskBase_SetupMaskAll: Set up the weight function
          CarpetReduce::MaskBase_AllocateMask: [global] Allocate the weight function
          CarpetReduce::MaskBase_InitMask: [global] [loop-local] Initialise the weight function
          GROUP SetupIMaskInternal: Set up the integer weight function (schedule other routines in here)
            CarpetReduce::CoordBase_SetupMask: [global] [loop-local] Set up the outer boundaries of the weight function
            CarpetReduce::CarpetMaskSetup: [global] [loop-singlemap] Set up the weight function for the restriction regions
          GROUP SetupIMask: Set up the integer weight function (schedule other routines in here)
            CarpetMask::CarpetExcludedSetup: [global] [loop-local] Set up the weight function for the excluded regions
            CarpetMask::CarpetSurfaceSetup: [global] [loop-local] Set up the weight function for the excluded spherical surfaces
          CarpetReduce::MaskBase_SetMask: [global] [loop-local] Set the weight function
          GROUP SetupMask: Set up the real weight function (schedule other routines in here)
          CarpetReduce::MaskBase_TestMask: [global] Test the weight function
      Dissipation::setup_epsdis: Setup spatially varying dissipation
      GROUP MoL_PostStep: Ensure that everything is correct after regridding
        LeanBSSNMoL::LeanBSSN_remove_trA: Remove trace of A
        LeanBSSNMoL::LeanBSSN_impose_conf_fac_floor: Make sure conformal factor does not drop below specified value
        LeanBSSNMoL::LeanBSSN_Boundaries: [level] MoL boundary enforcement
        GROUP LeanBSSN_ApplyBCs: Apply boundary conditions
          GROUP BoundaryConditions: Execute all boundary conditions
            Boundary::Boundary_ApplyPhysicalBCs: Apply all requested local physical boundary conditions
            CartGrid3D::CartGrid3D_ApplyBC: Apply symmetry boundary conditions
            ReflectionSymmetry::ReflectionSymmetry_Apply: Apply reflection symmetries
          Boundary::Boundary_ClearSelection: [level] Unselect all grid variables for boundary conditions
        LeanBSSNMoL::LeanBSSN_bssn2adm: [local] Convert variables back to the ADM ones
        GROUP ADMBase_SetADMVars: Set the ADM variables before this group, and use them afterwards
        MagScalarEvolve::MagScalar_Boundaries: [level] MoL boundary enforcement for MagScalar variables
        GROUP MagScalar_ApplyBCs: Apply boundary conditions
          GROUP BoundaryConditions: Execute all boundary conditions
            Boundary::Boundary_ApplyPhysicalBCs: Apply all requested local physical boundary conditions
            CartGrid3D::CartGrid3D_ApplyBC: Apply symmetry boundary conditions
            ReflectionSymmetry::ReflectionSymmetry_Apply: Apply reflection symmetries
          Boundary::Boundary_ClearSelection: [level] Unselect all grid variables for boundary conditions
        GROUP SetTmunu: Group for calculating the stress-energy tensor
          TmunuBase::TmunuBase_ZeroTmunu: Initialise the stress-energy tensor to zero
          GROUP AddToTmunu: Add to the stress-energy tensor here
            MagScalarEvolve::MagScalar_AddToTmunu: Compute the energy-momentum tensor
      GROUP MoL_PseudoEvolutionBoundaries: Apply boundary conditions to pseudo-evolved quantities
      GROUP CalcNPScalars_BC: Boundary conditions
        NPScalars::NPboundaries: [level] Symmetry boundary conditions
        GROUP ApplyBCs_NP: Apply boundary conditions
          GROUP BoundaryConditions: Execute all boundary conditions
            Boundary::Boundary_ApplyPhysicalBCs: Apply all requested local physical boundary conditions
            CartGrid3D::CartGrid3D_ApplyBC: Apply symmetry boundary conditions
            ReflectionSymmetry::ReflectionSymmetry_Apply: Apply reflection symmetries
          Boundary::Boundary_ClearSelection: [level] Unselect all grid variables for boundary conditions
      GROUP CalcNPMagScalarScalars_BC: Boundary conditions
        NPScalars_MagScalar::NPMagScalar_Boundaries: [level] Symmetry boundary conditions
        GROUP ApplyBCs_NPMagScalar: Apply boundary conditions
          GROUP BoundaryConditions: Execute all boundary conditions
            Boundary::Boundary_ApplyPhysicalBCs: Apply all requested local physical boundary conditions
            CartGrid3D::CartGrid3D_ApplyBC: Apply symmetry boundary conditions
            ReflectionSymmetry::ReflectionSymmetry_Apply: Apply reflection symmetries
          Boundary::Boundary_ClearSelection: [level] Unselect all grid variables for boundary conditions
      SpaceMask::MaskOne: Set mask to one
      AHFinderDirect::AHFinderDirect_maybe_do_masks: set mask(s) based on apparent horizon position(s)
--------------------------------------------------------------------------------
INFO (Carpet): Multi-Model listing:
   model 0: "world"
INFO (Carpet): Multi-Model process distribution:
   processes 0-1: model 0 "world"
INFO (Carpet): Multi-Model: This is process 0, model 0 "world"
INFO (CarpetLib): Process startup time was 4.01 seconds
Current core file size limit: hard=[unlimited], soft=0 MB
Current addres space size limit: hard=[unlimited], soft=[unlimited]
Current data segment size limit: hard=[unlimited], soft=[unlimited]
Current resident set size limit: hard=247808 MB, soft=247808 MB
INFO (CycleClock): Measuring CycleClock tick via OpenMP...
INFO (CycleClock): Calibrated CycleClock: 0.444413 ns per clock tick (2.25016 GHz)
INFO (Vectors): Using vector size 1 for architecture scalar (no vectorisation, 64-bit precision)
INFO (hwloc): library version 2.10.0, API version 0x20800
--------------------------------------------------------------------------------
AMR driver provided by Carpet
--------------------------------------------------------------------------------
AMR scalar I/O provided by CarpetIOScalar
--------------------------------------------------------------------------------
AMR 0D ASCII I/O provided by CarpetIOASCII
--------------------------------------------------------------------------------
AMR 1D ASCII I/O provided by CarpetIOASCII
--------------------------------------------------------------------------------
AMR 2D ASCII I/O provided by CarpetIOASCII
--------------------------------------------------------------------------------
AMR 3D ASCII I/O provided by CarpetIOASCII
--------------------------------------------------------------------------------
AMR info I/O provided by CarpetIOBasic
--------------------------------------------------------------------------------
MoL: Generalized time integration.
--------------------------------------------------------------------------------
AMR HDF5 I/O provided by CarpetIOHDF5
--------------------------------------------------------------------------------
AMR 0D HDF5 I/O provided by CarpetIOHDF5
--------------------------------------------------------------------------------
AMR 1D HDF5 I/O provided by CarpetIOHDF5
--------------------------------------------------------------------------------
AMR 2D HDF5 I/O provided by CarpetIOHDF5
--------------------------------------------------------------------------------
AMR 3D HDF5 I/O provided by CarpetIOHDF5
--------------------------------------------------------------------------------

INFO (Carpet): MPI is enabled
INFO (Carpet): Carpet is running on 2 processes
INFO (Carpet): This is process 0
INFO (Carpet): OpenMP is enabled
INFO (Carpet): This process contains 128 threads, this is thread 0
INFO (Carpet): There are 256 threads in total
INFO (Carpet): There are 128 threads per process
INFO (Carpet): This process runs on host cnx007, pid=1247419
INFO (Carpet): This process runs on 128 cores: 0-127
INFO (Carpet): Thread 0 runs on 128 cores: 0-127
INFO (Carpet): Thread 1 runs on 128 cores: 0-127
INFO (Carpet): Thread 2 runs on 128 cores: 0-127
INFO (Carpet): Thread 3 runs on 128 cores: 0-127
INFO (Carpet): Thread 4 runs on 128 cores: 0-127
INFO (Carpet): Thread 5 runs on 128 cores: 0-127
INFO (Carpet): Thread 6 runs on 128 cores: 0-127
INFO (Carpet): Thread 7 runs on 128 cores: 0-127
INFO (Carpet): Thread 8 runs on 128 cores: 0-127
INFO (Carpet): Thread 9 runs on 128 cores: 0-127
INFO (Carpet): Thread 10 runs on 128 cores: 0-127
INFO (Carpet): Thread 11 runs on 128 cores: 0-127
INFO (Carpet): Thread 12 runs on 128 cores: 0-127
INFO (Carpet): Thread 13 runs on 128 cores: 0-127
INFO (Carpet): Thread 14 runs on 128 cores: 0-127
INFO (Carpet): Thread 15 runs on 128 cores: 0-127
INFO (Carpet): Thread 16 runs on 128 cores: 0-127
INFO (Carpet): Thread 17 runs on 128 cores: 0-127
INFO (Carpet): Thread 18 runs on 128 cores: 0-127
INFO (Carpet): Thread 19 runs on 128 cores: 0-127
INFO (Carpet): Thread 20 runs on 128 cores: 0-127
INFO (Carpet): Thread 21 runs on 128 cores: 0-127
INFO (Carpet): Thread 22 runs on 128 cores: 0-127
INFO (Carpet): Thread 23 runs on 128 cores: 0-127
INFO (Carpet): Thread 24 runs on 128 cores: 0-127
INFO (Carpet): Thread 25 runs on 128 cores: 0-127
INFO (Carpet): Thread 26 runs on 128 cores: 0-127
INFO (Carpet): Thread 27 runs on 128 cores: 0-127
INFO (Carpet): Thread 28 runs on 128 cores: 0-127
INFO (Carpet): Thread 29 runs on 128 cores: 0-127
INFO (Carpet): Thread 30 runs on 128 cores: 0-127
INFO (Carpet): Thread 31 runs on 128 cores: 0-127
INFO (Carpet): Thread 32 runs on 128 cores: 0-127
INFO (Carpet): Thread 33 runs on 128 cores: 0-127
INFO (Carpet): Thread 34 runs on 128 cores: 0-127
INFO (Carpet): Thread 35 runs on 128 cores: 0-127
INFO (Carpet): Thread 36 runs on 128 cores: 0-127
INFO (Carpet): Thread 37 runs on 128 cores: 0-127
INFO (Carpet): Thread 38 runs on 128 cores: 0-127
INFO (Carpet): Thread 39 runs on 128 cores: 0-127
INFO (Carpet): Thread 40 runs on 128 cores: 0-127
INFO (Carpet): Thread 41 runs on 128 cores: 0-127
INFO (Carpet): Thread 42 runs on 128 cores: 0-127
INFO (Carpet): Thread 43 runs on 128 cores: 0-127
INFO (Carpet): Thread 44 runs on 128 cores: 0-127
INFO (Carpet): Thread 45 runs on 128 cores: 0-127
INFO (Carpet): Thread 46 runs on 128 cores: 0-127
INFO (Carpet): Thread 47 runs on 128 cores: 0-127
INFO (Carpet): Thread 48 runs on 128 cores: 0-127
INFO (Carpet): Thread 49 runs on 128 cores: 0-127
INFO (Carpet): Thread 50 runs on 128 cores: 0-127
INFO (Carpet): Thread 51 runs on 128 cores: 0-127
INFO (Carpet): Thread 52 runs on 128 cores: 0-127
INFO (Carpet): Thread 53 runs on 128 cores: 0-127
INFO (Carpet): Thread 54 runs on 128 cores: 0-127
INFO (Carpet): Thread 55 runs on 128 cores: 0-127
INFO (Carpet): Thread 56 runs on 128 cores: 0-127
INFO (Carpet): Thread 57 runs on 128 cores: 0-127
INFO (Carpet): Thread 58 runs on 128 cores: 0-127
INFO (Carpet): Thread 59 runs on 128 cores: 0-127
INFO (Carpet): Thread 60 runs on 128 cores: 0-127
INFO (Carpet): Thread 61 runs on 128 cores: 0-127
INFO (Carpet): Thread 62 runs on 128 cores: 0-127
INFO (Carpet): Thread 63 runs on 128 cores: 0-127
INFO (Carpet): Thread 64 runs on 128 cores: 0-127
INFO (Carpet): Thread 65 runs on 128 cores: 0-127
INFO (Carpet): Thread 66 runs on 128 cores: 0-127
INFO (Carpet): Thread 67 runs on 128 cores: 0-127
INFO (Carpet): Thread 68 runs on 128 cores: 0-127
INFO (Carpet): Thread 69 runs on 128 cores: 0-127
INFO (Carpet): Thread 70 runs on 128 cores: 0-127
INFO (Carpet): Thread 71 runs on 128 cores: 0-127
INFO (Carpet): Thread 72 runs on 128 cores: 0-127
INFO (Carpet): Thread 73 runs on 128 cores: 0-127
INFO (Carpet): Thread 74 runs on 128 cores: 0-127
INFO (Carpet): Thread 75 runs on 128 cores: 0-127
INFO (Carpet): Thread 76 runs on 128 cores: 0-127
INFO (Carpet): Thread 77 runs on 128 cores: 0-127
INFO (Carpet): Thread 78 runs on 128 cores: 0-127
INFO (Carpet): Thread 79 runs on 128 cores: 0-127
INFO (Carpet): Thread 80 runs on 128 cores: 0-127
INFO (Carpet): Thread 81 runs on 128 cores: 0-127
INFO (Carpet): Thread 82 runs on 128 cores: 0-127
INFO (Carpet): Thread 83 runs on 128 cores: 0-127
INFO (Carpet): Thread 84 runs on 128 cores: 0-127
INFO (Carpet): Thread 85 runs on 128 cores: 0-127
INFO (Carpet): Thread 86 runs on 128 cores: 0-127
INFO (Carpet): Thread 87 runs on 128 cores: 0-127
INFO (Carpet): Thread 88 runs on 128 cores: 0-127
INFO (Carpet): Thread 89 runs on 128 cores: 0-127
INFO (Carpet): Thread 90 runs on 128 cores: 0-127
INFO (Carpet): Thread 91 runs on 128 cores: 0-127
INFO (Carpet): Thread 92 runs on 128 cores: 0-127
INFO (Carpet): Thread 93 runs on 128 cores: 0-127
INFO (Carpet): Thread 94 runs on 128 cores: 0-127
INFO (Carpet): Thread 95 runs on 128 cores: 0-127
INFO (Carpet): Thread 96 runs on 128 cores: 0-127
INFO (Carpet): Thread 97 runs on 128 cores: 0-127
INFO (Carpet): Thread 98 runs on 128 cores: 0-127
INFO (Carpet): Thread 99 runs on 128 cores: 0-127
INFO (Carpet): Thread 100 runs on 128 cores: 0-127
INFO (Carpet): Thread 101 runs on 128 cores: 0-127
INFO (Carpet): Thread 102 runs on 128 cores: 0-127
INFO (Carpet): Thread 103 runs on 128 cores: 0-127
INFO (Carpet): Thread 104 runs on 128 cores: 0-127
INFO (Carpet): Thread 105 runs on 128 cores: 0-127
INFO (Carpet): Thread 106 runs on 128 cores: 0-127
INFO (Carpet): Thread 107 runs on 128 cores: 0-127
INFO (Carpet): Thread 108 runs on 128 cores: 0-127
INFO (Carpet): Thread 109 runs on 128 cores: 0-127
INFO (Carpet): Thread 110 runs on 128 cores: 0-127
INFO (Carpet): Thread 111 runs on 128 cores: 0-127
INFO (Carpet): Thread 112 runs on 128 cores: 0-127
INFO (Carpet): Thread 113 runs on 128 cores: 0-127
INFO (Carpet): Thread 114 runs on 128 cores: 0-127
INFO (Carpet): Thread 115 runs on 128 cores: 0-127
INFO (Carpet): Thread 116 runs on 128 cores: 0-127
INFO (Carpet): Thread 117 runs on 128 cores: 0-127
INFO (Carpet): Thread 118 runs on 128 cores: 0-127
INFO (Carpet): Thread 119 runs on 128 cores: 0-127
INFO (Carpet): Thread 120 runs on 128 cores: 0-127
INFO (Carpet): Thread 121 runs on 128 cores: 0-127
INFO (Carpet): Thread 122 runs on 128 cores: 0-127
INFO (Carpet): Thread 123 runs on 128 cores: 0-127
INFO (Carpet): Thread 124 runs on 128 cores: 0-127
INFO (Carpet): Thread 125 runs on 128 cores: 0-127
INFO (Carpet): Thread 126 runs on 128 cores: 0-127
INFO (Carpet): Thread 127 runs on 128 cores: 0-127
INFO (Carpet): This simulation is running in 3 dimensions
INFO (Carpet): Boundary specification for map 0:
   nboundaryzones: [[3,3,3],[3,3,3]]
   is_internal   : [[0,0,0],[0,0,0]]
   is_staggered  : [[0,0,0],[0,0,0]]
   shiftout      : [[0,0,1],[0,0,0]]
INFO (Carpet): CoordBase domain specification for map 0:
   physical extent: [-256,-256,0] : [256,256,256]   ([512,512,256])
   interior extent: [-254,-254,0] : [254,254,254]   ([508,508,254])
   exterior extent: [-260,-260,-6] : [260,260,260]   ([520,520,266])
   base_spacing   : [2,2,2]
INFO (Carpet): Adapted domain specification for map 0:
   convergence factor: 2
   convergence level : 0
   physical extent   : [-256,-256,0] : [256,256,256]   ([512,512,256])
   interior extent   : [-254,-254,0] : [254,254,254]   ([508,508,254])
   exterior extent   : [-260,-260,-6] : [260,260,260]   ([520,520,266])
   spacing           : [2,2,2]
INFO (Carpet): Base grid specification for map 0:
   number of grid points             : [261,261,134]
   number of coarse grid ghost points: [[3,3,3],[3,3,3]]
INFO (Carpet): Buffer zone counts (excluding ghosts):
   [0]: [[0,0,0],[0,0,0]]
   [1]: [[9,9,9],[9,9,9]]
   [2]: [[9,9,9],[9,9,9]]
   [3]: [[9,9,9],[9,9,9]]
   [4]: [[9,9,9],[9,9,9]]
   [5]: [[9,9,9],[9,9,9]]
   [6]: [[9,9,9],[9,9,9]]
   [7]: [[9,9,9],[9,9,9]]
   [8]: [[9,9,9],[9,9,9]]
   [9]: [[9,9,9],[9,9,9]]
INFO (Carpet): Overlap zone counts:
   [0]: [[0,0,0],[0,0,0]]
   [1]: [[0,0,0],[0,0,0]]
   [2]: [[0,0,0],[0,0,0]]
   [3]: [[0,0,0],[0,0,0]]
   [4]: [[0,0,0],[0,0,0]]
   [5]: [[0,0,0],[0,0,0]]
   [6]: [[0,0,0],[0,0,0]]
   [7]: [[0,0,0],[0,0,0]]
   [8]: [[0,0,0],[0,0,0]]
   [9]: [[0,0,0],[0,0,0]]
INFO (Carpet): Group and variable statistics:
INFO (Carpet):    There are 753 grid functions in 74 groups
INFO (Carpet):    There are 1144 grid scalars in 70 groups
INFO (Carpet):    There are 111 1-dimensional grid arrays in 10 groups
INFO (Carpet):    There are 416 2-dimensional grid arrays in 18 groups
INFO (Carpet):    There are 6 3-dimensional grid arrays in 1 groups
INFO (Carpet):    (The number of variables counts all time levels)
INFO (CarpetIOScalar): Periodic scalar output requested for:
   LEANBSSNMOL::hc
   LEANBSSNMOL::mcx
   LEANBSSNMOL::mcy
   LEANBSSNMOL::mcz
   MAGSCALARBASE::phi1
   MAGSCALARBASE::phi2
   MAGSCALARBASE::Kphi1
   MAGSCALARBASE::Kphi2
   MAGSCALAREVOLVE::gc
INFO (CarpetIOASCII): I/O Method 'IOASCII_0D' registered: 0D AMR output of grid variables to ASCII files
INFO (CarpetIOASCII): Periodic 0D AMR output requested for:
   MAGSCALARANALYSIS::Q_phi
   MAGSCALARANALYSIS::E_phi
   QUASILOCALMEASURES::qlm_time[0]
   QUASILOCALMEASURES::qlm_time[1]
   QUASILOCALMEASURES::qlm_time[2]
   QUASILOCALMEASURES::qlm_time[3]
   QUASILOCALMEASURES::qlm_time[4]
   QUASILOCALMEASURES::qlm_time[5]
   QUASILOCALMEASURES::qlm_equatorial_circumference[0]
   QUASILOCALMEASURES::qlm_equatorial_circumference[1]
   QUASILOCALMEASURES::qlm_equatorial_circumference[2]
   QUASILOCALMEASURES::qlm_equatorial_circumference[3]
   QUASILOCALMEASURES::qlm_equatorial_circumference[4]
   QUASILOCALMEASURES::qlm_equatorial_circumference[5]
   QUASILOCALMEASURES::qlm_polar_circumference_0[0]
   QUASILOCALMEASURES::qlm_polar_circumference_0[1]
   QUASILOCALMEASURES::qlm_polar_circumference_0[2]
   QUASILOCALMEASURES::qlm_polar_circumference_0[3]
   QUASILOCALMEASURES::qlm_polar_circumference_0[4]
WARNING[L1,P1] (Cactus): Attempt to create a directory with an empty or NULL string
WARNING[L1,P1] (CarpetIOHDF5): Problem creating HDF5 output directory ''
   QUASILOCALMEASURES::qlm_polar_circumference_0[5]
   QUASILOCALMEASURES::qlm_polar_circumference_pi_2[0]
   QUASILOCALMEASURES::qlm_polar_circumference_pi_2[1]
   QUASILOCALMEASURES::qlm_polar_circumference_pi_2[2]
   QUASILOCALMEASURES::qlm_polar_circumference_pi_2[3]
   QUASILOCALMEASURES::qlm_polar_circumference_pi_2[4]
   QUASILOCALMEASURES::qlm_polar_circumference_pi_2[5]
   QUASILOCALMEASURES::qlm_area[0]
   QUASILOCALMEASURES::qlm_area[1]
   QUASILOCALMEASURES::qlm_area[2]
   QUASILOCALMEASURES::qlm_area[3]
   QUASILOCALMEASURES::qlm_area[4]
   QUASILOCALMEASURES::qlm_area[5]
   QUASILOCALMEASURES::qlm_irreducible_mass[0]
   QUASILOCALMEASURES::qlm_irreducible_mass[1]
   QUASILOCALMEASURES::qlm_irreducible_mass[2]
   QUASILOCALMEASURES::qlm_irreducible_mass[3]
   QUASILOCALMEASURES::qlm_irreducible_mass[4]
   QUASILOCALMEASURES::qlm_irreducible_mass[5]
   QUASILOCALMEASURES::qlm_radius[0]
   QUASILOCALMEASURES::qlm_radius[1]
   QUASILOCALMEASURES::qlm_radius[2]
   QUASILOCALMEASURES::qlm_radius[3]
   QUASILOCALMEASURES::qlm_radius[4]
   QUASILOCALMEASURES::qlm_radius[5]
   QUASILOCALMEASURES::qlm_spin_guess[0]
   QUASILOCALMEASURES::qlm_spin_guess[1]
   QUASILOCALMEASURES::qlm_spin_guess[2]
   QUASILOCALMEASURES::qlm_spin_guess[3]
   QUASILOCALMEASURES::qlm_spin_guess[4]
   QUASILOCALMEASURES::qlm_spin_guess[5]
   QUASILOCALMEASURES::qlm_mass_guess[0]
   QUASILOCALMEASURES::qlm_mass_guess[1]
   QUASILOCALMEASURES::qlm_mass_guess[2]
   QUASILOCALMEASURES::qlm_mass_guess[3]
   QUASILOCALMEASURES::qlm_mass_guess[4]
   QUASILOCALMEASURES::qlm_mass_guess[5]
   QUASILOCALMEASURES::qlm_killing_eigenvalue_re[0]
   QUASILOCALMEASURES::qlm_killing_eigenvalue_re[1]
   QUASILOCALMEASURES::qlm_killing_eigenvalue_re[2]
   QUASILOCALMEASURES::qlm_killing_eigenvalue_re[3]
   QUASILOCALMEASURES::qlm_killing_eigenvalue_re[4]
   QUASILOCALMEASURES::qlm_killing_eigenvalue_re[5]
   QUASILOCALMEASURES::qlm_killing_eigenvalue_im[0]
   QUASILOCALMEASURES::qlm_killing_eigenvalue_im[1]
   QUASILOCALMEASURES::qlm_killing_eigenvalue_im[2]
   QUASILOCALMEASURES::qlm_killing_eigenvalue_im[3]
   QUASILOCALMEASURES::qlm_killing_eigenvalue_im[4]
   QUASILOCALMEASURES::qlm_killing_eigenvalue_im[5]
   QUASILOCALMEASURES::qlm_spin[0]
   QUASILOCALMEASURES::qlm_spin[1]
   QUASILOCALMEASURES::qlm_spin[2]
   QUASILOCALMEASURES::qlm_spin[3]
   QUASILOCALMEASURES::qlm_spin[4]
   QUASILOCALMEASURES::qlm_spin[5]
   QUASILOCALMEASURES::qlm_npspin[0]
   QUASILOCALMEASURES::qlm_npspin[1]
   QUASILOCALMEASURES::qlm_npspin[2]
   QUASILOCALMEASURES::qlm_npspin[3]
   QUASILOCALMEASURES::qlm_npspin[4]
   QUASILOCALMEASURES::qlm_npspin[5]
   QUASILOCALMEASURES::qlm_wsspin[0]
   QUASILOCALMEASURES::qlm_wsspin[1]
   QUASILOCALMEASURES::qlm_wsspin[2]
   QUASILOCALMEASURES::qlm_wsspin[3]
   QUASILOCALMEASURES::qlm_wsspin[4]
   QUASILOCALMEASURES::qlm_wsspin[5]
   QUASILOCALMEASURES::qlm_cvspin[0]
   QUASILOCALMEASURES::qlm_cvspin[1]
   QUASILOCALMEASURES::qlm_cvspin[2]
   QUASILOCALMEASURES::qlm_cvspin[3]
   QUASILOCALMEASURES::qlm_cvspin[4]
   QUASILOCALMEASURES::qlm_cvspin[5]
   QUASILOCALMEASURES::qlm_coordspinx[0]
   QUASILOCALMEASURES::qlm_coordspinx[1]
   QUASILOCALMEASURES::qlm_coordspinx[2]
   QUASILOCALMEASURES::qlm_coordspinx[3]
   QUASILOCALMEASURES::qlm_coordspinx[4]
   QUASILOCALMEASURES::qlm_coordspinx[5]
   QUASILOCALMEASURES::qlm_coordspiny[0]
   QUASILOCALMEASURES::qlm_coordspiny[1]
   QUASILOCALMEASURES::qlm_coordspiny[2]
   QUASILOCALMEASURES::qlm_coordspiny[3]
   QUASILOCALMEASURES::qlm_coordspiny[4]
   QUASILOCALMEASURES::qlm_coordspiny[5]
   QUASILOCALMEASURES::qlm_coordspinz[0]
   QUASILOCALMEASURES::qlm_coordspinz[1]
   QUASILOCALMEASURES::qlm_coordspinz[2]
   QUASILOCALMEASURES::qlm_coordspinz[3]
   QUASILOCALMEASURES::qlm_coordspinz[4]
   QUASILOCALMEASURES::qlm_coordspinz[5]
   QUASILOCALMEASURES::qlm_mass[0]
   QUASILOCALMEASURES::qlm_mass[1]
   QUASILOCALMEASURES::qlm_mass[2]
   QUASILOCALMEASURES::qlm_mass[3]
   QUASILOCALMEASURES::qlm_mass[4]
   QUASILOCALMEASURES::qlm_mass[5]
   QUASILOCALMEASURES::qlm_adm_energy[0]
   QUASILOCALMEASURES::qlm_adm_energy[1]
   QUASILOCALMEASURES::qlm_adm_energy[2]
   QUASILOCALMEASURES::qlm_adm_energy[3]
   QUASILOCALMEASURES::qlm_adm_energy[4]
   QUASILOCALMEASURES::qlm_adm_energy[5]
   QUASILOCALMEASURES::qlm_adm_momentum_x[0]
   QUASILOCALMEASURES::qlm_adm_momentum_x[1]
   QUASILOCALMEASURES::qlm_adm_momentum_x[2]
   QUASILOCALMEASURES::qlm_adm_momentum_x[3]
   QUASILOCALMEASURES::qlm_adm_momentum_x[4]
   QUASILOCALMEASURES::qlm_adm_momentum_x[5]
   QUASILOCALMEASURES::qlm_adm_momentum_y[0]
   QUASILOCALMEASURES::qlm_adm_momentum_y[1]
   QUASILOCALMEASURES::qlm_adm_momentum_y[2]
   QUASILOCALMEASURES::qlm_adm_momentum_y[3]
   QUASILOCALMEASURES::qlm_adm_momentum_y[4]
   QUASILOCALMEASURES::qlm_adm_momentum_y[5]
   QUASILOCALMEASURES::qlm_adm_momentum_z[0]
   QUASILOCALMEASURES::qlm_adm_momentum_z[1]
   QUASILOCALMEASURES::qlm_adm_momentum_z[2]
   QUASILOCALMEASURES::qlm_adm_momentum_z[3]
   QUASILOCALMEASURES::qlm_adm_momentum_z[4]
   QUASILOCALMEASURES::qlm_adm_momentum_z[5]
   QUASILOCALMEASURES::qlm_adm_angular_momentum_x[0]
   QUASILOCALMEASURES::qlm_adm_angular_momentum_x[1]
   QUASILOCALMEASURES::qlm_adm_angular_momentum_x[2]
   QUASILOCALMEASURES::qlm_adm_angular_momentum_x[3]
   QUASILOCALMEASURES::qlm_adm_angular_momentum_x[4]
   QUASILOCALMEASURES::qlm_adm_angular_momentum_x[5]
   QUASILOCALMEASURES::qlm_adm_angular_momentum_y[0]
   QUASILOCALMEASURES::qlm_adm_angular_momentum_y[1]
   QUASILOCALMEASURES::qlm_adm_angular_momentum_y[2]
   QUASILOCALMEASURES::qlm_adm_angular_momentum_y[3]
   QUASILOCALMEASURES::qlm_adm_angular_momentum_y[4]
   QUASILOCALMEASURES::qlm_adm_angular_momentum_y[5]
   QUASILOCALMEASURES::qlm_adm_angular_momentum_z[0]
   QUASILOCALMEASURES::qlm_adm_angular_momentum_z[1]
   QUASILOCALMEASURES::qlm_adm_angular_momentum_z[2]
   QUASILOCALMEASURES::qlm_adm_angular_momentum_z[3]
   QUASILOCALMEASURES::qlm_adm_angular_momentum_z[4]
   QUASILOCALMEASURES::qlm_adm_angular_momentum_z[5]
   QUASILOCALMEASURES::qlm_w_energy[0]
   QUASILOCALMEASURES::qlm_w_energy[1]
   QUASILOCALMEASURES::qlm_w_energy[2]
   QUASILOCALMEASURES::qlm_w_energy[3]
   QUASILOCALMEASURES::qlm_w_energy[4]
   QUASILOCALMEASURES::qlm_w_energy[5]
   QUASILOCALMEASURES::qlm_w_momentum_x[0]
   QUASILOCALMEASURES::qlm_w_momentum_x[1]
   QUASILOCALMEASURES::qlm_w_momentum_x[2]
   QUASILOCALMEASURES::qlm_w_momentum_x[3]
   QUASILOCALMEASURES::qlm_w_momentum_x[4]
   QUASILOCALMEASURES::qlm_w_momentum_x[5]
   QUASILOCALMEASURES::qlm_w_momentum_y[0]
   QUASILOCALMEASURES::qlm_w_momentum_y[1]
   QUASILOCALMEASURES::qlm_w_momentum_y[2]
   QUASILOCALMEASURES::qlm_w_momentum_y[3]
   QUASILOCALMEASURES::qlm_w_momentum_y[4]
   QUASILOCALMEASURES::qlm_w_momentum_y[5]
   QUASILOCALMEASURES::qlm_w_momentum_z[0]
   QUASILOCALMEASURES::qlm_w_momentum_z[1]
   QUASILOCALMEASURES::qlm_w_momentum_z[2]
   QUASILOCALMEASURES::qlm_w_momentum_z[3]
   QUASILOCALMEASURES::qlm_w_momentum_z[4]
   QUASILOCALMEASURES::qlm_w_momentum_z[5]
   QUASILOCALMEASURES::qlm_w_angular_momentum_x[0]
   QUASILOCALMEASURES::qlm_w_angular_momentum_x[1]
   QUASILOCALMEASURES::qlm_w_angular_momentum_x[2]
   QUASILOCALMEASURES::qlm_w_angular_momentum_x[3]
   QUASILOCALMEASURES::qlm_w_angular_momentum_x[4]
   QUASILOCALMEASURES::qlm_w_angular_momentum_x[5]
   QUASILOCALMEASURES::qlm_w_angular_momentum_y[0]
   QUASILOCALMEASURES::qlm_w_angular_momentum_y[1]
   QUASILOCALMEASURES::qlm_w_angular_momentum_y[2]
   QUASILOCALMEASURES::qlm_w_angular_momentum_y[3]
   QUASILOCALMEASURES::qlm_w_angular_momentum_y[4]
   QUASILOCALMEASURES::qlm_w_angular_momentum_y[5]
   QUASILOCALMEASURES::qlm_w_angular_momentum_z[0]
   QUASILOCALMEASURES::qlm_w_angular_momentum_z[1]
   QUASILOCALMEASURES::qlm_w_angular_momentum_z[2]
   QUASILOCALMEASURES::qlm_w_angular_momentum_z[3]
   QUASILOCALMEASURES::qlm_w_angular_momentum_z[4]
   QUASILOCALMEASURES::qlm_w_angular_momentum_z[5]
   SPHERICALSURFACE::sf_area[0]
   SPHERICALSURFACE::sf_area[1]
   SPHERICALSURFACE::sf_area[2]
   SPHERICALSURFACE::sf_area[3]
   SPHERICALSURFACE::sf_area[4]
   SPHERICALSURFACE::sf_area[5]
   SPHERICALSURFACE::sf_mean_radius[0]
   SPHERICALSURFACE::sf_mean_radius[1]
   SPHERICALSURFACE::sf_mean_radius[2]
   SPHERICALSURFACE::sf_mean_radius[3]
   SPHERICALSURFACE::sf_mean_radius[4]
   SPHERICALSURFACE::sf_mean_radius[5]
   SPHERICALSURFACE::sf_centroid_x[0]
   SPHERICALSURFACE::sf_centroid_x[1]
   SPHERICALSURFACE::sf_centroid_x[2]
   SPHERICALSURFACE::sf_centroid_x[3]
   SPHERICALSURFACE::sf_centroid_x[4]
   SPHERICALSURFACE::sf_centroid_x[5]
   SPHERICALSURFACE::sf_centroid_y[0]
   SPHERICALSURFACE::sf_centroid_y[1]
   SPHERICALSURFACE::sf_centroid_y[2]
   SPHERICALSURFACE::sf_centroid_y[3]
   SPHERICALSURFACE::sf_centroid_y[4]
   SPHERICALSURFACE::sf_centroid_y[5]
   SPHERICALSURFACE::sf_centroid_z[0]
   SPHERICALSURFACE::sf_centroid_z[1]
   SPHERICALSURFACE::sf_centroid_z[2]
   SPHERICALSURFACE::sf_centroid_z[3]
   SPHERICALSURFACE::sf_centroid_z[4]
   SPHERICALSURFACE::sf_centroid_z[5]
   SPHERICALSURFACE::sf_quadrupole_xx[0]
   SPHERICALSURFACE::sf_quadrupole_xx[1]
   SPHERICALSURFACE::sf_quadrupole_xx[2]
   SPHERICALSURFACE::sf_quadrupole_xx[3]
   SPHERICALSURFACE::sf_quadrupole_xx[4]
   SPHERICALSURFACE::sf_quadrupole_xx[5]
   SPHERICALSURFACE::sf_quadrupole_xy[0]
   SPHERICALSURFACE::sf_quadrupole_xy[1]
   SPHERICALSURFACE::sf_quadrupole_xy[2]
   SPHERICALSURFACE::sf_quadrupole_xy[3]
   SPHERICALSURFACE::sf_quadrupole_xy[4]
   SPHERICALSURFACE::sf_quadrupole_xy[5]
   SPHERICALSURFACE::sf_quadrupole_xz[0]
   SPHERICALSURFACE::sf_quadrupole_xz[1]
   SPHERICALSURFACE::sf_quadrupole_xz[2]
   SPHERICALSURFACE::sf_quadrupole_xz[3]
   SPHERICALSURFACE::sf_quadrupole_xz[4]
   SPHERICALSURFACE::sf_quadrupole_xz[5]
   SPHERICALSURFACE::sf_quadrupole_yy[0]
   SPHERICALSURFACE::sf_quadrupole_yy[1]
   SPHERICALSURFACE::sf_quadrupole_yy[2]
   SPHERICALSURFACE::sf_quadrupole_yy[3]
   SPHERICALSURFACE::sf_quadrupole_yy[4]
   SPHERICALSURFACE::sf_quadrupole_yy[5]
   SPHERICALSURFACE::sf_quadrupole_yz[0]
   SPHERICALSURFACE::sf_quadrupole_yz[1]
   SPHERICALSURFACE::sf_quadrupole_yz[2]
   SPHERICALSURFACE::sf_quadrupole_yz[3]
   SPHERICALSURFACE::sf_quadrupole_yz[4]
   SPHERICALSURFACE::sf_quadrupole_yz[5]
   SPHERICALSURFACE::sf_quadrupole_zz[0]
   SPHERICALSURFACE::sf_quadrupole_zz[1]
   SPHERICALSURFACE::sf_quadrupole_zz[2]
   SPHERICALSURFACE::sf_quadrupole_zz[3]
   SPHERICALSURFACE::sf_quadrupole_zz[4]
   SPHERICALSURFACE::sf_quadrupole_zz[5]
   SPHERICALSURFACE::sf_min_radius[0]
   SPHERICALSURFACE::sf_min_radius[1]
   SPHERICALSURFACE::sf_min_radius[2]
   SPHERICALSURFACE::sf_min_radius[3]
   SPHERICALSURFACE::sf_min_radius[4]
   SPHERICALSURFACE::sf_min_radius[5]
   SPHERICALSURFACE::sf_max_radius[0]
   SPHERICALSURFACE::sf_max_radius[1]
   SPHERICALSURFACE::sf_max_radius[2]
   SPHERICALSURFACE::sf_max_radius[3]
   SPHERICALSURFACE::sf_max_radius[4]
   SPHERICALSURFACE::sf_max_radius[5]
   SPHERICALSURFACE::sf_min_x[0]
   SPHERICALSURFACE::sf_min_x[1]
   SPHERICALSURFACE::sf_min_x[2]
   SPHERICALSURFACE::sf_min_x[3]
   SPHERICALSURFACE::sf_min_x[4]
   SPHERICALSURFACE::sf_min_x[5]
   SPHERICALSURFACE::sf_min_y[0]
   SPHERICALSURFACE::sf_min_y[1]
   SPHERICALSURFACE::sf_min_y[2]
   SPHERICALSURFACE::sf_min_y[3]
   SPHERICALSURFACE::sf_min_y[4]
   SPHERICALSURFACE::sf_min_y[5]
   SPHERICALSURFACE::sf_min_z[0]
   SPHERICALSURFACE::sf_min_z[1]
   SPHERICALSURFACE::sf_min_z[2]
   SPHERICALSURFACE::sf_min_z[3]
   SPHERICALSURFACE::sf_min_z[4]
   SPHERICALSURFACE::sf_min_z[5]
   SPHERICALSURFACE::sf_max_x[0]
   SPHERICALSURFACE::sf_max_x[1]
   SPHERICALSURFACE::sf_max_x[2]
   SPHERICALSURFACE::sf_max_x[3]
   SPHERICALSURFACE::sf_max_x[4]
   SPHERICALSURFACE::sf_max_x[5]
   SPHERICALSURFACE::sf_max_y[0]
   SPHERICALSURFACE::sf_max_y[1]
   SPHERICALSURFACE::sf_max_y[2]
   SPHERICALSURFACE::sf_max_y[3]
   SPHERICALSURFACE::sf_max_y[4]
   SPHERICALSURFACE::sf_max_y[5]
   SPHERICALSURFACE::sf_max_z[0]
   SPHERICALSURFACE::sf_max_z[1]
   SPHERICALSURFACE::sf_max_z[2]
   SPHERICALSURFACE::sf_max_z[3]
   SPHERICALSURFACE::sf_max_z[4]
   SPHERICALSURFACE::sf_max_z[5]
INFO (CarpetIOASCII): I/O Method 'IOASCII_1D' registered: 1D AMR output of grid variables to ASCII files
INFO (CarpetIOASCII): Periodic 1D AMR output requested for:
   ADMBASE::alp
   ADMBASE::betax
WARNING[L1,P0] (Cactus): Attempt to create a directory with an empty or NULL string
WARNING[L1,P0] (Cactus): Attempt to create a directory with an empty or NULL string
WARNING[L1,P0] (CarpetIOHDF5): Problem creating HDF5 output directory ''
   ADMBASE::betay
   ADMBASE::betaz
   LEANBSSNMOL::hc
   LEANBSSNMOL::mcx
   LEANBSSNMOL::mcy
   LEANBSSNMOL::mcz
   MAGSCALARANALYSIS::rho_phi
   MAGSCALARANALYSIS::rho_e
   MAGSCALARBASE::Ex
   MAGSCALARBASE::Ey
   MAGSCALARBASE::Ez
   MAGSCALARBASE::Ax
   MAGSCALARBASE::Ay
   MAGSCALARBASE::Az
   MAGSCALARBASE::Aphi
   MAGSCALARBASE::phi1
   MAGSCALARBASE::phi2
   MAGSCALARBASE::Kphi1
   MAGSCALARBASE::Kphi2
   MAGSCALAREVOLVE::gc
INFO (CarpetIOASCII): I/O Method 'IOASCII_2D' registered: 2D AMR output of grid variables to ASCII files
INFO (CarpetIOASCII): I/O Method 'IOASCII_3D' registered: 3D AMR output of grid variables to ASCII files
INFO (CarpetIOHDF5): I/O Method 'IOHDF5' registered: AMR output of grid variables to HDF5 files
INFO (CarpetIOHDF5): I/O Method 'IOHDF5_0D' registered: 0D AMR output of grid variables to HDF5 files
INFO (CarpetIOHDF5): I/O Method 'IOHDF5_1D' registered: 1D AMR output of grid variables to HDF5 files
INFO (CarpetIOHDF5): I/O Method 'IOHDF5_2D' registered: 2D AMR output of grid variables to HDF5 files
INFO (CarpetIOHDF5): Periodic 2D AMR output requested for:
   MAGSCALARANALYSIS::rho_phi
   MAGSCALARANALYSIS::rho_e
   SPACEMASK::space_mask
INFO (CarpetIOHDF5): I/O Method 'IOHDF5_3D' registered: 3D AMR output of grid variables to HDF5 files
INFO (MoL): Using Runge-Kutta 4 as the time integrator.
INFO (SymBase): Symmetry on lower z-face: reflection_symmetry
INFO (MoL): The maximum number of evolved variables is 1864. 37 are registered.
INFO (MoL): The maximum number of slow evolved variables is 1864. 0 are registered.
INFO (MoL): The maximum number of constrained variables is 1864. 12 are registered.
INFO (MoL): The maximum number of SandR variables is 1864. 0 are registered.
INFO (MoL): The maximum number of evolved array variables is 1864. 0 are registered.
INFO (MoL): The maximum number of constrained array variables is 1864. 0 are registered.
INFO (MoL): The maximum number of SandR array variables is 1864. 0 are registered.
INFO (MoL): The maximum size of any array variables is 0.
INFO (Vectors): Testing vectorisation... [errors may result in segfaults]
INFO (Vectors): 101/101 tests passed 
INFO (CarpetRegrid2): Enforcing grid structure properties, iteration 0
INFO (CarpetRegrid2): Enforcing grid structure properties, iteration 1
INFO (CarpetRegrid2): Enforcing grid structure properties, iteration 0
INFO (CarpetRegrid2): Enforcing grid structure properties, iteration 1
INFO (CarpetRegrid2): Enforcing grid structure properties, iteration 0
INFO (CarpetRegrid2): Enforcing grid structure properties, iteration 1
INFO (CarpetRegrid2): Enforcing grid structure properties, iteration 0
INFO (CarpetRegrid2): Enforcing grid structure properties, iteration 1
INFO (CarpetRegrid2): Enforcing grid structure properties, iteration 0
INFO (CarpetRegrid2): Enforcing grid structure properties, iteration 1
INFO (CarpetRegrid2): Enforcing grid structure properties, iteration 0
INFO (CarpetRegrid2): Enforcing grid structure properties, iteration 1
INFO (CarpetRegrid2): Enforcing grid structure properties, iteration 0
INFO (CarpetRegrid2): Enforcing grid structure properties, iteration 1
INFO (CarpetRegrid2): Enforcing grid structure properties, iteration 0
INFO (CarpetRegrid2): Enforcing grid structure properties, iteration 1
INFO (CarpetRegrid2): Enforcing grid structure properties, iteration 0
INFO (CarpetRegrid2): Enforcing grid structure properties, iteration 1
INFO (Carpet): Grid structure (superregions, grid points):
   [0][0][0]   exterior: [0,0,0] : [260,260,133]   ([261,261,134] + PADDING) 9128214
   [1][0][0]   exterior: [123,123,3] : [397,397,143]   ([275,275,141] + PADDING) 10663125
   [2][0][0]   exterior: [383,383,9] : [657,657,149]   ([275,275,141] + PADDING) 10663125
   [3][0][0]   exterior: [903,903,21] : [1177,1177,161]   ([275,275,141] + PADDING) 10663125
   [4][0][0]   exterior: [1943,1943,45] : [2217,2217,185]   ([275,275,141] + PADDING) 10663125
   [5][0][0]   exterior: [4023,4023,93] : [4297,4297,233]   ([275,275,141] + PADDING) 10663125
   [6][0][0]   exterior: [8183,8183,189] : [8457,8457,329]   ([275,275,141] + PADDING) 10663125
   [7][0][0]   exterior: [16503,16503,381] : [16777,16777,521]   ([275,275,141] + PADDING) 10663125
   [8][0][0]   exterior: [33143,33143,765] : [33417,33417,905]   ([275,275,141] + PADDING) 10663125
   [9][0][0]   exterior: [66423,66423,1533] : [66697,66697,1673]   ([275,275,141] + PADDING) 10663125
INFO (Carpet): Grid structure (superregions, coordinates):
   [0][0][0]   exterior: [-260,-260,-6] : [260,260,260] : [2,2,2]
   [1][0][0]   exterior: [-137,-137,-3] : [137,137,137] : [1,1,1]
   [2][0][0]   exterior: [-68.5,-68.5,-1.5] : [68.5,68.5,68.5] : [0.5,0.5,0.5]
   [3][0][0]   exterior: [-34.25,-34.25,-0.75] : [34.25,34.25,34.25] : [0.25,0.25,0.25]
   [4][0][0]   exterior: [-17.125,-17.125,-0.375] : [17.125,17.125,17.125] : [0.125,0.125,0.125]
   [5][0][0]   exterior: [-8.5625,-8.5625,-0.1875] : [8.5625,8.5625,8.5625] : [0.0625,0.0625,0.0625]
   [6][0][0]   exterior: [-4.28125,-4.28125,-0.09375] : [4.28125,4.28125,4.28125] : [0.03125,0.03125,0.03125]
   [7][0][0]   exterior: [-2.140625,-2.140625,-0.046875] : [2.140625,2.140625,2.140625] : [0.015625,0.015625,0.015625]
   [8][0][0]   exterior: [-1.0703125,-1.0703125,-0.0234375] : [1.0703125,1.0703125,1.0703125] : [0.0078125,0.0078125,0.0078125]
   [9][0][0]   exterior: [-0.53515625,-0.53515625,-0.01171875] : [0.53515625,0.53515625,0.53515625] : [0.00390625,0.00390625,0.00390625]
INFO (Carpet): Global grid structure statistics:
INFO (Carpet): GF: rhs: 8520k active, 10434k owned (+22%), 11611k total (+11%), 1.02e+03 steps/time
INFO (Carpet): GF: vars: 284, pts: 24142M active, 29039M owned (+20%), 32335M total (+11%), 1.0 comp/proc
INFO (Carpet): GA: vars: 1658, pts: 7M active, 7M total (+0%)
INFO (Carpet): Total required memory: 257.845 GByte (for GAs and currently active GFs)
INFO (Carpet): Load balance:  min     avg     max     sdv     max/avg-1
INFO (Carpet): Level  0:    1177M   1182M   1187M      5M owned      0%
INFO (Carpet): Level  1:    1477M   1482M   1487M      5M owned      0%
INFO (Carpet): Level  2:    1477M   1482M   1487M      5M owned      0%
INFO (Carpet): Level  3:    1477M   1482M   1487M      5M owned      0%
INFO (Carpet): Level  4:    1477M   1482M   1487M      5M owned      0%
INFO (Carpet): Level  5:    1477M   1482M   1487M      5M owned      0%
INFO (Carpet): Level  6:    1477M   1482M   1487M      5M owned      0%
INFO (Carpet): Level  7:    1477M   1482M   1487M      5M owned      0%
INFO (Carpet): Level  8:    1477M   1482M   1487M      5M owned      0%
INFO (Carpet): Level  9:    1477M   1482M   1487M      5M owned      0%
INFO (CartGrid3D): Grid Spacings:
INFO (CartGrid3D): dx=>2.0000000e+00  dy=>2.0000000e+00  dz=>2.0000000e+00
INFO (CartGrid3D): Computational Coordinates:
INFO (CartGrid3D): x=>[-260.000,260.000]  y=>[-260.000,260.000]  z=>[-6.000,260.000]
INFO (CartGrid3D): Indices of Physical Coordinates:
INFO (CartGrid3D): x=>[0,260]  y=>[0,260]  z=>[0,133]
INFO (AHFinderDirect): setting up AHFinderDirect data structures
INFO (AHFinderDirect):            to search for 6 horizons on 2 processors
INFO (AHFinderDirect):       constructing full sphere patch system
INFO (AHFinderDirect):                    at origin (0,0,0)
INFO (AHFinderDirect):                    with 18 angular zones per right angle
INFO (AHFinderDirect):       ==> 2166 nominal, 3174 ghosted angular grid points
INFO (AHFinderDirect):       constructing full sphere patch system
INFO (AHFinderDirect):                    at origin (0,0,0)
INFO (AHFinderDirect):                    with 18 angular zones per right angle
INFO (AHFinderDirect):       ==> 2166 nominal, 3174 ghosted angular grid points
INFO (AHFinderDirect):       constructing full sphere patch system
INFO (AHFinderDirect):                    at origin (0,0,0)
INFO (AHFinderDirect):                    with 18 angular zones per right angle
INFO (AHFinderDirect):       ==> 2166 nominal, 3174 ghosted angular grid points
INFO (AHFinderDirect):       constructing full sphere patch system
INFO (AHFinderDirect):                    at origin (0,0,0)
INFO (AHFinderDirect):                    with 18 angular zones per right angle
INFO (AHFinderDirect):       ==> 2166 nominal, 3174 ghosted angular grid points
INFO (AHFinderDirect):       constructing full sphere patch system
INFO (AHFinderDirect):                    at origin (0,0,0)
INFO (AHFinderDirect):                    with 18 angular zones per right angle
INFO (AHFinderDirect):       ==> 2166 nominal, 3174 ghosted angular grid points
INFO (AHFinderDirect):       constructing full sphere patch system
INFO (AHFinderDirect):                    at origin (0,0,0)
INFO (AHFinderDirect):                    with 18 angular zones per right angle
INFO (AHFinderDirect):       ==> 2166 nominal, 3174 ghosted angular grid points
INFO (TerminationTrigger): Reminding you every 0 minutes about remaining walltime
INFO (Time): Timestep set to 0.8 (courant_static)
INFO (MagScalarInit): Step size in input file, h=0.00166667
INFO (QuasiLocalMeasures): Initialising Quasi-Local Measure calculations
INFO (TerminationTrigger): Reminding you every 0 minutes about remaining walltime
INFO (Time): Timestep set to 0.4 (courant_static)
INFO (MagScalarInit): Step size in input file, h=0.00166667
INFO (TerminationTrigger): Reminding you every 0 minutes about remaining walltime
INFO (Time): Timestep set to 0.2 (courant_static)
INFO (MagScalarInit): Step size in input file, h=0.00166667
INFO (TerminationTrigger): Reminding you every 0 minutes about remaining walltime
INFO (Time): Timestep set to 0.1 (courant_static)
INFO (MagScalarInit): Step size in input file, h=0.00166667
INFO (TerminationTrigger): Reminding you every 0 minutes about remaining walltime
INFO (Time): Timestep set to 0.05 (courant_static)
INFO (MagScalarInit): Step size in input file, h=0.00166667
INFO (TerminationTrigger): Reminding you every 0 minutes about remaining walltime
INFO (Time): Timestep set to 0.025 (courant_static)
INFO (MagScalarInit): Step size in input file, h=0.00166667
INFO (TerminationTrigger): Reminding you every 0 minutes about remaining walltime
INFO (Time): Timestep set to 0.0125 (courant_static)
INFO (MagScalarInit): Step size in input file, h=0.00166667
INFO (TerminationTrigger): Reminding you every 0 minutes about remaining walltime
INFO (Time): Timestep set to 0.00625 (courant_static)
INFO (MagScalarInit): Step size in input file, h=0.00166667
INFO (TerminationTrigger): Reminding you every 0 minutes about remaining walltime
INFO (Time): Timestep set to 0.003125 (courant_static)
INFO (MagScalarInit): Step size in input file, h=0.00166667
INFO (TerminationTrigger): Reminding you every 0 minutes about remaining walltime
INFO (Time): Timestep set to 0.0015625 (courant_static)
INFO (MagScalarInit): Step size in input file, h=0.00166667
INFO (AHFinderDirect): proc 0: searching for horizons 1,3,5/6
INFO (AHFinderDirect): AH 2/6: r=24.3597 at (-0.001000,0.000000,-0.000000)
INFO (AHFinderDirect): AH 2/6: area=11311.9707 m_irreducible=15.00148348
INFO (AHFinderDirect): AH 1/6: r=0.300001 at (-0.001000,0.000000,-0.000000)
INFO (AHFinderDirect): AH 1/6: area=401.1075716 m_irreducible=2.82485072
INFO (AHFinderDirect): AH 4/6: r=94.3752 at (-0.000998,0.000000,0.000000)
INFO (AHFinderDirect): AH 4/6: area=125705.6262 m_irreducible=50.00833903
INFO (AHFinderDirect): AH 3/6: r=74.3602 at (-0.001000,0.000000,-0.000000)
INFO (AHFinderDirect): AH 3/6: area=80428.40192 m_irreducible=40.00090269
INFO (AHFinderDirect): AH 6/6: r=234.362 at (-0.001000,0.000000,0.000001)
INFO (AHFinderDirect): AH 6/6: area=723840.5949 m_irreducible=120.0014628
INFO (AHFinderDirect): AH 5/6: r=174.364 at (-0.001000,-0.000000,0.000000)
INFO (AHFinderDirect): AH 5/6: area=407173.9878 m_irreducible=90.00260611
INFO (QuasiLocalMeasures): Calculating quasi-local quantities for surface    0
INFO (QuasiLocalMeasures): Importing from spherical surface    0
INFO (QuasiLocalMeasures): Geometric quantities for surface    0:
INFO (QuasiLocalMeasures):    Area A:                            401.107
INFO (QuasiLocalMeasures):    Irreducible mass M = R/2:          2.82485
INFO (QuasiLocalMeasures):    Areal radius R = sqrt(A/4pi):      5.64970
INFO (QuasiLocalMeasures): Coordinate-dependent quantities for surface    0:
INFO (QuasiLocalMeasures):    Equatorial circumference:             35.4981
INFO (QuasiLocalMeasures):    Polar circumference at phi=0:         35.4227
INFO (QuasiLocalMeasures):    Polar circumference at phi=pi/2:      35.4917
INFO (QuasiLocalMeasures):    Spin guess J from distortion:        0.666441E-02
INFO (QuasiLocalMeasures):    Mass guess M from distortion:         2.82485
INFO (QuasiLocalMeasures): Isolated Horizon quantities for surface    0:
INFO (QuasiLocalMeasures):    Killing vector field eigenvalue norm:      1.00000
INFO (QuasiLocalMeasures):    Spin J:                                    0.00000
INFO (QuasiLocalMeasures):    Kerr spin parameter a = J/M:               0.00000
INFO (QuasiLocalMeasures):    Dimensionless spin parameter a = J/M^2:    0.00000
INFO (QuasiLocalMeasures):    Spin J from NP:                          -0.112850E-16
INFO (QuasiLocalMeasures):    Spin J from phi-coordinate-vector:         0.00000
INFO (QuasiLocalMeasures):    Mass M:                                    2.82485
INFO (QuasiLocalMeasures): Global quantities for surface    0:
INFO (QuasiLocalMeasures):    ADM energy:                 -1002.13
INFO (QuasiLocalMeasures):    ADM momentum x:              0.00000
INFO (QuasiLocalMeasures):    ADM momentum y:              0.00000
INFO (QuasiLocalMeasures):    ADM momentum z:              0.00000
INFO (QuasiLocalMeasures):    ADM angular momentum x:      0.00000
INFO (QuasiLocalMeasures):    ADM angular momentum y:      0.00000
INFO (QuasiLocalMeasures):    ADM angular momentum z:      0.00000
INFO (QuasiLocalMeasures):    Weinberg energy:                  2003.70
INFO (QuasiLocalMeasures):    Weinberg momentum x:              0.00000
INFO (QuasiLocalMeasures):    Weinberg momentum y:              0.00000
INFO (QuasiLocalMeasures):    Weinberg momentum z:              0.00000
INFO (QuasiLocalMeasures):    Weinberg angular momentum x:      0.00000
INFO (QuasiLocalMeasures):    Weinberg angular momentum y:      0.00000
INFO (QuasiLocalMeasures):    Weinberg angular momentum z:      0.00000
INFO (QuasiLocalMeasures): Calculating quasi-local quantities for surface    2
INFO (QuasiLocalMeasures): Importing from spherical surface    2
INFO (QuasiLocalMeasures): Geometric quantities for surface    2:
INFO (QuasiLocalMeasures):    Area A:                            80428.3
INFO (QuasiLocalMeasures):    Irreducible mass M = R/2:          40.0009
INFO (QuasiLocalMeasures):    Areal radius R = sqrt(A/4pi):      80.0017
INFO (QuasiLocalMeasures): Coordinate-dependent quantities for surface    2:
INFO (QuasiLocalMeasures):    Equatorial circumference:             502.666
INFO (QuasiLocalMeasures):    Polar circumference at phi=0:         502.661
INFO (QuasiLocalMeasures):    Polar circumference at phi=pi/2:      502.665
INFO (QuasiLocalMeasures):    Spin guess J from distortion:         1.33768
INFO (QuasiLocalMeasures):    Mass guess M from distortion:         40.0009
INFO (QuasiLocalMeasures): Isolated Horizon quantities for surface    2:
INFO (QuasiLocalMeasures):    Killing vector field eigenvalue norm:      1.00000
INFO (QuasiLocalMeasures):    Spin J:                                    0.00000
INFO (QuasiLocalMeasures):    Kerr spin parameter a = J/M:               0.00000
INFO (QuasiLocalMeasures):    Dimensionless spin parameter a = J/M^2:    0.00000
INFO (QuasiLocalMeasures):    Spin J from NP:                          -0.188756E-14
INFO (QuasiLocalMeasures):    Spin J from phi-coordinate-vector:         0.00000
INFO (QuasiLocalMeasures):    Mass M:                                    40.0009
INFO (QuasiLocalMeasures): Global quantities for surface    2:
INFO (QuasiLocalMeasures):    ADM energy:                  4.04772
INFO (QuasiLocalMeasures):    ADM momentum x:              0.00000
INFO (QuasiLocalMeasures):    ADM momentum y:              0.00000
INFO (QuasiLocalMeasures):    ADM momentum z:              0.00000
INFO (QuasiLocalMeasures):    ADM angular momentum x:      0.00000
INFO (QuasiLocalMeasures):    ADM angular momentum y:      0.00000
INFO (QuasiLocalMeasures):    ADM angular momentum z:      0.00000
INFO (QuasiLocalMeasures):    Weinberg energy:                  6.53112
INFO (QuasiLocalMeasures):    Weinberg momentum x:              0.00000
INFO (QuasiLocalMeasures):    Weinberg momentum y:              0.00000
INFO (QuasiLocalMeasures):    Weinberg momentum z:              0.00000
INFO (QuasiLocalMeasures):    Weinberg angular momentum x:      0.00000
INFO (QuasiLocalMeasures):    Weinberg angular momentum y:      0.00000
INFO (QuasiLocalMeasures):    Weinberg angular momentum z:      0.00000
INFO (QuasiLocalMeasures): Calculating quasi-local quantities for surface    4
INFO (QuasiLocalMeasures): Importing from spherical surface    4
INFO (QuasiLocalMeasures): Geometric quantities for surface    4:
INFO (QuasiLocalMeasures):    Area A:                            407173.
INFO (QuasiLocalMeasures):    Irreducible mass M = R/2:          90.0025
INFO (QuasiLocalMeasures):    Areal radius R = sqrt(A/4pi):      180.005
INFO (QuasiLocalMeasures): Coordinate-dependent quantities for surface    4:
INFO (QuasiLocalMeasures):    Equatorial circumference:             1131.01
INFO (QuasiLocalMeasures):    Polar circumference at phi=0:         1131.00
INFO (QuasiLocalMeasures):    Polar circumference at phi=pi/2:      1131.00
INFO (QuasiLocalMeasures):    Spin guess J from distortion:         6.77950
INFO (QuasiLocalMeasures):    Mass guess M from distortion:         90.0025
INFO (QuasiLocalMeasures): Isolated Horizon quantities for surface    4:
INFO (QuasiLocalMeasures):    Killing vector field eigenvalue norm:      1.00000
INFO (QuasiLocalMeasures):    Spin J:                                    0.00000
INFO (QuasiLocalMeasures):    Kerr spin parameter a = J/M:               0.00000
INFO (QuasiLocalMeasures):    Dimensionless spin parameter a = J/M^2:    0.00000
INFO (QuasiLocalMeasures):    Spin J from NP:                          -0.204531E-13
INFO (QuasiLocalMeasures):    Spin J from phi-coordinate-vector:         0.00000
INFO (QuasiLocalMeasures):    Mass M:                                    90.0025
INFO (QuasiLocalMeasures): Global quantities for surface    4:
INFO (QuasiLocalMeasures):    ADM energy:                  4.93547
INFO (QuasiLocalMeasures):    ADM momentum x:              0.00000
INFO (QuasiLocalMeasures):    ADM momentum y:              0.00000
INFO (QuasiLocalMeasures):    ADM momentum z:              0.00000
INFO (QuasiLocalMeasures):    ADM angular momentum x:      0.00000
INFO (QuasiLocalMeasures):    ADM angular momentum y:      0.00000
INFO (QuasiLocalMeasures):    ADM angular momentum z:      0.00000
INFO (QuasiLocalMeasures):    Weinberg energy:                  6.01252
INFO (QuasiLocalMeasures):    Weinberg momentum x:              0.00000
INFO (QuasiLocalMeasures):    Weinberg momentum y:              0.00000
INFO (QuasiLocalMeasures):    Weinberg momentum z:              0.00000
INFO (QuasiLocalMeasures):    Weinberg angular momentum x:      0.00000
INFO (QuasiLocalMeasures):    Weinberg angular momentum y:      0.00000
INFO (QuasiLocalMeasures):    Weinberg angular momentum z:      0.00000
------------------------------------------------------------------------------------
Iteration      Time | *me_per_hour |     LEANBSSNMOL::conf_fac | *TISTICS::maxrss_mb
                    |              |      minimum      maximum |   minimum   maximum
------------------------------------------------------------------------------------
        0     0.000 |    0.0000000 |    0.0530945    0.9874377 |    122188    122485
INFO (Carpet): Terminating due to cctk_final_time at t = 0.000000
INFO (TimerReport): Timer Report before terminating at iteration 0 time 0
INFO (TimerReport): Top timers at iteration 0 time 0
======================================================================
    %    Time/s   Min/s   Max/s   Timer (gettimeofday)
======================================================================
100.0   863.276 863.268 863.284   main/Initialise
100.0   863.194 863.193 863.195   meta mode/meta mode/global mode
 47.6   411.131 411.088 411.174   main/Initialise/CallAnalysis
 45.0   388.517 388.121 388.912   main/Initialise/CallAnalysis/CCTK_ANALYSIS
 45.0   388.422 388.101 388.743   main/Initialise/CallAnalysis/CCTK_ANALYSIS/CallFunction
 40.1   346.068 338.416 353.719   main/Initialise/CallAnalysis/CCTK_ANALYSIS/CallFunction/thorns
 29.4   254.209 246.039 262.378   [0167] LeanBSSNMoL: LeanBSSN_bssn_constraints in CCTK_ANALYSIS
 29.4   254.207 246.037 262.376   main/Initialise/CallAnalysis/CCTK_ANALYSIS/CallFunction/thorns/LeanBSSN_bssn_constraints
 25.2   217.515 217.367 217.663   main/Initialise/CallRestrict
 19.9   171.629 171.518 171.740   main/Initialise/CallInitial
 13.1   112.885 109.256 116.515   main/Initialise/CallRestrict/CCTK_POSTRESTRICTINITIAL
 13.1   112.879 109.249 116.510   main/Initialise/CallRestrict/CCTK_POSTRESTRICTINITIAL/CallFunction
 12.7   109.635 109.608 109.662   main/Initialise/CallInitial/CCTK_POSTINITIAL
 12.7   109.623 109.595 109.651   main/Initialise/CallInitial/CCTK_POSTINITIAL/CallFunction
 12.0   103.427 100.541 106.313   main/Initialise/CallRestrict/CCTK_POSTRESTRICTINITIAL/CallFunction/syncs
 11.1    95.671  91.215 100.127   meta mode/meta mode/global mode/level(5)
 10.8    93.251  90.603  95.898   main/Initialise/CallInitial/CCTK_POSTINITIAL/CallFunction/thorns
 10.5    90.887  87.752  94.023   main/Initialise/CallRestrict/CCTK_POSTRESTRICTINITIAL/CallFunction/syncs/Prolongate
 10.5    90.727  86.294  95.160   meta mode/meta mode/global mode/level(6)
 10.2    87.752  87.146  88.359   meta mode/meta mode/global mode/level(3)
 10.1    87.270  87.203  87.337   meta mode/meta mode/global mode/level(4)
 10.0    86.533  86.225  86.840   main/Initialise/CallRestrict/Restrict
  9.9    85.794  83.042  88.546   [0127] NPScalars_MagScalar: NPMagScalar_calcPsiGF in CCTK_POSTINITIAL
  9.9    85.790  83.036  88.545   main/Initialise/CallInitial/CCTK_POSTINITIAL/CallFunction/thorns/NPMagScalar_calcPsiGF
  9.8    84.936  84.114  85.758   meta mode/meta mode/global mode/level(8)
  9.4    81.315  81.001  81.629   meta mode/meta mode/global mode/level(2)
  9.3    80.351  80.325  80.378   [0180] NPScalars_MagScalar: NPMagScalar_calcPsiGF in CCTK_ANALYSIS
  9.3    80.350  80.323  80.377   main/Initialise/CallAnalysis/CCTK_ANALYSIS/CallFunction/thorns/NPMagScalar_calcPsiGF
  9.3    80.315  80.259  80.372   meta mode/meta mode/global mode/level(7)
  9.1    78.154  77.672  78.636   meta mode/meta mode/global mode/level(9)
  8.7    74.890  74.698  75.083   meta mode/meta mode/global mode/level(1)
  8.2    71.001  67.387  74.614   main/Initialise/CallRestrict/Restrict/comm_state[5].state_do_some_work.user
  7.3    62.946  62.935  62.958   main/Initialise/CallPostInitial
  7.3    62.941  62.931  62.951   main/Initialise/CallPostInitial/CCTK_POSTSTEP
  7.3    62.935  62.928  62.942   main/Initialise/CallPostInitial/CCTK_POSTSTEP/CallFunction
  7.3    62.654  62.549  62.759   main/Initialise/CallPostInitial/CCTK_POSTSTEP/CallFunction/thorns
  6.5    56.543  55.602  57.483   meta mode/meta mode/global mode/level(0)
  5.5    47.904  39.685  56.122   main/Initialise/CallRestrict/CCTK_POSTRESTRICTINITIAL/CallFunction/syncs/Prolongate/comm_state[5].state_do_some_work.user
  5.4    46.711  43.449  49.972   [0131] LeanBSSNMoL: LeanBSSN_Boundaries in CCTK_POSTRESTRICTINITIAL
  4.9    42.335  34.364  50.305   main/Initialise/CallAnalysis/CCTK_ANALYSIS/CallFunction/syncs
======================================================================
==================================================================================================================================================================================================
Thorn           | Scheduled routine in time bin           | gettimeofday [secs] | getrusage [secs] | cycle [secs] | cycle[avg] [secs] | cycle[sdv] [secs] | cycle[min] [secs] | cycle[max] [secs] 
==================================================================================================================================================================================================
Carpet          | Multi-model Startup routine             |          0.04428300 |       2.55463100 |   0.00000000 |        0.00000000 |        0.00000000 |        0.00000000 |        0.00000000 
CycleClock      | Set up CycleClock                       |          0.10075800 |       0.34713900 |   0.00001834 |        0.00001834 |        0.00000000 |        0.00001834 |        0.00001834 
LoopControl     | Set up LoopControl                      |          0.00034900 |       0.00002100 |   0.00034869 |        0.00034869 |        0.00000000 |        0.00034869 |        0.00034869 
Timers          | Prepare hierarchical timers             |          0.00002200 |       0.00001900 |   0.00002178 |        0.00002178 |        0.00000000 |        0.00002178 |        0.00002178 
Carpet          | Startup routine                         |          0.00000600 |       0.00000500 |   0.00000594 |        0.00000594 |        0.00000000 |        0.00000594 |        0.00000594 
IOUtil          | Startup routine                         |          0.00029200 |       0.00002200 |   0.00029219 |        0.00029219 |        0.00000000 |        0.00029219 |        0.00029219 
CarpetIOScalar  | Startup routine                         |          0.00027400 |       0.00002900 |   0.00027459 |        0.00027459 |        0.00000000 |        0.00027459 |        0.00027459 
CarpetInterp    | Startup routine                         |          0.00000600 |       0.00000500 |   0.00000582 |        0.00000582 |        0.00000000 |        0.00000582 |        0.00000582 
CarpetReduce    | Startup routine                         |          0.00003100 |       0.00002800 |   0.00003162 |        0.00003162 |        0.00000000 |        0.00003162 |        0.00003162 
CartGrid3D      | Register GH Extension for GridSymmetry  |          0.00000500 |       0.00000400 |   0.00000422 |        0.00000422 |        0.00000000 |        0.00000422 |        0.00000422 
CoordBase       | Register a GH extension to store the coo|          0.00000400 |       0.00000300 |   0.00000414 |        0.00000414 |        0.00000000 |        0.00000414 |        0.00000414 
AEILocalInterp  | register CCTK_InterpLocalUniform() inter|          0.00000600 |       0.00000600 |   0.00000636 |        0.00000636 |        0.00000000 |        0.00000636 |        0.00000636 
CarpetIOASCII   | Startup routine                         |          0.00155100 |       0.00011100 |   0.00155101 |        0.00155101 |        0.00000000 |        0.00155101 |        0.00155101 
LeanBSSNMoL     | Register slicing                        |          0.00051400 |       0.00002200 |   0.00051507 |        0.00051507 |        0.00000000 |        0.00051507 |        0.00051507 
LocalInterp     | register LocalInterp's interpolation ope|          0.00000400 |       0.00000300 |   0.00000419 |        0.00000419 |        0.00000000 |        0.00000419 |        0.00000419 
CarpetIOBasic   | Startup routine                         |          0.00000900 |       0.00000800 |   0.00000898 |        0.00000898 |        0.00000000 |        0.00000898 |        0.00000898 
MagScalarEvolve | Register the masks for excision         |          0.00000900 |       0.00000900 |   0.00000907 |        0.00000907 |        0.00000000 |        0.00000907 |        0.00000907 
MoL             | Startup banner                          |          0.00026000 |       0.00001900 |   0.00026097 |        0.00026097 |        0.00000000 |        0.00026097 |        0.00026097 
SymBase         | Register GH Extension for SymBase       |          0.00000600 |       0.00000500 |   0.00000597 |        0.00000597 |        0.00000000 |        0.00000597 |        0.00000597 
TerminationTrigg| Start signal handler                    |          0.00032300 |       0.00004100 |   0.00032436 |        0.00032436 |        0.00000000 |        0.00032436 |        0.00032436 
CarpetIOHDF5    | Startup routine                         |          0.00134700 |       0.00009800 |   0.00134735 |        0.00134735 |        0.00000000 |        0.00134735 |        0.00134735 
Vectors         | Print startup message                   |          0.00000700 |       0.00000600 |   0.00000669 |        0.00000669 |        0.00000000 |        0.00000669 |        0.00000669 
hwloc           | Output hwloc version                    |          0.00000900 |       0.00000800 |   0.00000898 |        0.00000898 |        0.00000000 |        0.00000898 |        0.00000898 
--------------------------------------------------------------------------------------------------------------------------------------------------------------------------------------------------
                | Total time for CCTK_STARTUP             |          0.15007500 |       2.90224200 |   0.00505632 |        0.00505632 |        0.00000000 |        0.00505632 |        0.00505632 
==================================================================================================================================================================================================
ADMBase         | Set up GF symmetries                    |          0.00146400 |       0.00000000 |   0.00146319 |        0.00146319 |        0.00000000 |        0.00146319 |        0.00146319 
Boundary        | Register boundary conditions that this t|          0.00003500 |       0.00000000 |   0.00003442 |        0.00003442 |        0.00000000 |        0.00003442 |        0.00003442 
CarpetRegrid2   | Initialise locations of refined regions |          0.00004500 |       0.00000000 |   0.00004493 |        0.00004493 |        0.00000000 |        0.00004493 |        0.00004493 
CartGrid3D      | Register coordinates for the Cartesian g|          0.00014200 |       0.00000000 |   0.00014179 |        0.00014179 |        0.00000000 |        0.00014179 |        0.00014179 
CoordGauge      | Initialize slicing, setup priorities for|          0.00003400 |       0.00000000 |   0.00003396 |        0.00003396 |        0.00000000 |        0.00003396 |        0.00003396 
CoordGauge      | Identify the slicing for the next iterat|          0.00002800 |       0.00000000 |   0.00002740 |        0.00002740 |        0.00000000 |        0.00002740 |        0.00002740 
MoL             | Set up the MoL bookkeeping index arrays |          0.00006000 |       0.00000000 |   0.00006036 |        0.00006036 |        0.00000000 |        0.00006036 |        0.00006036 
MoL             | Set the flag so it is ok to register wit|          0.00027000 |       0.00000000 |   0.00027049 |        0.00027049 |        0.00000000 |        0.00027049 |        0.00027049 
TmunuBase       | Set the stress_energy_state variable    |          0.00033200 |       0.00000000 |   0.00033195 |        0.00033195 |        0.00000000 |        0.00033195 |        0.00033195 
LeanBSSNMoL     | Register variables for MoL              |          0.00066500 |       0.00000000 |   0.00066410 |        0.00066410 |        0.00000000 |        0.00066410 |        0.00066410 
MagScalarEvolve | Register variables for MoL              |          0.00036900 |       0.00000000 |   0.00036840 |        0.00036840 |        0.00000000 |        0.00036840 |        0.00036840 
SpaceMask       | Set grid symmetries for mask            |          0.00003000 |       0.00000000 |   0.00002950 |        0.00002950 |        0.00000000 |        0.00002950 |        0.00002950 
SpaceMask       | Set grid symmetries for emask (compatibi|          0.00002800 |       0.00000000 |   0.00002794 |        0.00002794 |        0.00000000 |        0.00002794 |        0.00002794 
CartGrid3D      | Register symmetry boundaries            |          0.00012300 |       0.00000000 |   0.00012361 |        0.00012361 |        0.00000000 |        0.00012361 |        0.00012361 
ReflectionSymmet| Register reflection symmetry boundaries |          0.00003500 |       0.00000000 |   0.00003560 |        0.00003560 |        0.00000000 |        0.00003560 |        0.00003560 
SymBase         | Print symmetry boundary face description|          0.00002800 |       0.00000000 |   0.00002872 |        0.00002872 |        0.00000000 |        0.00002872 |        0.00002872 
MoL             | Report how many of each type of variable|          0.00012100 |       0.00000000 |   0.00012013 |        0.00012013 |        0.00000000 |        0.00012013 |        0.00012013 
--------------------------------------------------------------------------------------------------------------------------------------------------------------------------------------------------
                | Total time for CCTK_WRAGH               |          0.00380900 |       0.00000000 |   0.00380647 |        0.00380647 |        0.00000000 |        0.00380647 |        0.00380647 
==================================================================================================================================================================================================
ADMBase         | Check consistency of parameters         |          0.00003200 |       0.00000000 |   0.00003127 |        0.00003127 |        0.00000000 |        0.00003127 |        0.00003127 
Boundary        | Check dimension of grid variables       |          0.00002700 |       0.00000000 |   0.00002646 |        0.00002646 |        0.00000000 |        0.00002646 |        0.00002646 
Carpet          | Parameter checking routine              |          0.00007200 |       0.00000000 |   0.00007253 |        0.00007253 |        0.00000000 |        0.00007253 |        0.00007253 
CarpetLib       | Test prolongation operators             |          0.00175300 |       0.00000000 |   0.00175298 |        0.00175298 |        0.00000000 |        0.00175298 |        0.00175298 
CarpetMask      | Check parameters                        |          0.00003100 |       0.00001800 |   0.00003069 |        0.00003069 |        0.00000000 |        0.00003069 |        0.00003069 
CarpetRegrid2   | Check parameters                        |          0.00004200 |       0.00004100 |   0.00004187 |        0.00004187 |        0.00000000 |        0.00004187 |        0.00004187 
CartGrid3D      | Check coordinates for CartGrid3D        |          0.00002900 |       0.00002800 |   0.00002820 |        0.00002820 |        0.00000000 |        0.00002820 |        0.00002820 
Dissipation     | Check dissipation parameters for consist|          0.00003000 |       0.00002900 |   0.00002997 |        0.00002997 |        0.00000000 |        0.00002997 |        0.00002997 
Fortran         | Test whether Fortran parameters work cor|          0.00003100 |       0.00003100 |   0.00003091 |        0.00003091 |        0.00000000 |        0.00003091 |        0.00003091 
LeanBSSNMoL     | Check Lean parameters for consistency   |          0.00003000 |       0.00002900 |   0.00002987 |        0.00002987 |        0.00000000 |        0.00002987 |        0.00002987 
MoL             | Basic parameter checking                |          0.00003200 |       0.00003100 |   0.00003133 |        0.00003133 |        0.00000000 |        0.00003133 |        0.00003133 
Multipole       | Check Multipole parameters              |          0.00003400 |       0.00003300 |   0.00003350 |        0.00003350 |        0.00000000 |        0.00003350 |        0.00003350 
NPScalars       | Check NPScalars parameters for consisten|          0.00002800 |       0.00002700 |   0.00002818 |        0.00002818 |        0.00000000 |        0.00002818 |        0.00002818 
QuasiLocalMeasur| Check quasi-local parameter settings    |          0.00157100 |       0.00109800 |   0.00157001 |        0.00157001 |        0.00000000 |        0.00157001 |        0.00157001 
SphericalSurface| Check that all surface names are unique |          0.00002800 |       0.00002800 |   0.00002791 |        0.00002791 |        0.00000000 |        0.00002791 |        0.00002791 
TerminationTrigg| Check consitency of parameters          |          0.00002800 |       0.00002700 |   0.00002724 |        0.00002724 |        0.00000000 |        0.00002724 |        0.00002724 
TmunuBase       | Check that no deprecated parameters are |          0.00002700 |       0.00002600 |   0.00002681 |        0.00002681 |        0.00000000 |        0.00002681 |        0.00002681 
Vectors         | Run correctness tests.                  |          0.00006600 |       0.00006500 |   0.00006636 |        0.00006636 |        0.00000000 |        0.00006636 |        0.00006636 
--------------------------------------------------------------------------------------------------------------------------------------------------------------------------------------------------
                | Total time for CCTK_PARAMCHECK          |          0.00389100 |       0.00151100 |   0.00388605 |        0.00388605 |        0.00000000 |        0.00388605 |        0.00388605 
==================================================================================================================================================================================================
ADMBase         | Set the shift_state variable to 1       |          0.01015000 |       0.00119200 |   0.01014505 |        0.00101450 |        0.00428236 |        0.00009488 |        0.00333437 
ADMBase         | Set the dtlapse_state variable to 1     |          0.00070200 |       0.00058800 |   0.00070078 |        0.00007008 |        0.00000717 |        0.00006726 |        0.00007327 
ADMBase         | Set the dtshift_state variable to 1     |          0.00068000 |       0.00061900 |   0.00068158 |        0.00006816 |        0.00000608 |        0.00006601 |        0.00007260 
ADMMacros       | Initialize the local_spatial_order      |          0.00160700 |       0.00058700 |   0.00160912 |        0.00016091 |        0.00046053 |        0.00006643 |        0.00045731 
CartGrid3D      | Set up ranges for spatial 3D Cartesian c|          0.00299300 |       0.00081600 |   0.00299287 |        0.00029929 |        0.00089601 |        0.00006728 |        0.00071386 
CartGrid3D      | Set up spatial 3D Cartesian coordinates |          1.20893500 |       0.91282400 |   1.20885764 |        0.12088576 |        0.04403819 |        0.08798843 |        0.13498711 
SphericalSurface| Set surface resolution automatically    |          0.00121000 |       0.00117700 |   0.00120971 |        0.00012097 |        0.00102878 |        0.00001157 |        0.00109695 
AHFinderDirect  | setup data structures                   |          0.01089800 |       0.00875200 |   0.01089527 |        0.00108953 |        0.01023460 |        0.00001015 |        0.01079892 
Dissipation     | Ensure that there are enough ghost zones|          0.09013900 |       0.02097500 |   0.09013159 |        0.00901316 |        0.00915081 |        0.00415590 |        0.01311356 
LeanBSSNMoL     | Register symmetries of the BSSN grid fun|          0.00093600 |       0.00046100 |   0.00093658 |        0.00009366 |        0.00077764 |        0.00001153 |        0.00083139 
LeanBSSNMoL     | Set all rhs functions to zero to prevent|          1.76370200 |       0.24095500 |   1.76358405 |        0.17635841 |        0.18183547 |        0.08093063 |        0.26392202 
MagScalarBase   | Register symmetries of the grid function|          0.00113000 |       0.00032000 |   0.00113021 |        0.00011302 |        0.00069114 |        0.00001152 |        0.00070320 
MagScalarEvolve | Schedule symmetries                     |          0.00063300 |       0.00059400 |   0.00063148 |        0.00006315 |        0.00049323 |        0.00001067 |        0.00053106 
MagScalarEvolve | set all rhs functions to zero to prevent|          1.32937400 |       0.21639000 |   1.32928516 |        0.13292852 |        0.13204815 |        0.06170276 |        0.18819092 
NPScalars       | Set symmetries for grid functions       |          0.00054000 |       0.00051000 |   0.00053851 |        0.00005385 |        0.00039600 |        0.00001168 |        0.00042953 
NPScalars_MagSca| Set symmetries for grid functions       |          0.00032000 |       0.00029500 |   0.00031832 |        0.00003183 |        0.00020094 |        0.00001039 |        0.00022246 
NaNChecker      | Reset the NaNChecker::NaNsFound counter |          0.00015800 |       0.00013600 |   0.00015638 |        0.00001564 |        0.00004663 |        0.00001060 |        0.00005988 
SpaceMask       | Initialise mask to zero                 |          0.07536000 |       0.03713200 |   0.07535656 |        0.00753566 |        0.00444821 |        0.00470285 |        0.00884552 
SpaceMask       | Set old style mask to one               |          0.08670300 |       0.01483700 |   0.08669868 |        0.00866987 |        0.00837778 |        0.00409588 |        0.01142952 
SphericalSurface| Calculate surface coordinate descriptors|          0.00018900 |       0.00014200 |   0.00018872 |        0.00001887 |        0.00006569 |        0.00001160 |        0.00008118 
CarpetReduce    | Allocate the weight function            |          0.00076300 |       0.00013700 |   0.00076291 |        0.00007629 |        0.00062255 |        0.00001033 |        0.00066689 
CarpetReduce    | Initialise the weight function          |          0.16485800 |      10.06188900 |   0.16484431 |        0.01648443 |        0.15628616 |        0.00001010 |        0.16475050 
CarpetReduce    | Set up the outer boundaries of the weigh|          0.03099300 |       3.94903600 |   0.03098970 |        0.00309897 |        0.02929669 |        0.00001053 |        0.03089225 
CarpetReduce    | Set up the weight function for the restr|          0.05484400 |       6.85335000 |   0.05484116 |        0.00548412 |        0.05192772 |        0.00001014 |        0.05474708 
CarpetMask      | Set up the weight function for the exclu|          0.00096800 |       0.00093700 |   0.00096588 |        0.00009659 |        0.00081505 |        0.00001041 |        0.00086981 
CarpetMask      | Set up the weight function for the exclu|          0.00097000 |       0.12743100 |   0.00096767 |        0.00009677 |        0.00081993 |        0.00001014 |        0.00087462 
CarpetReduce    | Set the weight function                 |          0.25230000 |       4.97847500 |   0.25228347 |        0.02522835 |        0.23923837 |        0.00001013 |        0.25218979 
CarpetReduce    | Test the weight function                |          0.11964400 |       0.81561600 |   0.11963464 |        0.01196346 |        0.11339663 |        0.00001009 |        0.11954096 
SphericalSurface| Set surface radii to be used for initial|          0.00016500 |       0.00010900 |   0.00016028 |        0.00001603 |        0.00005263 |        0.00001019 |        0.00006596 
SphericalSurface| Test the state of the spherical surfaces|          0.00014900 |       0.00010000 |   0.00014814 |        0.00001481 |        0.00003979 |        0.00001038 |        0.00005256 
SymBase         | Check whether the driver set up the grid|          0.00773600 |       0.00136200 |   0.00773583 |        0.00077358 |        0.00278614 |        0.00012529 |        0.00239756 
TerminationTrigg| Clear trigger state                     |          0.00182500 |       0.00061900 |   0.00183201 |        0.00018320 |        0.00055732 |        0.00006780 |        0.00054304 
TerminationTrigg| Start timer                             |          0.00989800 |       0.00131700 |   0.00990003 |        0.00099000 |        0.00354946 |        0.00008045 |        0.00267134 
TerminationTrigg| Create termination file                 |          0.01757900 |       0.00275100 |   0.01757608 |        0.00175761 |        0.00150291 |        0.00086308 |        0.00253224 
Time            | Initialise Time variables               |          0.00016700 |       0.00009700 |   0.00016527 |        0.00001653 |        0.00005443 |        0.00001054 |        0.00006816 
Time            | Set timestep based on Courant condition |          0.00339100 |       0.00038600 |   0.00338982 |        0.00033898 |        0.00095072 |        0.00004480 |        0.00078491 
--------------------------------------------------------------------------------------------------------------------------------------------------------------------------------------------------
                | Total time for CCTK_BASEGRID            |          5.25260900 |      28.25291400 |   5.25224544 |        0.52522454 |        1.00138192 |        0.24533239 |        1.27354231 
==================================================================================================================================================================================================
StaticConformal | Set the conformal_state variable to 0   |          0.00174900 |       0.00044500 |   0.00174690 |        0.00017469 |        0.00048678 |        0.00007125 |        0.00043864 
MagScalarInit   | Initial data for a static scalar cloud s|         34.67818500 |      32.01147100 |  34.67588036 |        3.46758804 |        1.13259553 |        2.54259319 |        4.04813130 
ADMBase         | Set the shift to 0 at all points        |          0.77405400 |       0.12252100 |   0.77400015 |        0.07740001 |        0.08465831 |        0.03424058 |        0.11626018 
ADMBase         | Set the dtlapse to 0 at all points      |          0.26231800 |       0.02889400 |   0.26230055 |        0.02623005 |        0.02969073 |        0.01140591 |        0.03899800 
ADMBase         | Set the dtshift to 0 at all points      |          0.76544600 |       0.10438900 |   0.76540048 |        0.07654005 |        0.08078372 |        0.03447706 |        0.10831744 
CarpetIOASCII   | Initialisation routine                  |          0.00022300 |       0.00015000 |   0.00022324 |        0.00002232 |        0.00009739 |        0.00001164 |        0.00011471 
CarpetIOBasic   | Initialisation routine                  |          0.00014900 |       0.00010100 |   0.00014830 |        0.00001483 |        0.00003990 |        0.00001025 |        0.00005268 
CarpetIOHDF5    | Initialisation routine                  |          0.00015100 |       0.00010000 |   0.00014890 |        0.00001489 |        0.00004056 |        0.00001037 |        0.00005337 
CarpetIOScalar  | Initialisation routine                  |          0.00014600 |       0.00009900 |   0.00014686 |        0.00001469 |        0.00003947 |        0.00001045 |        0.00005213 
LeanBSSNMoL     | Convert initial data into BSSN variables|          0.77159800 |      51.67858800 |   0.77155254 |        0.07715525 |        0.06234522 |        0.05426280 |        0.12668680 
LeanBSSNMoL     | Boundary enforcement                    |          2.41583500 |     167.57773500 |   2.41567840 |        0.24156784 |        1.18791375 |        0.00710442 |        1.31413256 
MoL             | Initialise the step size control        |          0.01020400 |       1.29783000 |   0.01020074 |        0.00102007 |        0.00506025 |        0.00002631 |        0.00460413 
PunctureTracker | Calculate initial location of punctures |          0.00015500 |       0.00015600 |   0.00015639 |        0.00001564 |        0.00004814 |        0.00001042 |        0.00006131 
QuasiLocalMeasur| Initialise quasi-local calculations     |          0.00286400 |       0.49621300 |   0.00288582 |        0.00028858 |        0.00260296 |        0.00001025 |        0.00275777 
Boundary        | Apply all requested local physical bound|          0.01024000 |       0.91400400 |   0.01023836 |        0.00102384 |        0.00455680 |        0.00012613 |        0.00371714 
CartGrid3D      | Apply symmetry boundary conditions      |          0.00490800 |       0.02946000 |   0.00490669 |        0.00049067 |        0.00207040 |        0.00007079 |        0.00171015 
ReflectionSymmet| Apply reflection symmetries             |          0.22143600 |      25.91850300 |   0.22142194 |        0.02214219 |        0.16890108 |        0.00170413 |        0.18221878 
Boundary        | Unselect all grid variables for boundary|          0.00026700 |       0.00025800 |   0.00026730 |        0.00002673 |        0.00000374 |        0.00002578 |        0.00003001 
--------------------------------------------------------------------------------------------------------------------------------------------------------------------------------------------------
                | Total time for CCTK_INITIAL             |         39.91992800 |     280.18091700 |  39.91730392 |        3.99173039 |        2.76193471 |        2.68617172 |        5.94833708 
==================================================================================================================================================================================================
CarpetIOHDF5    | Close all filereader input files        |          0.00019400 |       0.00017700 |   0.00019158 |        0.00001916 |        0.00007706 |        0.00001063 |        0.00009226 
MagScalarEvolve | Compute BSSN like quantities after gener|          0.26840400 |      20.78555100 |   0.26839671 |        0.02683967 |        0.00992760 |        0.01995127 |        0.03070242 
LeanBSSNMoL     | Remove trace of A                       |          0.15660000 |      15.21900500 |   0.15658857 |        0.01565886 |        0.01946753 |        0.00735677 |        0.02597332 
LeanBSSNMoL     | Make sure conformal factor does not drop|          0.07858500 |       9.41150400 |   0.07857663 |        0.00785766 |        0.01847902 |        0.00059362 |        0.01311955 
LeanBSSNMoL     | MoL boundary enforcement                |          6.68242300 |     712.94095700 |   6.68199697 |        0.66819970 |        2.91244938 |        0.05252171 |        3.23766443 
Boundary        | Apply all requested local physical bound|          0.02863200 |       2.66003800 |   0.02863113 |        0.00057262 |        0.01172158 |        0.00012883 |        0.01142433 
CartGrid3D      | Apply symmetry boundary conditions      |          0.00373500 |       0.33424900 |   0.00377200 |        0.00007544 |        0.00008433 |        0.00006852 |        0.00012766 
ReflectionSymmet| Apply reflection symmetries             |          0.09463700 |      11.40892200 |   0.09461966 |        0.00189239 |        0.01878137 |        0.00025811 |        0.01781693 
Boundary        | Unselect all grid variables for boundary|          0.00140200 |       0.22591400 |   0.00140061 |        0.00002801 |        0.00005637 |        0.00002510 |        0.00007122 
LeanBSSNMoL     | Convert variables back to the ADM ones  |          1.60931700 |       9.48901200 |   1.60921626 |        0.16092163 |        0.11266202 |        0.12071088 |        0.25861690 
MagScalarEvolve | MoL boundary enforcement for MagScalar v|          0.68984800 |      68.55004000 |   0.68980392 |        0.06898039 |        0.05401020 |        0.05380822 |        0.10363643 
TmunuBase       | Initialise the stress-energy tensor to z|          0.84385000 |       8.38166200 |   0.84379121 |        0.08437912 |        0.08021057 |        0.03893666 |        0.10701925 
MagScalarEvolve | Compute the energy-momentum tensor      |          1.10642000 |      97.99443800 |   1.10636779 |        0.11063678 |        0.02827992 |        0.09155353 |        0.11957610 
NPScalars       | calculate Psi4 as grid function         |          3.17266600 |     284.33846600 |   3.17247951 |        0.15862398 |        0.06715193 |        0.11637106 |        0.18186623 
NPScalars       | Symmetry boundary conditions            |          3.88764300 |      99.52878500 |   3.88737565 |        0.19436878 |        0.69039960 |        0.00709685 |        0.38532540 
NPScalars_MagSca| calculate grid functions                |         88.54637600 |      95.41322700 |  88.54055451 |        8.85405545 |        2.71731376 |        6.97350518 |       10.10924123 
NPScalars_MagSca| Symmetry boundary conditions            |          2.48328200 |     168.35320200 |   2.48311331 |        0.24831133 |        1.22902320 |        0.03452327 |        1.38104041 
--------------------------------------------------------------------------------------------------------------------------------------------------------------------------------------------------
                | Total time for CCTK_POSTINITIAL         |        109.65401400 |    1605.03514900 | 109.64687600 |       10.60142097 |        7.97009547 |        7.51742020 |       15.98331408 
==================================================================================================================================================================================================
LeanBSSNMoL     | Remove trace of A                       |          1.63397600 |       9.65857700 |   1.63386627 |        0.16338663 |        0.19147202 |        0.08481182 |        0.28254477 
LeanBSSNMoL     | Make sure conformal factor does not drop|          0.21411300 |      13.85276000 |   0.21408967 |        0.02140897 |        0.01675457 |        0.01451094 |        0.03053676 
LeanBSSNMoL     | MoL boundary enforcement                |         49.97229800 |    4022.03913700 |  49.96912323 |        4.99691232 |        8.83583641 |        0.50432738 |       12.28054129 
Boundary        | Apply all requested local physical bound|          0.02381200 |       1.77371300 |   0.02377517 |        0.00059438 |        0.01450894 |        0.00013995 |        0.01466343 
CartGrid3D      | Apply symmetry boundary conditions      |          0.00303700 |       0.04525900 |   0.00304375 |        0.00007609 |        0.00008707 |        0.00006987 |        0.00013481 
ReflectionSymmet| Apply reflection symmetries             |          3.12250800 |     380.43677200 |   3.12232628 |        0.07805816 |        0.48931767 |        0.00023890 |        0.25265561 
Boundary        | Unselect all grid variables for boundary|          0.00122700 |       0.00191500 |   0.00120819 |        0.00003020 |        0.00004026 |        0.00002582 |        0.00006613 
LeanBSSNMoL     | Convert variables back to the ADM ones  |          3.59254400 |       9.41057500 |   3.59231775 |        0.35923177 |        0.96815746 |        0.14506924 |        1.21605843 
MagScalarEvolve | MoL boundary enforcement for MagScalar v|         30.23239400 |    1946.90736600 |  30.23048269 |        3.02304827 |        3.87013903 |        0.23209114 |        4.36589803 
TmunuBase       | Initialise the stress-energy tensor to z|          0.95684200 |       8.08321000 |   0.95678046 |        0.09567805 |        0.18277788 |        0.03615422 |        0.22164372 
MagScalarEvolve | Compute the energy-momentum tensor      |          0.64884300 |      62.90485700 |   0.64880224 |        0.06488022 |        0.05824312 |        0.04042595 |        0.09915486 
NPScalars       | Symmetry boundary conditions            |          4.73520200 |     318.39953300 |   4.73490444 |        0.47349044 |        0.34633112 |        0.33912365 |        0.63056325 
NPScalars_MagSca| Symmetry boundary conditions            |         21.37563500 |    1604.13497100 |  21.37428178 |        2.13742818 |        2.47521730 |        0.17678679 |        3.08341163 
--------------------------------------------------------------------------------------------------------------------------------------------------------------------------------------------------
                | Total time for CCTK_POSTRESTRICTINITIAL |        116.51243100 |    8377.64864500 | 116.50500192 |       11.41422369 |       17.44888287 |        1.57377566 |       22.47787273 
==================================================================================================================================================================================================
CarpetIOHDF5    | Initial data checkpoint routine         |          0.00244000 |       0.27144800 |   0.00243733 |        0.00024373 |        0.00219057 |        0.00001165 |        0.00232189 
--------------------------------------------------------------------------------------------------------------------------------------------------------------------------------------------------
                | Total time for CCTK_CPINITIAL           |          0.00244000 |       0.27144800 |   0.00243733 |        0.00024373 |        0.00219057 |        0.00001165 |        0.00232189 
==================================================================================================================================================================================================
AHFinderDirect  | import the excision mask                |          0.20155600 |       0.06436500 |   0.20154265 |        0.02015426 |        0.19109923 |        0.00001051 |        0.20144691 
AHFinderDirect  | find apparent horizon(s) after this time|         37.51873900 |     383.43100400 |  37.51635808 |        3.75163581 |       35.59104093 |        0.00001045 |       37.51626190 
AHFinderDirect  | store apparent horizon(s) into spherical|          0.00828800 |       0.00594300 |   0.00828344 |        0.00082834 |        0.00775155 |        0.00001105 |        0.00818211 
AHFinderDirect  | save apparent horizon(s) into Cactus var|          0.00021400 |       0.00021100 |   0.00021407 |        0.00002141 |        0.00009868 |        0.00001074 |        0.00011502 
AHFinderDirect  | set mask(s) based on apparent horizon po|          2.44064200 |       8.13918200 |   2.44048957 |        0.24404896 |        1.84648978 |        0.01054773 |        1.97828812 
SphericalSurface| Set surface radii                       |          0.00020400 |       0.00019300 |   0.00020189 |        0.00002019 |        0.00008412 |        0.00001108 |        0.00009999 
SphericalSurface| Test the state of the spherical surfaces|          0.00015000 |       0.00014100 |   0.00014837 |        0.00001484 |        0.00004369 |        0.00001006 |        0.00005629 
NaNChecker      | Prepare data structures to check for NaN|          0.00078600 |       0.00037700 |   0.00077532 |        0.00007753 |        0.00046034 |        0.00002756 |        0.00051424 
NaNChecker      | Check for NaNs                          |         14.34674300 |    1495.51329500 |  14.34583425 |        1.43458342 |        1.35550336 |        1.02609033 |        2.67389132 
NaNChecker      | Count NaNs in NaNChecker::NaNsFound     |          1.38247200 |       5.20160200 |   1.38238233 |        0.13823823 |        1.06634619 |        0.00005189 |        1.14244299 
NaNChecker      | Output NaNChecker::NaNmask and take acti|          0.00056500 |       0.00055200 |   0.00056382 |        0.00005638 |        0.00043245 |        0.00001044 |        0.00046664 
PunctureTracker | Copy puncture positions to spherical sur|          0.00454800 |       0.62704700 |   0.00454771 |        0.00045477 |        0.00421373 |        0.00001049 |        0.00445226 
SpaceMask       | Ensure that all mask values are legal   |          0.05709000 |       2.63501300 |   0.05708732 |        0.00570873 |        0.00608978 |        0.00469169 |        0.01141507 
Dissipation     | Setup spatially varying dissipation     |          0.41951500 |      18.77403400 |   0.41952005 |        0.04195200 |        0.17274003 |        0.00955000 |        0.20499252 
CarpetReduce    | Allocate the weight function            |          0.00440600 |       0.59981700 |   0.00440353 |        0.00044035 |        0.00406175 |        0.00001082 |        0.00429366 
CarpetReduce    | Initialise the weight function          |          0.90876100 |      66.85418500 |   0.90870084 |        0.09087008 |        0.86196400 |        0.00000986 |        0.90860093 
CarpetReduce    | Set up the outer boundaries of the weigh|          0.26849200 |      33.14761800 |   0.26847251 |        0.02684725 |        0.25459522 |        0.00001029 |        0.26837749 
CarpetReduce    | Set up the weight function for the restr|          0.05640000 |       6.79007800 |   0.05639503 |        0.00563950 |        0.05340048 |        0.00001003 |        0.05629965 
CarpetMask      | Set up the weight function for the exclu|          0.00231300 |       0.25276400 |   0.00231311 |        0.00023131 |        0.00209545 |        0.00001002 |        0.00221923 
CarpetMask      | Set up the weight function for the exclu|          3.35367700 |      57.46597700 |   3.35346399 |        0.33534640 |        3.18127694 |        0.00000998 |        3.35337070 
CarpetReduce    | Set the weight function                 |          1.82017900 |      66.57225200 |   1.82006366 |        0.18200637 |        1.72656422 |        0.00001034 |        1.81996901 
CarpetReduce    | Test the weight function                |          0.14840000 |       0.84550400 |   0.14838738 |        0.01483874 |        0.14067228 |        0.00001036 |        0.14829218 
--------------------------------------------------------------------------------------------------------------------------------------------------------------------------------------------------
                | Total time for CCTK_POSTSTEP            |         62.94414000 |    2146.92115400 |  62.94014894 |        6.29401489 |       46.46702422 |        1.05112570 |       50.30404825 
==================================================================================================================================================================================================
CarpetLib       | Print timing statistics if desired      |          0.00016700 |       0.00096200 |   0.00016601 |        0.00001660 |        0.00004989 |        0.00001055 |        0.00006379 
CarpetLib       | Print memory statistics if desired      |          0.00015200 |       0.00014300 |   0.00015179 |        0.00001518 |        0.00004562 |        0.00001021 |        0.00005846 
LeanBSSNMoL     | Compute constraints                     |        246.03943100 |   25924.75833000 | 246.02350898 |       24.60235090 |        7.81982444 |       17.21063207 |       25.71081213 
LeanBSSNMoL     | Enforce symmetry BCs in constraint compu|         22.96489400 |     842.87390800 |  22.96341243 |        2.29634124 |        2.20076940 |        1.14355345 |        4.05784141 
Boundary        | Apply all requested local physical bound|          0.12181100 |       2.98875200 |   0.12173420 |        0.00304335 |        0.07930404 |        0.00013456 |        0.07935112 
CartGrid3D      | Apply symmetry boundary conditions      |          0.00984800 |       0.16556200 |   0.00984912 |        0.00024623 |        0.00429147 |        0.00006906 |        0.00392024 
ReflectionSymmet| Apply reflection symmetries             |          2.03926800 |     233.42651100 |   2.03916871 |        0.05097922 |        0.25085967 |        0.00082202 |        0.12153916 
Boundary        | Unselect all grid variables for boundary|          0.00126300 |       0.01814800 |   0.00123418 |        0.00003085 |        0.00008316 |        0.00002558 |        0.00011098 
LoopControl     | Output LoopControl statistics           |          0.00410300 |       0.39234900 |   0.00410193 |        0.00041019 |        0.00378272 |        0.00001058 |        0.00399880 
MagScalarAnalysi| Compute analysis quantities             |          0.84958500 |      24.33812900 |   0.84953567 |        0.08495357 |        0.04190392 |        0.06489516 |        0.10047473 
MagScalarAnalysi| Enforce BCs                             |          6.66524200 |     666.81901800 |   6.66481685 |        0.66648169 |        0.63153881 |        0.07249791 |        0.78450217 
MagScalarAnalysi| Compute volume integrals of analysis qua|          0.24505100 |       0.98215500 |   0.24503450 |        0.02450345 |        0.23234643 |        0.00001046 |        0.24492662 
MagScalarEvolve | Calculate constraints                   |          0.70572600 |      18.82394000 |   0.70567939 |        0.07056794 |        0.08779803 |        0.03847706 |        0.12002364 
MagScalarEvolve | Enforce symmetry BCs in constraint compu|          2.10811200 |     229.09543900 |   2.10799514 |        0.21079951 |        0.20943478 |        0.02425382 |        0.29616754 
Multipole       | Calculate Multipoles                    |          6.77823700 |     518.21083400 |   6.77780537 |        0.67778054 |        6.42988944 |        0.00001047 |        6.77770925 
NPScalars_MagSca| calculate grid functions                |         80.37818500 |      85.01655200 |  80.37300926 |        8.03730093 |        1.83697002 |        6.30999345 |        8.32664962 
NPScalars_MagSca| Symmetry boundary conditions            |         18.60345900 |    2101.56656200 |  18.60225295 |        1.86022530 |        2.16511391 |        0.02264766 |        2.20959087 
QuasiLocalMeasur| Calculate quasi-local quantities        |          1.16814700 |      11.89140500 |   1.16807379 |        1.16807379 |        0.00000000 |        1.16807379 |        1.16807379 
SystemStatistics| Collect system statistics               |          0.00218700 |       0.00029300 |   0.00198140 |        0.00019814 |        0.00177640 |        0.00001038 |        0.00188338 
TerminationTrigg| Check elapsed job walltime              |          0.00426900 |       0.54173200 |   0.00426803 |        0.00042680 |        0.00201350 |        0.00007010 |        0.00220659 
TerminationTrigg| Check if we received a termination signa|          0.00071100 |       0.00062800 |   0.00071016 |        0.00007102 |        0.00001049 |        0.00006722 |        0.00007927 
TerminationTrigg| Check termination file                  |          0.05616700 |       2.49233500 |   0.05616262 |        0.00561626 |        0.02936561 |        0.00044052 |        0.03302860 
TimerReport     | Print the timer report                  |          0.00016700 |       0.00015800 |   0.00016785 |        0.00001678 |        0.00005757 |        0.00001057 |        0.00007139 
--------------------------------------------------------------------------------------------------------------------------------------------------------------------------------------------------
                | Total time for CCTK_ANALYSIS            |        388.74618200 |   30664.40384500 | 388.72082034 |       39.76044948 |       22.02722929 |       26.05672661 |       50.04308356 
==================================================================================================================================================================================================
CarpetIOHDF5    | Termination checkpoint routine          |          0.00024300 |       0.00022100 |   0.00024258 |        0.00002426 |        0.00012372 |        0.00001041 |        0.00014145 
LoopControl     | Output LoopControl statistics           |          0.00025200 |       0.00022600 |   0.00025310 |        0.00002531 |        0.00014164 |        0.00001012 |        0.00015968 
MoL             | Free the MoL bookkeeping index arrays   |          0.00097200 |       0.00537700 |   0.00097108 |        0.00009711 |        0.00005293 |        0.00008213 |        0.00014462 
TimerReport     | Print the timer report                  |          0.02501700 |       0.02566100 |   0.02501613 |        0.00250161 |        0.02363378 |        0.00001030 |        0.02492259 
--------------------------------------------------------------------------------------------------------------------------------------------------------------------------------------------------
                | Total time for CCTK_TERMINATE           |          0.02648400 |       0.03148500 |   0.02648290 |        0.00264829 |        0.02395207 |        0.00011296 |        0.02536834 
==================================================================================================================================================================================================
Timers          | Prepare hierarchical timers             |          0.00019000 |       0.00016200 |   0.00018942 |        0.00018942 |        0.00000000 |        0.00018942 |        0.00018942 
--------------------------------------------------------------------------------------------------------------------------------------------------------------------------------------------------
                | Total time for CCTK_SHUTDOWN            |          0.00019000 |       0.00016200 |   0.00018942 |        0.00018942 |        0.00000000 |        0.00018942 |        0.00018942 
==================================================================================================================================================================================================
--------------------------------------------------------------------------------------------------------------------------------------------------------------------------------------------------
                | Total time for simulation               |        863.31296600 |   46273.17409900 | 863.25732227 |      863.25732227 |        0.00000000 |      863.25732227 |      863.25732227 
==================================================================================================================================================================================================
--------------------------------------------------------------------------------
Done.
