--------------------------------------------------------------------------------

       10                                  
  1   0101       ************************  
  01  1010 10      The Cactus Code V4.16.0    
 1010 1101 011      www.cactuscode.org     
  1001 100101    ************************  
    00010101                               
     100011     (c) Copyright The Authors  
      0100      GNU Licensed. No Warranty  
      0101                                 
--------------------------------------------------------------------------------

Cactus version:    4.16.0
Compile date:      May 29 2025 (10:42:03)
Run date:          May 29 2025 (15:00:15+0100)
Run host:          gravitino (pid=1152)
Working directory: /home/undercover/instability-qhairy/simulations/Q-hairy-BH/output-0000
Executable:        /home/undercover/projects/cactus/exe/cactus_base
Parameter file:    cloud-stat.par
--------------------------------------------------------------------------------

Activating thorn Cactus...Success -> active implementation Cactus
Activation requested for 
--->ADMBase ADMMacros AHFinderDirect AEILocalInterp Boundary Carpet CarpetInterp CarpetLib CarpetMask CarpetReduce CarpetRegrid2 CarpetSlab CarpetTracker CartGrid3D CoordBase CoordGauge Dissipation GenericFD InitBase LeanBSSNMoL LocalInterp LoopControl MoL Multipole NaNChecker NewRad PunctureTracker ReflectionSymmetry SpaceMask SphericalSurface StaticConformal SymBase Time TmunuBase Fortran GSL HDF5 MagScalarBase MagScalarInit MagScalarEvolve NPScalars_Proca QuasiLocalMeasures SystemStatistics TerminationTrigger TimerReport CarpetIOASCII CarpetIOBasic CarpetIOHDF5 CarpetIOScalar IOUtil<---
Thorn Carpet requests automatic activation of MPI
Thorn Carpet requests automatic activation of Timers
Thorn CarpetLib requests automatic activation of Vectors
Thorn CarpetLib requests automatic activation of Boost
Thorn CarpetLib requests automatic activation of CycleClock
Thorn HDF5 requests automatic activation of zlib
Thorn LoopControl requests automatic activation of hwloc
Thorn QuasiLocalMeasures requests automatic activation of LAPACK
Thorn QuasiLocalMeasures requests automatic activation of TGRtensor
Thorn LAPACK requests automatic activation of BLAS
Activating thorn ADMBase...Success -> active implementation ADMBase
Activating thorn ADMMacros...Success -> active implementation ADMMacros
Activating thorn AEILocalInterp...Success -> active implementation AEILocalInterp
Activating thorn AHFinderDirect...Success -> active implementation AHFinderDirect
Activating thorn BLAS...Success -> active implementation BLAS
Activating thorn Boost...Success -> active implementation Boost
Activating thorn Boundary...Success -> active implementation boundary
Activating thorn Carpet...Success -> active implementation Driver
Activating thorn CarpetInterp...Success -> active implementation interp
Activating thorn CarpetIOASCII...Success -> active implementation IOASCII
Activating thorn CarpetIOBasic...Success -> active implementation IOBasic
Activating thorn CarpetIOHDF5...Success -> active implementation IOHDF5
Activating thorn CarpetIOScalar...Success -> active implementation IOScalar
Activating thorn CarpetLib...Success -> active implementation CarpetLib
Activating thorn CarpetMask...Success -> active implementation CarpetMask
Activating thorn CarpetReduce...Success -> active implementation reduce
Activating thorn CarpetRegrid2...Success -> active implementation CarpetRegrid2
Activating thorn CarpetSlab...Success -> active implementation Hyperslab
Activating thorn CarpetTracker...Success -> active implementation CarpetTracker
Activating thorn CartGrid3D...Success -> active implementation grid
Activating thorn CoordBase...Success -> active implementation CoordBase
Activating thorn CoordGauge...Success -> active implementation CoordGauge
Activating thorn CycleClock...Success -> active implementation CycleClock
Activating thorn Dissipation...Success -> active implementation Dissipation
Activating thorn Fortran...Success -> active implementation Fortran
Activating thorn GenericFD...Success -> active implementation GenericFD
Activating thorn GSL...Success -> active implementation GSL
Activating thorn HDF5...Success -> active implementation HDF5
Activating thorn hwloc...Success -> active implementation hwloc
Activating thorn InitBase...Success -> active implementation InitBase
Activating thorn IOUtil...Success -> active implementation IO
Activating thorn LAPACK...Success -> active implementation LAPACK
Activating thorn LeanBSSNMoL...Success -> active implementation LeanBSSNMoL
Activating thorn LocalInterp...Success -> active implementation LocalInterp
Activating thorn LoopControl...Success -> active implementation LoopControl
Activating thorn MagScalarBase...Success -> active implementation MagScalarBase
Activating thorn MagScalarEvolve...Success -> active implementation MagScalarEvolve
Activating thorn MagScalarInit...Success -> active implementation MagScalarInit
Activating thorn MoL...Success -> active implementation MethodOfLines
Activating thorn MPI...Success -> active implementation MPI
Activating thorn Multipole...Success -> active implementation multipole
Activating thorn NaNChecker...Success -> active implementation NaNChecker
Activating thorn NewRad...Success -> active implementation NewRad
Activating thorn NPScalars_Proca...Success -> active implementation NPScalars_Proca
Activating thorn PunctureTracker...Success -> active implementation PunctureTracker
Activating thorn QuasiLocalMeasures...Success -> active implementation QuasiLocalMeasures
Activating thorn ReflectionSymmetry...Success -> active implementation ReflectionSymmetry
Activating thorn SpaceMask...Success -> active implementation SpaceMask
Activating thorn SphericalSurface...Success -> active implementation SphericalSurface
Activating thorn StaticConformal...Success -> active implementation StaticConformal
Activating thorn SymBase...Success -> active implementation SymBase
Activating thorn SystemStatistics...Success -> active implementation SystemStatistics
Activating thorn TerminationTrigger...Success -> active implementation TerminationTrigger
Activating thorn TGRtensor...Success -> active implementation TGRtensor
Activating thorn Time...Success -> active implementation time
Activating thorn TimerReport...Success -> active implementation timerreport
Activating thorn Timers...Success -> active implementation Timers
Activating thorn TmunuBase...Success -> active implementation TmunuBase
Activating thorn Vectors...Success -> active implementation Vectors
Activating thorn zlib...Success -> active implementation zlib
--------------------------------------------------------------------------------
  if (recover initial data)
    Recover parameters
  endif

  Startup routines
    [CCTK_STARTUP]
      Carpet::MultiModel_Startup: Multi-model Startup routine
      CycleClock::CycleClock_Setup: Set up CycleClock
      LoopControl::LC_setup: Set up LoopControl
      Timers::Timer_Startup: Prepare hierarchical timers
      Carpet::Driver_Startup: Startup routine
      IOUtil::IOUtil_Startup: Startup routine
      CarpetIOScalar::CarpetIOScalarStartup: [global] Startup routine
      CarpetInterp::CarpetInterpStartup: Startup routine
      CarpetReduce::CarpetReduceStartup: Startup routine
      CartGrid3D::SymmetryStartup: Register GH Extension for GridSymmetry
      CoordBase::CoordBase_Startup: Register a GH extension to store the coordinate system handles
      AEILocalInterp::AEILocalInterp_U_Startup: register CCTK_InterpLocalUniform() interpolation operators
      CarpetIOASCII::CarpetIOASCIIStartup: [global] Startup routine
      LeanBSSNMoL::LeanBSSN_RegisterSlicing: [meta] Register slicing
      LocalInterp::LocalInterp_Startup: register LocalInterp's interpolation operators
      CarpetIOBasic::CarpetIOBasicStartup: [global] Startup routine
      MagScalarEvolve::MagScalar_Analysis_RegisterMask: Register the masks for excision
      MoL::MoL_Startup: Startup banner
      SymBase::SymBase_Startup: Register GH Extension for SymBase
      TerminationTrigger::TerminationTrigger_StartSignalHandler: Start signal handler
      CarpetIOHDF5::CarpetIOHDF5_Startup: Startup routine
      Vectors::Vectors_Startup: Print startup message
      GROUP hwloc_startup: hwloc startup group
        hwloc::hwloc_version: Output hwloc version

  Startup routines which need an existing grid hierarchy
    [CCTK_WRAGH]
      ADMBase::Einstein_InitSymBound: [global] Set up GF symmetries
      Boundary::Boundary_RegisterBCs: [global] Register boundary conditions that this thorn provides
      CarpetRegrid2::CarpetRegrid2_Initialise: [global] Initialise locations of refined regions
      CartGrid3D::RegisterCartGrid3DCoords: [meta] Register coordinates for the Cartesian grid
      CoordGauge::Einstein_ActivateSlicing: Initialize slicing, setup priorities for mixed slicings
      CoordGauge::Einstein_SetNextSlicing: Identify the slicing for the next iteration
      MoL::MoL_SetupIndexArrays: Set up the MoL bookkeeping index arrays
      MoL::MoL_SetScheduleStatus: [global] Set the flag so it is ok to register with MoL
      TmunuBase::TmunuBase_SetStressEnergyState: [global] Set the stress_energy_state variable
      GROUP MoL_Register: The group where physics thorns register variables with MoL
        LeanBSSNMoL::LeanBSSN_RegisterVars: [meta] Register variables for MoL
        MagScalarEvolve::MagScalar_RegisterVars: [meta] Register variables for MoL
      SpaceMask::MaskSym: [global] Set grid symmetries for mask
      SpaceMask::MaskSym_emask: [global] Set grid symmetries for emask (compatibility mode)
      GROUP SymBase_Wrapper: Wrapper group for SymBase
        GROUP SymmetryRegister: Register your symmetries here
          CartGrid3D::CartGrid3D_RegisterSymmetryBoundaries: [meta] Register symmetry boundaries
          ReflectionSymmetry::ReflectionSymmetry_Register: Register reflection symmetry boundaries
        SymBase::SymBase_Statistics: Print symmetry boundary face descriptions
      MoL::MoL_ReportNumberVariables: [meta] Report how many of each type of variable there are
  Parameter checking routines
    [CCTK_PARAMCHECK]
      ADMBase::ADMBase_ParamCheck: [global] Check consistency of parameters
      Boundary::Boundary_Check: Check dimension of grid variables
      Carpet::CarpetParamCheck: Parameter checking routine
      CarpetLib::CarpetLib_test_prolongate_3d_rf2: [global] Test prolongation operators
      CarpetMask::CarpetSurfaceParamCheck: [global] Check parameters
      CarpetRegrid2::CarpetRegrid2_ParamCheck: Check parameters
      CartGrid3D::ParamCheck_CartGrid3D: Check coordinates for CartGrid3D
      Dissipation::dissipation_paramcheck: Check dissipation parameters for consistency
      Fortran::CheckFortranParameters: Test whether Fortran parameters work correctly
      LeanBSSNMoL::Lean_ParamCheck: Check Lean parameters for consistency
      MoL::MoL_ParamCheck: Basic parameter checking
      Multipole::Multipole_ParamCheck: [global] Check Multipole parameters
      QuasiLocalMeasures::qlm_paramcheck: [global] Check quasi-local parameter settings
      SphericalSurface::SphericalSurface_ParamCheck: [global] Check that all surface names are unique
      TerminationTrigger::TerminationTrigger_ParamCheck: Check consitency of parameters
      TmunuBase::TmunuBase_ParamCheck: [global] Check that no deprecated parameters are used.
      Vectors::Vectors_Test: Run correctness tests.

  Initialisation
    if (NOT (recover initial data AND recovery_mode is 'strict'))
      [CCTK_PREREGRIDINITIAL]
      Set up grid hierarchy
      [CCTK_POSTREGRIDINITIAL]
        SpaceMask::MaskZero: Initialise mask to zero
        CartGrid3D::SpatialCoordinates: Set Coordinates after regridding
        GROUP MaskBase_SetupMask: Set up the weight function
          GROUP MaskBase_SetupMaskAll: Set up the weight function
            CarpetReduce::MaskBase_AllocateMask: [global] Allocate the weight function
            CarpetReduce::MaskBase_InitMask: [global] [loop-local] Initialise the weight function
            GROUP SetupIMaskInternal: Set up the integer weight function (schedule other routines in here)
              CarpetReduce::CoordBase_SetupMask: [global] [loop-local] Set up the outer boundaries of the weight function
              CarpetReduce::CarpetMaskSetup: [global] [loop-singlemap] Set up the weight function for the restriction regions
            GROUP SetupIMask: Set up the integer weight function (schedule other routines in here)
              CarpetMask::CarpetExcludedSetup: [global] [loop-local] Set up the weight function for the excluded regions
              CarpetMask::CarpetSurfaceSetup: [global] [loop-local] Set up the weight function for the excluded spherical surfaces
            CarpetReduce::MaskBase_SetMask: [global] [loop-local] Set the weight function
            GROUP SetupMask: Set up the real weight function (schedule other routines in here)
            CarpetReduce::MaskBase_TestMask: [global] Test the weight function
        Dissipation::setup_epsdis: Setup spatially varying dissipation
        GROUP MoL_PseudoEvolutionBoundaries: Apply boundary conditions to pseudo-evolved quantities
        GROUP CalcNPProcaScalars_BC: Boundary conditions
          NPScalars_Proca::NPProca_Boundaries: [level] Symmetry boundary conditions
          GROUP ApplyBCs_NPProca: Apply boundary conditions
            GROUP BoundaryConditions: Execute all boundary conditions
              Boundary::Boundary_ApplyPhysicalBCs: Apply all requested local physical boundary conditions
              CartGrid3D::CartGrid3D_ApplyBC: Apply symmetry boundary conditions
              ReflectionSymmetry::ReflectionSymmetry_Apply: Apply reflection symmetries
            Boundary::Boundary_ClearSelection: [level] Unselect all grid variables for boundary conditions
        SpaceMask::MaskOne: Set mask to one
        AHFinderDirect::AHFinderDirect_maybe_do_masks: set mask(s) based on apparent horizon position(s)
      [CCTK_BASEGRID]
        ADMBase::ADMBase_SetShiftStateOn: Set the shift_state variable to 1
        ADMBase::ADMBase_SetDtLapseStateOn: Set the dtlapse_state variable to 1
        ADMBase::ADMBase_SetDtShiftStateOn: Set the dtshift_state variable to 1
        ADMMacros::ADMMacros_SetLocalSpatialOrder: Initialize the local_spatial_order
        CartGrid3D::SpatialSpacings: Set up ranges for spatial 3D Cartesian coordinates (on all grids)
        CartGrid3D::SpatialCoordinates: Set up spatial 3D Cartesian coordinates on the GH
        SphericalSurface::SphericalSurface_SetupRes: [global] [loop-local] Set surface resolution automatically
        AHFinderDirect::AHFinderDirect_setup: [global] setup data structures
        Dissipation::dissipation_basegrid: Ensure that there are enough ghost zones
        LeanBSSNMoL::LeanBSSN_symmetries: [global] Register symmetries of the BSSN grid functions
        LeanBSSNMoL::LeanBSSN_zero_rhs: Set all rhs functions to zero to prevent spurious nans
        MagScalarBase::MagScalar_symmetries: [global] Register symmetries of the grid functions
        MagScalarEvolve::MagScalar_InitSymBound: [meta] Schedule symmetries
        MagScalarEvolve::MagScalar_zero_rhs: set all rhs functions to zero to prevent spurious nans
        NPScalars_Proca::NPProca_symmetries: [meta] Set symmetries for grid functions
        NaNChecker::NaNChecker_ResetCounter: [global] Reset the NaNChecker::NaNsFound counter
        SpaceMask::MaskZero: Initialise mask to zero
        SpaceMask::MaskOne: Set old style mask to one
        SphericalSurface::SphericalSurface_Setup: [global] Calculate surface coordinate descriptors
        GROUP MaskBase_SetupMask: Set up the weight function
          GROUP MaskBase_SetupMaskAll: Set up the weight function
            CarpetReduce::MaskBase_AllocateMask: [global] Allocate the weight function
            CarpetReduce::MaskBase_InitMask: [global] [loop-local] Initialise the weight function
            GROUP SetupIMaskInternal: Set up the integer weight function (schedule other routines in here)
              CarpetReduce::CoordBase_SetupMask: [global] [loop-local] Set up the outer boundaries of the weight function
              CarpetReduce::CarpetMaskSetup: [global] [loop-singlemap] Set up the weight function for the restriction regions
            GROUP SetupIMask: Set up the integer weight function (schedule other routines in here)
              CarpetMask::CarpetExcludedSetup: [global] [loop-local] Set up the weight function for the excluded regions
              CarpetMask::CarpetSurfaceSetup: [global] [loop-local] Set up the weight function for the excluded spherical surfaces
            CarpetReduce::MaskBase_SetMask: [global] [loop-local] Set the weight function
            GROUP SetupMask: Set up the real weight function (schedule other routines in here)
            CarpetReduce::MaskBase_TestMask: [global] Test the weight function
        SphericalSurface::SphericalSurface_Set: [global] Set surface radii to be used for initial setup in other thorns
        GROUP SphericalSurface_HasBeenSet: Set the spherical surfaces before this group, and use it afterwards
          SphericalSurface::SphericalSurface_CheckState: [global] Test the state of the spherical surfaces
        SymBase::SymBase_Check: Check whether the driver set up the grid consistently
        TerminationTrigger::TerminationTrigger_ResetTrigger: Clear trigger state
        TerminationTrigger::TerminationTrigger_StartTimer: Start timer
        TerminationTrigger::TerminationTrigger_CreateFile: Create termination file
        Time::Time_Initialise: [global] Initialise Time variables
        Time::TemporalSpacings: [singlemap] Set timestep based on Courant condition (courant_static)
      [CCTK_INITIAL]
        StaticConformal::StaticConformal_InitialiseState: Set the conformal_state variable to 0
        GROUP ADMBase_InitialData: Schedule group for calculating ADM initial data
          MagScalarInit::MagScalar_InitStatCloud: [local] Initial data for a static scalar cloud surrounding a charged BH
        GROUP ADMBase_InitialGauge: Schedule group for the ADM initial gauge condition
          ADMBase::ADMBase_ShiftZero: Set the shift to 0 at all points
          ADMBase::ADMBase_DtLapseZero: Set the dtlapse to 0 at all points
          ADMBase::ADMBase_DtShiftZero: Set the dtshift to 0 at all points
        CarpetIOASCII::CarpetIOASCIIInit: [global] Initialisation routine
        CarpetIOBasic::CarpetIOBasicInit: [global] Initialisation routine
        CarpetIOHDF5::CarpetIOHDF5_Init: [global] Initialisation routine
        CarpetIOScalar::CarpetIOScalarInit: [global] Initialisation routine
        GROUP MagScalarBase_Initial: MagScalarBase initial data group
        GROUP ADMBase_PostInitial: Schedule group for modifying the ADM initial data, such as e.g. adding noise
        LeanBSSNMoL::LeanBSSN_adm2bssn: [local] Convert initial data into BSSN variables
        LeanBSSNMoL::LeanBSSN_Boundaries: [level] Boundary enforcement
        MoL::MoL_StartLoop: [level] Initialise the step size control
        PunctureTracker::PunctureTracker_Init: [global] Calculate initial location of punctures
        QuasiLocalMeasures::qlm_init: [global] Initialise quasi-local calculations
        GROUP LeanBSSN_ApplyBCs: Apply boundary conditions
          GROUP BoundaryConditions: Execute all boundary conditions
            Boundary::Boundary_ApplyPhysicalBCs: Apply all requested local physical boundary conditions
            CartGrid3D::CartGrid3D_ApplyBC: Apply symmetry boundary conditions
            ReflectionSymmetry::ReflectionSymmetry_Apply: Apply reflection symmetries
          Boundary::Boundary_ClearSelection: [level] Unselect all grid variables for boundary conditions
      [CCTK_POSTINITIAL]
        CarpetIOHDF5::CarpetIOHDF5_CloseFiles: [global] Close all filereader input files
        GROUP MoL_PostStepModify: The group for physics thorns to schedule enforcing constraints
        GROUP MoL_PostStep: Ensure that everything is correct after the initial data have been set up
          LeanBSSNMoL::LeanBSSN_remove_trA: Remove trace of A
          LeanBSSNMoL::LeanBSSN_impose_conf_fac_floor: Make sure conformal factor does not drop below specified value
          LeanBSSNMoL::LeanBSSN_Boundaries: [level] MoL boundary enforcement
          GROUP LeanBSSN_ApplyBCs: Apply boundary conditions
            GROUP BoundaryConditions: Execute all boundary conditions
              Boundary::Boundary_ApplyPhysicalBCs: Apply all requested local physical boundary conditions
              CartGrid3D::CartGrid3D_ApplyBC: Apply symmetry boundary conditions
              ReflectionSymmetry::ReflectionSymmetry_Apply: Apply reflection symmetries
            Boundary::Boundary_ClearSelection: [level] Unselect all grid variables for boundary conditions
          LeanBSSNMoL::LeanBSSN_bssn2adm: [local] Convert variables back to the ADM ones
          GROUP ADMBase_SetADMVars: Set the ADM variables before this group, and use them afterwards
          MagScalarEvolve::MagScalar_Boundaries: [level] MoL boundary enforcement for MagScalar variables
          GROUP MagScalar_ApplyBCs: Apply boundary conditions
            GROUP BoundaryConditions: Execute all boundary conditions
              Boundary::Boundary_ApplyPhysicalBCs: Apply all requested local physical boundary conditions
              CartGrid3D::CartGrid3D_ApplyBC: Apply symmetry boundary conditions
              ReflectionSymmetry::ReflectionSymmetry_Apply: Apply reflection symmetries
            Boundary::Boundary_ClearSelection: [level] Unselect all grid variables for boundary conditions
          GROUP SetTmunu: Group for calculating the stress-energy tensor
            TmunuBase::TmunuBase_ZeroTmunu: Initialise the stress-energy tensor to zero
            GROUP AddToTmunu: Add to the stress-energy tensor here
              MagScalarEvolve::MagScalar_AddToTmunu: Compute the energy-momentum tensor
        GROUP MoL_PseudoEvolution: Calculate pseudo-evolved quantities
          GROUP ADMBase_SetADMVars: Set the ADM variables before this group, and use them afterwards
        GROUP CalcNPProcaScalars: Calculate NPScalars
          NPScalars_Proca::NPProca_calcPsiGF: [local] calculate grid functions
          GROUP CalcNPProcaScalars_BC: Boundary conditions
            NPScalars_Proca::NPProca_Boundaries: [level] Symmetry boundary conditions
            GROUP ApplyBCs_NPProca: Apply boundary conditions
              GROUP BoundaryConditions: Execute all boundary conditions
                Boundary::Boundary_ApplyPhysicalBCs: Apply all requested local physical boundary conditions
                CartGrid3D::CartGrid3D_ApplyBC: Apply symmetry boundary conditions
                ReflectionSymmetry::ReflectionSymmetry_Apply: Apply reflection symmetries
              Boundary::Boundary_ClearSelection: [level] Unselect all grid variables for boundary conditions
      Initialise finer grids recursively
      Restrict from finer grids
      [CCTK_POSTRESTRICTINITIAL]
        GROUP MoL_PostStep: Ensure that everything is correct after restriction
          LeanBSSNMoL::LeanBSSN_remove_trA: Remove trace of A
          LeanBSSNMoL::LeanBSSN_impose_conf_fac_floor: Make sure conformal factor does not drop below specified value
          LeanBSSNMoL::LeanBSSN_Boundaries: [level] MoL boundary enforcement
          GROUP LeanBSSN_ApplyBCs: Apply boundary conditions
            GROUP BoundaryConditions: Execute all boundary conditions
              Boundary::Boundary_ApplyPhysicalBCs: Apply all requested local physical boundary conditions
              CartGrid3D::CartGrid3D_ApplyBC: Apply symmetry boundary conditions
              ReflectionSymmetry::ReflectionSymmetry_Apply: Apply reflection symmetries
            Boundary::Boundary_ClearSelection: [level] Unselect all grid variables for boundary conditions
          LeanBSSNMoL::LeanBSSN_bssn2adm: [local] Convert variables back to the ADM ones
          GROUP ADMBase_SetADMVars: Set the ADM variables before this group, and use them afterwards
          MagScalarEvolve::MagScalar_Boundaries: [level] MoL boundary enforcement for MagScalar variables
          GROUP MagScalar_ApplyBCs: Apply boundary conditions
            GROUP BoundaryConditions: Execute all boundary conditions
              Boundary::Boundary_ApplyPhysicalBCs: Apply all requested local physical boundary conditions
              CartGrid3D::CartGrid3D_ApplyBC: Apply symmetry boundary conditions
              ReflectionSymmetry::ReflectionSymmetry_Apply: Apply reflection symmetries
            Boundary::Boundary_ClearSelection: [level] Unselect all grid variables for boundary conditions
          GROUP SetTmunu: Group for calculating the stress-energy tensor
            TmunuBase::TmunuBase_ZeroTmunu: Initialise the stress-energy tensor to zero
            GROUP AddToTmunu: Add to the stress-energy tensor here
              MagScalarEvolve::MagScalar_AddToTmunu: Compute the energy-momentum tensor
        GROUP MoL_PseudoEvolutionBoundaries: Apply boundary conditions to pseudo-evolved quantities
        GROUP CalcNPProcaScalars_BC: Boundary conditions
          NPScalars_Proca::NPProca_Boundaries: [level] Symmetry boundary conditions
          GROUP ApplyBCs_NPProca: Apply boundary conditions
            GROUP BoundaryConditions: Execute all boundary conditions
              Boundary::Boundary_ApplyPhysicalBCs: Apply all requested local physical boundary conditions
              CartGrid3D::CartGrid3D_ApplyBC: Apply symmetry boundary conditions
              ReflectionSymmetry::ReflectionSymmetry_Apply: Apply reflection symmetries
            Boundary::Boundary_ClearSelection: [level] Unselect all grid variables for boundary conditions
      [CCTK_POSTPOSTINITIAL]
      [CCTK_POSTSTEP]
        AHFinderDirect::AHFinderDirect_import_mask: [global] [loop-local] import the excision mask
        AHFinderDirect::AHFinderDirect_find_horizons: [global] find apparent horizon(s) after this time step
        AHFinderDirect::AHFinderDirect_store: [global] store apparent horizon(s) into spherical surface(s)
        AHFinderDirect::AHFinderDirect_save: [global] save apparent horizon(s) into Cactus variables
        AHFinderDirect::AHFinderDirect_maybe_do_masks: set mask(s) based on apparent horizon position(s)
        SphericalSurface::SphericalSurface_Set: [global] Set surface radii
        GROUP SphericalSurface_HasBeenSet: Set the spherical surfaces before this group, and use it afterwards
          SphericalSurface::SphericalSurface_CheckState: [global] Test the state of the spherical surfaces
        GROUP zzz_NaNChecker_NaNCheck: Check for NaNs and count them in NaNChecker::NaNsFound
          NaNChecker::NaNChecker_NaNCheck_Prepare: [level] Prepare data structures to check for NaNs
          NaNChecker::NaNChecker_NaNCheck_Check: [local] Check for NaNs
          NaNChecker::NaNChecker_NaNCheck_Finish: [level] Count NaNs in NaNChecker::NaNsFound
        NaNChecker::NaNChecker_TakeAction: [global] [loop-level] Output NaNChecker::NaNmask and take action according to NaNChecker::action_if_found
        PunctureTracker::PunctureTracker_SetPositions: [global] Copy puncture positions to spherical surfaces
        SpaceMask::CheckMask: Ensure that all mask values are legal
        Dissipation::setup_epsdis: Setup spatially varying dissipation
        GROUP MaskBase_SetupMask: Set up the weight function
          GROUP MaskBase_SetupMaskAll: Set up the weight function
            CarpetReduce::MaskBase_AllocateMask: [global] Allocate the weight function
            CarpetReduce::MaskBase_InitMask: [global] [loop-local] Initialise the weight function
            GROUP SetupIMaskInternal: Set up the integer weight function (schedule other routines in here)
              CarpetReduce::CoordBase_SetupMask: [global] [loop-local] Set up the outer boundaries of the weight function
              CarpetReduce::CarpetMaskSetup: [global] [loop-singlemap] Set up the weight function for the restriction regions
            GROUP SetupIMask: Set up the integer weight function (schedule other routines in here)
              CarpetMask::CarpetExcludedSetup: [global] [loop-local] Set up the weight function for the excluded regions
              CarpetMask::CarpetSurfaceSetup: [global] [loop-local] Set up the weight function for the excluded spherical surfaces
            CarpetReduce::MaskBase_SetMask: [global] [loop-local] Set the weight function
            GROUP SetupMask: Set up the real weight function (schedule other routines in here)
            CarpetReduce::MaskBase_TestMask: [global] Test the weight function
    endif
    if (recover initial data)
      [CCTK_BASEGRID]
        ADMBase::ADMBase_SetShiftStateOn: Set the shift_state variable to 1
        ADMBase::ADMBase_SetDtLapseStateOn: Set the dtlapse_state variable to 1
        ADMBase::ADMBase_SetDtShiftStateOn: Set the dtshift_state variable to 1
        ADMMacros::ADMMacros_SetLocalSpatialOrder: Initialize the local_spatial_order
        CartGrid3D::SpatialSpacings: Set up ranges for spatial 3D Cartesian coordinates (on all grids)
        CartGrid3D::SpatialCoordinates: Set up spatial 3D Cartesian coordinates on the GH
        SphericalSurface::SphericalSurface_SetupRes: [global] [loop-local] Set surface resolution automatically
        AHFinderDirect::AHFinderDirect_setup: [global] setup data structures
        Dissipation::dissipation_basegrid: Ensure that there are enough ghost zones
        LeanBSSNMoL::LeanBSSN_symmetries: [global] Register symmetries of the BSSN grid functions
        LeanBSSNMoL::LeanBSSN_zero_rhs: Set all rhs functions to zero to prevent spurious nans
        MagScalarBase::MagScalar_symmetries: [global] Register symmetries of the grid functions
        MagScalarEvolve::MagScalar_InitSymBound: [meta] Schedule symmetries
        MagScalarEvolve::MagScalar_zero_rhs: set all rhs functions to zero to prevent spurious nans
        NPScalars_Proca::NPProca_symmetries: [meta] Set symmetries for grid functions
        NaNChecker::NaNChecker_ResetCounter: [global] Reset the NaNChecker::NaNsFound counter
        SpaceMask::MaskZero: Initialise mask to zero
        SpaceMask::MaskOne: Set old style mask to one
        SphericalSurface::SphericalSurface_Setup: [global] Calculate surface coordinate descriptors
        GROUP MaskBase_SetupMask: Set up the weight function
          GROUP MaskBase_SetupMaskAll: Set up the weight function
            CarpetReduce::MaskBase_AllocateMask: [global] Allocate the weight function
            CarpetReduce::MaskBase_InitMask: [global] [loop-local] Initialise the weight function
            GROUP SetupIMaskInternal: Set up the integer weight function (schedule other routines in here)
              CarpetReduce::CoordBase_SetupMask: [global] [loop-local] Set up the outer boundaries of the weight function
              CarpetReduce::CarpetMaskSetup: [global] [loop-singlemap] Set up the weight function for the restriction regions
            GROUP SetupIMask: Set up the integer weight function (schedule other routines in here)
              CarpetMask::CarpetExcludedSetup: [global] [loop-local] Set up the weight function for the excluded regions
              CarpetMask::CarpetSurfaceSetup: [global] [loop-local] Set up the weight function for the excluded spherical surfaces
            CarpetReduce::MaskBase_SetMask: [global] [loop-local] Set the weight function
            GROUP SetupMask: Set up the real weight function (schedule other routines in here)
            CarpetReduce::MaskBase_TestMask: [global] Test the weight function
        SphericalSurface::SphericalSurface_Set: [global] Set surface radii to be used for initial setup in other thorns
        GROUP SphericalSurface_HasBeenSet: Set the spherical surfaces before this group, and use it afterwards
          SphericalSurface::SphericalSurface_CheckState: [global] Test the state of the spherical surfaces
        SymBase::SymBase_Check: Check whether the driver set up the grid consistently
        TerminationTrigger::TerminationTrigger_ResetTrigger: Clear trigger state
        TerminationTrigger::TerminationTrigger_StartTimer: Start timer
        TerminationTrigger::TerminationTrigger_CreateFile: Create termination file
        Time::Time_Initialise: [global] Initialise Time variables
        Time::TemporalSpacings: [singlemap] Set timestep based on Courant condition (courant_static)
      [CCTK_RECOVER_VARIABLES]
        IOUtil::IOUtil_RecoverGH: [level] Checkpoint recovery routine
      [CCTK_POST_RECOVER_VARIABLES]
        AHFinderDirect::AHFinderDirect_recover: [global] import horizon data from Cactus variables
        CarpetIOHDF5::CarpetIOHDF5_InitCheckpointingIntervals: [global] Initialisation of checkpointing intervals after recovery
        CarpetIOHDF5::CarpetIOHDF5_CloseFiles: [meta] Close all initial data checkpoint files after recovery
        GROUP MaskBase_SetupMask: Set up the weight function
          GROUP MaskBase_SetupMaskAll: Set up the weight function
            CarpetReduce::MaskBase_AllocateMask: [global] Allocate the weight function
            CarpetReduce::MaskBase_InitMask: [global] [loop-local] Initialise the weight function
            GROUP SetupIMaskInternal: Set up the integer weight function (schedule other routines in here)
              CarpetReduce::CoordBase_SetupMask: [global] [loop-local] Set up the outer boundaries of the weight function
              CarpetReduce::CarpetMaskSetup: [global] [loop-singlemap] Set up the weight function for the restriction regions
            GROUP SetupIMask: Set up the integer weight function (schedule other routines in here)
              CarpetMask::CarpetExcludedSetup: [global] [loop-local] Set up the weight function for the excluded regions
              CarpetMask::CarpetSurfaceSetup: [global] [loop-local] Set up the weight function for the excluded spherical surfaces
            CarpetReduce::MaskBase_SetMask: [global] [loop-local] Set the weight function
            GROUP SetupMask: Set up the real weight function (schedule other routines in here)
            CarpetReduce::MaskBase_TestMask: [global] Test the weight function
        GROUP MoL_PostStep: Ensure that everything is correct after recovery
          LeanBSSNMoL::LeanBSSN_remove_trA: Remove trace of A
          LeanBSSNMoL::LeanBSSN_impose_conf_fac_floor: Make sure conformal factor does not drop below specified value
          LeanBSSNMoL::LeanBSSN_Boundaries: [level] MoL boundary enforcement
          GROUP LeanBSSN_ApplyBCs: Apply boundary conditions
            GROUP BoundaryConditions: Execute all boundary conditions
              Boundary::Boundary_ApplyPhysicalBCs: Apply all requested local physical boundary conditions
              CartGrid3D::CartGrid3D_ApplyBC: Apply symmetry boundary conditions
              ReflectionSymmetry::ReflectionSymmetry_Apply: Apply reflection symmetries
            Boundary::Boundary_ClearSelection: [level] Unselect all grid variables for boundary conditions
          LeanBSSNMoL::LeanBSSN_bssn2adm: [local] Convert variables back to the ADM ones
          GROUP ADMBase_SetADMVars: Set the ADM variables before this group, and use them afterwards
          MagScalarEvolve::MagScalar_Boundaries: [level] MoL boundary enforcement for MagScalar variables
          GROUP MagScalar_ApplyBCs: Apply boundary conditions
            GROUP BoundaryConditions: Execute all boundary conditions
              Boundary::Boundary_ApplyPhysicalBCs: Apply all requested local physical boundary conditions
              CartGrid3D::CartGrid3D_ApplyBC: Apply symmetry boundary conditions
              ReflectionSymmetry::ReflectionSymmetry_Apply: Apply reflection symmetries
            Boundary::Boundary_ClearSelection: [level] Unselect all grid variables for boundary conditions
          GROUP SetTmunu: Group for calculating the stress-energy tensor
            TmunuBase::TmunuBase_ZeroTmunu: Initialise the stress-energy tensor to zero
            GROUP AddToTmunu: Add to the stress-energy tensor here
              MagScalarEvolve::MagScalar_AddToTmunu: Compute the energy-momentum tensor
        GROUP zzz_NaNChecker_NaNCheck: Check for NaNs and count them in NaNChecker::NaNsFound
          NaNChecker::NaNChecker_NaNCheck_Prepare: [level] Prepare data structures to check for NaNs
          NaNChecker::NaNChecker_NaNCheck_Check: [local] Check for NaNs
          NaNChecker::NaNChecker_NaNCheck_Finish: [level] Count NaNs in NaNChecker::NaNsFound
        NaNChecker::NaNChecker_TakeAction: [global] [loop-level] Output NaNChecker::NaNmask and take action according to NaNChecker::action_if_found
        TerminationTrigger::TerminationTrigger_ResetMinutes: [global] Reset Watchtime
    endif
    if (checkpoint initial data)
      [CCTK_CPINITIAL]
        CarpetIOHDF5::CarpetIOHDF5_InitialDataCheckpoint: [meta] Initial data checkpoint routine
    endif
    if (analysis)
      [CCTK_ANALYSIS]
        CarpetLib::CarpetLib_printtimestats: [global] Print timing statistics if desired
        CarpetLib::CarpetLib_printmemstats: [global] Print memory statistics if desired
        GROUP LeanBSSN_constraints: Compute constraints
          LeanBSSNMoL::LeanBSSN_bssn_constraints: Compute constraints
          LeanBSSNMoL::LeanBSSN_Constraints_Boundaries: [level] Enforce symmetry BCs in constraint computation
          GROUP LeanBSSN_Constraints_ApplyBCs: Apply boundary conditions
            GROUP BoundaryConditions: Execute all boundary conditions
              Boundary::Boundary_ApplyPhysicalBCs: Apply all requested local physical boundary conditions
              CartGrid3D::CartGrid3D_ApplyBC: Apply symmetry boundary conditions
              ReflectionSymmetry::ReflectionSymmetry_Apply: Apply reflection symmetries
            Boundary::Boundary_ClearSelection: [level] Unselect all grid variables for boundary conditions
        LoopControl::LC_statistics_analysis: [meta] Output LoopControl statistics
        GROUP MagScalar_constraints: Compute EMG constraints
          MagScalarEvolve::MagScalar_constraints: Compute constraints
          MagScalarEvolve::MagScalar_constraints_boundaries: [level] Enforce symmetry BCs in constraints computation
          GROUP MagScalar_constraints_ApplyBCs: Apply boundary conditions
            GROUP BoundaryConditions: Execute all boundary conditions
              Boundary::Boundary_ApplyPhysicalBCs: Apply all requested local physical boundary conditions
              CartGrid3D::CartGrid3D_ApplyBC: Apply symmetry boundary conditions
              ReflectionSymmetry::ReflectionSymmetry_Apply: Apply reflection symmetries
            Boundary::Boundary_ClearSelection: [level] Unselect all grid variables for boundary conditions
        MagScalarEvolve::MagScalar_analysis: Compute analysis quantities
        MagScalarEvolve::MagScalar_analysis_integrate: [global] Compute integrals of analysis quantities
        Multipole::Multipole_Calc: [global] Calculate Multipoles
        GROUP CalcNPProcaScalars: Calculate NPScalars
          NPScalars_Proca::NPProca_calcPsiGF: [local] calculate grid functions
          GROUP CalcNPProcaScalars_BC: Boundary conditions
            NPScalars_Proca::NPProca_Boundaries: [level] Symmetry boundary conditions
            GROUP ApplyBCs_NPProca: Apply boundary conditions
              GROUP BoundaryConditions: Execute all boundary conditions
                Boundary::Boundary_ApplyPhysicalBCs: Apply all requested local physical boundary conditions
                CartGrid3D::CartGrid3D_ApplyBC: Apply symmetry boundary conditions
                ReflectionSymmetry::ReflectionSymmetry_Apply: Apply reflection symmetries
              Boundary::Boundary_ClearSelection: [level] Unselect all grid variables for boundary conditions
        QuasiLocalMeasures::qlm_calculate: [global] Calculate quasi-local quantities
        SystemStatistics::SystemStatistics_Collect: [global] Collect system statistics
        TerminationTrigger::TerminationTrigger_CheckWalltime: Check elapsed job walltime
        TerminationTrigger::TerminationTrigger_CheckSignal: Check if we received a termination signal
        TerminationTrigger::TerminationTrigger_CheckFile: Check termination file
        TimerReport::zzz_TimerReport_Output: [global] Print the timer report
  endif
  Output grid variables

  do loop over timesteps
    [CCTK_PREREGRID]
      CarpetTracker::CarpetTracker_SetPositions: [global] Set positions of refined regions
    Change grid hierarchy
    [CCTK_POSTREGRID]
      SpaceMask::MaskZero: Initialise mask to zero
      CartGrid3D::SpatialCoordinates: Set Coordinates after regridding
      GROUP MaskBase_SetupMask: Set up the weight function
        GROUP MaskBase_SetupMaskAll: Set up the weight function
          CarpetReduce::MaskBase_AllocateMask: [global] Allocate the weight function
          CarpetReduce::MaskBase_InitMask: [global] [loop-local] Initialise the weight function
          GROUP SetupIMaskInternal: Set up the integer weight function (schedule other routines in here)
            CarpetReduce::CoordBase_SetupMask: [global] [loop-local] Set up the outer boundaries of the weight function
            CarpetReduce::CarpetMaskSetup: [global] [loop-singlemap] Set up the weight function for the restriction regions
          GROUP SetupIMask: Set up the integer weight function (schedule other routines in here)
            CarpetMask::CarpetExcludedSetup: [global] [loop-local] Set up the weight function for the excluded regions
            CarpetMask::CarpetSurfaceSetup: [global] [loop-local] Set up the weight function for the excluded spherical surfaces
          CarpetReduce::MaskBase_SetMask: [global] [loop-local] Set the weight function
          GROUP SetupMask: Set up the real weight function (schedule other routines in here)
          CarpetReduce::MaskBase_TestMask: [global] Test the weight function
      Dissipation::setup_epsdis: Setup spatially varying dissipation
      GROUP MoL_PostStep: Ensure that everything is correct after regridding
        LeanBSSNMoL::LeanBSSN_remove_trA: Remove trace of A
        LeanBSSNMoL::LeanBSSN_impose_conf_fac_floor: Make sure conformal factor does not drop below specified value
        LeanBSSNMoL::LeanBSSN_Boundaries: [level] MoL boundary enforcement
        GROUP LeanBSSN_ApplyBCs: Apply boundary conditions
          GROUP BoundaryConditions: Execute all boundary conditions
            Boundary::Boundary_ApplyPhysicalBCs: Apply all requested local physical boundary conditions
            CartGrid3D::CartGrid3D_ApplyBC: Apply symmetry boundary conditions
            ReflectionSymmetry::ReflectionSymmetry_Apply: Apply reflection symmetries
          Boundary::Boundary_ClearSelection: [level] Unselect all grid variables for boundary conditions
        LeanBSSNMoL::LeanBSSN_bssn2adm: [local] Convert variables back to the ADM ones
        GROUP ADMBase_SetADMVars: Set the ADM variables before this group, and use them afterwards
        MagScalarEvolve::MagScalar_Boundaries: [level] MoL boundary enforcement for MagScalar variables
        GROUP MagScalar_ApplyBCs: Apply boundary conditions
          GROUP BoundaryConditions: Execute all boundary conditions
            Boundary::Boundary_ApplyPhysicalBCs: Apply all requested local physical boundary conditions
            CartGrid3D::CartGrid3D_ApplyBC: Apply symmetry boundary conditions
            ReflectionSymmetry::ReflectionSymmetry_Apply: Apply reflection symmetries
          Boundary::Boundary_ClearSelection: [level] Unselect all grid variables for boundary conditions
        GROUP SetTmunu: Group for calculating the stress-energy tensor
          TmunuBase::TmunuBase_ZeroTmunu: Initialise the stress-energy tensor to zero
          GROUP AddToTmunu: Add to the stress-energy tensor here
            MagScalarEvolve::MagScalar_AddToTmunu: Compute the energy-momentum tensor
      GROUP MoL_PseudoEvolutionBoundaries: Apply boundary conditions to pseudo-evolved quantities
      GROUP CalcNPProcaScalars_BC: Boundary conditions
        NPScalars_Proca::NPProca_Boundaries: [level] Symmetry boundary conditions
        GROUP ApplyBCs_NPProca: Apply boundary conditions
          GROUP BoundaryConditions: Execute all boundary conditions
            Boundary::Boundary_ApplyPhysicalBCs: Apply all requested local physical boundary conditions
            CartGrid3D::CartGrid3D_ApplyBC: Apply symmetry boundary conditions
            ReflectionSymmetry::ReflectionSymmetry_Apply: Apply reflection symmetries
          Boundary::Boundary_ClearSelection: [level] Unselect all grid variables for boundary conditions
      SpaceMask::MaskOne: Set mask to one
      AHFinderDirect::AHFinderDirect_maybe_do_masks: set mask(s) based on apparent horizon position(s)
    Rotate timelevels
    iteration = iteration+1
    t = t+dt
    [CCTK_PRESTEP]
      CoordGauge::Einstein_SetNextSlicing: Identify the slicing for the next iteration
      LoopControl::LC_steer: [meta] Update LoopControl algorithm preferences
      NaNChecker::NaNChecker_ResetCounter: [global] Reset the NaNChecker::NaNsFound counter
    [CCTK_EVOL]
      MoL::MoL_StartLoop: [level] Initialise the step size control
      while (MoL::MoL_Stepsize_Bad)
        GROUP MoL_Evolution: A single Cactus evolution step using MoL
          GROUP MoL_StartStep: MoL internal setup for the evolution step
            MoL::MoL_SetCounter: [level] Set the counter for the ODE method to loop over
            MoL::MoL_SetTime: [level] Ensure the correct time and timestep are used
            MoL::MoL_AllocateScratchSpace: [level] Allocate storage for scratch levels
          GROUP MoL_PreStep: Physics thorns can schedule preloop setup routines in here
          MoL::MoL_AllocateScratch: Allocate sufficient space for array scratch variables
          MoL::MoL_InitialCopy: Ensure the data is in the correct timelevel
          while (MoL::MoL_Intermediate_Step)
            GROUP MoL_Step: The loop over the intermediate steps for the ODE integrator
              MoL::MoL_InitRHS: Initialise the RHS functions
              GROUP MoL_CalcRHS: Physics thorns schedule the calculation of the discrete spatial operator in here
                LeanBSSNMoL::LeanBSSN_CalcRHS: MoL RHS calculation
                LeanBSSNMoL::LeanBSSN_CalcRHS_Bdry: MoL boundary RHS calculation
                MagScalarEvolve::MagScalar_CalcRHS: MoL RHS calculation for MagScalar variables
                MagScalarEvolve::MagScalar_CalcRHS_Bdry: MoL boundary RHS calculation for MagScalar variables
              GROUP MoL_PostRHS: Modify RHS functions
                Dissipation::dissipation_add: Add Kreiss-Oliger dissipation to the right hand sides
              GROUP MoL_RHSBoundaries: Any 'final' modifications to the RHS functions (boundaries etc.)
              MoL::MoL_Add: Updates calculated with the efficient Runge-Kutta 4 method
              MoL::MoL_DecrementCounter: [level] Alter the counter number
              MoL::MoL_ResetTime: [level] If necessary, change the time
              GROUP MoL_PostStepModify: The group for physics thorns to schedule enforcing constraints
              GROUP MoL_PostStep: The group for physics thorns to schedule boundary calls etc.
                LeanBSSNMoL::LeanBSSN_remove_trA: Remove trace of A
                LeanBSSNMoL::LeanBSSN_impose_conf_fac_floor: Make sure conformal factor does not drop below specified value
                LeanBSSNMoL::LeanBSSN_Boundaries: [level] MoL boundary enforcement
                GROUP LeanBSSN_ApplyBCs: Apply boundary conditions
                  GROUP BoundaryConditions: Execute all boundary conditions
                    Boundary::Boundary_ApplyPhysicalBCs: Apply all requested local physical boundary conditions
                    CartGrid3D::CartGrid3D_ApplyBC: Apply symmetry boundary conditions
                    ReflectionSymmetry::ReflectionSymmetry_Apply: Apply reflection symmetries
                  Boundary::Boundary_ClearSelection: [level] Unselect all grid variables for boundary conditions
                LeanBSSNMoL::LeanBSSN_bssn2adm: [local] Convert variables back to the ADM ones
                GROUP ADMBase_SetADMVars: Set the ADM variables before this group, and use them afterwards
                MagScalarEvolve::MagScalar_Boundaries: [level] MoL boundary enforcement for MagScalar variables
                GROUP MagScalar_ApplyBCs: Apply boundary conditions
                  GROUP BoundaryConditions: Execute all boundary conditions
                    Boundary::Boundary_ApplyPhysicalBCs: Apply all requested local physical boundary conditions
                    CartGrid3D::CartGrid3D_ApplyBC: Apply symmetry boundary conditions
                    ReflectionSymmetry::ReflectionSymmetry_Apply: Apply reflection symmetries
                  Boundary::Boundary_ClearSelection: [level] Unselect all grid variables for boundary conditions
                GROUP SetTmunu: Group for calculating the stress-energy tensor
                  TmunuBase::TmunuBase_ZeroTmunu: Initialise the stress-energy tensor to zero
                  GROUP AddToTmunu: Add to the stress-energy tensor here
                    MagScalarEvolve::MagScalar_AddToTmunu: Compute the energy-momentum tensor
              MoL::MoL_ResetDeltaTime: [level] If necessary, change the timestep
          end while
          MoL::MoL_FinishLoop: [level] Control the step size
          MoL::MoL_RestoreSandR: Restoring the Save and Restore variables to the original state
          MoL::MoL_FreeScratchSpace: [level] Free storage for scratch levels
      end while
      GROUP MoL_PseudoEvolution: Calculate pseudo-evolved quantities
        GROUP ADMBase_SetADMVars: Set the ADM variables before this group, and use them afterwards
      PunctureTracker::PunctureTracker_Track: [global] Calculate new location of punctures
    Evolve finer grids recursively
    Restrict from finer grids
    [CCTK_POSTRESTRICT]
      GROUP MoL_PostStep: Ensure that everything is correct after restriction
        LeanBSSNMoL::LeanBSSN_remove_trA: Remove trace of A
        LeanBSSNMoL::LeanBSSN_impose_conf_fac_floor: Make sure conformal factor does not drop below specified value
        LeanBSSNMoL::LeanBSSN_Boundaries: [level] MoL boundary enforcement
        GROUP LeanBSSN_ApplyBCs: Apply boundary conditions
          GROUP BoundaryConditions: Execute all boundary conditions
            Boundary::Boundary_ApplyPhysicalBCs: Apply all requested local physical boundary conditions
            CartGrid3D::CartGrid3D_ApplyBC: Apply symmetry boundary conditions
            ReflectionSymmetry::ReflectionSymmetry_Apply: Apply reflection symmetries
          Boundary::Boundary_ClearSelection: [level] Unselect all grid variables for boundary conditions
        LeanBSSNMoL::LeanBSSN_bssn2adm: [local] Convert variables back to the ADM ones
        GROUP ADMBase_SetADMVars: Set the ADM variables before this group, and use them afterwards
        MagScalarEvolve::MagScalar_Boundaries: [level] MoL boundary enforcement for MagScalar variables
        GROUP MagScalar_ApplyBCs: Apply boundary conditions
          GROUP BoundaryConditions: Execute all boundary conditions
            Boundary::Boundary_ApplyPhysicalBCs: Apply all requested local physical boundary conditions
            CartGrid3D::CartGrid3D_ApplyBC: Apply symmetry boundary conditions
            ReflectionSymmetry::ReflectionSymmetry_Apply: Apply reflection symmetries
          Boundary::Boundary_ClearSelection: [level] Unselect all grid variables for boundary conditions
        GROUP SetTmunu: Group for calculating the stress-energy tensor
          TmunuBase::TmunuBase_ZeroTmunu: Initialise the stress-energy tensor to zero
          GROUP AddToTmunu: Add to the stress-energy tensor here
            MagScalarEvolve::MagScalar_AddToTmunu: Compute the energy-momentum tensor
      GROUP MoL_PseudoEvolutionBoundaries: Apply boundary conditions to pseudo-evolved quantities
      GROUP CalcNPProcaScalars_BC: Boundary conditions
        NPScalars_Proca::NPProca_Boundaries: [level] Symmetry boundary conditions
        GROUP ApplyBCs_NPProca: Apply boundary conditions
          GROUP BoundaryConditions: Execute all boundary conditions
            Boundary::Boundary_ApplyPhysicalBCs: Apply all requested local physical boundary conditions
            CartGrid3D::CartGrid3D_ApplyBC: Apply symmetry boundary conditions
            ReflectionSymmetry::ReflectionSymmetry_Apply: Apply reflection symmetries
          Boundary::Boundary_ClearSelection: [level] Unselect all grid variables for boundary conditions
    [CCTK_POSTSTEP]
      AHFinderDirect::AHFinderDirect_import_mask: [global] [loop-local] import the excision mask
      AHFinderDirect::AHFinderDirect_find_horizons: [global] find apparent horizon(s) after this time step
      AHFinderDirect::AHFinderDirect_store: [global] store apparent horizon(s) into spherical surface(s)
      AHFinderDirect::AHFinderDirect_save: [global] save apparent horizon(s) into Cactus variables
      AHFinderDirect::AHFinderDirect_maybe_do_masks: set mask(s) based on apparent horizon position(s)
      SphericalSurface::SphericalSurface_Set: [global] Set surface radii
      GROUP SphericalSurface_HasBeenSet: Set the spherical surfaces before this group, and use it afterwards
        SphericalSurface::SphericalSurface_CheckState: [global] Test the state of the spherical surfaces
      GROUP zzz_NaNChecker_NaNCheck: Check for NaNs and count them in NaNChecker::NaNsFound
        NaNChecker::NaNChecker_NaNCheck_Prepare: [level] Prepare data structures to check for NaNs
        NaNChecker::NaNChecker_NaNCheck_Check: [local] Check for NaNs
        NaNChecker::NaNChecker_NaNCheck_Finish: [level] Count NaNs in NaNChecker::NaNsFound
      NaNChecker::NaNChecker_TakeAction: [global] [loop-level] Output NaNChecker::NaNmask and take action according to NaNChecker::action_if_found
      PunctureTracker::PunctureTracker_SetPositions: [global] Copy puncture positions to spherical surfaces
      SpaceMask::CheckMask: Ensure that all mask values are legal
      Dissipation::setup_epsdis: Setup spatially varying dissipation
      GROUP MaskBase_SetupMask: Set up the weight function
        GROUP MaskBase_SetupMaskAll: Set up the weight function
          CarpetReduce::MaskBase_AllocateMask: [global] Allocate the weight function
          CarpetReduce::MaskBase_InitMask: [global] [loop-local] Initialise the weight function
          GROUP SetupIMaskInternal: Set up the integer weight function (schedule other routines in here)
            CarpetReduce::CoordBase_SetupMask: [global] [loop-local] Set up the outer boundaries of the weight function
            CarpetReduce::CarpetMaskSetup: [global] [loop-singlemap] Set up the weight function for the restriction regions
          GROUP SetupIMask: Set up the integer weight function (schedule other routines in here)
            CarpetMask::CarpetExcludedSetup: [global] [loop-local] Set up the weight function for the excluded regions
            CarpetMask::CarpetSurfaceSetup: [global] [loop-local] Set up the weight function for the excluded spherical surfaces
          CarpetReduce::MaskBase_SetMask: [global] [loop-local] Set the weight function
          GROUP SetupMask: Set up the real weight function (schedule other routines in here)
          CarpetReduce::MaskBase_TestMask: [global] Test the weight function
    if (checkpoint)
      [CCTK_CHECKPOINT]
      CarpetIOHDF5::CarpetIOHDF5_EvolutionCheckpoint: [meta] Evolution checkpoint routine
      TimerReport::zzz_TimerReport_Checkpoint: [global] Print the timer report
    endif
    if (analysis)
      [CCTK_ANALYSIS]
      CarpetLib::CarpetLib_printtimestats: [global] Print timing statistics if desired
      CarpetLib::CarpetLib_printmemstats: [global] Print memory statistics if desired
      GROUP LeanBSSN_constraints: Compute constraints
        LeanBSSNMoL::LeanBSSN_bssn_constraints: Compute constraints
        LeanBSSNMoL::LeanBSSN_Constraints_Boundaries: [level] Enforce symmetry BCs in constraint computation
        GROUP LeanBSSN_Constraints_ApplyBCs: Apply boundary conditions
          GROUP BoundaryConditions: Execute all boundary conditions
            Boundary::Boundary_ApplyPhysicalBCs: Apply all requested local physical boundary conditions
            CartGrid3D::CartGrid3D_ApplyBC: Apply symmetry boundary conditions
            ReflectionSymmetry::ReflectionSymmetry_Apply: Apply reflection symmetries
          Boundary::Boundary_ClearSelection: [level] Unselect all grid variables for boundary conditions
      LoopControl::LC_statistics_analysis: [meta] Output LoopControl statistics
      GROUP MagScalar_constraints: Compute EMG constraints
        MagScalarEvolve::MagScalar_constraints: Compute constraints
        MagScalarEvolve::MagScalar_constraints_boundaries: [level] Enforce symmetry BCs in constraints computation
        GROUP MagScalar_constraints_ApplyBCs: Apply boundary conditions
          GROUP BoundaryConditions: Execute all boundary conditions
            Boundary::Boundary_ApplyPhysicalBCs: Apply all requested local physical boundary conditions
            CartGrid3D::CartGrid3D_ApplyBC: Apply symmetry boundary conditions
            ReflectionSymmetry::ReflectionSymmetry_Apply: Apply reflection symmetries
          Boundary::Boundary_ClearSelection: [level] Unselect all grid variables for boundary conditions
      MagScalarEvolve::MagScalar_analysis: Compute analysis quantities
      MagScalarEvolve::MagScalar_analysis_integrate: [global] Compute integrals of analysis quantities
      Multipole::Multipole_Calc: [global] Calculate Multipoles
      GROUP CalcNPProcaScalars: Calculate NPScalars
        NPScalars_Proca::NPProca_calcPsiGF: [local] calculate grid functions
        GROUP CalcNPProcaScalars_BC: Boundary conditions
          NPScalars_Proca::NPProca_Boundaries: [level] Symmetry boundary conditions
          GROUP ApplyBCs_NPProca: Apply boundary conditions
            GROUP BoundaryConditions: Execute all boundary conditions
              Boundary::Boundary_ApplyPhysicalBCs: Apply all requested local physical boundary conditions
              CartGrid3D::CartGrid3D_ApplyBC: Apply symmetry boundary conditions
              ReflectionSymmetry::ReflectionSymmetry_Apply: Apply reflection symmetries
            Boundary::Boundary_ClearSelection: [level] Unselect all grid variables for boundary conditions
      QuasiLocalMeasures::qlm_calculate: [global] Calculate quasi-local quantities
      SystemStatistics::SystemStatistics_Collect: [global] Collect system statistics
      TerminationTrigger::TerminationTrigger_CheckWalltime: Check elapsed job walltime
      TerminationTrigger::TerminationTrigger_CheckSignal: Check if we received a termination signal
      TerminationTrigger::TerminationTrigger_CheckFile: Check termination file
      TimerReport::zzz_TimerReport_Output: [global] Print the timer report
    endif
    Output grid variables
    enddo

  Termination routines
    [CCTK_TERMINATE]
      CarpetIOHDF5::CarpetIOHDF5_TerminationCheckpoint: [meta] Termination checkpoint routine
      LoopControl::LC_statistics_terminate: [meta] Output LoopControl statistics
      MoL::MoL_FreeIndexArrays: Free the MoL bookkeeping index arrays
      TimerReport::zzz_TimerReport_Output: [global] Print the timer report

  Shutdown routines
    [CCTK_SHUTDOWN]
      Timers::Timer_Shutdown: Prepare hierarchical timers

  Routines run after changing the grid hierarchy:
    [CCTK_POSTREGRID]
      SpaceMask::MaskZero: Initialise mask to zero
      CartGrid3D::SpatialCoordinates: Set Coordinates after regridding
      GROUP MaskBase_SetupMask: Set up the weight function
        GROUP MaskBase_SetupMaskAll: Set up the weight function
          CarpetReduce::MaskBase_AllocateMask: [global] Allocate the weight function
          CarpetReduce::MaskBase_InitMask: [global] [loop-local] Initialise the weight function
          GROUP SetupIMaskInternal: Set up the integer weight function (schedule other routines in here)
            CarpetReduce::CoordBase_SetupMask: [global] [loop-local] Set up the outer boundaries of the weight function
            CarpetReduce::CarpetMaskSetup: [global] [loop-singlemap] Set up the weight function for the restriction regions
          GROUP SetupIMask: Set up the integer weight function (schedule other routines in here)
            CarpetMask::CarpetExcludedSetup: [global] [loop-local] Set up the weight function for the excluded regions
            CarpetMask::CarpetSurfaceSetup: [global] [loop-local] Set up the weight function for the excluded spherical surfaces
          CarpetReduce::MaskBase_SetMask: [global] [loop-local] Set the weight function
          GROUP SetupMask: Set up the real weight function (schedule other routines in here)
          CarpetReduce::MaskBase_TestMask: [global] Test the weight function
      Dissipation::setup_epsdis: Setup spatially varying dissipation
      GROUP MoL_PostStep: Ensure that everything is correct after regridding
        LeanBSSNMoL::LeanBSSN_remove_trA: Remove trace of A
        LeanBSSNMoL::LeanBSSN_impose_conf_fac_floor: Make sure conformal factor does not drop below specified value
        LeanBSSNMoL::LeanBSSN_Boundaries: [level] MoL boundary enforcement
        GROUP LeanBSSN_ApplyBCs: Apply boundary conditions
          GROUP BoundaryConditions: Execute all boundary conditions
            Boundary::Boundary_ApplyPhysicalBCs: Apply all requested local physical boundary conditions
            CartGrid3D::CartGrid3D_ApplyBC: Apply symmetry boundary conditions
            ReflectionSymmetry::ReflectionSymmetry_Apply: Apply reflection symmetries
          Boundary::Boundary_ClearSelection: [level] Unselect all grid variables for boundary conditions
        LeanBSSNMoL::LeanBSSN_bssn2adm: [local] Convert variables back to the ADM ones
        GROUP ADMBase_SetADMVars: Set the ADM variables before this group, and use them afterwards
        MagScalarEvolve::MagScalar_Boundaries: [level] MoL boundary enforcement for MagScalar variables
        GROUP MagScalar_ApplyBCs: Apply boundary conditions
          GROUP BoundaryConditions: Execute all boundary conditions
            Boundary::Boundary_ApplyPhysicalBCs: Apply all requested local physical boundary conditions
            CartGrid3D::CartGrid3D_ApplyBC: Apply symmetry boundary conditions
            ReflectionSymmetry::ReflectionSymmetry_Apply: Apply reflection symmetries
          Boundary::Boundary_ClearSelection: [level] Unselect all grid variables for boundary conditions
        GROUP SetTmunu: Group for calculating the stress-energy tensor
          TmunuBase::TmunuBase_ZeroTmunu: Initialise the stress-energy tensor to zero
          GROUP AddToTmunu: Add to the stress-energy tensor here
            MagScalarEvolve::MagScalar_AddToTmunu: Compute the energy-momentum tensor
      GROUP MoL_PseudoEvolutionBoundaries: Apply boundary conditions to pseudo-evolved quantities
      GROUP CalcNPProcaScalars_BC: Boundary conditions
        NPScalars_Proca::NPProca_Boundaries: [level] Symmetry boundary conditions
        GROUP ApplyBCs_NPProca: Apply boundary conditions
          GROUP BoundaryConditions: Execute all boundary conditions
            Boundary::Boundary_ApplyPhysicalBCs: Apply all requested local physical boundary conditions
            CartGrid3D::CartGrid3D_ApplyBC: Apply symmetry boundary conditions
            ReflectionSymmetry::ReflectionSymmetry_Apply: Apply reflection symmetries
          Boundary::Boundary_ClearSelection: [level] Unselect all grid variables for boundary conditions
      SpaceMask::MaskOne: Set mask to one
      AHFinderDirect::AHFinderDirect_maybe_do_masks: set mask(s) based on apparent horizon position(s)
--------------------------------------------------------------------------------
INFO (Carpet): Multi-Model listing:
   model 0: "world"
INFO (Carpet): Multi-Model process distribution:
   process 0: model 0 "world"
INFO (Carpet): Multi-Model: This is process 0, model 0 "world"
INFO (CarpetLib): Process startup time was 1.99 seconds
Current core file size limit: hard=[unlimited], soft=[unlimited]
Current addres space size limit: hard=[unlimited], soft=[unlimited]
Current data segment size limit: hard=[unlimited], soft=[unlimited]
Current resident set size limit: hard=[unlimited], soft=[unlimited]
INFO (CycleClock): Measuring CycleClock tick via OpenMP...
INFO (CycleClock): Calibrated CycleClock: 0.333293 ns per clock tick (3.00037 GHz)
INFO (Vectors): Using vector size 1 for architecture scalar (no vectorisation, 64-bit precision)
INFO (hwloc): library version 2.12.0, API version 0x20c00
--------------------------------------------------------------------------------
AMR driver provided by Carpet
--------------------------------------------------------------------------------
AMR scalar I/O provided by CarpetIOScalar
--------------------------------------------------------------------------------
AMR 0D ASCII I/O provided by CarpetIOASCII
--------------------------------------------------------------------------------
AMR 1D ASCII I/O provided by CarpetIOASCII
--------------------------------------------------------------------------------
AMR 2D ASCII I/O provided by CarpetIOASCII
--------------------------------------------------------------------------------
AMR 3D ASCII I/O provided by CarpetIOASCII
--------------------------------------------------------------------------------
AMR info I/O provided by CarpetIOBasic
--------------------------------------------------------------------------------
MoL: Generalized time integration.
--------------------------------------------------------------------------------
AMR HDF5 I/O provided by CarpetIOHDF5
--------------------------------------------------------------------------------
AMR 0D HDF5 I/O provided by CarpetIOHDF5
--------------------------------------------------------------------------------
AMR 1D HDF5 I/O provided by CarpetIOHDF5
--------------------------------------------------------------------------------
AMR 2D HDF5 I/O provided by CarpetIOHDF5
--------------------------------------------------------------------------------
AMR 3D HDF5 I/O provided by CarpetIOHDF5
--------------------------------------------------------------------------------

INFO (Carpet): MPI is enabled
INFO (Carpet): Carpet is running on 1 processes
INFO (Carpet): This is process 0
INFO (Carpet): OpenMP is enabled
INFO (Carpet): This process contains 8 threads, this is thread 0
INFO (Carpet): There are 8 threads in total
INFO (Carpet): There are 8 threads per process
INFO (Carpet): This process runs on host gravitino, pid=1152
INFO (Carpet): This process runs on 8 cores: 0-7
INFO (Carpet): Thread 0 runs on 8 cores: 0-7
INFO (Carpet): Thread 1 runs on 8 cores: 0-7
INFO (Carpet): Thread 2 runs on 8 cores: 0-7
INFO (Carpet): Thread 3 runs on 8 cores: 0-7
INFO (Carpet): Thread 4 runs on 8 cores: 0-7
INFO (Carpet): Thread 5 runs on 8 cores: 0-7
INFO (Carpet): Thread 6 runs on 8 cores: 0-7
INFO (Carpet): Thread 7 runs on 8 cores: 0-7
INFO (Carpet): This simulation is running in 3 dimensions
INFO (Carpet): Boundary specification for map 0:
   nboundaryzones: [[3,3,3],[3,3,3]]
   is_internal   : [[0,0,0],[0,0,0]]
   is_staggered  : [[0,0,0],[0,0,0]]
   shiftout      : [[0,0,0],[0,0,0]]
INFO (Carpet): CoordBase domain specification for map 0:
   physical extent: [-16,-16,-16] : [16,16,16]   ([32,32,32])
   interior extent: [-15.875,-15.875,-15.875] : [15.875,15.875,15.875]   ([31.75,31.75,31.75])
   exterior extent: [-16.25,-16.25,-16.25] : [16.25,16.25,16.25]   ([32.5,32.5,32.5])
   base_spacing   : [0.125,0.125,0.125]
INFO (Carpet): Adapted domain specification for map 0:
   convergence factor: 2
   convergence level : 0
   physical extent   : [-16,-16,-16] : [16,16,16]   ([32,32,32])
   interior extent   : [-15.875,-15.875,-15.875] : [15.875,15.875,15.875]   ([31.75,31.75,31.75])
   exterior extent   : [-16.25,-16.25,-16.25] : [16.25,16.25,16.25]   ([32.5,32.5,32.5])
   spacing           : [0.125,0.125,0.125]
INFO (Carpet): Base grid specification for map 0:
   number of grid points             : [261,261,261]
   number of coarse grid ghost points: [[3,3,3],[3,3,3]]
INFO (Carpet): Buffer zone counts (excluding ghosts):
   [0]: [[0,0,0],[0,0,0]]
INFO (Carpet): Overlap zone counts:
   [0]: [[0,0,0],[0,0,0]]
INFO (Carpet): Group and variable statistics:
INFO (Carpet):    There are 747 grid functions in 72 groups
INFO (Carpet):    There are 739 grid scalars in 70 groups
INFO (Carpet):    There are 111 1-dimensional grid arrays in 10 groups
INFO (Carpet):    There are 76 2-dimensional grid arrays in 18 groups
INFO (Carpet):    There are 6 3-dimensional grid arrays in 1 groups
INFO (Carpet):    (The number of variables counts all time levels)
INFO (CarpetIOASCII): I/O Method 'IOASCII_0D' registered: 0D AMR output of grid variables to ASCII files
INFO (CarpetIOASCII): I/O Method 'IOASCII_1D' registered: 1D AMR output of grid variables to ASCII files
INFO (CarpetIOASCII): I/O Method 'IOASCII_2D' registered: 2D AMR output of grid variables to ASCII files
INFO (CarpetIOASCII): I/O Method 'IOASCII_3D' registered: 3D AMR output of grid variables to ASCII files
WARNING[L1,P0] (Cactus): Attempt to create a directory with an empty or NULL string
WARNING[L1,P0] (Cactus): Attempt to create a directory with an empty or NULL string
WARNING[L1,P0] (CarpetIOHDF5): Problem creating HDF5 output directory ''
INFO (CarpetIOHDF5): I/O Method 'IOHDF5' registered: AMR output of grid variables to HDF5 files
INFO (CarpetIOHDF5): I/O Method 'IOHDF5_0D' registered: 0D AMR output of grid variables to HDF5 files
INFO (CarpetIOHDF5): I/O Method 'IOHDF5_1D' registered: 1D AMR output of grid variables to HDF5 files
INFO (CarpetIOHDF5): I/O Method 'IOHDF5_2D' registered: 2D AMR output of grid variables to HDF5 files
INFO (CarpetIOHDF5): I/O Method 'IOHDF5_3D' registered: 3D AMR output of grid variables to HDF5 files
INFO (CarpetIOHDF5): Periodic 3D AMR output requested for:
   MAGSCALAREVOLVE::rho_e
   MAGSCALAREVOLVE::rho_phi
   SPACEMASK::space_mask
INFO (MoL): Using Runge-Kutta 4 as the time integrator.
INFO (MoL): The maximum number of evolved variables is 1117. 37 are registered.
INFO (MoL): The maximum number of slow evolved variables is 1117. 0 are registered.
INFO (MoL): The maximum number of constrained variables is 1117. 12 are registered.
INFO (MoL): The maximum number of SandR variables is 1117. 0 are registered.
INFO (MoL): The maximum number of evolved array variables is 1117. 0 are registered.
INFO (MoL): The maximum number of constrained array variables is 1117. 0 are registered.
INFO (MoL): The maximum number of SandR array variables is 1117. 0 are registered.
INFO (MoL): The maximum size of any array variables is 0.
INFO (Vectors): Testing vectorisation... [errors may result in segfaults]
INFO (Vectors): 101/101 tests passed 
INFO (Carpet): Grid structure (superregions, grid points):
   [0][0][0]   exterior: [0,0,0] : [260,260,260]   ([261,261,261] + PADDING) 17779581
INFO (Carpet): Grid structure (superregions, coordinates):
   [0][0][0]   exterior: [-16.25,-16.25,-16.25] : [16.25,16.25,16.25] : [0.125,0.125,0.125]
INFO (Carpet): Global grid structure statistics:
INFO (Carpet): GF: rhs: 16581k active, 16581k owned (+0%), 17780k total (+7%), 1 steps/time
INFO (Carpet): GF: vars: 278, pts: 4610M active, 4610M owned (+0%), 4943M total (+7%), 1.0 comp/proc
INFO (Carpet): GA: vars: 913, pts: 1M active, 1M total (+0%)
INFO (Carpet): Total required memory: 39.406 GByte (for GAs and currently active GFs)
INFO (Carpet): Load balance:  min     avg     max     sdv     max/avg-1
INFO (Carpet): Level  0:    4610M   4610M   4610M      0M owned      0%
INFO (CartGrid3D): Grid Spacings:
INFO (CartGrid3D): dx=>1.2500000e-01  dy=>1.2500000e-01  dz=>1.2500000e-01
INFO (CartGrid3D): Computational Coordinates:
INFO (CartGrid3D): x=>[-16.250,16.250]  y=>[-16.250,16.250]  z=>[-16.250,16.250]
INFO (CartGrid3D): Indices of Physical Coordinates:
INFO (CartGrid3D): x=>[0,260]  y=>[0,260]  z=>[0,260]
INFO (AHFinderDirect): setting up AHFinderDirect data structures
INFO (AHFinderDirect):            to search for 6 horizons on 1 processor
INFO (AHFinderDirect):       constructing full sphere patch system
INFO (AHFinderDirect):                    at origin (0,0,0)
INFO (AHFinderDirect):                    with 18 angular zones per right angle
INFO (AHFinderDirect):       ==> 2166 nominal, 3174 ghosted angular grid points
INFO (AHFinderDirect):       constructing full sphere patch system
INFO (AHFinderDirect):                    at origin (0,0,0)
INFO (AHFinderDirect):                    with 18 angular zones per right angle
INFO (AHFinderDirect):       ==> 2166 nominal, 3174 ghosted angular grid points
INFO (AHFinderDirect):       constructing full sphere patch system
INFO (AHFinderDirect):                    at origin (0,0,0)
INFO (AHFinderDirect):                    with 18 angular zones per right angle
INFO (AHFinderDirect):       ==> 2166 nominal, 3174 ghosted angular grid points
INFO (AHFinderDirect):       constructing full sphere patch system
INFO (AHFinderDirect):                    at origin (0,0,0)
INFO (AHFinderDirect):                    with 18 angular zones per right angle
INFO (AHFinderDirect):       ==> 2166 nominal, 3174 ghosted angular grid points
INFO (AHFinderDirect):       constructing full sphere patch system
INFO (AHFinderDirect):                    at origin (0,0,0)
INFO (AHFinderDirect):                    with 18 angular zones per right angle
INFO (AHFinderDirect):       ==> 2166 nominal, 3174 ghosted angular grid points
INFO (AHFinderDirect):       constructing full sphere patch system
INFO (AHFinderDirect):                    at origin (0,0,0)
INFO (AHFinderDirect):                    with 18 angular zones per right angle
INFO (AHFinderDirect):       ==> 2166 nominal, 3174 ghosted angular grid points
INFO (TerminationTrigger): Reminding you every 0 minutes about remaining walltime
INFO (Time): Timestep set to 0.05 (courant_static)
INFO (MagScalarInit): Step size in input file, h=0.00166667
INFO (AHFinderDirect): proc 0: searching for horizons 1,2,3,4,5,6/6
-------------------
Iteration      Time
                   
-------------------
        0     0.000
INFO (Carpet): Terminating due to cctk_final_time at t = 0.000000
INFO (TimerReport): Timer Report before terminating at iteration 0 time 0
INFO (TimerReport): Top timers at iteration 0 time 0
======================================================================
    %    Time/s   Min/s   Max/s   Timer (gettimeofday)
======================================================================
100.0   81.4406 81.4406 81.4406   main/Initialise
100.0   81.4346 81.4346 81.4346   meta mode/meta mode/global mode
 85.2   69.3881 69.3881 69.3881   meta mode/meta mode/global mode/level(0)
 45.1   36.7359 36.7359 36.7359   main/Initialise/CallAnalysis
 36.9   30.0696 30.0696 30.0696   main/Initialise/CallInitial
 33.2   27.0710 27.0710 27.0710   main/Initialise/CallAnalysis/CCTK_ANALYSIS
 33.2   27.0707 27.0707 27.0707   main/Initialise/CallAnalysis/CCTK_ANALYSIS/CallFunction
 33.2   27.0699 27.0699 27.0699   main/Initialise/CallAnalysis/CCTK_ANALYSIS/CallFunction/thorns
 26.2   21.3026 21.3026 21.3026   main/Initialise/CallInitial/CCTK_POSTINITIAL
 26.2   21.3025 21.3025 21.3025   main/Initialise/CallInitial/CCTK_POSTINITIAL/CallFunction
 26.2   21.3019 21.3019 21.3019   main/Initialise/CallInitial/CCTK_POSTINITIAL/CallFunction/thorns
 24.6   19.9978 19.9978 19.9978   [0161] NPScalars_Proca: NPProca_calcPsiGF in CCTK_ANALYSIS
 24.6   19.9977 19.9977 19.9977   main/Initialise/CallAnalysis/CCTK_ANALYSIS/CallFunction/thorns/NPProca_calcPsiGF
 24.5   19.9666 19.9666 19.9666   [0122] NPScalars_Proca: NPProca_calcPsiGF in CCTK_POSTINITIAL
 24.5   19.9665 19.9665 19.9665   main/Initialise/CallInitial/CCTK_POSTINITIAL/CallFunction/thorns/NPProca_calcPsiGF
 18.0   14.6295 14.6295 14.6295   main/Initialise/CallPostInitial
 18.0   14.6293 14.6293 14.6293   main/Initialise/CallPostInitial/CCTK_POSTSTEP
 18.0   14.6291 14.6291 14.6291   main/Initialise/CallPostInitial/CCTK_POSTSTEP/CallFunction
 18.0   14.6285 14.6285 14.6285   main/Initialise/CallPostInitial/CCTK_POSTSTEP/CallFunction/thorns
 14.8   12.0398 12.0398 12.0398   [0125] AHFinderDirect: AHFinderDirect_find_horizons in CCTK_POSTSTEP
 14.8   12.0398 12.0398 12.0398   main/Initialise/CallPostInitial/CCTK_POSTSTEP/CallFunction/thorns/AHFinderDirect_find_horizons
 11.9    9.6643  9.6643  9.6643   main/Initialise/CallAnalysis/OutputGH
 11.9    9.6643  9.6643  9.6643   main/Initialise/CallAnalysis/OutputGH/OutputGH
 11.9    9.6638  9.6638  9.6638   main/Initialise/CallAnalysis/OutputGH/OutputGH/IOHDF5::IOHDF5_3D [9]
 11.9    9.6638  9.6638  9.6638   main/Initialise/CallAnalysis/OutputGH/OutputGH/IOHDF5::IOHDF5_3D [9]/OutputGH<3>
  8.2    6.6796  6.6796  6.6796   [0149] LeanBSSNMoL: LeanBSSN_bssn_constraints in CCTK_ANALYSIS
  8.2    6.6796  6.6796  6.6796   main/Initialise/CallAnalysis/CCTK_ANALYSIS/CallFunction/thorns/LeanBSSN_bssn_constraints
  6.6    5.3538  5.3538  5.3538   main/Initialise/CallInitial/CCTK_INITIAL
  6.6    5.3537  5.3537  5.3537   main/Initialise/CallInitial/CCTK_INITIAL/CallFunction
  6.6    5.3533  5.3533  5.3533   main/Initialise/CallInitial/CCTK_INITIAL/CallFunction/thorns
  5.4    4.4300  4.4300  4.4300   [0093] MagScalarInit: MagScalar_InitStatCloud in CCTK_INITIAL
  5.4    4.4300  4.4300  4.4300   main/Initialise/CallInitial/CCTK_INITIAL/CallFunction/thorns/MagScalar_InitStatCloud
  2.8    2.2661  2.2661  2.2661   [0132] NaNChecker: NaNChecker_NaNCheck_Check in CCTK_POSTSTEP
  2.8    2.2660  2.2660  2.2660   main/Initialise/CallPostInitial/CCTK_POSTSTEP/CallFunction/thorns/NaNChecker_NaNCheck_Check
  0.9    0.7704  0.7704  0.7704   main/Initialise/CallInitial/CCTK_BASEGRID
  0.9    0.7702  0.7702  0.7702   main/Initialise/CallInitial/CCTK_BASEGRID/CallFunction
  0.9    0.7690  0.7690  0.7690   main/Initialise/CallInitial/CCTK_BASEGRID/CallFunction/thorns
  0.8    0.6919  0.6919  0.6919   [0121] MagScalarEvolve: MagScalar_AddToTmunu in CCTK_POSTINITIAL
  0.8    0.6918  0.6918  0.6918   main/Initialise/CallInitial/CCTK_POSTINITIAL/CallFunction/thorns/MagScalar_AddToTmunu
  0.7    0.5967  0.5967  0.5967   [0101] LeanBSSNMoL: LeanBSSN_adm2bssn in CCTK_INITIAL
======================================================================
==================================================================================================================================================================================================
Thorn           | Scheduled routine in time bin           | gettimeofday [secs] | getrusage [secs] | cycle [secs] | cycle[avg] [secs] | cycle[sdv] [secs] | cycle[min] [secs] | cycle[max] [secs] 
==================================================================================================================================================================================================
Carpet          | Multi-model Startup routine             |          0.00029300 |       0.00025400 |   0.00000000 |        0.00000000 |        0.00000000 |        0.00000000 |        0.00000000 
CycleClock      | Set up CycleClock                       |          0.10001200 |       0.17333000 |   0.00000086 |        0.00000086 |        0.00000000 |        0.00000086 |        0.00000086 
LoopControl     | Set up LoopControl                      |          0.00000100 |       0.00000000 |   0.00000076 |        0.00000076 |        0.00000000 |        0.00000076 |        0.00000076 
Timers          | Prepare hierarchical timers             |          0.00000300 |       0.00000300 |   0.00000320 |        0.00000320 |        0.00000000 |        0.00000320 |        0.00000320 
Carpet          | Startup routine                         |          0.00000200 |       0.00000100 |   0.00000121 |        0.00000121 |        0.00000000 |        0.00000121 |        0.00000121 
IOUtil          | Startup routine                         |          0.00000100 |       0.00000100 |   0.00000088 |        0.00000088 |        0.00000000 |        0.00000088 |        0.00000088 
CarpetIOScalar  | Startup routine                         |          0.00000400 |       0.00000500 |   0.00000470 |        0.00000470 |        0.00000000 |        0.00000470 |        0.00000470 
CarpetInterp    | Startup routine                         |          0.00000100 |       0.00000100 |   0.00000044 |        0.00000044 |        0.00000000 |        0.00000044 |        0.00000044 
CarpetReduce    | Startup routine                         |          0.00001200 |       0.00001100 |   0.00001287 |        0.00001287 |        0.00000000 |        0.00001287 |        0.00001287 
CartGrid3D      | Register GH Extension for GridSymmetry  |          0.00000100 |       0.00000100 |   0.00000060 |        0.00000060 |        0.00000000 |        0.00000060 |        0.00000060 
CoordBase       | Register a GH extension to store the coo|          0.00000000 |       0.00000000 |   0.00000060 |        0.00000060 |        0.00000000 |        0.00000060 |        0.00000060 
AEILocalInterp  | register CCTK_InterpLocalUniform() inter|          0.00000200 |       0.00000100 |   0.00000132 |        0.00000132 |        0.00000000 |        0.00000132 |        0.00000132 
CarpetIOASCII   | Startup routine                         |          0.00002500 |       0.00002300 |   0.00002523 |        0.00002523 |        0.00000000 |        0.00002523 |        0.00002523 
LeanBSSNMoL     | Register slicing                        |          0.00000300 |       0.00000300 |   0.00000296 |        0.00000296 |        0.00000000 |        0.00000296 |        0.00000296 
LocalInterp     | register LocalInterp's interpolation ope|          0.00000000 |       0.00000000 |   0.00000058 |        0.00000058 |        0.00000000 |        0.00000058 |        0.00000058 
CarpetIOBasic   | Startup routine                         |          0.00000200 |       0.00000100 |   0.00000152 |        0.00000152 |        0.00000000 |        0.00000152 |        0.00000152 
MagScalarEvolve | Register the masks for excision         |          0.00000100 |       0.00000100 |   0.00000105 |        0.00000105 |        0.00000000 |        0.00000105 |        0.00000105 
MoL             | Startup banner                          |          0.00000000 |       0.00000100 |   0.00000060 |        0.00000060 |        0.00000000 |        0.00000060 |        0.00000060 
SymBase         | Register GH Extension for SymBase       |          0.00000300 |       0.00000200 |   0.00000226 |        0.00000226 |        0.00000000 |        0.00000226 |        0.00000226 
TerminationTrigg| Start signal handler                    |          0.00001200 |       0.00001100 |   0.00001210 |        0.00001210 |        0.00000000 |        0.00001210 |        0.00001210 
CarpetIOHDF5    | Startup routine                         |          0.00002600 |       0.00002400 |   0.00002669 |        0.00002669 |        0.00000000 |        0.00002669 |        0.00002669 
Vectors         | Print startup message                   |          0.00000200 |       0.00000300 |   0.00000267 |        0.00000267 |        0.00000000 |        0.00000267 |        0.00000267 
hwloc           | Output hwloc version                    |          0.00002000 |       0.00001900 |   0.00002053 |        0.00002053 |        0.00000000 |        0.00002053 |        0.00002053 
--------------------------------------------------------------------------------------------------------------------------------------------------------------------------------------------------
                | Total time for CCTK_STARTUP             |          0.10042600 |       0.17369600 |   0.00012361 |        0.00012361 |        0.00000000 |        0.00012361 |        0.00012361 
==================================================================================================================================================================================================
ADMBase         | Set up GF symmetries                    |          0.00002000 |       0.00000000 |   0.00002002 |        0.00002002 |        0.00000000 |        0.00002002 |        0.00002002 
Boundary        | Register boundary conditions that this t|          0.00001000 |       0.00000000 |   0.00000943 |        0.00000943 |        0.00000000 |        0.00000943 |        0.00000943 
CarpetRegrid2   | Initialise locations of refined regions |          0.00000800 |       0.00000000 |   0.00000821 |        0.00000821 |        0.00000000 |        0.00000821 |        0.00000821 
CartGrid3D      | Register coordinates for the Cartesian g|          0.00006200 |       0.00000000 |   0.00006182 |        0.00006182 |        0.00000000 |        0.00006182 |        0.00006182 
CoordGauge      | Initialize slicing, setup priorities for|          0.00000700 |       0.00000000 |   0.00000696 |        0.00000696 |        0.00000000 |        0.00000696 |        0.00000696 
CoordGauge      | Identify the slicing for the next iterat|          0.00000400 |       0.00000000 |   0.00000441 |        0.00000441 |        0.00000000 |        0.00000441 |        0.00000441 
MoL             | Set up the MoL bookkeeping index arrays |          0.00001900 |       0.00000000 |   0.00001860 |        0.00001860 |        0.00000000 |        0.00001860 |        0.00001860 
MoL             | Set the flag so it is ok to register wit|          0.00000400 |       0.00000000 |   0.00000415 |        0.00000415 |        0.00000000 |        0.00000415 |        0.00000415 
TmunuBase       | Set the stress_energy_state variable    |          0.00007800 |       0.00000000 |   0.00007759 |        0.00007759 |        0.00000000 |        0.00007759 |        0.00007759 
LeanBSSNMoL     | Register variables for MoL              |          0.00014400 |       0.00000000 |   0.00014385 |        0.00014385 |        0.00000000 |        0.00014385 |        0.00014385 
MagScalarEvolve | Register variables for MoL              |          0.00006600 |       0.00000000 |   0.00006647 |        0.00006647 |        0.00000000 |        0.00006647 |        0.00006647 
SpaceMask       | Set grid symmetries for mask            |          0.00000600 |       0.00000000 |   0.00000645 |        0.00000645 |        0.00000000 |        0.00000645 |        0.00000645 
SpaceMask       | Set grid symmetries for emask (compatibi|          0.00000900 |       0.00000000 |   0.00000875 |        0.00000875 |        0.00000000 |        0.00000875 |        0.00000875 
CartGrid3D      | Register symmetry boundaries            |          0.00004400 |       0.00000000 |   0.00004384 |        0.00004384 |        0.00000000 |        0.00004384 |        0.00004384 
ReflectionSymmet| Register reflection symmetry boundaries |          0.00000600 |       0.00000000 |   0.00000611 |        0.00000611 |        0.00000000 |        0.00000611 |        0.00000611 
SymBase         | Print symmetry boundary face description|          0.00000600 |       0.00000000 |   0.00000613 |        0.00000613 |        0.00000000 |        0.00000613 |        0.00000613 
MoL             | Report how many of each type of variable|          0.00006700 |       0.00000000 |   0.00006684 |        0.00006684 |        0.00000000 |        0.00006684 |        0.00006684 
--------------------------------------------------------------------------------------------------------------------------------------------------------------------------------------------------
                | Total time for CCTK_WRAGH               |          0.00056000 |       0.00000000 |   0.00055964 |        0.00055964 |        0.00000000 |        0.00055964 |        0.00055964 
==================================================================================================================================================================================================
ADMBase         | Check consistency of parameters         |          0.00002200 |       0.00000000 |   0.00002194 |        0.00002194 |        0.00000000 |        0.00002194 |        0.00002194 
Boundary        | Check dimension of grid variables       |          0.00000400 |       0.00000000 |   0.00000385 |        0.00000385 |        0.00000000 |        0.00000385 |        0.00000385 
Carpet          | Parameter checking routine              |          0.00002300 |       0.00000000 |   0.00000837 |        0.00000837 |        0.00000000 |        0.00000837 |        0.00000837 
CarpetLib       | Test prolongation operators             |          0.00001000 |       0.00000000 |   0.00001053 |        0.00001053 |        0.00000000 |        0.00001053 |        0.00001053 
CarpetMask      | Check parameters                        |          0.00000400 |       0.00000000 |   0.00000424 |        0.00000424 |        0.00000000 |        0.00000424 |        0.00000424 
CarpetRegrid2   | Check parameters                        |          0.00001000 |       0.00000000 |   0.00000958 |        0.00000958 |        0.00000000 |        0.00000958 |        0.00000958 
CartGrid3D      | Check coordinates for CartGrid3D        |          0.00001900 |       0.00000000 |   0.00001815 |        0.00001815 |        0.00000000 |        0.00001815 |        0.00001815 
Dissipation     | Check dissipation parameters for consist|          0.00000600 |       0.00000000 |   0.00000592 |        0.00000592 |        0.00000000 |        0.00000592 |        0.00000592 
Fortran         | Test whether Fortran parameters work cor|          0.00000400 |       0.00000000 |   0.00000412 |        0.00000412 |        0.00000000 |        0.00000412 |        0.00000412 
LeanBSSNMoL     | Check Lean parameters for consistency   |          0.00000400 |       0.00000000 |   0.00000394 |        0.00000394 |        0.00000000 |        0.00000394 |        0.00000394 
MoL             | Basic parameter checking                |          0.00002100 |       0.00000000 |   0.00000468 |        0.00000468 |        0.00000000 |        0.00000468 |        0.00000468 
Multipole       | Check Multipole parameters              |          0.00000500 |       0.00000000 |   0.00000559 |        0.00000559 |        0.00000000 |        0.00000559 |        0.00000559 
QuasiLocalMeasur| Check quasi-local parameter settings    |          0.00040300 |       0.00000000 |   0.00040294 |        0.00040294 |        0.00000000 |        0.00040294 |        0.00040294 
SphericalSurface| Check that all surface names are unique |          0.00000600 |       0.00000000 |   0.00000535 |        0.00000535 |        0.00000000 |        0.00000535 |        0.00000535 
TerminationTrigg| Check consitency of parameters          |          0.00000500 |       0.00000000 |   0.00000440 |        0.00000440 |        0.00000000 |        0.00000440 |        0.00000440 
TmunuBase       | Check that no deprecated parameters are |          0.00000500 |       0.00000000 |   0.00000536 |        0.00000536 |        0.00000000 |        0.00000536 |        0.00000536 
Vectors         | Run correctness tests.                  |          0.00001800 |       0.00000000 |   0.00001784 |        0.00001784 |        0.00000000 |        0.00001784 |        0.00001784 
--------------------------------------------------------------------------------------------------------------------------------------------------------------------------------------------------
                | Total time for CCTK_PARAMCHECK          |          0.00056900 |       0.00000000 |   0.00053679 |        0.00053679 |        0.00000000 |        0.00053679 |        0.00053679 
==================================================================================================================================================================================================
ADMBase         | Set the shift_state variable to 1       |          0.00002700 |       0.00002700 |   0.00002731 |        0.00002731 |        0.00000000 |        0.00002731 |        0.00002731 
ADMBase         | Set the dtlapse_state variable to 1     |          0.00002000 |       0.00002000 |   0.00001990 |        0.00001990 |        0.00000000 |        0.00001990 |        0.00001990 
ADMBase         | Set the dtshift_state variable to 1     |          0.00001900 |       0.00001900 |   0.00001929 |        0.00001929 |        0.00000000 |        0.00001929 |        0.00001929 
ADMMacros       | Initialize the local_spatial_order      |          0.00002000 |       0.00002000 |   0.00001948 |        0.00001948 |        0.00000000 |        0.00001948 |        0.00001948 
CartGrid3D      | Set up ranges for spatial 3D Cartesian c|          0.00004600 |       0.00004600 |   0.00004656 |        0.00004656 |        0.00000000 |        0.00004656 |        0.00004656 
CartGrid3D      | Set up spatial 3D Cartesian coordinates |          0.05827700 |       0.01783900 |   0.05827628 |        0.05827628 |        0.00000000 |        0.05827628 |        0.05827628 
SphericalSurface| Set surface resolution automatically    |          0.00006400 |       0.00005400 |   0.00006353 |        0.00006353 |        0.00000000 |        0.00006353 |        0.00006353 
AHFinderDirect  | setup data structures                   |          0.00341900 |       0.00003800 |   0.00341864 |        0.00341864 |        0.00000000 |        0.00341864 |        0.00341864 
Dissipation     | Ensure that there are enough ghost zones|          0.01247300 |       0.00250000 |   0.01247213 |        0.01247213 |        0.00000000 |        0.01247213 |        0.01247213 
LeanBSSNMoL     | Register symmetries of the BSSN grid fun|          0.00013600 |       0.00011500 |   0.00013543 |        0.00013543 |        0.00000000 |        0.00013543 |        0.00013543 
LeanBSSNMoL     | Set all rhs functions to zero to prevent|          0.26724800 |       0.08243800 |   0.26724321 |        0.26724321 |        0.00000000 |        0.26724321 |        0.26724321 
MagScalarBase   | Register symmetries of the grid function|          0.00005700 |       0.00003900 |   0.00005636 |        0.00005636 |        0.00000000 |        0.00005636 |        0.00005636 
MagScalarEvolve | Schedule symmetries                     |          0.00026400 |       0.00018300 |   0.00026459 |        0.00026459 |        0.00000000 |        0.00026459 |        0.00026459 
MagScalarEvolve | set all rhs functions to zero to prevent|          0.20398900 |       0.04961100 |   0.20398527 |        0.20398527 |        0.00000000 |        0.20398527 |        0.20398527 
NPScalars_Proca | Set symmetries for grid functions       |          0.00022100 |       0.00013500 |   0.00022043 |        0.00022043 |        0.00000000 |        0.00022043 |        0.00022043 
NaNChecker      | Reset the NaNChecker::NaNsFound counter |          0.00001100 |       0.00000700 |   0.00001102 |        0.00001102 |        0.00000000 |        0.00001102 |        0.00001102 
SpaceMask       | Initialise mask to zero                 |          0.01258200 |       0.00618600 |   0.01258195 |        0.01258195 |        0.00000000 |        0.01258195 |        0.01258195 
SpaceMask       | Set old style mask to one               |          0.01249500 |       0.00278400 |   0.01249444 |        0.01249444 |        0.00000000 |        0.01249444 |        0.01249444 
SphericalSurface| Calculate surface coordinate descriptors|          0.00002400 |       0.00001500 |   0.00002432 |        0.00002432 |        0.00000000 |        0.00002432 |        0.00002432 
CarpetReduce    | Allocate the weight function            |          0.00005700 |       0.00003400 |   0.00005684 |        0.00005684 |        0.00000000 |        0.00005684 |        0.00005684 
CarpetReduce    | Initialise the weight function          |          0.03428100 |       0.04268900 |   0.03428046 |        0.03428046 |        0.00000000 |        0.03428046 |        0.03428046 
CarpetReduce    | Set up the outer boundaries of the weigh|          0.00257000 |       0.02683200 |   0.00256967 |        0.00256967 |        0.00000000 |        0.00256967 |        0.00256967 
CarpetReduce    | Set up the weight function for the restr|          0.00005600 |       0.00003000 |   0.00005572 |        0.00005572 |        0.00000000 |        0.00005572 |        0.00005572 
CarpetMask      | Set up the weight function for the exclu|          0.00003400 |       0.00001800 |   0.00003347 |        0.00003347 |        0.00000000 |        0.00003347 |        0.00003347 
CarpetMask      | Set up the weight function for the exclu|          0.00003100 |       0.00001600 |   0.00003141 |        0.00003141 |        0.00000000 |        0.00003141 |        0.00003141 
CarpetReduce    | Set the weight function                 |          0.12541100 |       0.07202400 |   0.12540853 |        0.12540853 |        0.00000000 |        0.12540853 |        0.12540853 
CarpetReduce    | Test the weight function                |          0.03612400 |       0.10644800 |   0.03612329 |        0.03612329 |        0.00000000 |        0.03612329 |        0.03612329 
SphericalSurface| Set surface radii to be used for initial|          0.00001700 |       0.00000000 |   0.00001672 |        0.00001672 |        0.00000000 |        0.00001672 |        0.00001672 
SphericalSurface| Test the state of the spherical surfaces|          0.00001000 |       0.00000000 |   0.00000988 |        0.00000988 |        0.00000000 |        0.00000988 |        0.00000988 
SymBase         | Check whether the driver set up the grid|          0.00004000 |       0.00000000 |   0.00003992 |        0.00003992 |        0.00000000 |        0.00003992 |        0.00003992 
TerminationTrigg| Clear trigger state                     |          0.00002100 |       0.00000000 |   0.00002115 |        0.00002115 |        0.00000000 |        0.00002115 |        0.00002115 
TerminationTrigg| Start timer                             |          0.00003100 |       0.00000000 |   0.00003151 |        0.00003151 |        0.00000000 |        0.00003151 |        0.00003151 
TerminationTrigg| Create termination file                 |          0.00010400 |       0.00000000 |   0.00010385 |        0.00010385 |        0.00000000 |        0.00010385 |        0.00010385 
Time            | Initialise Time variables               |          0.00001000 |       0.00000000 |   0.00001044 |        0.00001044 |        0.00000000 |        0.00001044 |        0.00001044 
Time            | Set timestep based on Courant condition |          0.00002400 |       0.00000000 |   0.00002484 |        0.00002484 |        0.00000000 |        0.00002484 |        0.00002484 
--------------------------------------------------------------------------------------------------------------------------------------------------------------------------------------------------
                | Total time for CCTK_BASEGRID            |          0.77021300 |       0.41016700 |   0.77019786 |        0.77019786 |        0.00000000 |        0.77019786 |        0.77019786 
==================================================================================================================================================================================================
StaticConformal | Set the conformal_state variable to 0   |          0.00002700 |       0.00000000 |   0.00002709 |        0.00002709 |        0.00000000 |        0.00002709 |        0.00002709 
MagScalarInit   | Initial data for a static scalar cloud s|          4.43004300 |       4.15925700 |   4.42996035 |        4.42996035 |        0.00000000 |        4.42996035 |        4.42996035 
ADMBase         | Set the shift to 0 at all points        |          0.14015300 |       0.08008600 |   0.14015018 |        0.14015018 |        0.00000000 |        0.14015018 |        0.14015018 
ADMBase         | Set the dtlapse to 0 at all points      |          0.04651600 |       0.02321800 |   0.04651472 |        0.04651472 |        0.00000000 |        0.04651472 |        0.04651472 
ADMBase         | Set the dtshift to 0 at all points      |          0.14002500 |       0.07001000 |   0.14002282 |        0.14002282 |        0.00000000 |        0.14002282 |        0.14002282 
CarpetIOASCII   | Initialisation routine                  |          0.00001700 |       0.00001200 |   0.00001723 |        0.00001723 |        0.00000000 |        0.00001723 |        0.00001723 
CarpetIOBasic   | Initialisation routine                  |          0.00001000 |       0.00000700 |   0.00001011 |        0.00001011 |        0.00000000 |        0.00001011 |        0.00001011 
CarpetIOHDF5    | Initialisation routine                  |          0.00001000 |       0.00000700 |   0.00000940 |        0.00000940 |        0.00000000 |        0.00000940 |        0.00000940 
CarpetIOScalar  | Initialisation routine                  |          0.00001000 |       0.00000700 |   0.00000952 |        0.00000952 |        0.00000000 |        0.00000952 |        0.00000952 
LeanBSSNMoL     | Convert initial data into BSSN variables|          0.59665600 |       3.44621200 |   0.59664520 |        0.59664520 |        0.00000000 |        0.59664520 |        0.59664520 
LeanBSSNMoL     | Boundary enforcement                    |          0.00008100 |       0.00005900 |   0.00008109 |        0.00008109 |        0.00000000 |        0.00008109 |        0.00008109 
MoL             | Initialise the step size control        |          0.00000600 |       0.00000400 |   0.00000572 |        0.00000572 |        0.00000000 |        0.00000572 |        0.00000572 
PunctureTracker | Calculate initial location of punctures |          0.00001300 |       0.00001000 |   0.00001362 |        0.00001362 |        0.00000000 |        0.00001362 |        0.00001362 
QuasiLocalMeasur| Initialise quasi-local calculations     |          0.00006100 |       0.00004500 |   0.00006171 |        0.00006171 |        0.00000000 |        0.00006171 |        0.00006171 
Boundary        | Apply all requested local physical bound|          0.00004400 |       0.00003200 |   0.00004392 |        0.00004392 |        0.00000000 |        0.00004392 |        0.00004392 
CartGrid3D      | Apply symmetry boundary conditions      |          0.00002800 |       0.00002000 |   0.00002784 |        0.00002784 |        0.00000000 |        0.00002784 |        0.00002784 
ReflectionSymmet| Apply reflection symmetries             |          0.00003400 |       0.00002400 |   0.00003323 |        0.00003323 |        0.00000000 |        0.00003323 |        0.00003323 
Boundary        | Unselect all grid variables for boundary|          0.00000500 |       0.00000400 |   0.00000570 |        0.00000570 |        0.00000000 |        0.00000570 |        0.00000570 
--------------------------------------------------------------------------------------------------------------------------------------------------------------------------------------------------
                | Total time for CCTK_INITIAL             |          5.35373900 |       7.77901400 |   5.35363944 |        5.35363944 |        0.00000000 |        5.35363944 |        5.35363944 
==================================================================================================================================================================================================
CarpetIOHDF5    | Close all filereader input files        |          0.00002600 |       0.00001800 |   0.00002527 |        0.00002527 |        0.00000000 |        0.00002527 |        0.00002527 
LeanBSSNMoL     | Remove trace of A                       |          0.09182500 |       0.71364500 |   0.09182302 |        0.09182302 |        0.00000000 |        0.09182302 |        0.09182302 
LeanBSSNMoL     | Make sure conformal factor does not drop|          0.00493300 |       0.05157600 |   0.00493259 |        0.00493259 |        0.00000000 |        0.00493259 |        0.00493259 
LeanBSSNMoL     | MoL boundary enforcement                |          0.00007100 |       0.00007100 |   0.00007121 |        0.00007121 |        0.00000000 |        0.00007121 |        0.00007121 
Boundary        | Apply all requested local physical bound|          0.03056600 |       0.03051900 |   0.03056509 |        0.01018836 |        0.02486838 |        0.00003139 |        0.03049331 
CartGrid3D      | Apply symmetry boundary conditions      |          0.00008600 |       0.00008000 |   0.00008538 |        0.00002846 |        0.00001656 |        0.00002009 |        0.00004185 
ReflectionSymmet| Apply reflection symmetries             |          0.00007400 |       0.00007000 |   0.00007498 |        0.00002499 |        0.00000465 |        0.00002227 |        0.00002865 
Boundary        | Unselect all grid variables for boundary|          0.00001300 |       0.00001300 |   0.00001337 |        0.00000446 |        0.00000210 |        0.00000335 |        0.00000614 
LeanBSSNMoL     | Convert variables back to the ADM ones  |          0.38936200 |       0.46996700 |   0.38935377 |        0.38935377 |        0.00000000 |        0.38935377 |        0.38935377 
MagScalarEvolve | MoL boundary enforcement for MagScalar v|          0.00005000 |       0.00003800 |   0.00005008 |        0.00005008 |        0.00000000 |        0.00005008 |        0.00005008 
TmunuBase       | Initialise the stress-energy tensor to z|          0.12696200 |       0.04012100 |   0.12695969 |        0.12695969 |        0.00000000 |        0.12695969 |        0.12695969 
MagScalarEvolve | Compute the energy-momentum tensor      |          0.69189700 |       5.40558900 |   0.69188337 |        0.69188337 |        0.00000000 |        0.69188337 |        0.69188337 
NPScalars_Proca | calculate grid functions                |         19.96661000 |      19.95170500 |  19.96619590 |       19.96619590 |        0.00000000 |       19.96619590 |       19.96619590 
NPScalars_Proca | Symmetry boundary conditions            |          0.00004700 |       0.00004300 |   0.00004684 |        0.00004684 |        0.00000000 |        0.00004684 |        0.00004684 
--------------------------------------------------------------------------------------------------------------------------------------------------------------------------------------------------
                | Total time for CCTK_POSTINITIAL         |         21.30252200 |      26.66345500 |  21.30208057 |       21.28158802 |        0.02489169 |       21.27141884 |       21.30191169 
==================================================================================================================================================================================================
CarpetIOHDF5    | Initial data checkpoint routine         |          0.00008800 |       0.00008500 |   0.00008833 |        0.00008833 |        0.00000000 |        0.00008833 |        0.00008833 
--------------------------------------------------------------------------------------------------------------------------------------------------------------------------------------------------
                | Total time for CCTK_CPINITIAL           |          0.00008800 |       0.00008500 |   0.00008833 |        0.00008833 |        0.00000000 |        0.00008833 |        0.00008833 
==================================================================================================================================================================================================
AHFinderDirect  | import the excision mask                |          0.01932000 |       0.01270800 |   0.01931976 |        0.01931976 |        0.00000000 |        0.01931976 |        0.01931976 
AHFinderDirect  | find apparent horizon(s) after this time|         12.03981800 |      54.07431500 |  12.03953713 |       12.03953713 |        0.00000000 |       12.03953713 |       12.03953713 
AHFinderDirect  | store apparent horizon(s) into spherical|          0.00001800 |       0.00001700 |   0.00001771 |        0.00001771 |        0.00000000 |        0.00001771 |        0.00001771 
AHFinderDirect  | save apparent horizon(s) into Cactus var|          0.00005700 |       0.00005500 |   0.00005743 |        0.00005743 |        0.00000000 |        0.00005743 |        0.00005743 
AHFinderDirect  | set mask(s) based on apparent horizon po|          0.01609200 |       0.08890900 |   0.01609114 |        0.01609114 |        0.00000000 |        0.01609114 |        0.01609114 
SphericalSurface| Set surface radii                       |          0.00001300 |       0.00001300 |   0.00001315 |        0.00001315 |        0.00000000 |        0.00001315 |        0.00001315 
SphericalSurface| Test the state of the spherical surfaces|          0.00001200 |       0.00001000 |   0.00001214 |        0.00001214 |        0.00000000 |        0.00001214 |        0.00001214 
NaNChecker      | Prepare data structures to check for NaN|          0.00000700 |       0.00000700 |   0.00000677 |        0.00000677 |        0.00000000 |        0.00000677 |        0.00000677 
NaNChecker      | Check for NaNs                          |          2.26609900 |      18.10300200 |   2.26604446 |        2.26604446 |        0.00000000 |        2.26604446 |        2.26604446 
NaNChecker      | Count NaNs in NaNChecker::NaNsFound     |          0.00001700 |       0.00001700 |   0.00001687 |        0.00001687 |        0.00000000 |        0.00001687 |        0.00001687 
NaNChecker      | Output NaNChecker::NaNmask and take acti|          0.00002000 |       0.00002100 |   0.00002045 |        0.00002045 |        0.00000000 |        0.00002045 |        0.00002045 
PunctureTracker | Copy puncture positions to spherical sur|          0.00001200 |       0.00001100 |   0.00001151 |        0.00001151 |        0.00000000 |        0.00001151 |        0.00001151 
SpaceMask       | Ensure that all mask values are legal   |          0.01338000 |       0.10521500 |   0.01337987 |        0.01337987 |        0.00000000 |        0.01337987 |        0.01337987 
Dissipation     | Setup spatially varying dissipation     |          0.01025300 |       0.01025000 |   0.01025308 |        0.01025308 |        0.00000000 |        0.01025308 |        0.01025308 
CarpetReduce    | Allocate the weight function            |          0.00004400 |       0.00004400 |   0.00004388 |        0.00004388 |        0.00000000 |        0.00004388 |        0.00004388 
CarpetReduce    | Initialise the weight function          |          0.03130200 |       0.08619100 |   0.03130099 |        0.03130099 |        0.00000000 |        0.03130099 |        0.03130099 
CarpetReduce    | Set up the outer boundaries of the weigh|          0.00247600 |       0.02572100 |   0.00247571 |        0.00247571 |        0.00000000 |        0.00247571 |        0.00247571 
CarpetReduce    | Set up the weight function for the restr|          0.00005800 |       0.00005700 |   0.00005738 |        0.00005738 |        0.00000000 |        0.00005738 |        0.00005738 
CarpetMask      | Set up the weight function for the exclu|          0.00003600 |       0.00003600 |   0.00003589 |        0.00003589 |        0.00000000 |        0.00003589 |        0.00003589 
CarpetMask      | Set up the weight function for the exclu|          0.11791200 |       0.93316100 |   0.11790897 |        0.11790897 |        0.00000000 |        0.11790897 |        0.11790897 
CarpetReduce    | Set the weight function                 |          0.07711000 |       0.23547200 |   0.07710728 |        0.07710728 |        0.00000000 |        0.07710728 |        0.07710728 
CarpetReduce    | Test the weight function                |          0.03509300 |       0.12160700 |   0.03509227 |        0.03509227 |        0.00000000 |        0.03509227 |        0.03509227 
--------------------------------------------------------------------------------------------------------------------------------------------------------------------------------------------------
                | Total time for CCTK_POSTSTEP            |         14.62914900 |      73.79683900 |  14.62880385 |       14.62880385 |        0.00000000 |       14.62880385 |       14.62880385 
==================================================================================================================================================================================================
CarpetLib       | Print timing statistics if desired      |          0.00001700 |       0.00001600 |   0.00001631 |        0.00001631 |        0.00000000 |        0.00001631 |        0.00001631 
CarpetLib       | Print memory statistics if desired      |          0.00001000 |       0.00001000 |   0.00000988 |        0.00000988 |        0.00000000 |        0.00000988 |        0.00000988 
LeanBSSNMoL     | Compute constraints                     |          6.67960500 |      51.99519200 |   6.67943914 |        6.67943914 |        0.00000000 |        6.67943914 |        6.67943914 
LeanBSSNMoL     | Enforce symmetry BCs in constraint compu|          0.00007800 |       0.00007500 |   0.00007748 |        0.00007748 |        0.00000000 |        0.00007748 |        0.00007748 
Boundary        | Apply all requested local physical bound|          0.06478400 |       0.18500800 |   0.06478182 |        0.02159394 |        0.01797976 |        0.00702072 |        0.03041412 
CartGrid3D      | Apply symmetry boundary conditions      |          0.00012800 |       0.00012600 |   0.00012846 |        0.00004282 |        0.00000998 |        0.00003643 |        0.00005039 
ReflectionSymmet| Apply reflection symmetries             |          0.00007100 |       0.00007100 |   0.00007203 |        0.00002401 |        0.00000560 |        0.00002014 |        0.00002806 
Boundary        | Unselect all grid variables for boundary|          0.00001500 |       0.00001300 |   0.00001360 |        0.00000453 |        0.00000290 |        0.00000329 |        0.00000690 
LoopControl     | Output LoopControl statistics           |          0.00014900 |       0.00014400 |   0.00014848 |        0.00014848 |        0.00000000 |        0.00014848 |        0.00014848 
MagScalarEvolve | Compute constraints                     |          0.11102700 |       0.60285200 |   0.11102436 |        0.11102436 |        0.00000000 |        0.11102436 |        0.11102436 
MagScalarEvolve | Enforce symmetry BCs in constraints comp|          0.00004100 |       0.00004000 |   0.00004109 |        0.00004109 |        0.00000000 |        0.00004109 |        0.00004109 
MagScalarEvolve | Compute analysis quantities             |          0.14683100 |       0.63912900 |   0.14682791 |        0.14682791 |        0.00000000 |        0.14682791 |        0.14682791 
MagScalarEvolve | Compute integrals of analysis quantities|          0.06976000 |       0.16441600 |   0.06975797 |        0.06975797 |        0.00000000 |        0.06975797 |        0.06975797 
Multipole       | Calculate Multipoles                    |          0.00022300 |       0.00021600 |   0.00022341 |        0.00022341 |        0.00000000 |        0.00022341 |        0.00022341 
NPScalars_Proca | calculate grid functions                |         19.99775100 |      19.99040300 |  19.99722002 |       19.99722002 |        0.00000000 |       19.99722002 |       19.99722002 
NPScalars_Proca | Symmetry boundary conditions            |          0.00004900 |       0.00004800 |   0.00004816 |        0.00004816 |        0.00000000 |        0.00004816 |        0.00004816 
SystemStatistics| Collect system statistics               |          0.00013000 |       0.00013000 |   0.00012967 |        0.00012967 |        0.00000000 |        0.00012967 |        0.00012967 
TerminationTrigg| Check elapsed job walltime              |          0.00002900 |       0.00002900 |   0.00002860 |        0.00002860 |        0.00000000 |        0.00002860 |        0.00002860 
TerminationTrigg| Check if we received a termination signa|          0.00002400 |       0.00002400 |   0.00002419 |        0.00002419 |        0.00000000 |        0.00002419 |        0.00002419 
TerminationTrigg| Check termination file                  |          0.00004100 |       0.00004100 |   0.00004081 |        0.00004081 |        0.00000000 |        0.00004081 |        0.00004081 
TimerReport     | Print the timer report                  |          0.00001300 |       0.00001300 |   0.00001258 |        0.00001258 |        0.00000000 |        0.00001258 |        0.00001258 
--------------------------------------------------------------------------------------------------------------------------------------------------------------------------------------------------
                | Total time for CCTK_ANALYSIS            |         27.07077600 |      73.57799600 |  27.07006597 |       27.02673536 |        0.01799824 |       27.01215064 |       27.03556953 
==================================================================================================================================================================================================
CarpetIOHDF5    | Termination checkpoint routine          |          0.00011900 |       0.00011900 |   0.00011864 |        0.00011864 |        0.00000000 |        0.00011864 |        0.00011864 
LoopControl     | Output LoopControl statistics           |          0.00005400 |       0.00005300 |   0.00005371 |        0.00005371 |        0.00000000 |        0.00005371 |        0.00005371 
MoL             | Free the MoL bookkeeping index arrays   |          0.00004100 |       0.00004100 |   0.00004087 |        0.00004087 |        0.00000000 |        0.00004087 |        0.00004087 
TimerReport     | Print the timer report                  |          0.00538100 |       0.00537800 |   0.00538033 |        0.00538033 |        0.00000000 |        0.00538033 |        0.00538033 
--------------------------------------------------------------------------------------------------------------------------------------------------------------------------------------------------
                | Total time for CCTK_TERMINATE           |          0.00559500 |       0.00559100 |   0.00559355 |        0.00559355 |        0.00000000 |        0.00559355 |        0.00559355 
==================================================================================================================================================================================================
Timers          | Prepare hierarchical timers             |          0.00012600 |       0.00012600 |   0.00012617 |        0.00012617 |        0.00000000 |        0.00012617 |        0.00012617 
--------------------------------------------------------------------------------------------------------------------------------------------------------------------------------------------------
                | Total time for CCTK_SHUTDOWN            |          0.00012600 |       0.00012600 |   0.00012617 |        0.00012617 |        0.00000000 |        0.00012617 |        0.00012617 
==================================================================================================================================================================================================
--------------------------------------------------------------------------------------------------------------------------------------------------------------------------------------------------
                | Total time for simulation               |         81.44649600 |     193.39438100 |  81.44455581 |       81.44455581 |        0.00000000 |       81.44455581 |       81.44455581 
==================================================================================================================================================================================================
--------------------------------------------------------------------------------
Done.
