--------------------------------------------------------------------------------

       10                                  
  1   0101       ************************  
  01  1010 10      The Cactus Code V4.16.0    
 1010 1101 011      www.cactuscode.org     
  1001 100101    ************************  
    00010101                               
     100011     (c) Copyright The Authors  
      0100      GNU Licensed. No Warranty  
      0101                                 
--------------------------------------------------------------------------------

Cactus version:    4.16.0
Compile date:      May 06 2025 (14:33:57)
Run date:          May 17 2025 (11:01:42+0100)
Run host:          cnx450.localdomain (pid=35878)
Working directory: /projects/F202407872CPCAA2/jpmferreira/learn-cactus/simulations/cloud-stat_upper_alpha=0.1-q=0.3385-mu=1-gamma=3.97887-rh=0.2000-w=1.000_h=4/output-0000
Executable:        /projects/F202407872CPCAA2/jpmferreira/projects/cactus/exe/cactus_base_x86
Parameter file:    cloud-stat.par
--------------------------------------------------------------------------------

Activating thorn Cactus...Success -> active implementation Cactus
Activation requested for 
--->ADMBase ADMMacros AHFinderDirect AEILocalInterp Boundary Carpet CarpetInterp CarpetLib CarpetMask CarpetReduce CarpetRegrid2 CarpetSlab CarpetTracker CartGrid3D CoordBase CoordGauge Dissipation GenericFD InitBase LeanBSSNMoL LocalInterp LoopControl MoL Multipole NaNChecker NewRad PunctureTracker ReflectionSymmetry SpaceMask SphericalSurface StaticConformal SymBase Time TmunuBase Fortran GSL HDF5 MagScalarBase MagScalarInit MagScalarEvolve NPScalars_Proca QuasiLocalMeasures SystemStatistics TerminationTrigger TimerReport CarpetIOASCII CarpetIOBasic CarpetIOHDF5 CarpetIOScalar IOUtil<---
Thorn Carpet requests automatic activation of MPI
Thorn Carpet requests automatic activation of Timers
Thorn CarpetLib requests automatic activation of Vectors
Thorn CarpetLib requests automatic activation of Boost
Thorn CarpetLib requests automatic activation of CycleClock
Thorn HDF5 requests automatic activation of zlib
Thorn LoopControl requests automatic activation of hwloc
Thorn QuasiLocalMeasures requests automatic activation of LAPACK
Thorn QuasiLocalMeasures requests automatic activation of TGRtensor
Thorn LAPACK requests automatic activation of BLAS
Activating thorn ADMBase...Success -> active implementation ADMBase
Activating thorn ADMMacros...Success -> active implementation ADMMacros
Activating thorn AEILocalInterp...Success -> active implementation AEILocalInterp
Activating thorn AHFinderDirect...Success -> active implementation AHFinderDirect
Activating thorn BLAS...Success -> active implementation BLAS
Activating thorn Boost...Success -> active implementation Boost
Activating thorn Boundary...Success -> active implementation boundary
Activating thorn Carpet...Success -> active implementation Driver
Activating thorn CarpetInterp...Success -> active implementation interp
Activating thorn CarpetIOASCII...Success -> active implementation IOASCII
Activating thorn CarpetIOBasic...Success -> active implementation IOBasic
Activating thorn CarpetIOHDF5...Success -> active implementation IOHDF5
Activating thorn CarpetIOScalar...Success -> active implementation IOScalar
Activating thorn CarpetLib...Success -> active implementation CarpetLib
Activating thorn CarpetMask...Success -> active implementation CarpetMask
Activating thorn CarpetReduce...Success -> active implementation reduce
Activating thorn CarpetRegrid2...Success -> active implementation CarpetRegrid2
Activating thorn CarpetSlab...Success -> active implementation Hyperslab
Activating thorn CarpetTracker...Success -> active implementation CarpetTracker
Activating thorn CartGrid3D...Success -> active implementation grid
Activating thorn CoordBase...Success -> active implementation CoordBase
Activating thorn CoordGauge...Success -> active implementation CoordGauge
Activating thorn CycleClock...Success -> active implementation CycleClock
Activating thorn Dissipation...Success -> active implementation Dissipation
Activating thorn Fortran...Success -> active implementation Fortran
Activating thorn GenericFD...Success -> active implementation GenericFD
Activating thorn GSL...Success -> active implementation GSL
Activating thorn HDF5...Success -> active implementation HDF5
Activating thorn hwloc...Success -> active implementation hwloc
Activating thorn InitBase...Success -> active implementation InitBase
Activating thorn IOUtil...Success -> active implementation IO
Activating thorn LAPACK...Success -> active implementation LAPACK
Activating thorn LeanBSSNMoL...Success -> active implementation LeanBSSNMoL
Activating thorn LocalInterp...Success -> active implementation LocalInterp
Activating thorn LoopControl...Success -> active implementation LoopControl
Activating thorn MagScalarBase...Success -> active implementation MagScalarBase
Activating thorn MagScalarEvolve...Success -> active implementation MagScalarEvolve
Activating thorn MagScalarInit...Success -> active implementation MagScalarInit
Activating thorn MoL...Success -> active implementation MethodOfLines
Activating thorn MPI...Success -> active implementation MPI
Activating thorn Multipole...Success -> active implementation multipole
Activating thorn NaNChecker...Success -> active implementation NaNChecker
Activating thorn NewRad...Success -> active implementation NewRad
Activating thorn NPScalars_Proca...Success -> active implementation NPScalars_Proca
Activating thorn PunctureTracker...Success -> active implementation PunctureTracker
Activating thorn QuasiLocalMeasures...Success -> active implementation QuasiLocalMeasures
Activating thorn ReflectionSymmetry...Success -> active implementation ReflectionSymmetry
Activating thorn SpaceMask...Success -> active implementation SpaceMask
Activating thorn SphericalSurface...Success -> active implementation SphericalSurface
Activating thorn StaticConformal...Success -> active implementation StaticConformal
Activating thorn SymBase...Success -> active implementation SymBase
Activating thorn SystemStatistics...Success -> active implementation SystemStatistics
Activating thorn TerminationTrigger...Success -> active implementation TerminationTrigger
Activating thorn TGRtensor...Success -> active implementation TGRtensor
Activating thorn Time...Success -> active implementation time
Activating thorn TimerReport...Success -> active implementation timerreport
Activating thorn Timers...Success -> active implementation Timers
Activating thorn TmunuBase...Success -> active implementation TmunuBase
Activating thorn Vectors...Success -> active implementation Vectors
Activating thorn zlib...Success -> active implementation zlib
--------------------------------------------------------------------------------
  if (recover initial data)
    Recover parameters
  endif

  Startup routines
    [CCTK_STARTUP]
      Carpet::MultiModel_Startup: Multi-model Startup routine
      CycleClock::CycleClock_Setup: Set up CycleClock
      LoopControl::LC_setup: Set up LoopControl
      Timers::Timer_Startup: Prepare hierarchical timers
      Carpet::Driver_Startup: Startup routine
      IOUtil::IOUtil_Startup: Startup routine
      CarpetIOScalar::CarpetIOScalarStartup: [global] Startup routine
      CarpetInterp::CarpetInterpStartup: Startup routine
      CarpetReduce::CarpetReduceStartup: Startup routine
      CartGrid3D::SymmetryStartup: Register GH Extension for GridSymmetry
      CoordBase::CoordBase_Startup: Register a GH extension to store the coordinate system handles
      AEILocalInterp::AEILocalInterp_U_Startup: register CCTK_InterpLocalUniform() interpolation operators
      CarpetIOASCII::CarpetIOASCIIStartup: [global] Startup routine
      LeanBSSNMoL::LeanBSSN_RegisterSlicing: [meta] Register slicing
      LocalInterp::LocalInterp_Startup: register LocalInterp's interpolation operators
      CarpetIOBasic::CarpetIOBasicStartup: [global] Startup routine
      MagScalarEvolve::MagScalar_Analysis_RegisterMask: Register the masks for excision
      MoL::MoL_Startup: Startup banner
      SymBase::SymBase_Startup: Register GH Extension for SymBase
      TerminationTrigger::TerminationTrigger_StartSignalHandler: Start signal handler
      CarpetIOHDF5::CarpetIOHDF5_Startup: Startup routine
      Vectors::Vectors_Startup: Print startup message
      GROUP hwloc_startup: hwloc startup group
        hwloc::hwloc_version: Output hwloc version

  Startup routines which need an existing grid hierarchy
    [CCTK_WRAGH]
      ADMBase::Einstein_InitSymBound: [global] Set up GF symmetries
      Boundary::Boundary_RegisterBCs: [global] Register boundary conditions that this thorn provides
      CarpetRegrid2::CarpetRegrid2_Initialise: [global] Initialise locations of refined regions
      CartGrid3D::RegisterCartGrid3DCoords: [meta] Register coordinates for the Cartesian grid
      CoordGauge::Einstein_ActivateSlicing: Initialize slicing, setup priorities for mixed slicings
      CoordGauge::Einstein_SetNextSlicing: Identify the slicing for the next iteration
      MoL::MoL_SetupIndexArrays: Set up the MoL bookkeeping index arrays
      MoL::MoL_SetScheduleStatus: [global] Set the flag so it is ok to register with MoL
      TmunuBase::TmunuBase_SetStressEnergyState: [global] Set the stress_energy_state variable
      GROUP MoL_Register: The group where physics thorns register variables with MoL
        LeanBSSNMoL::LeanBSSN_RegisterVars: [meta] Register variables for MoL
        MagScalarEvolve::MagScalar_RegisterVars: [meta] Register variables for MoL
      SpaceMask::MaskSym: [global] Set grid symmetries for mask
      SpaceMask::MaskSym_emask: [global] Set grid symmetries for emask (compatibility mode)
      GROUP SymBase_Wrapper: Wrapper group for SymBase
        GROUP SymmetryRegister: Register your symmetries here
          CartGrid3D::CartGrid3D_RegisterSymmetryBoundaries: [meta] Register symmetry boundaries
          ReflectionSymmetry::ReflectionSymmetry_Register: Register reflection symmetry boundaries
        SymBase::SymBase_Statistics: Print symmetry boundary face descriptions
      MoL::MoL_ReportNumberVariables: [meta] Report how many of each type of variable there are
  Parameter checking routines
    [CCTK_PARAMCHECK]
      ADMBase::ADMBase_ParamCheck: [global] Check consistency of parameters
      Boundary::Boundary_Check: Check dimension of grid variables
      Carpet::CarpetParamCheck: Parameter checking routine
      CarpetLib::CarpetLib_test_prolongate_3d_rf2: [global] Test prolongation operators
      CarpetMask::CarpetSurfaceParamCheck: [global] Check parameters
      CarpetRegrid2::CarpetRegrid2_ParamCheck: Check parameters
      CartGrid3D::ParamCheck_CartGrid3D: Check coordinates for CartGrid3D
      Dissipation::dissipation_paramcheck: Check dissipation parameters for consistency
      Fortran::CheckFortranParameters: Test whether Fortran parameters work correctly
      LeanBSSNMoL::Lean_ParamCheck: Check Lean parameters for consistency
      MoL::MoL_ParamCheck: Basic parameter checking
      Multipole::Multipole_ParamCheck: [global] Check Multipole parameters
      QuasiLocalMeasures::qlm_paramcheck: [global] Check quasi-local parameter settings
      SphericalSurface::SphericalSurface_ParamCheck: [global] Check that all surface names are unique
      TerminationTrigger::TerminationTrigger_ParamCheck: Check consitency of parameters
      TmunuBase::TmunuBase_ParamCheck: [global] Check that no deprecated parameters are used.
      Vectors::Vectors_Test: Run correctness tests.

  Initialisation
    if (NOT (recover initial data AND recovery_mode is 'strict'))
      [CCTK_PREREGRIDINITIAL]
      Set up grid hierarchy
      [CCTK_POSTREGRIDINITIAL]
        SpaceMask::MaskZero: Initialise mask to zero
        CartGrid3D::SpatialCoordinates: Set Coordinates after regridding
        GROUP MaskBase_SetupMask: Set up the weight function
          GROUP MaskBase_SetupMaskAll: Set up the weight function
            CarpetReduce::MaskBase_AllocateMask: [global] Allocate the weight function
            CarpetReduce::MaskBase_InitMask: [global] [loop-local] Initialise the weight function
            GROUP SetupIMaskInternal: Set up the integer weight function (schedule other routines in here)
              CarpetReduce::CoordBase_SetupMask: [global] [loop-local] Set up the outer boundaries of the weight function
              CarpetReduce::CarpetMaskSetup: [global] [loop-singlemap] Set up the weight function for the restriction regions
            GROUP SetupIMask: Set up the integer weight function (schedule other routines in here)
              CarpetMask::CarpetExcludedSetup: [global] [loop-local] Set up the weight function for the excluded regions
              CarpetMask::CarpetSurfaceSetup: [global] [loop-local] Set up the weight function for the excluded spherical surfaces
            CarpetReduce::MaskBase_SetMask: [global] [loop-local] Set the weight function
            GROUP SetupMask: Set up the real weight function (schedule other routines in here)
            CarpetReduce::MaskBase_TestMask: [global] Test the weight function
        Dissipation::setup_epsdis: Setup spatially varying dissipation
        GROUP MoL_PseudoEvolutionBoundaries: Apply boundary conditions to pseudo-evolved quantities
        GROUP CalcNPProcaScalars_BC: Boundary conditions
          NPScalars_Proca::NPProca_Boundaries: [level] Symmetry boundary conditions
          GROUP ApplyBCs_NPProca: Apply boundary conditions
            GROUP BoundaryConditions: Execute all boundary conditions
              Boundary::Boundary_ApplyPhysicalBCs: Apply all requested local physical boundary conditions
              CartGrid3D::CartGrid3D_ApplyBC: Apply symmetry boundary conditions
              ReflectionSymmetry::ReflectionSymmetry_Apply: Apply reflection symmetries
            Boundary::Boundary_ClearSelection: [level] Unselect all grid variables for boundary conditions
        SpaceMask::MaskOne: Set mask to one
        AHFinderDirect::AHFinderDirect_maybe_do_masks: set mask(s) based on apparent horizon position(s)
      [CCTK_BASEGRID]
        ADMBase::ADMBase_SetShiftStateOn: Set the shift_state variable to 1
        ADMBase::ADMBase_SetDtLapseStateOn: Set the dtlapse_state variable to 1
        ADMBase::ADMBase_SetDtShiftStateOn: Set the dtshift_state variable to 1
        ADMMacros::ADMMacros_SetLocalSpatialOrder: Initialize the local_spatial_order
        CartGrid3D::SpatialSpacings: Set up ranges for spatial 3D Cartesian coordinates (on all grids)
        CartGrid3D::SpatialCoordinates: Set up spatial 3D Cartesian coordinates on the GH
        SphericalSurface::SphericalSurface_SetupRes: [global] [loop-local] Set surface resolution automatically
        AHFinderDirect::AHFinderDirect_setup: [global] setup data structures
        Dissipation::dissipation_basegrid: Ensure that there are enough ghost zones
        LeanBSSNMoL::LeanBSSN_symmetries: [global] Register symmetries of the BSSN grid functions
        LeanBSSNMoL::LeanBSSN_zero_rhs: Set all rhs functions to zero to prevent spurious nans
        MagScalarBase::MagScalar_symmetries: [global] Register symmetries of the grid functions
        MagScalarEvolve::MagScalar_InitSymBound: [meta] Schedule symmetries
        MagScalarEvolve::MagScalar_zero_rhs: set all rhs functions to zero to prevent spurious nans
        NPScalars_Proca::NPProca_symmetries: [meta] Set symmetries for grid functions
        NaNChecker::NaNChecker_ResetCounter: [global] Reset the NaNChecker::NaNsFound counter
        SpaceMask::MaskZero: Initialise mask to zero
        SpaceMask::MaskOne: Set old style mask to one
        SphericalSurface::SphericalSurface_Setup: [global] Calculate surface coordinate descriptors
        GROUP MaskBase_SetupMask: Set up the weight function
          GROUP MaskBase_SetupMaskAll: Set up the weight function
            CarpetReduce::MaskBase_AllocateMask: [global] Allocate the weight function
            CarpetReduce::MaskBase_InitMask: [global] [loop-local] Initialise the weight function
            GROUP SetupIMaskInternal: Set up the integer weight function (schedule other routines in here)
              CarpetReduce::CoordBase_SetupMask: [global] [loop-local] Set up the outer boundaries of the weight function
              CarpetReduce::CarpetMaskSetup: [global] [loop-singlemap] Set up the weight function for the restriction regions
            GROUP SetupIMask: Set up the integer weight function (schedule other routines in here)
              CarpetMask::CarpetExcludedSetup: [global] [loop-local] Set up the weight function for the excluded regions
              CarpetMask::CarpetSurfaceSetup: [global] [loop-local] Set up the weight function for the excluded spherical surfaces
            CarpetReduce::MaskBase_SetMask: [global] [loop-local] Set the weight function
            GROUP SetupMask: Set up the real weight function (schedule other routines in here)
            CarpetReduce::MaskBase_TestMask: [global] Test the weight function
        SphericalSurface::SphericalSurface_Set: [global] Set surface radii to be used for initial setup in other thorns
        GROUP SphericalSurface_HasBeenSet: Set the spherical surfaces before this group, and use it afterwards
          SphericalSurface::SphericalSurface_CheckState: [global] Test the state of the spherical surfaces
        SymBase::SymBase_Check: Check whether the driver set up the grid consistently
        TerminationTrigger::TerminationTrigger_ResetTrigger: Clear trigger state
        TerminationTrigger::TerminationTrigger_StartTimer: Start timer
        TerminationTrigger::TerminationTrigger_CreateFile: Create termination file
        Time::Time_Initialise: [global] Initialise Time variables
        Time::TemporalSpacings: [singlemap] Set timestep based on Courant condition (courant_static)
      [CCTK_INITIAL]
        StaticConformal::StaticConformal_InitialiseState: Set the conformal_state variable to 0
        GROUP ADMBase_InitialData: Schedule group for calculating ADM initial data
          MagScalarInit::MagScalar_InitStatCloud: [local] Initial data for a static scalar cloud surrounding a charged BH
        GROUP ADMBase_InitialGauge: Schedule group for the ADM initial gauge condition
          ADMBase::ADMBase_ShiftZero: Set the shift to 0 at all points
          ADMBase::ADMBase_DtLapseZero: Set the dtlapse to 0 at all points
          ADMBase::ADMBase_DtShiftZero: Set the dtshift to 0 at all points
        CarpetIOASCII::CarpetIOASCIIInit: [global] Initialisation routine
        CarpetIOBasic::CarpetIOBasicInit: [global] Initialisation routine
        CarpetIOHDF5::CarpetIOHDF5_Init: [global] Initialisation routine
        CarpetIOScalar::CarpetIOScalarInit: [global] Initialisation routine
        GROUP MagScalarBase_Initial: MagScalarBase initial data group
        GROUP ADMBase_PostInitial: Schedule group for modifying the ADM initial data, such as e.g. adding noise
        LeanBSSNMoL::LeanBSSN_adm2bssn: [local] Convert initial data into BSSN variables
        LeanBSSNMoL::LeanBSSN_Boundaries: [level] Boundary enforcement
        MoL::MoL_StartLoop: [level] Initialise the step size control
        PunctureTracker::PunctureTracker_Init: [global] Calculate initial location of punctures
        QuasiLocalMeasures::qlm_init: [global] Initialise quasi-local calculations
        GROUP LeanBSSN_ApplyBCs: Apply boundary conditions
          GROUP BoundaryConditions: Execute all boundary conditions
            Boundary::Boundary_ApplyPhysicalBCs: Apply all requested local physical boundary conditions
            CartGrid3D::CartGrid3D_ApplyBC: Apply symmetry boundary conditions
            ReflectionSymmetry::ReflectionSymmetry_Apply: Apply reflection symmetries
          Boundary::Boundary_ClearSelection: [level] Unselect all grid variables for boundary conditions
      [CCTK_POSTINITIAL]
        CarpetIOHDF5::CarpetIOHDF5_CloseFiles: [global] Close all filereader input files
        GROUP MoL_PostStepModify: The group for physics thorns to schedule enforcing constraints
        GROUP MoL_PostStep: Ensure that everything is correct after the initial data have been set up
          LeanBSSNMoL::LeanBSSN_remove_trA: Remove trace of A
          LeanBSSNMoL::LeanBSSN_impose_conf_fac_floor: Make sure conformal factor does not drop below specified value
          LeanBSSNMoL::LeanBSSN_Boundaries: [level] MoL boundary enforcement
          GROUP LeanBSSN_ApplyBCs: Apply boundary conditions
            GROUP BoundaryConditions: Execute all boundary conditions
              Boundary::Boundary_ApplyPhysicalBCs: Apply all requested local physical boundary conditions
              CartGrid3D::CartGrid3D_ApplyBC: Apply symmetry boundary conditions
              ReflectionSymmetry::ReflectionSymmetry_Apply: Apply reflection symmetries
            Boundary::Boundary_ClearSelection: [level] Unselect all grid variables for boundary conditions
          LeanBSSNMoL::LeanBSSN_bssn2adm: [local] Convert variables back to the ADM ones
          GROUP ADMBase_SetADMVars: Set the ADM variables before this group, and use them afterwards
          MagScalarEvolve::MagScalar_Boundaries: [level] MoL boundary enforcement for MagScalar variables
          GROUP MagScalar_ApplyBCs: Apply boundary conditions
            GROUP BoundaryConditions: Execute all boundary conditions
              Boundary::Boundary_ApplyPhysicalBCs: Apply all requested local physical boundary conditions
              CartGrid3D::CartGrid3D_ApplyBC: Apply symmetry boundary conditions
              ReflectionSymmetry::ReflectionSymmetry_Apply: Apply reflection symmetries
            Boundary::Boundary_ClearSelection: [level] Unselect all grid variables for boundary conditions
          GROUP SetTmunu: Group for calculating the stress-energy tensor
            TmunuBase::TmunuBase_ZeroTmunu: Initialise the stress-energy tensor to zero
            GROUP AddToTmunu: Add to the stress-energy tensor here
              MagScalarEvolve::MagScalar_AddToTmunu: Compute the energy-momentum tensor
        GROUP MoL_PseudoEvolution: Calculate pseudo-evolved quantities
          GROUP ADMBase_SetADMVars: Set the ADM variables before this group, and use them afterwards
        GROUP CalcNPProcaScalars: Calculate NPScalars
          NPScalars_Proca::NPProca_calcPsiGF: [local] calculate grid functions
          GROUP CalcNPProcaScalars_BC: Boundary conditions
            NPScalars_Proca::NPProca_Boundaries: [level] Symmetry boundary conditions
            GROUP ApplyBCs_NPProca: Apply boundary conditions
              GROUP BoundaryConditions: Execute all boundary conditions
                Boundary::Boundary_ApplyPhysicalBCs: Apply all requested local physical boundary conditions
                CartGrid3D::CartGrid3D_ApplyBC: Apply symmetry boundary conditions
                ReflectionSymmetry::ReflectionSymmetry_Apply: Apply reflection symmetries
              Boundary::Boundary_ClearSelection: [level] Unselect all grid variables for boundary conditions
      Initialise finer grids recursively
      Restrict from finer grids
      [CCTK_POSTRESTRICTINITIAL]
        GROUP MoL_PostStep: Ensure that everything is correct after restriction
          LeanBSSNMoL::LeanBSSN_remove_trA: Remove trace of A
          LeanBSSNMoL::LeanBSSN_impose_conf_fac_floor: Make sure conformal factor does not drop below specified value
          LeanBSSNMoL::LeanBSSN_Boundaries: [level] MoL boundary enforcement
          GROUP LeanBSSN_ApplyBCs: Apply boundary conditions
            GROUP BoundaryConditions: Execute all boundary conditions
              Boundary::Boundary_ApplyPhysicalBCs: Apply all requested local physical boundary conditions
              CartGrid3D::CartGrid3D_ApplyBC: Apply symmetry boundary conditions
              ReflectionSymmetry::ReflectionSymmetry_Apply: Apply reflection symmetries
            Boundary::Boundary_ClearSelection: [level] Unselect all grid variables for boundary conditions
          LeanBSSNMoL::LeanBSSN_bssn2adm: [local] Convert variables back to the ADM ones
          GROUP ADMBase_SetADMVars: Set the ADM variables before this group, and use them afterwards
          MagScalarEvolve::MagScalar_Boundaries: [level] MoL boundary enforcement for MagScalar variables
          GROUP MagScalar_ApplyBCs: Apply boundary conditions
            GROUP BoundaryConditions: Execute all boundary conditions
              Boundary::Boundary_ApplyPhysicalBCs: Apply all requested local physical boundary conditions
              CartGrid3D::CartGrid3D_ApplyBC: Apply symmetry boundary conditions
              ReflectionSymmetry::ReflectionSymmetry_Apply: Apply reflection symmetries
            Boundary::Boundary_ClearSelection: [level] Unselect all grid variables for boundary conditions
          GROUP SetTmunu: Group for calculating the stress-energy tensor
            TmunuBase::TmunuBase_ZeroTmunu: Initialise the stress-energy tensor to zero
            GROUP AddToTmunu: Add to the stress-energy tensor here
              MagScalarEvolve::MagScalar_AddToTmunu: Compute the energy-momentum tensor
        GROUP MoL_PseudoEvolutionBoundaries: Apply boundary conditions to pseudo-evolved quantities
        GROUP CalcNPProcaScalars_BC: Boundary conditions
          NPScalars_Proca::NPProca_Boundaries: [level] Symmetry boundary conditions
          GROUP ApplyBCs_NPProca: Apply boundary conditions
            GROUP BoundaryConditions: Execute all boundary conditions
              Boundary::Boundary_ApplyPhysicalBCs: Apply all requested local physical boundary conditions
              CartGrid3D::CartGrid3D_ApplyBC: Apply symmetry boundary conditions
              ReflectionSymmetry::ReflectionSymmetry_Apply: Apply reflection symmetries
            Boundary::Boundary_ClearSelection: [level] Unselect all grid variables for boundary conditions
      [CCTK_POSTPOSTINITIAL]
      [CCTK_POSTSTEP]
        AHFinderDirect::AHFinderDirect_import_mask: [global] [loop-local] import the excision mask
        AHFinderDirect::AHFinderDirect_find_horizons: [global] find apparent horizon(s) after this time step
        AHFinderDirect::AHFinderDirect_store: [global] store apparent horizon(s) into spherical surface(s)
        AHFinderDirect::AHFinderDirect_save: [global] save apparent horizon(s) into Cactus variables
        AHFinderDirect::AHFinderDirect_maybe_do_masks: set mask(s) based on apparent horizon position(s)
        SphericalSurface::SphericalSurface_Set: [global] Set surface radii
        GROUP SphericalSurface_HasBeenSet: Set the spherical surfaces before this group, and use it afterwards
          SphericalSurface::SphericalSurface_CheckState: [global] Test the state of the spherical surfaces
        GROUP zzz_NaNChecker_NaNCheck: Check for NaNs and count them in NaNChecker::NaNsFound
          NaNChecker::NaNChecker_NaNCheck_Prepare: [level] Prepare data structures to check for NaNs
          NaNChecker::NaNChecker_NaNCheck_Check: [local] Check for NaNs
          NaNChecker::NaNChecker_NaNCheck_Finish: [level] Count NaNs in NaNChecker::NaNsFound
        NaNChecker::NaNChecker_TakeAction: [global] [loop-level] Output NaNChecker::NaNmask and take action according to NaNChecker::action_if_found
        PunctureTracker::PunctureTracker_SetPositions: [global] Copy puncture positions to spherical surfaces
        SpaceMask::CheckMask: Ensure that all mask values are legal
        Dissipation::setup_epsdis: Setup spatially varying dissipation
        GROUP MaskBase_SetupMask: Set up the weight function
          GROUP MaskBase_SetupMaskAll: Set up the weight function
            CarpetReduce::MaskBase_AllocateMask: [global] Allocate the weight function
            CarpetReduce::MaskBase_InitMask: [global] [loop-local] Initialise the weight function
            GROUP SetupIMaskInternal: Set up the integer weight function (schedule other routines in here)
              CarpetReduce::CoordBase_SetupMask: [global] [loop-local] Set up the outer boundaries of the weight function
              CarpetReduce::CarpetMaskSetup: [global] [loop-singlemap] Set up the weight function for the restriction regions
            GROUP SetupIMask: Set up the integer weight function (schedule other routines in here)
              CarpetMask::CarpetExcludedSetup: [global] [loop-local] Set up the weight function for the excluded regions
              CarpetMask::CarpetSurfaceSetup: [global] [loop-local] Set up the weight function for the excluded spherical surfaces
            CarpetReduce::MaskBase_SetMask: [global] [loop-local] Set the weight function
            GROUP SetupMask: Set up the real weight function (schedule other routines in here)
            CarpetReduce::MaskBase_TestMask: [global] Test the weight function
    endif
    if (recover initial data)
      [CCTK_BASEGRID]
        ADMBase::ADMBase_SetShiftStateOn: Set the shift_state variable to 1
        ADMBase::ADMBase_SetDtLapseStateOn: Set the dtlapse_state variable to 1
        ADMBase::ADMBase_SetDtShiftStateOn: Set the dtshift_state variable to 1
        ADMMacros::ADMMacros_SetLocalSpatialOrder: Initialize the local_spatial_order
        CartGrid3D::SpatialSpacings: Set up ranges for spatial 3D Cartesian coordinates (on all grids)
        CartGrid3D::SpatialCoordinates: Set up spatial 3D Cartesian coordinates on the GH
        SphericalSurface::SphericalSurface_SetupRes: [global] [loop-local] Set surface resolution automatically
        AHFinderDirect::AHFinderDirect_setup: [global] setup data structures
        Dissipation::dissipation_basegrid: Ensure that there are enough ghost zones
        LeanBSSNMoL::LeanBSSN_symmetries: [global] Register symmetries of the BSSN grid functions
        LeanBSSNMoL::LeanBSSN_zero_rhs: Set all rhs functions to zero to prevent spurious nans
        MagScalarBase::MagScalar_symmetries: [global] Register symmetries of the grid functions
        MagScalarEvolve::MagScalar_InitSymBound: [meta] Schedule symmetries
        MagScalarEvolve::MagScalar_zero_rhs: set all rhs functions to zero to prevent spurious nans
        NPScalars_Proca::NPProca_symmetries: [meta] Set symmetries for grid functions
        NaNChecker::NaNChecker_ResetCounter: [global] Reset the NaNChecker::NaNsFound counter
        SpaceMask::MaskZero: Initialise mask to zero
        SpaceMask::MaskOne: Set old style mask to one
        SphericalSurface::SphericalSurface_Setup: [global] Calculate surface coordinate descriptors
        GROUP MaskBase_SetupMask: Set up the weight function
          GROUP MaskBase_SetupMaskAll: Set up the weight function
            CarpetReduce::MaskBase_AllocateMask: [global] Allocate the weight function
            CarpetReduce::MaskBase_InitMask: [global] [loop-local] Initialise the weight function
            GROUP SetupIMaskInternal: Set up the integer weight function (schedule other routines in here)
              CarpetReduce::CoordBase_SetupMask: [global] [loop-local] Set up the outer boundaries of the weight function
              CarpetReduce::CarpetMaskSetup: [global] [loop-singlemap] Set up the weight function for the restriction regions
            GROUP SetupIMask: Set up the integer weight function (schedule other routines in here)
              CarpetMask::CarpetExcludedSetup: [global] [loop-local] Set up the weight function for the excluded regions
              CarpetMask::CarpetSurfaceSetup: [global] [loop-local] Set up the weight function for the excluded spherical surfaces
            CarpetReduce::MaskBase_SetMask: [global] [loop-local] Set the weight function
            GROUP SetupMask: Set up the real weight function (schedule other routines in here)
            CarpetReduce::MaskBase_TestMask: [global] Test the weight function
        SphericalSurface::SphericalSurface_Set: [global] Set surface radii to be used for initial setup in other thorns
        GROUP SphericalSurface_HasBeenSet: Set the spherical surfaces before this group, and use it afterwards
          SphericalSurface::SphericalSurface_CheckState: [global] Test the state of the spherical surfaces
        SymBase::SymBase_Check: Check whether the driver set up the grid consistently
        TerminationTrigger::TerminationTrigger_ResetTrigger: Clear trigger state
        TerminationTrigger::TerminationTrigger_StartTimer: Start timer
        TerminationTrigger::TerminationTrigger_CreateFile: Create termination file
        Time::Time_Initialise: [global] Initialise Time variables
        Time::TemporalSpacings: [singlemap] Set timestep based on Courant condition (courant_static)
      [CCTK_RECOVER_VARIABLES]
        IOUtil::IOUtil_RecoverGH: [level] Checkpoint recovery routine
      [CCTK_POST_RECOVER_VARIABLES]
        AHFinderDirect::AHFinderDirect_recover: [global] import horizon data from Cactus variables
        CarpetIOHDF5::CarpetIOHDF5_InitCheckpointingIntervals: [global] Initialisation of checkpointing intervals after recovery
        CarpetIOHDF5::CarpetIOHDF5_CloseFiles: [meta] Close all initial data checkpoint files after recovery
        GROUP MaskBase_SetupMask: Set up the weight function
          GROUP MaskBase_SetupMaskAll: Set up the weight function
            CarpetReduce::MaskBase_AllocateMask: [global] Allocate the weight function
            CarpetReduce::MaskBase_InitMask: [global] [loop-local] Initialise the weight function
            GROUP SetupIMaskInternal: Set up the integer weight function (schedule other routines in here)
              CarpetReduce::CoordBase_SetupMask: [global] [loop-local] Set up the outer boundaries of the weight function
              CarpetReduce::CarpetMaskSetup: [global] [loop-singlemap] Set up the weight function for the restriction regions
            GROUP SetupIMask: Set up the integer weight function (schedule other routines in here)
              CarpetMask::CarpetExcludedSetup: [global] [loop-local] Set up the weight function for the excluded regions
              CarpetMask::CarpetSurfaceSetup: [global] [loop-local] Set up the weight function for the excluded spherical surfaces
            CarpetReduce::MaskBase_SetMask: [global] [loop-local] Set the weight function
            GROUP SetupMask: Set up the real weight function (schedule other routines in here)
            CarpetReduce::MaskBase_TestMask: [global] Test the weight function
        GROUP MoL_PostStep: Ensure that everything is correct after recovery
          LeanBSSNMoL::LeanBSSN_remove_trA: Remove trace of A
          LeanBSSNMoL::LeanBSSN_impose_conf_fac_floor: Make sure conformal factor does not drop below specified value
          LeanBSSNMoL::LeanBSSN_Boundaries: [level] MoL boundary enforcement
          GROUP LeanBSSN_ApplyBCs: Apply boundary conditions
            GROUP BoundaryConditions: Execute all boundary conditions
              Boundary::Boundary_ApplyPhysicalBCs: Apply all requested local physical boundary conditions
              CartGrid3D::CartGrid3D_ApplyBC: Apply symmetry boundary conditions
              ReflectionSymmetry::ReflectionSymmetry_Apply: Apply reflection symmetries
            Boundary::Boundary_ClearSelection: [level] Unselect all grid variables for boundary conditions
          LeanBSSNMoL::LeanBSSN_bssn2adm: [local] Convert variables back to the ADM ones
          GROUP ADMBase_SetADMVars: Set the ADM variables before this group, and use them afterwards
          MagScalarEvolve::MagScalar_Boundaries: [level] MoL boundary enforcement for MagScalar variables
          GROUP MagScalar_ApplyBCs: Apply boundary conditions
            GROUP BoundaryConditions: Execute all boundary conditions
              Boundary::Boundary_ApplyPhysicalBCs: Apply all requested local physical boundary conditions
              CartGrid3D::CartGrid3D_ApplyBC: Apply symmetry boundary conditions
              ReflectionSymmetry::ReflectionSymmetry_Apply: Apply reflection symmetries
            Boundary::Boundary_ClearSelection: [level] Unselect all grid variables for boundary conditions
          GROUP SetTmunu: Group for calculating the stress-energy tensor
            TmunuBase::TmunuBase_ZeroTmunu: Initialise the stress-energy tensor to zero
            GROUP AddToTmunu: Add to the stress-energy tensor here
              MagScalarEvolve::MagScalar_AddToTmunu: Compute the energy-momentum tensor
        GROUP zzz_NaNChecker_NaNCheck: Check for NaNs and count them in NaNChecker::NaNsFound
          NaNChecker::NaNChecker_NaNCheck_Prepare: [level] Prepare data structures to check for NaNs
          NaNChecker::NaNChecker_NaNCheck_Check: [local] Check for NaNs
          NaNChecker::NaNChecker_NaNCheck_Finish: [level] Count NaNs in NaNChecker::NaNsFound
        NaNChecker::NaNChecker_TakeAction: [global] [loop-level] Output NaNChecker::NaNmask and take action according to NaNChecker::action_if_found
        TerminationTrigger::TerminationTrigger_ResetMinutes: [global] Reset Watchtime
    endif
    if (checkpoint initial data)
      [CCTK_CPINITIAL]
        CarpetIOHDF5::CarpetIOHDF5_InitialDataCheckpoint: [meta] Initial data checkpoint routine
    endif
    if (analysis)
      [CCTK_ANALYSIS]
        CarpetLib::CarpetLib_printtimestats: [global] Print timing statistics if desired
        CarpetLib::CarpetLib_printmemstats: [global] Print memory statistics if desired
        GROUP LeanBSSN_constraints: Compute constraints
          LeanBSSNMoL::LeanBSSN_bssn_constraints: Compute constraints
          LeanBSSNMoL::LeanBSSN_Constraints_Boundaries: [level] Enforce symmetry BCs in constraint computation
          GROUP LeanBSSN_Constraints_ApplyBCs: Apply boundary conditions
            GROUP BoundaryConditions: Execute all boundary conditions
              Boundary::Boundary_ApplyPhysicalBCs: Apply all requested local physical boundary conditions
              CartGrid3D::CartGrid3D_ApplyBC: Apply symmetry boundary conditions
              ReflectionSymmetry::ReflectionSymmetry_Apply: Apply reflection symmetries
            Boundary::Boundary_ClearSelection: [level] Unselect all grid variables for boundary conditions
        LoopControl::LC_statistics_analysis: [meta] Output LoopControl statistics
        GROUP MagScalar_constraints: Compute EMG constraints
          MagScalarEvolve::MagScalar_constraints: Compute constraints
          MagScalarEvolve::MagScalar_constraints_boundaries: [level] Enforce symmetry BCs in constraints computation
          GROUP MagScalar_constraints_ApplyBCs: Apply boundary conditions
            GROUP BoundaryConditions: Execute all boundary conditions
              Boundary::Boundary_ApplyPhysicalBCs: Apply all requested local physical boundary conditions
              CartGrid3D::CartGrid3D_ApplyBC: Apply symmetry boundary conditions
              ReflectionSymmetry::ReflectionSymmetry_Apply: Apply reflection symmetries
            Boundary::Boundary_ClearSelection: [level] Unselect all grid variables for boundary conditions
        MagScalarEvolve::MagScalar_analysis: Compute analysis quantities
        MagScalarEvolve::MagScalar_analysis_integrate: [global] Compute integrals of analysis quantities
        Multipole::Multipole_Calc: [global] Calculate Multipoles
        GROUP CalcNPProcaScalars: Calculate NPScalars
          NPScalars_Proca::NPProca_calcPsiGF: [local] calculate grid functions
          GROUP CalcNPProcaScalars_BC: Boundary conditions
            NPScalars_Proca::NPProca_Boundaries: [level] Symmetry boundary conditions
            GROUP ApplyBCs_NPProca: Apply boundary conditions
              GROUP BoundaryConditions: Execute all boundary conditions
                Boundary::Boundary_ApplyPhysicalBCs: Apply all requested local physical boundary conditions
                CartGrid3D::CartGrid3D_ApplyBC: Apply symmetry boundary conditions
                ReflectionSymmetry::ReflectionSymmetry_Apply: Apply reflection symmetries
              Boundary::Boundary_ClearSelection: [level] Unselect all grid variables for boundary conditions
        QuasiLocalMeasures::qlm_calculate: [global] Calculate quasi-local quantities
        SystemStatistics::SystemStatistics_Collect: [global] Collect system statistics
        TerminationTrigger::TerminationTrigger_CheckWalltime: Check elapsed job walltime
        TerminationTrigger::TerminationTrigger_CheckSignal: Check if we received a termination signal
        TerminationTrigger::TerminationTrigger_CheckFile: Check termination file
        TimerReport::zzz_TimerReport_Output: [global] Print the timer report
  endif
  Output grid variables

  do loop over timesteps
    [CCTK_PREREGRID]
      CarpetTracker::CarpetTracker_SetPositions: [global] Set positions of refined regions
    Change grid hierarchy
    [CCTK_POSTREGRID]
      SpaceMask::MaskZero: Initialise mask to zero
      CartGrid3D::SpatialCoordinates: Set Coordinates after regridding
      GROUP MaskBase_SetupMask: Set up the weight function
        GROUP MaskBase_SetupMaskAll: Set up the weight function
          CarpetReduce::MaskBase_AllocateMask: [global] Allocate the weight function
          CarpetReduce::MaskBase_InitMask: [global] [loop-local] Initialise the weight function
          GROUP SetupIMaskInternal: Set up the integer weight function (schedule other routines in here)
            CarpetReduce::CoordBase_SetupMask: [global] [loop-local] Set up the outer boundaries of the weight function
            CarpetReduce::CarpetMaskSetup: [global] [loop-singlemap] Set up the weight function for the restriction regions
          GROUP SetupIMask: Set up the integer weight function (schedule other routines in here)
            CarpetMask::CarpetExcludedSetup: [global] [loop-local] Set up the weight function for the excluded regions
            CarpetMask::CarpetSurfaceSetup: [global] [loop-local] Set up the weight function for the excluded spherical surfaces
          CarpetReduce::MaskBase_SetMask: [global] [loop-local] Set the weight function
          GROUP SetupMask: Set up the real weight function (schedule other routines in here)
          CarpetReduce::MaskBase_TestMask: [global] Test the weight function
      Dissipation::setup_epsdis: Setup spatially varying dissipation
      GROUP MoL_PostStep: Ensure that everything is correct after regridding
        LeanBSSNMoL::LeanBSSN_remove_trA: Remove trace of A
        LeanBSSNMoL::LeanBSSN_impose_conf_fac_floor: Make sure conformal factor does not drop below specified value
        LeanBSSNMoL::LeanBSSN_Boundaries: [level] MoL boundary enforcement
        GROUP LeanBSSN_ApplyBCs: Apply boundary conditions
          GROUP BoundaryConditions: Execute all boundary conditions
            Boundary::Boundary_ApplyPhysicalBCs: Apply all requested local physical boundary conditions
            CartGrid3D::CartGrid3D_ApplyBC: Apply symmetry boundary conditions
            ReflectionSymmetry::ReflectionSymmetry_Apply: Apply reflection symmetries
          Boundary::Boundary_ClearSelection: [level] Unselect all grid variables for boundary conditions
        LeanBSSNMoL::LeanBSSN_bssn2adm: [local] Convert variables back to the ADM ones
        GROUP ADMBase_SetADMVars: Set the ADM variables before this group, and use them afterwards
        MagScalarEvolve::MagScalar_Boundaries: [level] MoL boundary enforcement for MagScalar variables
        GROUP MagScalar_ApplyBCs: Apply boundary conditions
          GROUP BoundaryConditions: Execute all boundary conditions
            Boundary::Boundary_ApplyPhysicalBCs: Apply all requested local physical boundary conditions
            CartGrid3D::CartGrid3D_ApplyBC: Apply symmetry boundary conditions
            ReflectionSymmetry::ReflectionSymmetry_Apply: Apply reflection symmetries
          Boundary::Boundary_ClearSelection: [level] Unselect all grid variables for boundary conditions
        GROUP SetTmunu: Group for calculating the stress-energy tensor
          TmunuBase::TmunuBase_ZeroTmunu: Initialise the stress-energy tensor to zero
          GROUP AddToTmunu: Add to the stress-energy tensor here
            MagScalarEvolve::MagScalar_AddToTmunu: Compute the energy-momentum tensor
      GROUP MoL_PseudoEvolutionBoundaries: Apply boundary conditions to pseudo-evolved quantities
      GROUP CalcNPProcaScalars_BC: Boundary conditions
        NPScalars_Proca::NPProca_Boundaries: [level] Symmetry boundary conditions
        GROUP ApplyBCs_NPProca: Apply boundary conditions
          GROUP BoundaryConditions: Execute all boundary conditions
            Boundary::Boundary_ApplyPhysicalBCs: Apply all requested local physical boundary conditions
            CartGrid3D::CartGrid3D_ApplyBC: Apply symmetry boundary conditions
            ReflectionSymmetry::ReflectionSymmetry_Apply: Apply reflection symmetries
          Boundary::Boundary_ClearSelection: [level] Unselect all grid variables for boundary conditions
      SpaceMask::MaskOne: Set mask to one
      AHFinderDirect::AHFinderDirect_maybe_do_masks: set mask(s) based on apparent horizon position(s)
    Rotate timelevels
    iteration = iteration+1
    t = t+dt
    [CCTK_PRESTEP]
      CoordGauge::Einstein_SetNextSlicing: Identify the slicing for the next iteration
      LoopControl::LC_steer: [meta] Update LoopControl algorithm preferences
      NaNChecker::NaNChecker_ResetCounter: [global] Reset the NaNChecker::NaNsFound counter
    [CCTK_EVOL]
      MoL::MoL_StartLoop: [level] Initialise the step size control
      while (MoL::MoL_Stepsize_Bad)
        GROUP MoL_Evolution: A single Cactus evolution step using MoL
          GROUP MoL_StartStep: MoL internal setup for the evolution step
            MoL::MoL_SetCounter: [level] Set the counter for the ODE method to loop over
            MoL::MoL_SetTime: [level] Ensure the correct time and timestep are used
            MoL::MoL_AllocateScratchSpace: [level] Allocate storage for scratch levels
          GROUP MoL_PreStep: Physics thorns can schedule preloop setup routines in here
          MoL::MoL_AllocateScratch: Allocate sufficient space for array scratch variables
          MoL::MoL_InitialCopy: Ensure the data is in the correct timelevel
          while (MoL::MoL_Intermediate_Step)
            GROUP MoL_Step: The loop over the intermediate steps for the ODE integrator
              MoL::MoL_InitRHS: Initialise the RHS functions
              GROUP MoL_CalcRHS: Physics thorns schedule the calculation of the discrete spatial operator in here
                LeanBSSNMoL::LeanBSSN_CalcRHS: MoL RHS calculation
                LeanBSSNMoL::LeanBSSN_CalcRHS_Bdry: MoL boundary RHS calculation
                MagScalarEvolve::MagScalar_CalcRHS: MoL RHS calculation for MagScalar variables
                MagScalarEvolve::MagScalar_CalcRHS_Bdry: MoL boundary RHS calculation for MagScalar variables
              GROUP MoL_PostRHS: Modify RHS functions
                Dissipation::dissipation_add: Add Kreiss-Oliger dissipation to the right hand sides
              GROUP MoL_RHSBoundaries: Any 'final' modifications to the RHS functions (boundaries etc.)
              MoL::MoL_Add: Updates calculated with the efficient Runge-Kutta 4 method
              MoL::MoL_DecrementCounter: [level] Alter the counter number
              MoL::MoL_ResetTime: [level] If necessary, change the time
              GROUP MoL_PostStepModify: The group for physics thorns to schedule enforcing constraints
              GROUP MoL_PostStep: The group for physics thorns to schedule boundary calls etc.
                LeanBSSNMoL::LeanBSSN_remove_trA: Remove trace of A
                LeanBSSNMoL::LeanBSSN_impose_conf_fac_floor: Make sure conformal factor does not drop below specified value
                LeanBSSNMoL::LeanBSSN_Boundaries: [level] MoL boundary enforcement
                GROUP LeanBSSN_ApplyBCs: Apply boundary conditions
                  GROUP BoundaryConditions: Execute all boundary conditions
                    Boundary::Boundary_ApplyPhysicalBCs: Apply all requested local physical boundary conditions
                    CartGrid3D::CartGrid3D_ApplyBC: Apply symmetry boundary conditions
                    ReflectionSymmetry::ReflectionSymmetry_Apply: Apply reflection symmetries
                  Boundary::Boundary_ClearSelection: [level] Unselect all grid variables for boundary conditions
                LeanBSSNMoL::LeanBSSN_bssn2adm: [local] Convert variables back to the ADM ones
                GROUP ADMBase_SetADMVars: Set the ADM variables before this group, and use them afterwards
                MagScalarEvolve::MagScalar_Boundaries: [level] MoL boundary enforcement for MagScalar variables
                GROUP MagScalar_ApplyBCs: Apply boundary conditions
                  GROUP BoundaryConditions: Execute all boundary conditions
                    Boundary::Boundary_ApplyPhysicalBCs: Apply all requested local physical boundary conditions
                    CartGrid3D::CartGrid3D_ApplyBC: Apply symmetry boundary conditions
                    ReflectionSymmetry::ReflectionSymmetry_Apply: Apply reflection symmetries
                  Boundary::Boundary_ClearSelection: [level] Unselect all grid variables for boundary conditions
                GROUP SetTmunu: Group for calculating the stress-energy tensor
                  TmunuBase::TmunuBase_ZeroTmunu: Initialise the stress-energy tensor to zero
                  GROUP AddToTmunu: Add to the stress-energy tensor here
                    MagScalarEvolve::MagScalar_AddToTmunu: Compute the energy-momentum tensor
              MoL::MoL_ResetDeltaTime: [level] If necessary, change the timestep
          end while
          MoL::MoL_FinishLoop: [level] Control the step size
          MoL::MoL_RestoreSandR: Restoring the Save and Restore variables to the original state
          MoL::MoL_FreeScratchSpace: [level] Free storage for scratch levels
      end while
      GROUP MoL_PseudoEvolution: Calculate pseudo-evolved quantities
        GROUP ADMBase_SetADMVars: Set the ADM variables before this group, and use them afterwards
      PunctureTracker::PunctureTracker_Track: [global] Calculate new location of punctures
    Evolve finer grids recursively
    Restrict from finer grids
    [CCTK_POSTRESTRICT]
      GROUP MoL_PostStep: Ensure that everything is correct after restriction
        LeanBSSNMoL::LeanBSSN_remove_trA: Remove trace of A
        LeanBSSNMoL::LeanBSSN_impose_conf_fac_floor: Make sure conformal factor does not drop below specified value
        LeanBSSNMoL::LeanBSSN_Boundaries: [level] MoL boundary enforcement
        GROUP LeanBSSN_ApplyBCs: Apply boundary conditions
          GROUP BoundaryConditions: Execute all boundary conditions
            Boundary::Boundary_ApplyPhysicalBCs: Apply all requested local physical boundary conditions
            CartGrid3D::CartGrid3D_ApplyBC: Apply symmetry boundary conditions
            ReflectionSymmetry::ReflectionSymmetry_Apply: Apply reflection symmetries
          Boundary::Boundary_ClearSelection: [level] Unselect all grid variables for boundary conditions
        LeanBSSNMoL::LeanBSSN_bssn2adm: [local] Convert variables back to the ADM ones
        GROUP ADMBase_SetADMVars: Set the ADM variables before this group, and use them afterwards
        MagScalarEvolve::MagScalar_Boundaries: [level] MoL boundary enforcement for MagScalar variables
        GROUP MagScalar_ApplyBCs: Apply boundary conditions
          GROUP BoundaryConditions: Execute all boundary conditions
            Boundary::Boundary_ApplyPhysicalBCs: Apply all requested local physical boundary conditions
            CartGrid3D::CartGrid3D_ApplyBC: Apply symmetry boundary conditions
            ReflectionSymmetry::ReflectionSymmetry_Apply: Apply reflection symmetries
          Boundary::Boundary_ClearSelection: [level] Unselect all grid variables for boundary conditions
        GROUP SetTmunu: Group for calculating the stress-energy tensor
          TmunuBase::TmunuBase_ZeroTmunu: Initialise the stress-energy tensor to zero
          GROUP AddToTmunu: Add to the stress-energy tensor here
            MagScalarEvolve::MagScalar_AddToTmunu: Compute the energy-momentum tensor
      GROUP MoL_PseudoEvolutionBoundaries: Apply boundary conditions to pseudo-evolved quantities
      GROUP CalcNPProcaScalars_BC: Boundary conditions
        NPScalars_Proca::NPProca_Boundaries: [level] Symmetry boundary conditions
        GROUP ApplyBCs_NPProca: Apply boundary conditions
          GROUP BoundaryConditions: Execute all boundary conditions
            Boundary::Boundary_ApplyPhysicalBCs: Apply all requested local physical boundary conditions
            CartGrid3D::CartGrid3D_ApplyBC: Apply symmetry boundary conditions
            ReflectionSymmetry::ReflectionSymmetry_Apply: Apply reflection symmetries
          Boundary::Boundary_ClearSelection: [level] Unselect all grid variables for boundary conditions
    [CCTK_POSTSTEP]
      AHFinderDirect::AHFinderDirect_import_mask: [global] [loop-local] import the excision mask
      AHFinderDirect::AHFinderDirect_find_horizons: [global] find apparent horizon(s) after this time step
      AHFinderDirect::AHFinderDirect_store: [global] store apparent horizon(s) into spherical surface(s)
      AHFinderDirect::AHFinderDirect_save: [global] save apparent horizon(s) into Cactus variables
      AHFinderDirect::AHFinderDirect_maybe_do_masks: set mask(s) based on apparent horizon position(s)
      SphericalSurface::SphericalSurface_Set: [global] Set surface radii
      GROUP SphericalSurface_HasBeenSet: Set the spherical surfaces before this group, and use it afterwards
        SphericalSurface::SphericalSurface_CheckState: [global] Test the state of the spherical surfaces
      GROUP zzz_NaNChecker_NaNCheck: Check for NaNs and count them in NaNChecker::NaNsFound
        NaNChecker::NaNChecker_NaNCheck_Prepare: [level] Prepare data structures to check for NaNs
        NaNChecker::NaNChecker_NaNCheck_Check: [local] Check for NaNs
        NaNChecker::NaNChecker_NaNCheck_Finish: [level] Count NaNs in NaNChecker::NaNsFound
      NaNChecker::NaNChecker_TakeAction: [global] [loop-level] Output NaNChecker::NaNmask and take action according to NaNChecker::action_if_found
      PunctureTracker::PunctureTracker_SetPositions: [global] Copy puncture positions to spherical surfaces
      SpaceMask::CheckMask: Ensure that all mask values are legal
      Dissipation::setup_epsdis: Setup spatially varying dissipation
      GROUP MaskBase_SetupMask: Set up the weight function
        GROUP MaskBase_SetupMaskAll: Set up the weight function
          CarpetReduce::MaskBase_AllocateMask: [global] Allocate the weight function
          CarpetReduce::MaskBase_InitMask: [global] [loop-local] Initialise the weight function
          GROUP SetupIMaskInternal: Set up the integer weight function (schedule other routines in here)
            CarpetReduce::CoordBase_SetupMask: [global] [loop-local] Set up the outer boundaries of the weight function
            CarpetReduce::CarpetMaskSetup: [global] [loop-singlemap] Set up the weight function for the restriction regions
          GROUP SetupIMask: Set up the integer weight function (schedule other routines in here)
            CarpetMask::CarpetExcludedSetup: [global] [loop-local] Set up the weight function for the excluded regions
            CarpetMask::CarpetSurfaceSetup: [global] [loop-local] Set up the weight function for the excluded spherical surfaces
          CarpetReduce::MaskBase_SetMask: [global] [loop-local] Set the weight function
          GROUP SetupMask: Set up the real weight function (schedule other routines in here)
          CarpetReduce::MaskBase_TestMask: [global] Test the weight function
    if (checkpoint)
      [CCTK_CHECKPOINT]
      CarpetIOHDF5::CarpetIOHDF5_EvolutionCheckpoint: [meta] Evolution checkpoint routine
      TimerReport::zzz_TimerReport_Checkpoint: [global] Print the timer report
    endif
    if (analysis)
      [CCTK_ANALYSIS]
      CarpetLib::CarpetLib_printtimestats: [global] Print timing statistics if desired
      CarpetLib::CarpetLib_printmemstats: [global] Print memory statistics if desired
      GROUP LeanBSSN_constraints: Compute constraints
        LeanBSSNMoL::LeanBSSN_bssn_constraints: Compute constraints
        LeanBSSNMoL::LeanBSSN_Constraints_Boundaries: [level] Enforce symmetry BCs in constraint computation
        GROUP LeanBSSN_Constraints_ApplyBCs: Apply boundary conditions
          GROUP BoundaryConditions: Execute all boundary conditions
            Boundary::Boundary_ApplyPhysicalBCs: Apply all requested local physical boundary conditions
            CartGrid3D::CartGrid3D_ApplyBC: Apply symmetry boundary conditions
            ReflectionSymmetry::ReflectionSymmetry_Apply: Apply reflection symmetries
          Boundary::Boundary_ClearSelection: [level] Unselect all grid variables for boundary conditions
      LoopControl::LC_statistics_analysis: [meta] Output LoopControl statistics
      GROUP MagScalar_constraints: Compute EMG constraints
        MagScalarEvolve::MagScalar_constraints: Compute constraints
        MagScalarEvolve::MagScalar_constraints_boundaries: [level] Enforce symmetry BCs in constraints computation
        GROUP MagScalar_constraints_ApplyBCs: Apply boundary conditions
          GROUP BoundaryConditions: Execute all boundary conditions
            Boundary::Boundary_ApplyPhysicalBCs: Apply all requested local physical boundary conditions
            CartGrid3D::CartGrid3D_ApplyBC: Apply symmetry boundary conditions
            ReflectionSymmetry::ReflectionSymmetry_Apply: Apply reflection symmetries
          Boundary::Boundary_ClearSelection: [level] Unselect all grid variables for boundary conditions
      MagScalarEvolve::MagScalar_analysis: Compute analysis quantities
      MagScalarEvolve::MagScalar_analysis_integrate: [global] Compute integrals of analysis quantities
      Multipole::Multipole_Calc: [global] Calculate Multipoles
      GROUP CalcNPProcaScalars: Calculate NPScalars
        NPScalars_Proca::NPProca_calcPsiGF: [local] calculate grid functions
        GROUP CalcNPProcaScalars_BC: Boundary conditions
          NPScalars_Proca::NPProca_Boundaries: [level] Symmetry boundary conditions
          GROUP ApplyBCs_NPProca: Apply boundary conditions
            GROUP BoundaryConditions: Execute all boundary conditions
              Boundary::Boundary_ApplyPhysicalBCs: Apply all requested local physical boundary conditions
              CartGrid3D::CartGrid3D_ApplyBC: Apply symmetry boundary conditions
              ReflectionSymmetry::ReflectionSymmetry_Apply: Apply reflection symmetries
            Boundary::Boundary_ClearSelection: [level] Unselect all grid variables for boundary conditions
      QuasiLocalMeasures::qlm_calculate: [global] Calculate quasi-local quantities
      SystemStatistics::SystemStatistics_Collect: [global] Collect system statistics
      TerminationTrigger::TerminationTrigger_CheckWalltime: Check elapsed job walltime
      TerminationTrigger::TerminationTrigger_CheckSignal: Check if we received a termination signal
      TerminationTrigger::TerminationTrigger_CheckFile: Check termination file
      TimerReport::zzz_TimerReport_Output: [global] Print the timer report
    endif
    Output grid variables
    enddo

  Termination routines
    [CCTK_TERMINATE]
      CarpetIOHDF5::CarpetIOHDF5_TerminationCheckpoint: [meta] Termination checkpoint routine
      LoopControl::LC_statistics_terminate: [meta] Output LoopControl statistics
      MoL::MoL_FreeIndexArrays: Free the MoL bookkeeping index arrays
      TimerReport::zzz_TimerReport_Output: [global] Print the timer report

  Shutdown routines
    [CCTK_SHUTDOWN]
      Timers::Timer_Shutdown: Prepare hierarchical timers

  Routines run after changing the grid hierarchy:
    [CCTK_POSTREGRID]
      SpaceMask::MaskZero: Initialise mask to zero
      CartGrid3D::SpatialCoordinates: Set Coordinates after regridding
      GROUP MaskBase_SetupMask: Set up the weight function
        GROUP MaskBase_SetupMaskAll: Set up the weight function
          CarpetReduce::MaskBase_AllocateMask: [global] Allocate the weight function
          CarpetReduce::MaskBase_InitMask: [global] [loop-local] Initialise the weight function
          GROUP SetupIMaskInternal: Set up the integer weight function (schedule other routines in here)
            CarpetReduce::CoordBase_SetupMask: [global] [loop-local] Set up the outer boundaries of the weight function
            CarpetReduce::CarpetMaskSetup: [global] [loop-singlemap] Set up the weight function for the restriction regions
          GROUP SetupIMask: Set up the integer weight function (schedule other routines in here)
            CarpetMask::CarpetExcludedSetup: [global] [loop-local] Set up the weight function for the excluded regions
            CarpetMask::CarpetSurfaceSetup: [global] [loop-local] Set up the weight function for the excluded spherical surfaces
          CarpetReduce::MaskBase_SetMask: [global] [loop-local] Set the weight function
          GROUP SetupMask: Set up the real weight function (schedule other routines in here)
          CarpetReduce::MaskBase_TestMask: [global] Test the weight function
      Dissipation::setup_epsdis: Setup spatially varying dissipation
      GROUP MoL_PostStep: Ensure that everything is correct after regridding
        LeanBSSNMoL::LeanBSSN_remove_trA: Remove trace of A
        LeanBSSNMoL::LeanBSSN_impose_conf_fac_floor: Make sure conformal factor does not drop below specified value
        LeanBSSNMoL::LeanBSSN_Boundaries: [level] MoL boundary enforcement
        GROUP LeanBSSN_ApplyBCs: Apply boundary conditions
          GROUP BoundaryConditions: Execute all boundary conditions
            Boundary::Boundary_ApplyPhysicalBCs: Apply all requested local physical boundary conditions
            CartGrid3D::CartGrid3D_ApplyBC: Apply symmetry boundary conditions
            ReflectionSymmetry::ReflectionSymmetry_Apply: Apply reflection symmetries
          Boundary::Boundary_ClearSelection: [level] Unselect all grid variables for boundary conditions
        LeanBSSNMoL::LeanBSSN_bssn2adm: [local] Convert variables back to the ADM ones
        GROUP ADMBase_SetADMVars: Set the ADM variables before this group, and use them afterwards
        MagScalarEvolve::MagScalar_Boundaries: [level] MoL boundary enforcement for MagScalar variables
        GROUP MagScalar_ApplyBCs: Apply boundary conditions
          GROUP BoundaryConditions: Execute all boundary conditions
            Boundary::Boundary_ApplyPhysicalBCs: Apply all requested local physical boundary conditions
            CartGrid3D::CartGrid3D_ApplyBC: Apply symmetry boundary conditions
            ReflectionSymmetry::ReflectionSymmetry_Apply: Apply reflection symmetries
          Boundary::Boundary_ClearSelection: [level] Unselect all grid variables for boundary conditions
        GROUP SetTmunu: Group for calculating the stress-energy tensor
          TmunuBase::TmunuBase_ZeroTmunu: Initialise the stress-energy tensor to zero
          GROUP AddToTmunu: Add to the stress-energy tensor here
            MagScalarEvolve::MagScalar_AddToTmunu: Compute the energy-momentum tensor
      GROUP MoL_PseudoEvolutionBoundaries: Apply boundary conditions to pseudo-evolved quantities
      GROUP CalcNPProcaScalars_BC: Boundary conditions
        NPScalars_Proca::NPProca_Boundaries: [level] Symmetry boundary conditions
        GROUP ApplyBCs_NPProca: Apply boundary conditions
          GROUP BoundaryConditions: Execute all boundary conditions
            Boundary::Boundary_ApplyPhysicalBCs: Apply all requested local physical boundary conditions
            CartGrid3D::CartGrid3D_ApplyBC: Apply symmetry boundary conditions
            ReflectionSymmetry::ReflectionSymmetry_Apply: Apply reflection symmetries
          Boundary::Boundary_ClearSelection: [level] Unselect all grid variables for boundary conditions
      SpaceMask::MaskOne: Set mask to one
      AHFinderDirect::AHFinderDirect_maybe_do_masks: set mask(s) based on apparent horizon position(s)
--------------------------------------------------------------------------------
INFO (Carpet): Multi-Model listing:
   model 0: "world"
INFO (Carpet): Multi-Model process distribution:
   processes 0-127: model 0 "world"
INFO (Carpet): Multi-Model: This is process 0, model 0 "world"
INFO (CarpetLib): Process startup time was 9.3 seconds
Current core file size limit: hard=[unlimited], soft=0 MB
Current addres space size limit: hard=[unlimited], soft=[unlimited]
Current data segment size limit: hard=[unlimited], soft=[unlimited]
Current resident set size limit: hard=247808 MB, soft=247808 MB
INFO (CycleClock): Measuring CycleClock tick via OpenMP...
INFO (CycleClock): Calibrated CycleClock: 0.444422 ns per clock tick (2.25011 GHz)
INFO (Vectors): Using vector size 1 for architecture scalar (no vectorisation, 64-bit precision)
INFO (hwloc): library version 2.10.0, API version 0x20800
--------------------------------------------------------------------------------
AMR driver provided by Carpet
--------------------------------------------------------------------------------
AMR scalar I/O provided by CarpetIOScalar
--------------------------------------------------------------------------------
AMR 0D ASCII I/O provided by CarpetIOASCII
--------------------------------------------------------------------------------
AMR 1D ASCII I/O provided by CarpetIOASCII
--------------------------------------------------------------------------------
AMR 2D ASCII I/O provided by CarpetIOASCII
--------------------------------------------------------------------------------
AMR 3D ASCII I/O provided by CarpetIOASCII
--------------------------------------------------------------------------------
AMR info I/O provided by CarpetIOBasic
--------------------------------------------------------------------------------
MoL: Generalized time integration.
--------------------------------------------------------------------------------
AMR HDF5 I/O provided by CarpetIOHDF5
--------------------------------------------------------------------------------
AMR 0D HDF5 I/O provided by CarpetIOHDF5
--------------------------------------------------------------------------------
AMR 1D HDF5 I/O provided by CarpetIOHDF5
--------------------------------------------------------------------------------
AMR 2D HDF5 I/O provided by CarpetIOHDF5
--------------------------------------------------------------------------------
AMR 3D HDF5 I/O provided by CarpetIOHDF5
--------------------------------------------------------------------------------

INFO (Carpet): MPI is enabled
INFO (Carpet): Carpet is running on 128 processes
INFO (Carpet): This is process 0
INFO (Carpet): OpenMP is enabled
INFO (Carpet): This process contains 1 threads, this is thread 0
INFO (Carpet): There are 128 threads in total
INFO (Carpet): There are 1 threads per process
INFO (Carpet): This process runs on host cnx450, pid=35878
INFO (Carpet): This process runs on 128 cores: 0-127
INFO (Carpet): Thread 0 runs on 128 cores: 0-127
INFO (Carpet): This simulation is running in 3 dimensions
INFO (Carpet): Boundary specification for map 0:
   nboundaryzones: [[3,3,3],[3,3,3]]
   is_internal   : [[0,0,0],[0,0,0]]
   is_staggered  : [[0,0,0],[0,0,0]]
   shiftout      : [[0,0,1],[0,0,0]]
INFO (Carpet): CoordBase domain specification for map 0:
   physical extent: [-256,-256,0] : [256,256,256]   ([512,512,256])
   interior extent: [-252,-252,0] : [252,252,252]   ([504,504,252])
   exterior extent: [-264,-264,-12] : [264,264,264]   ([528,528,276])
   base_spacing   : [4,4,4]
INFO (Carpet): Adapted domain specification for map 0:
   convergence factor: 2
   convergence level : 0
   physical extent   : [-256,-256,0] : [256,256,256]   ([512,512,256])
   interior extent   : [-252,-252,0] : [252,252,252]   ([504,504,252])
   exterior extent   : [-264,-264,-12] : [264,264,264]   ([528,528,276])
   spacing           : [4,4,4]
INFO (Carpet): Base grid specification for map 0:
   number of grid points             : [133,133,70]
   number of coarse grid ghost points: [[3,3,3],[3,3,3]]
INFO (Carpet): Buffer zone counts (excluding ghosts):
   [0]: [[0,0,0],[0,0,0]]
   [1]: [[9,9,9],[9,9,9]]
   [2]: [[9,9,9],[9,9,9]]
   [3]: [[9,9,9],[9,9,9]]
   [4]: [[9,9,9],[9,9,9]]
   [5]: [[9,9,9],[9,9,9]]
   [6]: [[9,9,9],[9,9,9]]
   [7]: [[9,9,9],[9,9,9]]
   [8]: [[9,9,9],[9,9,9]]
   [9]: [[9,9,9],[9,9,9]]
INFO (Carpet): Overlap zone counts:
   [0]: [[0,0,0],[0,0,0]]
   [1]: [[0,0,0],[0,0,0]]
   [2]: [[0,0,0],[0,0,0]]
   [3]: [[0,0,0],[0,0,0]]
   [4]: [[0,0,0],[0,0,0]]
   [5]: [[0,0,0],[0,0,0]]
   [6]: [[0,0,0],[0,0,0]]
   [7]: [[0,0,0],[0,0,0]]
   [8]: [[0,0,0],[0,0,0]]
   [9]: [[0,0,0],[0,0,0]]
INFO (Carpet): Group and variable statistics:
INFO (Carpet):    There are 747 grid functions in 72 groups
INFO (Carpet):    There are 1144 grid scalars in 70 groups
INFO (Carpet):    There are 111 1-dimensional grid arrays in 10 groups
INFO (Carpet):    There are 416 2-dimensional grid arrays in 18 groups
INFO (Carpet):    There are 6 3-dimensional grid arrays in 1 groups
INFO (Carpet):    (The number of variables counts all time levels)
INFO (CarpetIOScalar): Periodic scalar output requested for:
   LEANBSSNMOL::hc
   LEANBSSNMOL::mcx
   LEANBSSNMOL::mcy
   LEANBSSNMOL::mcz
   MAGSCALARBASE::phi1
   MAGSCALARBASE::phi2
   MAGSCALARBASE::Kphi1
   MAGSCALARBASE::Kphi2
   MAGSCALAREVOLVE::gc
INFO (CarpetIOASCII): I/O Method 'IOASCII_0D' registered: 0D AMR output of grid variables to ASCII files
INFO (CarpetIOASCII): Periodic 0D AMR output requested for:
   MAGSCALAREVOLVE::Q_phi
   MAGSCALAREVOLVE::E_phi
   QUASILOCALMEASURES::qlm_time[0]
   QUASILOCALMEASURES::qlm_time[1]
   QUASILOCALMEASURES::qlm_time[2]
   QUASILOCALMEASURES::qlm_time[3]
   QUASILOCALMEASURES::qlm_time[4]
   QUASILOCALMEASURES::qlm_time[5]
   QUASILOCALMEASURES::qlm_equatorial_circumference[0]
   QUASILOCALMEASURES::qlm_equatorial_circumference[1]
   QUASILOCALMEASURES::qlm_equatorial_circumference[2]
   QUASILOCALMEASURES::qlm_equatorial_circumference[3]
   QUASILOCALMEASURES::qlm_equatorial_circumference[4]
   QUASILOCALMEASURES::qlm_equatorial_circumference[5]
   QUASILOCALMEASURES::qlm_polar_circumference_0[0]
   QUASILOCALMEASURES::qlm_polar_circumference_0[1]
   QUASILOCALMEASURES::qlm_polar_circumference_0[2]
   QUASILOCALMEASURES::qlm_polar_circumference_0[3]
   QUASILOCALMEASURES::qlm_polar_circumference_0[4]
   QUASILOCALMEASURES::qlm_polar_circumference_0[5]
   QUASILOCALMEASURES::qlm_polar_circumference_pi_2[0]
   QUASILOCALMEASURES::qlm_polar_circumference_pi_2[1]
   QUASILOCALMEASURES::qlm_polar_circumference_pi_2[2]
   QUASILOCALMEASURES::qlm_polar_circumference_pi_2[3]
   QUASILOCALMEASURES::qlm_polar_circumference_pi_2[4]
   QUASILOCALMEASURES::qlm_polar_circumference_pi_2[5]
   QUASILOCALMEASURES::qlm_area[0]
   QUASILOCALMEASURES::qlm_area[1]
   QUASILOCALMEASURES::qlm_area[2]
   QUASILOCALMEASURES::qlm_area[3]
   QUASILOCALMEASURES::qlm_area[4]
   QUASILOCALMEASURES::qlm_area[5]
   QUASILOCALMEASURES::qlm_irreducible_mass[0]
   QUASILOCALMEASURES::qlm_irreducible_mass[1]
   QUASILOCALMEASURES::qlm_irreducible_mass[2]
   QUASILOCALMEASURES::qlm_irreducible_mass[3]
   QUASILOCALMEASURES::qlm_irreducible_mass[4]
   QUASILOCALMEASURES::qlm_irreducible_mass[5]
   QUASILOCALMEASURES::qlm_radius[0]
   QUASILOCALMEASURES::qlm_radius[1]
   QUASILOCALMEASURES::qlm_radius[2]
   QUASILOCALMEASURES::qlm_radius[3]
   QUASILOCALMEASURES::qlm_radius[4]
   QUASILOCALMEASURES::qlm_radius[5]
   QUASILOCALMEASURES::qlm_spin_guess[0]
   QUASILOCALMEASURES::qlm_spin_guess[1]
   QUASILOCALMEASURES::qlm_spin_guess[2]
   QUASILOCALMEASURES::qlm_spin_guess[3]
   QUASILOCALMEASURES::qlm_spin_guess[4]
   QUASILOCALMEASURES::qlm_spin_guess[5]
   QUASILOCALMEASURES::qlm_mass_guess[0]
   QUASILOCALMEASURES::qlm_mass_guess[1]
   QUASILOCALMEASURES::qlm_mass_guess[2]
   QUASILOCALMEASURES::qlm_mass_guess[3]
   QUASILOCALMEASURES::qlm_mass_guess[4]
   QUASILOCALMEASURES::qlm_mass_guess[5]
   QUASILOCALMEASURES::qlm_killing_eigenvalue_re[0]
   QUASILOCALMEASURES::qlm_killing_eigenvalue_re[1]
   QUASILOCALMEASURES::qlm_killing_eigenvalue_re[2]
   QUASILOCALMEASURES::qlm_killing_eigenvalue_re[3]
   QUASILOCALMEASURES::qlm_killing_eigenvalue_re[4]
   QUASILOCALMEASURES::qlm_killing_eigenvalue_re[5]
   QUASILOCALMEASURES::qlm_killing_eigenvalue_im[0]
   QUASILOCALMEASURES::qlm_killing_eigenvalue_im[1]
   QUASILOCALMEASURES::qlm_killing_eigenvalue_im[2]
   QUASILOCALMEASURES::qlm_killing_eigenvalue_im[3]
   QUASILOCALMEASURES::qlm_killing_eigenvalue_im[4]
   QUASILOCALMEASURES::qlm_killing_eigenvalue_im[5]
   QUASILOCALMEASURES::qlm_spin[0]
   QUASILOCALMEASURES::qlm_spin[1]
   QUASILOCALMEASURES::qlm_spin[2]
   QUASILOCALMEASURES::qlm_spin[3]
   QUASILOCALMEASURES::qlm_spin[4]
   QUASILOCALMEASURES::qlm_spin[5]
   QUASILOCALMEASURES::qlm_npspin[0]
   QUASILOCALMEASURES::qlm_npspin[1]
   QUASILOCALMEASURES::qlm_npspin[2]
   QUASILOCALMEASURES::qlm_npspin[3]
   QUASILOCALMEASURES::qlm_npspin[4]
   QUASILOCALMEASURES::qlm_npspin[5]
   QUASILOCALMEASURES::qlm_wsspin[0]
   QUASILOCALMEASURES::qlm_wsspin[1]
   QUASILOCALMEASURES::qlm_wsspin[2]
   QUASILOCALMEASURES::qlm_wsspin[3]
   QUASILOCALMEASURES::qlm_wsspin[4]
   QUASILOCALMEASURES::qlm_wsspin[5]
   QUASILOCALMEASURES::qlm_cvspin[0]
   QUASILOCALMEASURES::qlm_cvspin[1]
   QUASILOCALMEASURES::qlm_cvspin[2]
   QUASILOCALMEASURES::qlm_cvspin[3]
   QUASILOCALMEASURES::qlm_cvspin[4]
   QUASILOCALMEASURES::qlm_cvspin[5]
   QUASILOCALMEASURES::qlm_coordspinx[0]
   QUASILOCALMEASURES::qlm_coordspinx[1]
   QUASILOCALMEASURES::qlm_coordspinx[2]
   QUASILOCALMEASURES::qlm_coordspinx[3]
   QUASILOCALMEASURES::qlm_coordspinx[4]
   QUASILOCALMEASURES::qlm_coordspinx[5]
   QUASILOCALMEASURES::qlm_coordspiny[0]
   QUASILOCALMEASURES::qlm_coordspiny[1]
   QUASILOCALMEASURES::qlm_coordspiny[2]
   QUASILOCALMEASURES::qlm_coordspiny[3]
   QUASILOCALMEASURES::qlm_coordspiny[4]
   QUASILOCALMEASURES::qlm_coordspiny[5]
   QUASILOCALMEASURES::qlm_coordspinz[0]
   QUASILOCALMEASURES::qlm_coordspinz[1]
   QUASILOCALMEASURES::qlm_coordspinz[2]
   QUASILOCALMEASURES::qlm_coordspinz[3]
   QUASILOCALMEASURES::qlm_coordspinz[4]
   QUASILOCALMEASURES::qlm_coordspinz[5]
   QUASILOCALMEASURES::qlm_mass[0]
   QUASILOCALMEASURES::qlm_mass[1]
   QUASILOCALMEASURES::qlm_mass[2]
   QUASILOCALMEASURES::qlm_mass[3]
   QUASILOCALMEASURES::qlm_mass[4]
   QUASILOCALMEASURES::qlm_mass[5]
   QUASILOCALMEASURES::qlm_adm_energy[0]
   QUASILOCALMEASURES::qlm_adm_energy[1]
   QUASILOCALMEASURES::qlm_adm_energy[2]
   QUASILOCALMEASURES::qlm_adm_energy[3]
   QUASILOCALMEASURES::qlm_adm_energy[4]
   QUASILOCALMEASURES::qlm_adm_energy[5]
   QUASILOCALMEASURES::qlm_adm_momentum_x[0]
   QUASILOCALMEASURES::qlm_adm_momentum_x[1]
   QUASILOCALMEASURES::qlm_adm_momentum_x[2]
   QUASILOCALMEASURES::qlm_adm_momentum_x[3]
   QUASILOCALMEASURES::qlm_adm_momentum_x[4]
   QUASILOCALMEASURES::qlm_adm_momentum_x[5]
   QUASILOCALMEASURES::qlm_adm_momentum_y[0]
   QUASILOCALMEASURES::qlm_adm_momentum_y[1]
   QUASILOCALMEASURES::qlm_adm_momentum_y[2]
   QUASILOCALMEASURES::qlm_adm_momentum_y[3]
   QUASILOCALMEASURES::qlm_adm_momentum_y[4]
   QUASILOCALMEASURES::qlm_adm_momentum_y[5]
   QUASILOCALMEASURES::qlm_adm_momentum_z[0]
   QUASILOCALMEASURES::qlm_adm_momentum_z[1]
   QUASILOCALMEASURES::qlm_adm_momentum_z[2]
   QUASILOCALMEASURES::qlm_adm_momentum_z[3]
   QUASILOCALMEASURES::qlm_adm_momentum_z[4]
   QUASILOCALMEASURES::qlm_adm_momentum_z[5]
   QUASILOCALMEASURES::qlm_adm_angular_momentum_x[0]
   QUASILOCALMEASURES::qlm_adm_angular_momentum_x[1]
   QUASILOCALMEASURES::qlm_adm_angular_momentum_x[2]
   QUASILOCALMEASURES::qlm_adm_angular_momentum_x[3]
   QUASILOCALMEASURES::qlm_adm_angular_momentum_x[4]
   QUASILOCALMEASURES::qlm_adm_angular_momentum_x[5]
   QUASILOCALMEASURES::qlm_adm_angular_momentum_y[0]
   QUASILOCALMEASURES::qlm_adm_angular_momentum_y[1]
   QUASILOCALMEASURES::qlm_adm_angular_momentum_y[2]
   QUASILOCALMEASURES::qlm_adm_angular_momentum_y[3]
   QUASILOCALMEASURES::qlm_adm_angular_momentum_y[4]
   QUASILOCALMEASURES::qlm_adm_angular_momentum_y[5]
   QUASILOCALMEASURES::qlm_adm_angular_momentum_z[0]
   QUASILOCALMEASURES::qlm_adm_angular_momentum_z[1]
   QUASILOCALMEASURES::qlm_adm_angular_momentum_z[2]
   QUASILOCALMEASURES::qlm_adm_angular_momentum_z[3]
   QUASILOCALMEASURES::qlm_adm_angular_momentum_z[4]
   QUASILOCALMEASURES::qlm_adm_angular_momentum_z[5]
   QUASILOCALMEASURES::qlm_w_energy[0]
   QUASILOCALMEASURES::qlm_w_energy[1]
   QUASILOCALMEASURES::qlm_w_energy[2]
   QUASILOCALMEASURES::qlm_w_energy[3]
   QUASILOCALMEASURES::qlm_w_energy[4]
   QUASILOCALMEASURES::qlm_w_energy[5]
   QUASILOCALMEASURES::qlm_w_momentum_x[0]
   QUASILOCALMEASURES::qlm_w_momentum_x[1]
   QUASILOCALMEASURES::qlm_w_momentum_x[2]
   QUASILOCALMEASURES::qlm_w_momentum_x[3]
   QUASILOCALMEASURES::qlm_w_momentum_x[4]
   QUASILOCALMEASURES::qlm_w_momentum_x[5]
   QUASILOCALMEASURES::qlm_w_momentum_y[0]
   QUASILOCALMEASURES::qlm_w_momentum_y[1]
   QUASILOCALMEASURES::qlm_w_momentum_y[2]
   QUASILOCALMEASURES::qlm_w_momentum_y[3]
   QUASILOCALMEASURES::qlm_w_momentum_y[4]
   QUASILOCALMEASURES::qlm_w_momentum_y[5]
   QUASILOCALMEASURES::qlm_w_momentum_z[0]
   QUASILOCALMEASURES::qlm_w_momentum_z[1]
   QUASILOCALMEASURES::qlm_w_momentum_z[2]
   QUASILOCALMEASURES::qlm_w_momentum_z[3]
   QUASILOCALMEASURES::qlm_w_momentum_z[4]
   QUASILOCALMEASURES::qlm_w_momentum_z[5]
   QUASILOCALMEASURES::qlm_w_angular_momentum_x[0]
   QUASILOCALMEASURES::qlm_w_angular_momentum_x[1]
   QUASILOCALMEASURES::qlm_w_angular_momentum_x[2]
   QUASILOCALMEASURES::qlm_w_angular_momentum_x[3]
   QUASILOCALMEASURES::qlm_w_angular_momentum_x[4]
   QUASILOCALMEASURES::qlm_w_angular_momentum_x[5]
   QUASILOCALMEASURES::qlm_w_angular_momentum_y[0]
   QUASILOCALMEASURES::qlm_w_angular_momentum_y[1]
   QUASILOCALMEASURES::qlm_w_angular_momentum_y[2]
   QUASILOCALMEASURES::qlm_w_angular_momentum_y[3]
   QUASILOCALMEASURES::qlm_w_angular_momentum_y[4]
   QUASILOCALMEASURES::qlm_w_angular_momentum_y[5]
   QUASILOCALMEASURES::qlm_w_angular_momentum_z[0]
   QUASILOCALMEASURES::qlm_w_angular_momentum_z[1]
   QUASILOCALMEASURES::qlm_w_angular_momentum_z[2]
   QUASILOCALMEASURES::qlm_w_angular_momentum_z[3]
   QUASILOCALMEASURES::qlm_w_angular_momentum_z[4]
   QUASILOCALMEASURES::qlm_w_angular_momentum_z[5]
   SPHERICALSURFACE::sf_area[0]
   SPHERICALSURFACE::sf_area[1]
   SPHERICALSURFACE::sf_area[2]
   SPHERICALSURFACE::sf_area[3]
   SPHERICALSURFACE::sf_area[4]
   SPHERICALSURFACE::sf_area[5]
   SPHERICALSURFACE::sf_mean_radius[0]
   SPHERICALSURFACE::sf_mean_radius[1]
   SPHERICALSURFACE::sf_mean_radius[2]
   SPHERICALSURFACE::sf_mean_radius[3]
   SPHERICALSURFACE::sf_mean_radius[4]
   SPHERICALSURFACE::sf_mean_radius[5]
   SPHERICALSURFACE::sf_centroid_x[0]
   SPHERICALSURFACE::sf_centroid_x[1]
   SPHERICALSURFACE::sf_centroid_x[2]
   SPHERICALSURFACE::sf_centroid_x[3]
   SPHERICALSURFACE::sf_centroid_x[4]
   SPHERICALSURFACE::sf_centroid_x[5]
   SPHERICALSURFACE::sf_centroid_y[0]
   SPHERICALSURFACE::sf_centroid_y[1]
   SPHERICALSURFACE::sf_centroid_y[2]
   SPHERICALSURFACE::sf_centroid_y[3]
   SPHERICALSURFACE::sf_centroid_y[4]
   SPHERICALSURFACE::sf_centroid_y[5]
   SPHERICALSURFACE::sf_centroid_z[0]
   SPHERICALSURFACE::sf_centroid_z[1]
   SPHERICALSURFACE::sf_centroid_z[2]
   SPHERICALSURFACE::sf_centroid_z[3]
   SPHERICALSURFACE::sf_centroid_z[4]
   SPHERICALSURFACE::sf_centroid_z[5]
   SPHERICALSURFACE::sf_quadrupole_xx[0]
   SPHERICALSURFACE::sf_quadrupole_xx[1]
   SPHERICALSURFACE::sf_quadrupole_xx[2]
   SPHERICALSURFACE::sf_quadrupole_xx[3]
   SPHERICALSURFACE::sf_quadrupole_xx[4]
   SPHERICALSURFACE::sf_quadrupole_xx[5]
   SPHERICALSURFACE::sf_quadrupole_xy[0]
   SPHERICALSURFACE::sf_quadrupole_xy[1]
   SPHERICALSURFACE::sf_quadrupole_xy[2]
   SPHERICALSURFACE::sf_quadrupole_xy[3]
   SPHERICALSURFACE::sf_quadrupole_xy[4]
   SPHERICALSURFACE::sf_quadrupole_xy[5]
   SPHERICALSURFACE::sf_quadrupole_xz[0]
   SPHERICALSURFACE::sf_quadrupole_xz[1]
   SPHERICALSURFACE::sf_quadrupole_xz[2]
   SPHERICALSURFACE::sf_quadrupole_xz[3]
   SPHERICALSURFACE::sf_quadrupole_xz[4]
   SPHERICALSURFACE::sf_quadrupole_xz[5]
   SPHERICALSURFACE::sf_quadrupole_yy[0]
   SPHERICALSURFACE::sf_quadrupole_yy[1]
   SPHERICALSURFACE::sf_quadrupole_yy[2]
   SPHERICALSURFACE::sf_quadrupole_yy[3]
   SPHERICALSURFACE::sf_quadrupole_yy[4]
   SPHERICALSURFACE::sf_quadrupole_yy[5]
   SPHERICALSURFACE::sf_quadrupole_yz[0]
   SPHERICALSURFACE::sf_quadrupole_yz[1]
   SPHERICALSURFACE::sf_quadrupole_yz[2]
   SPHERICALSURFACE::sf_quadrupole_yz[3]
   SPHERICALSURFACE::sf_quadrupole_yz[4]
   SPHERICALSURFACE::sf_quadrupole_yz[5]
   SPHERICALSURFACE::sf_quadrupole_zz[0]
   SPHERICALSURFACE::sf_quadrupole_zz[1]
   SPHERICALSURFACE::sf_quadrupole_zz[2]
   SPHERICALSURFACE::sf_quadrupole_zz[3]
   SPHERICALSURFACE::sf_quadrupole_zz[4]
   SPHERICALSURFACE::sf_quadrupole_zz[5]
WARNING[L1,P0] (Cactus): Attempt to create a directory with an empty or NULL string
WARNING[L1,P0] (Cactus): Attempt to create a directory with an empty or NULL string
WARNING[L1,P0] (CarpetIOHDF5): Problem creating HDF5 output directory ''
WARNING[L1,P1] (Cactus): Attempt to create a directory with an empty or NULL string
WARNING[L1,P1] (CarpetIOHDF5): Problem creating HDF5 output directory ''
WARNING[L1,P2] (Cactus): Attempt to create a directory with an empty or NULL string
WARNING[L1,P2] (CarpetIOHDF5): Problem creating HDF5 output directory ''
WARNING[L1,P6] (Cactus): Attempt to create a directory with an empty or NULL string
WARNING[L1,P6] (CarpetIOHDF5): Problem creating HDF5 output directory ''
WARNING[L1,P15] (Cactus): Attempt to create a directory with an empty or NULL string
WARNING[L1,P15] (CarpetIOHDF5): Problem creating HDF5 output directory ''
WARNING[L1,P31] (Cactus): Attempt to create a directory with an empty or NULL string
WARNING[L1,P31] (CarpetIOHDF5): Problem creating HDF5 output directory ''
WARNING[L1,P78] (Cactus): Attempt to create a directory with an empty or NULL string
WARNING[L1,P78] (CarpetIOHDF5): Problem creating HDF5 output directory ''
WARNING[L1,P85] (Cactus): Attempt to create a directory with an empty or NULL string
WARNING[L1,P85] (CarpetIOHDF5): Problem creating HDF5 output directory ''
WARNING[L1,P101] (Cactus): Attempt to create a directory with an empty or NULL string
WARNING[L1,P101] (CarpetIOHDF5): Problem creating HDF5 output directory ''
WARNING[L1,P113] (Cactus): Attempt to create a directory with an empty or NULL string
WARNING[L1,P113] (CarpetIOHDF5): Problem creating HDF5 output directory ''
WARNING[L1,P125] (Cactus): Attempt to create a directory with an empty or NULL string
WARNING[L1,P125] (CarpetIOHDF5): Problem creating HDF5 output directory ''
WARNING[L1,P127] (Cactus): Attempt to create a directory with an empty or NULL string
WARNING[L1,P127] (CarpetIOHDF5): Problem creating HDF5 output directory ''
WARNING[L1,P25] (Cactus): Attempt to create a directory with an empty or NULL string
WARNING[L1,P25] (CarpetIOHDF5): Problem creating HDF5 output directory ''
WARNING[L1,P33] (Cactus): Attempt to create a directory with an empty or NULL string
WARNING[L1,P33] (CarpetIOHDF5): Problem creating HDF5 output directory ''
WARNING[L1,P42] (Cactus): Attempt to create a directory with an empty or NULL string
WARNING[L1,P42] (CarpetIOHDF5): Problem creating HDF5 output directory ''
WARNING[L1,P64] (Cactus): Attempt to create a directory with an empty or NULL string
WARNING[L1,P64] (CarpetIOHDF5): Problem creating HDF5 output directory ''
WARNING[L1,P71] (Cactus): Attempt to create a directory with an empty or NULL string
WARNING[L1,P71] (CarpetIOHDF5): Problem creating HDF5 output directory ''
WARNING[L1,P76] (Cactus): Attempt to create a directory with an empty or NULL string
WARNING[L1,P76] (CarpetIOHDF5): Problem creating HDF5 output directory ''
WARNING[L1,P105] (Cactus): Attempt to create a directory with an empty or NULL string
WARNING[L1,P105] (CarpetIOHDF5): Problem creating HDF5 output directory ''
WARNING[L1,P17] (Cactus): Attempt to create a directory with an empty or NULL string
WARNING[L1,P17] (CarpetIOHDF5): Problem creating HDF5 output directory ''
WARNING[L1,P20] (Cactus): Attempt to create a directory with an empty or NULL string
WARNING[L1,P20] (CarpetIOHDF5): Problem creating HDF5 output directory ''
WARNING[L1,P27] (Cactus): Attempt to create a directory with an empty or NULL string
WARNING[L1,P27] (CarpetIOHDF5): Problem creating HDF5 output directory ''
WARNING[L1,P29] (Cactus): Attempt to create a directory with an empty or NULL string
WARNING[L1,P29] (CarpetIOHDF5): Problem creating HDF5 output directory ''
WARNING[L1,P36] (Cactus): Attempt to create a directory with an empty or NULL string
WARNING[L1,P36] (CarpetIOHDF5): Problem creating HDF5 output directory ''
WARNING[L1,P45] (Cactus): Attempt to create a directory with an empty or NULL string
WARNING[L1,P45] (CarpetIOHDF5): Problem creating HDF5 output directory ''
WARNING[L1,P50] (Cactus): Attempt to create a directory with an empty or NULL string
WARNING[L1,P50] (CarpetIOHDF5): Problem creating HDF5 output directory ''
WARNING[L1,P70] (Cactus): Attempt to create a directory with an empty or NULL string
WARNING[L1,P70] (CarpetIOHDF5): Problem creating HDF5 output directory ''
WARNING[L1,P87] (Cactus): Attempt to create a directory with an empty or NULL string
WARNING[L1,P87] (CarpetIOHDF5): Problem creating HDF5 output directory ''
WARNING[L1,P91] (Cactus): Attempt to create a directory with an empty or NULL string
WARNING[L1,P91] (CarpetIOHDF5): Problem creating HDF5 output directory ''
WARNING[L1,P93] (Cactus): Attempt to create a directory with an empty or NULL string
WARNING[L1,P93] (CarpetIOHDF5): Problem creating HDF5 output directory ''
WARNING[L1,P3] (Cactus): Attempt to create a directory with an empty or NULL string
WARNING[L1,P3] (CarpetIOHDF5): Problem creating HDF5 output directory ''
WARNING[L1,P5] (Cactus): Attempt to create a directory with an empty or NULL string
WARNING[L1,P5] (CarpetIOHDF5): Problem creating HDF5 output directory ''
WARNING[L1,P7] (Cactus): Attempt to create a directory with an empty or NULL string
WARNING[L1,P7] (CarpetIOHDF5): Problem creating HDF5 output directory ''
WARNING[L1,P8] (Cactus): Attempt to create a directory with an empty or NULL string
WARNING[L1,P8] (CarpetIOHDF5): Problem creating HDF5 output directory ''
WARNING[L1,P12] (Cactus): Attempt to create a directory with an empty or NULL string
WARNING[L1,P12] (CarpetIOHDF5): Problem creating HDF5 output directory ''
WARNING[L1,P13] (Cactus): Attempt to create a directory with an empty or NULL string
WARNING[L1,P13] (CarpetIOHDF5): Problem creating HDF5 output directory ''
WARNING[L1,P21] (Cactus): Attempt to create a directory with an empty or NULL string
WARNING[L1,P21] (CarpetIOHDF5): Problem creating HDF5 output directory ''
WARNING[L1,P22] (Cactus): Attempt to create a directory with an empty or NULL string
WARNING[L1,P22] (CarpetIOHDF5): Problem creating HDF5 output directory ''
WARNING[L1,P23] (Cactus): Attempt to create a directory with an empty or NULL string
WARNING[L1,P23] (CarpetIOHDF5): Problem creating HDF5 output directory ''
WARNING[L1,P26] (Cactus): Attempt to create a directory with an empty or NULL string
WARNING[L1,P26] (CarpetIOHDF5): Problem creating HDF5 output directory ''
WARNING[L1,P28] (Cactus): Attempt to create a directory with an empty or NULL string
WARNING[L1,P28] (CarpetIOHDF5): Problem creating HDF5 output directory ''
WARNING[L1,P30] (Cactus): Attempt to create a directory with an empty or NULL string
WARNING[L1,P30] (CarpetIOHDF5): Problem creating HDF5 output directory ''
WARNING[L1,P46] (Cactus): Attempt to create a directory with an empty or NULL string
WARNING[L1,P46] (CarpetIOHDF5): Problem creating HDF5 output directory ''
WARNING[L1,P48] (Cactus): Attempt to create a directory with an empty or NULL string
WARNING[L1,P48] (CarpetIOHDF5): Problem creating HDF5 output directory ''
WARNING[L1,P49] (Cactus): Attempt to create a directory with an empty or NULL string
WARNING[L1,P49] (CarpetIOHDF5): Problem creating HDF5 output directory ''
WARNING[L1,P53] (Cactus): Attempt to create a directory with an empty or NULL string
WARNING[L1,P53] (CarpetIOHDF5): Problem creating HDF5 output directory ''
WARNING[L1,P59] (Cactus): Attempt to create a directory with an empty or NULL string
WARNING[L1,P59] (CarpetIOHDF5): Problem creating HDF5 output directory ''
WARNING[L1,P68] (Cactus): Attempt to create a directory with an empty or NULL string
WARNING[L1,P68] (CarpetIOHDF5): Problem creating HDF5 output directory ''
WARNING[L1,P72] (Cactus): Attempt to create a directory with an empty or NULL string
WARNING[L1,P72] (CarpetIOHDF5): Problem creating HDF5 output directory ''
WARNING[L1,P73] (Cactus): Attempt to create a directory with an empty or NULL string
WARNING[L1,P73] (CarpetIOHDF5): Problem creating HDF5 output directory ''
WARNING[L1,P74] (Cactus): Attempt to create a directory with an empty or NULL string
WARNING[L1,P74] (CarpetIOHDF5): Problem creating HDF5 output directory ''
WARNING[L1,P81] (Cactus): Attempt to create a directory with an empty or NULL string
WARNING[L1,P81] (CarpetIOHDF5): Problem creating HDF5 output directory ''
WARNING[L1,P84] (Cactus): Attempt to create a directory with an empty or NULL string
WARNING[L1,P84] (CarpetIOHDF5): Problem creating HDF5 output directory ''
WARNING[L1,P88] (Cactus): Attempt to create a directory with an empty or NULL string
WARNING[L1,P88] (CarpetIOHDF5): Problem creating HDF5 output directory ''
WARNING[L1,P89] (Cactus): Attempt to create a directory with an empty or NULL string
WARNING[L1,P89] (CarpetIOHDF5): Problem creating HDF5 output directory ''
WARNING[L1,P92] (Cactus): Attempt to create a directory with an empty or NULL string
WARNING[L1,P92] (CarpetIOHDF5): Problem creating HDF5 output directory ''
WARNING[L1,P94] (Cactus): Attempt to create a directory with an empty or NULL string
WARNING[L1,P94] (CarpetIOHDF5): Problem creating HDF5 output directory ''
WARNING[L1,P97] (Cactus): Attempt to create a directory with an empty or NULL string
WARNING[L1,P97] (CarpetIOHDF5): Problem creating HDF5 output directory ''
WARNING[L1,P108] (Cactus): Attempt to create a directory with an empty or NULL string
WARNING[L1,P108] (CarpetIOHDF5): Problem creating HDF5 output directory ''
WARNING[L1,P110] (Cactus): Attempt to create a directory with an empty or NULL string
WARNING[L1,P110] (CarpetIOHDF5): Problem creating HDF5 output directory ''
WARNING[L1,P116] (Cactus): Attempt to create a directory with an empty or NULL string
WARNING[L1,P116] (CarpetIOHDF5): Problem creating HDF5 output directory ''
WARNING[L1,P117] (Cactus): Attempt to create a directory with an empty or NULL string
WARNING[L1,P117] (CarpetIOHDF5): Problem creating HDF5 output directory ''
WARNING[L1,P118] (Cactus): Attempt to create a directory with an empty or NULL string
WARNING[L1,P118] (CarpetIOHDF5): Problem creating HDF5 output directory ''
WARNING[L1,P121] (Cactus): Attempt to create a directory with an empty or NULL string
WARNING[L1,P121] (CarpetIOHDF5): Problem creating HDF5 output directory ''
WARNING[L1,P4] (Cactus): Attempt to create a directory with an empty or NULL string
WARNING[L1,P4] (CarpetIOHDF5): Problem creating HDF5 output directory ''
WARNING[L1,P9] (Cactus): Attempt to create a directory with an empty or NULL string
WARNING[L1,P9] (CarpetIOHDF5): Problem creating HDF5 output directory ''
WARNING[L1,P10] (Cactus): Attempt to create a directory with an empty or NULL string
WARNING[L1,P10] (CarpetIOHDF5): Problem creating HDF5 output directory ''
WARNING[L1,P11] (Cactus): Attempt to create a directory with an empty or NULL string
WARNING[L1,P11] (CarpetIOHDF5): Problem creating HDF5 output directory ''
WARNING[L1,P14] (Cactus): Attempt to create a directory with an empty or NULL string
WARNING[L1,P14] (CarpetIOHDF5): Problem creating HDF5 output directory ''
WARNING[L1,P16] (Cactus): Attempt to create a directory with an empty or NULL string
WARNING[L1,P16] (CarpetIOHDF5): Problem creating HDF5 output directory ''
WARNING[L1,P18] (Cactus): Attempt to create a directory with an empty or NULL string
WARNING[L1,P18] (CarpetIOHDF5): Problem creating HDF5 output directory ''
WARNING[L1,P19] (Cactus): Attempt to create a directory with an empty or NULL string
WARNING[L1,P19] (CarpetIOHDF5): Problem creating HDF5 output directory ''
WARNING[L1,P24] (Cactus): Attempt to create a directory with an empty or NULL string
WARNING[L1,P24] (CarpetIOHDF5): Problem creating HDF5 output directory ''
WARNING[L1,P32] (Cactus): Attempt to create a directory with an empty or NULL string
WARNING[L1,P32] (CarpetIOHDF5): Problem creating HDF5 output directory ''
WARNING[L1,P34] (Cactus): Attempt to create a directory with an empty or NULL string
WARNING[L1,P34] (CarpetIOHDF5): Problem creating HDF5 output directory ''
WARNING[L1,P35] (Cactus): Attempt to create a directory with an empty or NULL string
WARNING[L1,P35] (CarpetIOHDF5): Problem creating HDF5 output directory ''
WARNING[L1,P37] (Cactus): Attempt to create a directory with an empty or NULL string
WARNING[L1,P37] (CarpetIOHDF5): Problem creating HDF5 output directory ''
WARNING[L1,P38] (Cactus): Attempt to create a directory with an empty or NULL string
WARNING[L1,P38] (CarpetIOHDF5): Problem creating HDF5 output directory ''
WARNING[L1,P39] (Cactus): Attempt to create a directory with an empty or NULL string
WARNING[L1,P39] (CarpetIOHDF5): Problem creating HDF5 output directory ''
WARNING[L1,P40] (Cactus): Attempt to create a directory with an empty or NULL string
WARNING[L1,P40] (CarpetIOHDF5): Problem creating HDF5 output directory ''
WARNING[L1,P41] (Cactus): Attempt to create a directory with an empty or NULL string
WARNING[L1,P41] (CarpetIOHDF5): Problem creating HDF5 output directory ''
WARNING[L1,P43] (Cactus): Attempt to create a directory with an empty or NULL string
WARNING[L1,P43] (CarpetIOHDF5): Problem creating HDF5 output directory ''
WARNING[L1,P44] (Cactus): Attempt to create a directory with an empty or NULL string
WARNING[L1,P44] (CarpetIOHDF5): Problem creating HDF5 output directory ''
WARNING[L1,P47] (Cactus): Attempt to create a directory with an empty or NULL string
WARNING[L1,P47] (CarpetIOHDF5): Problem creating HDF5 output directory ''
WARNING[L1,P51] (Cactus): Attempt to create a directory with an empty or NULL string
WARNING[L1,P51] (CarpetIOHDF5): Problem creating HDF5 output directory ''
WARNING[L1,P52] (Cactus): Attempt to create a directory with an empty or NULL string
WARNING[L1,P52] (CarpetIOHDF5): Problem creating HDF5 output directory ''
WARNING[L1,P54] (Cactus): Attempt to create a directory with an empty or NULL string
WARNING[L1,P54] (CarpetIOHDF5): Problem creating HDF5 output directory ''
WARNING[L1,P55] (Cactus): Attempt to create a directory with an empty or NULL string
WARNING[L1,P55] (CarpetIOHDF5): Problem creating HDF5 output directory ''
WARNING[L1,P56] (Cactus): Attempt to create a directory with an empty or NULL string
WARNING[L1,P56] (CarpetIOHDF5): Problem creating HDF5 output directory ''
WARNING[L1,P57] (Cactus): Attempt to create a directory with an empty or NULL string
WARNING[L1,P57] (CarpetIOHDF5): Problem creating HDF5 output directory ''
WARNING[L1,P58] (Cactus): Attempt to create a directory with an empty or NULL string
WARNING[L1,P58] (CarpetIOHDF5): Problem creating HDF5 output directory ''
WARNING[L1,P60] (Cactus): Attempt to create a directory with an empty or NULL string
WARNING[L1,P60] (CarpetIOHDF5): Problem creating HDF5 output directory ''
WARNING[L1,P61] (Cactus): Attempt to create a directory with an empty or NULL string
WARNING[L1,P61] (CarpetIOHDF5): Problem creating HDF5 output directory ''
WARNING[L1,P62] (Cactus): Attempt to create a directory with an empty or NULL string
WARNING[L1,P62] (CarpetIOHDF5): Problem creating HDF5 output directory ''
WARNING[L1,P63] (Cactus): Attempt to create a directory with an empty or NULL string
WARNING[L1,P63] (CarpetIOHDF5): Problem creating HDF5 output directory ''
WARNING[L1,P65] (Cactus): Attempt to create a directory with an empty or NULL string
WARNING[L1,P65] (CarpetIOHDF5): Problem creating HDF5 output directory ''
WARNING[L1,P66] (Cactus): Attempt to create a directory with an empty or NULL string
WARNING[L1,P66] (CarpetIOHDF5): Problem creating HDF5 output directory ''
WARNING[L1,P67] (Cactus): Attempt to create a directory with an empty or NULL string
WARNING[L1,P67] (CarpetIOHDF5): Problem creating HDF5 output directory ''
WARNING[L1,P69] (Cactus): Attempt to create a directory with an empty or NULL string
WARNING[L1,P69] (CarpetIOHDF5): Problem creating HDF5 output directory ''
WARNING[L1,P75] (Cactus): Attempt to create a directory with an empty or NULL string
WARNING[L1,P75] (CarpetIOHDF5): Problem creating HDF5 output directory ''
WARNING[L1,P77] (Cactus): Attempt to create a directory with an empty or NULL string
WARNING[L1,P77] (CarpetIOHDF5): Problem creating HDF5 output directory ''
WARNING[L1,P79] (Cactus): Attempt to create a directory with an empty or NULL string
WARNING[L1,P79] (CarpetIOHDF5): Problem creating HDF5 output directory ''
WARNING[L1,P80] (Cactus): Attempt to create a directory with an empty or NULL string
WARNING[L1,P80] (CarpetIOHDF5): Problem creating HDF5 output directory ''
WARNING[L1,P82] (Cactus): Attempt to create a directory with an empty or NULL string
WARNING[L1,P82] (CarpetIOHDF5): Problem creating HDF5 output directory ''
WARNING[L1,P83] (Cactus): Attempt to create a directory with an empty or NULL string
WARNING[L1,P83] (CarpetIOHDF5): Problem creating HDF5 output directory ''
WARNING[L1,P86] (Cactus): Attempt to create a directory with an empty or NULL string
WARNING[L1,P86] (CarpetIOHDF5): Problem creating HDF5 output directory ''
WARNING[L1,P90] (Cactus): Attempt to create a directory with an empty or NULL string
WARNING[L1,P90] (CarpetIOHDF5): Problem creating HDF5 output directory ''
WARNING[L1,P95] (Cactus): Attempt to create a directory with an empty or NULL string
WARNING[L1,P95] (CarpetIOHDF5): Problem creating HDF5 output directory ''
WARNING[L1,P96] (Cactus): Attempt to create a directory with an empty or NULL string
WARNING[L1,P96] (CarpetIOHDF5): Problem creating HDF5 output directory ''
WARNING[L1,P98] (Cactus): Attempt to create a directory with an empty or NULL string
WARNING[L1,P98] (CarpetIOHDF5): Problem creating HDF5 output directory ''
WARNING[L1,P99] (Cactus): Attempt to create a directory with an empty or NULL string
WARNING[L1,P99] (CarpetIOHDF5): Problem creating HDF5 output directory ''
WARNING[L1,P100] (Cactus): Attempt to create a directory with an empty or NULL string
WARNING[L1,P100] (CarpetIOHDF5): Problem creating HDF5 output directory ''
WARNING[L1,P102] (Cactus): Attempt to create a directory with an empty or NULL string
WARNING[L1,P102] (CarpetIOHDF5): Problem creating HDF5 output directory ''
WARNING[L1,P103] (Cactus): Attempt to create a directory with an empty or NULL string
WARNING[L1,P103] (CarpetIOHDF5): Problem creating HDF5 output directory ''
WARNING[L1,P104] (Cactus): Attempt to create a directory with an empty or NULL string
WARNING[L1,P104] (CarpetIOHDF5): Problem creating HDF5 output directory ''
WARNING[L1,P106] (Cactus): Attempt to create a directory with an empty or NULL string
WARNING[L1,P106] (CarpetIOHDF5): Problem creating HDF5 output directory ''
WARNING[L1,P107] (Cactus): Attempt to create a directory with an empty or NULL string
WARNING[L1,P107] (CarpetIOHDF5): Problem creating HDF5 output directory ''
WARNING[L1,P109] (Cactus): Attempt to create a directory with an empty or NULL string
WARNING[L1,P109] (CarpetIOHDF5): Problem creating HDF5 output directory ''
WARNING[L1,P111] (Cactus): Attempt to create a directory with an empty or NULL string
WARNING[L1,P111] (CarpetIOHDF5): Problem creating HDF5 output directory ''
WARNING[L1,P112] (Cactus): Attempt to create a directory with an empty or NULL string
WARNING[L1,P112] (CarpetIOHDF5): Problem creating HDF5 output directory ''
WARNING[L1,P114] (Cactus): Attempt to create a directory with an empty or NULL string
WARNING[L1,P114] (CarpetIOHDF5): Problem creating HDF5 output directory ''
WARNING[L1,P115] (Cactus): Attempt to create a directory with an empty or NULL string
WARNING[L1,P115] (CarpetIOHDF5): Problem creating HDF5 output directory ''
WARNING[L1,P119] (Cactus): Attempt to create a directory with an empty or NULL string
WARNING[L1,P119] (CarpetIOHDF5): Problem creating HDF5 output directory ''
WARNING[L1,P120] (Cactus): Attempt to create a directory with an empty or NULL string
WARNING[L1,P120] (CarpetIOHDF5): Problem creating HDF5 output directory ''
WARNING[L1,P122] (Cactus): Attempt to create a directory with an empty or NULL string
WARNING[L1,P122] (CarpetIOHDF5): Problem creating HDF5 output directory ''
WARNING[L1,P123] (Cactus): Attempt to create a directory with an empty or NULL string
WARNING[L1,P123] (CarpetIOHDF5): Problem creating HDF5 output directory ''
WARNING[L1,P124] (Cactus): Attempt to create a directory with an empty or NULL string
WARNING[L1,P124] (CarpetIOHDF5): Problem creating HDF5 output directory ''
WARNING[L1,P126] (Cactus): Attempt to create a directory with an empty or NULL string
WARNING[L1,P126] (CarpetIOHDF5): Problem creating HDF5 output directory ''
   SPHERICALSURFACE::sf_min_radius[0]
   SPHERICALSURFACE::sf_min_radius[1]
   SPHERICALSURFACE::sf_min_radius[2]
   SPHERICALSURFACE::sf_min_radius[3]
   SPHERICALSURFACE::sf_min_radius[4]
   SPHERICALSURFACE::sf_min_radius[5]
   SPHERICALSURFACE::sf_max_radius[0]
   SPHERICALSURFACE::sf_max_radius[1]
   SPHERICALSURFACE::sf_max_radius[2]
   SPHERICALSURFACE::sf_max_radius[3]
   SPHERICALSURFACE::sf_max_radius[4]
   SPHERICALSURFACE::sf_max_radius[5]
   SPHERICALSURFACE::sf_min_x[0]
   SPHERICALSURFACE::sf_min_x[1]
   SPHERICALSURFACE::sf_min_x[2]
   SPHERICALSURFACE::sf_min_x[3]
   SPHERICALSURFACE::sf_min_x[4]
   SPHERICALSURFACE::sf_min_x[5]
   SPHERICALSURFACE::sf_min_y[0]
   SPHERICALSURFACE::sf_min_y[1]
   SPHERICALSURFACE::sf_min_y[2]
   SPHERICALSURFACE::sf_min_y[3]
   SPHERICALSURFACE::sf_min_y[4]
   SPHERICALSURFACE::sf_min_y[5]
   SPHERICALSURFACE::sf_min_z[0]
   SPHERICALSURFACE::sf_min_z[1]
   SPHERICALSURFACE::sf_min_z[2]
   SPHERICALSURFACE::sf_min_z[3]
   SPHERICALSURFACE::sf_min_z[4]
   SPHERICALSURFACE::sf_min_z[5]
   SPHERICALSURFACE::sf_max_x[0]
   SPHERICALSURFACE::sf_max_x[1]
   SPHERICALSURFACE::sf_max_x[2]
   SPHERICALSURFACE::sf_max_x[3]
   SPHERICALSURFACE::sf_max_x[4]
   SPHERICALSURFACE::sf_max_x[5]
   SPHERICALSURFACE::sf_max_y[0]
   SPHERICALSURFACE::sf_max_y[1]
   SPHERICALSURFACE::sf_max_y[2]
   SPHERICALSURFACE::sf_max_y[3]
   SPHERICALSURFACE::sf_max_y[4]
   SPHERICALSURFACE::sf_max_y[5]
   SPHERICALSURFACE::sf_max_z[0]
   SPHERICALSURFACE::sf_max_z[1]
   SPHERICALSURFACE::sf_max_z[2]
   SPHERICALSURFACE::sf_max_z[3]
   SPHERICALSURFACE::sf_max_z[4]
   SPHERICALSURFACE::sf_max_z[5]
INFO (CarpetIOASCII): I/O Method 'IOASCII_1D' registered: 1D AMR output of grid variables to ASCII files
INFO (CarpetIOASCII): Periodic 1D AMR output requested for:
   ADMBASE::alp
   ADMBASE::betax
   ADMBASE::betay
   ADMBASE::betaz
   LEANBSSNMOL::hc
   LEANBSSNMOL::mcx
   LEANBSSNMOL::mcy
   LEANBSSNMOL::mcz
   MAGSCALARBASE::Ex
   MAGSCALARBASE::Ey
   MAGSCALARBASE::Ez
   MAGSCALARBASE::Ax
   MAGSCALARBASE::Ay
   MAGSCALARBASE::Az
   MAGSCALARBASE::Aphi
   MAGSCALARBASE::phi1
   MAGSCALARBASE::phi2
   MAGSCALARBASE::Kphi1
   MAGSCALARBASE::Kphi2
   MAGSCALAREVOLVE::gc
   MAGSCALAREVOLVE::rho_e
   MAGSCALAREVOLVE::rho_phi
INFO (CarpetIOASCII): I/O Method 'IOASCII_2D' registered: 2D AMR output of grid variables to ASCII files
INFO (CarpetIOASCII): I/O Method 'IOASCII_3D' registered: 3D AMR output of grid variables to ASCII files
INFO (CarpetIOHDF5): I/O Method 'IOHDF5' registered: AMR output of grid variables to HDF5 files
INFO (CarpetIOHDF5): I/O Method 'IOHDF5_0D' registered: 0D AMR output of grid variables to HDF5 files
INFO (CarpetIOHDF5): I/O Method 'IOHDF5_1D' registered: 1D AMR output of grid variables to HDF5 files
INFO (CarpetIOHDF5): I/O Method 'IOHDF5_2D' registered: 2D AMR output of grid variables to HDF5 files
INFO (CarpetIOHDF5): Periodic 2D AMR output requested for:
   MAGSCALAREVOLVE::rho_e
   MAGSCALAREVOLVE::rho_phi
   SPACEMASK::space_mask
INFO (CarpetIOHDF5): I/O Method 'IOHDF5_3D' registered: 3D AMR output of grid variables to HDF5 files
INFO (MoL): Using Runge-Kutta 4 as the time integrator.
INFO (SymBase): Symmetry on lower z-face: reflection_symmetry
INFO (MoL): The maximum number of evolved variables is 1862. 37 are registered.
INFO (MoL): The maximum number of slow evolved variables is 1862. 0 are registered.
INFO (MoL): The maximum number of constrained variables is 1862. 12 are registered.
INFO (MoL): The maximum number of SandR variables is 1862. 0 are registered.
INFO (MoL): The maximum number of evolved array variables is 1862. 0 are registered.
INFO (MoL): The maximum number of constrained array variables is 1862. 0 are registered.
INFO (MoL): The maximum number of SandR array variables is 1862. 0 are registered.
INFO (MoL): The maximum size of any array variables is 0.
INFO (Vectors): Testing vectorisation... [errors may result in segfaults]
INFO (Vectors): 101/101 tests passed 
INFO (CarpetRegrid2): Enforcing grid structure properties, iteration 0
INFO (CarpetRegrid2): Enforcing grid structure properties, iteration 1
INFO (CarpetRegrid2): Enforcing grid structure properties, iteration 0
INFO (CarpetRegrid2): Enforcing grid structure properties, iteration 1
INFO (CarpetRegrid2): Enforcing grid structure properties, iteration 0
INFO (CarpetRegrid2): Enforcing grid structure properties, iteration 1
INFO (CarpetRegrid2): Enforcing grid structure properties, iteration 0
INFO (CarpetRegrid2): Enforcing grid structure properties, iteration 1
INFO (CarpetRegrid2): Enforcing grid structure properties, iteration 0
INFO (CarpetRegrid2): Enforcing grid structure properties, iteration 1
INFO (CarpetRegrid2): Enforcing grid structure properties, iteration 0
INFO (CarpetRegrid2): Enforcing grid structure properties, iteration 1
INFO (CarpetRegrid2): Enforcing grid structure properties, iteration 0
INFO (CarpetRegrid2): Enforcing grid structure properties, iteration 1
INFO (CarpetRegrid2): Enforcing grid structure properties, iteration 0
INFO (CarpetRegrid2): Enforcing grid structure properties, iteration 1
INFO (CarpetRegrid2): Enforcing grid structure properties, iteration 0
INFO (CarpetRegrid2): Enforcing grid structure properties, iteration 1
INFO (Carpet): Grid structure (superregions, grid points):
   [0][0][0]   exterior: [0,0,0] : [132,132,69]   ([133,133,70] + PADDING) 1238230
   [1][0][0]   exterior: [59,59,3] : [205,205,79]   ([147,147,77] + PADDING) 1663893
   [2][0][0]   exterior: [191,191,9] : [337,337,85]   ([147,147,77] + PADDING) 1663893
   [3][0][0]   exterior: [455,455,21] : [601,601,97]   ([147,147,77] + PADDING) 1663893
   [4][0][0]   exterior: [983,983,45] : [1129,1129,121]   ([147,147,77] + PADDING) 1663893
   [5][0][0]   exterior: [2039,2039,93] : [2185,2185,169]   ([147,147,77] + PADDING) 1663893
   [6][0][0]   exterior: [4151,4151,189] : [4297,4297,265]   ([147,147,77] + PADDING) 1663893
   [7][0][0]   exterior: [8375,8375,381] : [8521,8521,457]   ([147,147,77] + PADDING) 1663893
   [8][0][0]   exterior: [16823,16823,765] : [16969,16969,841]   ([147,147,77] + PADDING) 1663893
   [9][0][0]   exterior: [33719,33719,1533] : [33865,33865,1609]   ([147,147,77] + PADDING) 1663893
INFO (Carpet): Grid structure (superregions, coordinates):
   [0][0][0]   exterior: [-264,-264,-12] : [264,264,264] : [4,4,4]
   [1][0][0]   exterior: [-146,-146,-6] : [146,146,146] : [2,2,2]
   [2][0][0]   exterior: [-73,-73,-3] : [73,73,73] : [1,1,1]
   [3][0][0]   exterior: [-36.5,-36.5,-1.5] : [36.5,36.5,36.5] : [0.5,0.5,0.5]
   [4][0][0]   exterior: [-18.25,-18.25,-0.75] : [18.25,18.25,18.25] : [0.25,0.25,0.25]
   [5][0][0]   exterior: [-9.125,-9.125,-0.375] : [9.125,9.125,9.125] : [0.125,0.125,0.125]
   [6][0][0]   exterior: [-4.5625,-4.5625,-0.1875] : [4.5625,4.5625,4.5625] : [0.0625,0.0625,0.0625]
   [7][0][0]   exterior: [-2.28125,-2.28125,-0.09375] : [2.28125,2.28125,2.28125] : [0.03125,0.03125,0.03125]
   [8][0][0]   exterior: [-1.140625,-1.140625,-0.046875] : [1.140625,1.140625,1.140625] : [0.015625,0.015625,0.015625]
   [9][0][0]   exterior: [-0.5703125,-0.5703125,-0.0234375] : [0.5703125,0.5703125,0.5703125] : [0.0078125,0.0078125,0.0078125]
INFO (Carpet): Global grid structure statistics:
INFO (Carpet): GF: rhs: 1082k active, 1599k owned (+48%), 3198k total (+100%), 1.02e+03 steps/time
INFO (Carpet): GF: vars: 278, pts: 2993M active, 4288M owned (+43%), 8634M total (+101%), 1.0 comp/proc
INFO (Carpet): GA: vars: 1658, pts: 436M active, 436M total (+0%)
INFO (Carpet): Total required memory: 73.568 GByte (for GAs and currently active GFs)
INFO (Carpet): Load balance:  min     avg     max     sdv     max/avg-1
INFO (Carpet): Level  0:       2M      2M      3M      0M owned     30%
INFO (Carpet): Level  1:       3M      3M      4M      0M owned     10%
INFO (Carpet): Level  2:       3M      3M      4M      0M owned     10%
INFO (Carpet): Level  3:       3M      3M      4M      0M owned     10%
INFO (Carpet): Level  4:       3M      3M      4M      0M owned     10%
INFO (Carpet): Level  5:       3M      3M      4M      0M owned     10%
INFO (Carpet): Level  6:       3M      3M      4M      0M owned     10%
INFO (Carpet): Level  7:       3M      3M      4M      0M owned     10%
INFO (Carpet): Level  8:       3M      3M      4M      0M owned     10%
INFO (Carpet): Level  9:       3M      3M      4M      0M owned     10%
INFO (CartGrid3D): Grid Spacings:
INFO (CartGrid3D): dx=>4.0000000e+00  dy=>4.0000000e+00  dz=>4.0000000e+00
INFO (CartGrid3D): Computational Coordinates:
INFO (CartGrid3D): x=>[-264.000,264.000]  y=>[-264.000,264.000]  z=>[-12.000,264.000]
INFO (CartGrid3D): Indices of Physical Coordinates:
INFO (CartGrid3D): x=>[0,132]  y=>[0,132]  z=>[0,69]
INFO (AHFinderDirect): setting up AHFinderDirect data structures
INFO (AHFinderDirect):            to search for 6 horizons on 128 processors
INFO (AHFinderDirect):       constructing full sphere patch system
INFO (AHFinderDirect):                    at origin (0,0,0)
INFO (AHFinderDirect):                    with 18 angular zones per right angle
INFO (AHFinderDirect):       ==> 2166 nominal, 3174 ghosted angular grid points
INFO (AHFinderDirect):       constructing full sphere patch system
INFO (AHFinderDirect):                    at origin (0,0,0)
INFO (AHFinderDirect):                    with 18 angular zones per right angle
INFO (AHFinderDirect):       ==> 2166 nominal, 3174 ghosted angular grid points
INFO (AHFinderDirect):       constructing full sphere patch system
INFO (AHFinderDirect):                    at origin (0,0,0)
INFO (AHFinderDirect):                    with 18 angular zones per right angle
INFO (AHFinderDirect):       ==> 2166 nominal, 3174 ghosted angular grid points
INFO (AHFinderDirect):       constructing full sphere patch system
INFO (AHFinderDirect):                    at origin (0,0,0)
INFO (AHFinderDirect):                    with 18 angular zones per right angle
INFO (AHFinderDirect):       ==> 2166 nominal, 3174 ghosted angular grid points
INFO (AHFinderDirect):       constructing full sphere patch system
INFO (AHFinderDirect):                    at origin (0,0,0)
INFO (AHFinderDirect):                    with 18 angular zones per right angle
INFO (AHFinderDirect):       ==> 2166 nominal, 3174 ghosted angular grid points
INFO (AHFinderDirect):       constructing full sphere patch system
INFO (AHFinderDirect):                    at origin (0,0,0)
INFO (AHFinderDirect):                    with 18 angular zones per right angle
INFO (AHFinderDirect):       ==> 2166 nominal, 3174 ghosted angular grid points
INFO (TerminationTrigger): Reminding you every 0 minutes about remaining walltime
INFO (Time): Timestep set to 1.6 (courant_static)
INFO (MagScalarInit): Step size in input file, h=0.00166667
INFO (QuasiLocalMeasures): Initialising Quasi-Local Measure calculations
INFO (TerminationTrigger): Reminding you every 0 minutes about remaining walltime
INFO (Time): Timestep set to 0.8 (courant_static)
INFO (MagScalarInit): Step size in input file, h=0.00166667
INFO (TerminationTrigger): Reminding you every 0 minutes about remaining walltime
INFO (Time): Timestep set to 0.4 (courant_static)
INFO (MagScalarInit): Step size in input file, h=0.00166667
INFO (TerminationTrigger): Reminding you every 0 minutes about remaining walltime
INFO (Time): Timestep set to 0.2 (courant_static)
INFO (MagScalarInit): Step size in input file, h=0.00166667
INFO (TerminationTrigger): Reminding you every 0 minutes about remaining walltime
INFO (Time): Timestep set to 0.1 (courant_static)
INFO (MagScalarInit): Step size in input file, h=0.00166667
INFO (TerminationTrigger): Reminding you every 0 minutes about remaining walltime
INFO (Time): Timestep set to 0.05 (courant_static)
INFO (MagScalarInit): Step size in input file, h=0.00166667
INFO (TerminationTrigger): Reminding you every 0 minutes about remaining walltime
INFO (Time): Timestep set to 0.025 (courant_static)
INFO (MagScalarInit): Step size in input file, h=0.00166667
INFO (TerminationTrigger): Reminding you every 0 minutes about remaining walltime
INFO (Time): Timestep set to 0.0125 (courant_static)
INFO (MagScalarInit): Step size in input file, h=0.00166667
INFO (TerminationTrigger): Reminding you every 0 minutes about remaining walltime
INFO (Time): Timestep set to 0.00625 (courant_static)
INFO (MagScalarInit): Step size in input file, h=0.00166667
INFO (TerminationTrigger): Reminding you every 0 minutes about remaining walltime
INFO (Time): Timestep set to 0.003125 (courant_static)
INFO (MagScalarInit): Step size in input file, h=0.00166667
INFO (AHFinderDirect): proc 0: searching for horizon 1/6
INFO (AHFinderDirect): AH 6/6: r=238.626 at (-0.001015,0.000015,-0.000056)
INFO (AHFinderDirect): AH 6/6: area=723866.264 m_irreducible=120.0035906
INFO (AHFinderDirect): AH 1/6: r=0.2 at (-0.001000,0.000000,-0.000000)
INFO (AHFinderDirect): AH 1/6: area=8.823516227 m_irreducible=0.4189728844
INFO (AHFinderDirect): AH 3/6: r=78.6491 at (-0.001000,-0.000000,-0.000000)
INFO (AHFinderDirect): AH 3/6: area=80425.44531 m_irreducible=40.00016746
INFO (AHFinderDirect): AH 4/6: r=98.6399 at (-0.001000,-0.000000,-0.000000)
INFO (AHFinderDirect): AH 4/6: area=125664.2577 m_irreducible=50.00010972
INFO (AHFinderDirect): AH 5/6: r=178.624 at (-0.001000,0.000000,0.000000)
INFO (AHFinderDirect): AH 5/6: area=407150.717 m_irreducible=90.00003417
INFO (AHFinderDirect): AH 2/6: r=28.7267 at (-0.001000,-0.000000,-0.000000)
INFO (AHFinderDirect): AH 2/6: area=11309.78405 m_irreducible=15.00003349
INFO (QuasiLocalMeasures): Calculating quasi-local quantities for surface    0
INFO (QuasiLocalMeasures): Importing from spherical surface    0
INFO (QuasiLocalMeasures): Geometric quantities for surface    0:
INFO (QuasiLocalMeasures):    Area A:                            8.82350
INFO (QuasiLocalMeasures):    Irreducible mass M = R/2:         0.418973
INFO (QuasiLocalMeasures):    Areal radius R = sqrt(A/4pi):     0.837945
INFO (QuasiLocalMeasures): Coordinate-dependent quantities for surface    0:
INFO (QuasiLocalMeasures):    Equatorial circumference:             5.26496
INFO (QuasiLocalMeasures):    Polar circumference at phi=0:         5.24820
INFO (QuasiLocalMeasures):    Polar circumference at phi=pi/2:      5.26351
INFO (QuasiLocalMeasures):    Spin guess J from distortion:        0.152951E-03
INFO (QuasiLocalMeasures):    Mass guess M from distortion:        0.418973
INFO (QuasiLocalMeasures): Isolated Horizon quantities for surface    0:
INFO (QuasiLocalMeasures):    Killing vector field eigenvalue norm:      1.00000
INFO (QuasiLocalMeasures):    Spin J:                                    0.00000
INFO (QuasiLocalMeasures):    Kerr spin parameter a = J/M:               0.00000
INFO (QuasiLocalMeasures):    Dimensionless spin parameter a = J/M^2:    0.00000
INFO (QuasiLocalMeasures):    Spin J from NP:                          -0.369278E-18
INFO (QuasiLocalMeasures):    Spin J from phi-coordinate-vector:         0.00000
INFO (QuasiLocalMeasures):    Mass M:                                   0.418973
INFO (QuasiLocalMeasures): Global quantities for surface    0:
INFO (QuasiLocalMeasures):    ADM energy:                 -7.28532
INFO (QuasiLocalMeasures):    ADM momentum x:              0.00000
INFO (QuasiLocalMeasures):    ADM momentum y:              0.00000
INFO (QuasiLocalMeasures):    ADM momentum z:              0.00000
INFO (QuasiLocalMeasures):    ADM angular momentum x:      0.00000
INFO (QuasiLocalMeasures):    ADM angular momentum y:      0.00000
INFO (QuasiLocalMeasures):    ADM angular momentum z:      0.00000
INFO (QuasiLocalMeasures):    Weinberg energy:                  14.7095
INFO (QuasiLocalMeasures):    Weinberg momentum x:              0.00000
INFO (QuasiLocalMeasures):    Weinberg momentum y:              0.00000
INFO (QuasiLocalMeasures):    Weinberg momentum z:              0.00000
INFO (QuasiLocalMeasures):    Weinberg angular momentum x:      0.00000
INFO (QuasiLocalMeasures):    Weinberg angular momentum y:      0.00000
INFO (QuasiLocalMeasures):    Weinberg angular momentum z:      0.00000
------------------------------------------------------------------------------------
Iteration      Time | *me_per_hour |     LEANBSSNMOL::conf_fac | *TISTICS::maxrss_mb
                    |              |      minimum      maximum |   minimum   maximum
------------------------------------------------------------------------------------
        0     0.000 |    0.0000000 |    0.2386672    0.9968791 |       729       838
INFO (Carpet): Terminating due to cctk_final_time at t = 0.000000
INFO (TimerReport): Timer Report before terminating at iteration 0 time 0
INFO (TimerReport): Top timers at iteration 0 time 0
======================================================================
    %    Time/s   Min/s   Max/s   Timer (gettimeofday)
======================================================================
100.0   35.4428 35.4349 35.5106   main/Initialise
 99.8   35.3591 35.3252 35.3996   meta mode/meta mode/global mode
 63.2   22.3968 22.3930 22.4075   main/CarpetStartup
 63.1   22.3677 22.3474 22.3845   main/CarpetStartup/CarpetLib::gh::regrid
 63.1   22.3666 22.3460 22.3830   main/CarpetStartup/CarpetLib::gh::regrid/CarpetLib::dh::regrid
 55.5   19.6781 19.6377 19.6971   main/Initialise/CallAnalysis
 41.5   14.7072 14.5372 14.8479   main/CarpetStartup/CarpetLib::gh::regrid/CarpetLib::dh::regrid/bcast_comm
 27.8    9.8618  8.3561  9.9490   main/Initialise/CallAnalysis/CCTK_ANALYSIS
 27.7    9.8323  8.1242  9.9207   main/Initialise/CallAnalysis/CCTK_ANALYSIS/CallFunction
 27.7    9.8067  9.7233 11.3162   main/Initialise/CallAnalysis/OutputGH
 27.7    9.8067  9.7233 11.3162   main/Initialise/CallAnalysis/OutputGH/OutputGH
 27.4    9.7239  9.3367  9.8709   main/Initialise/CallAnalysis/OutputGH/OutputGH/IOASCII::IOASCII_1D [2]
 27.4    9.7239  9.3365  9.8709   main/Initialise/CallAnalysis/OutputGH/OutputGH/IOASCII::IOASCII_1D [2]/OutputGH<1>
 24.9    8.8274  8.7814  8.8627   main/Initialise/CallInitial
 22.8    8.0898  8.0176  8.2022   main/CarpetStartup/CarpetLib::gh::regrid/CarpetLib::dh::regrid/bcast_comm/ref_refl_prol
 22.8    8.0879  8.0156  8.2002   main/CarpetStartup/CarpetLib::gh::regrid/CarpetLib::dh::regrid/bcast_comm/ref_refl_prol/CarpetLib::dh::bs2
 21.1    7.4913  7.4096  8.4256   meta mode/meta mode/global mode/level(0)
 19.6    6.9515  3.4143  8.0440   main/Initialise/CallAnalysis/CCTK_ANALYSIS/CallFunction/thorns
 17.3    6.1214  6.1070  6.1504   main/Initialise/CallInitial/CallRegridInitialMeta
 17.2    6.0819  6.0785  6.1147   main/Initialise/CallInitial/CallRegridInitialMeta/Regrid
 16.7    5.9294  5.8260  5.9927   main/Initialise/CallInitial/CallRegridInitialMeta/Regrid/RegridMap
 16.7    5.9286  5.8258  5.9515   main/Initialise/CallInitial/CallRegridInitialMeta/Regrid/RegridMap/CarpetLib::gh::regrid
 16.7    5.9283  5.8253  5.9513   main/Initialise/CallInitial/CallRegridInitialMeta/Regrid/RegridMap/CarpetLib::gh::regrid/CarpetLib::dh::regrid
 15.5    5.4849  5.4280  5.5706   main/Initialise/CallPostInitial
 15.5    5.4808  5.4243  5.5661   main/Initialise/CallPostInitial/CCTK_POSTSTEP
 15.5    5.4801  5.4237  5.5654   main/Initialise/CallPostInitial/CCTK_POSTSTEP/CallFunction
 15.3    5.4207  5.3252  5.5555   main/Initialise/CallPostInitial/CCTK_POSTSTEP/CallFunction/thorns
 14.5    5.1348  5.0899  5.1728   [0137] AHFinderDirect: AHFinderDirect_find_horizons in CCTK_POSTSTEP
 14.5    5.1346  5.0893  5.1727   main/Initialise/CallPostInitial/CCTK_POSTSTEP/CallFunction/thorns/AHFinderDirect_find_horizons
 12.8    4.5289  3.1540  4.8198   main/CarpetStartup/CarpetLib::gh::regrid/CarpetLib::dh::regrid/bcast_boxes
 11.4    4.0264  0.5660  5.0010   [0180] QuasiLocalMeasures: qlm_calculate in CCTK_ANALYSIS
 11.4    4.0263  0.5659  5.0009   main/Initialise/CallAnalysis/CCTK_ANALYSIS/CallFunction/thorns/qlm_calculate
  8.1    2.8712  0.1519  6.4792   main/Initialise/CallAnalysis/CCTK_ANALYSIS/CallFunction/syncs
  7.8    2.7740  1.8051  6.3466   meta mode/meta mode/global mode/level(9)
  7.5    2.6666  1.7140  2.7426   meta mode/meta mode/global mode/level(1)
  7.0    2.4745  2.4370  2.4957   main/Initialise/CallInitial/CallRegridInitialMeta/Regrid/RegridMap/CarpetLib::gh::regrid/CarpetLib::dh::regrid/bcast_comm
  6.9    2.4595  2.4232  6.8631   [0172] Multipole: Multipole_Calc in CCTK_ANALYSIS
  6.9    2.4593  2.4230  6.8629   main/Initialise/CallAnalysis/CCTK_ANALYSIS/CallFunction/thorns/Multipole_Calc
  5.6    1.9854  0.0715  6.4499   main/Initialise/CallAnalysis/CCTK_ANALYSIS/CallFunction/syncs/Sync
  5.5    1.9650  0.0613  6.4291   main/Initialise/CallAnalysis/CCTK_ANALYSIS/CallFunction/syncs/Sync/comm_state[6].state_do_some_work.step
======================================================================
==================================================================================================================================================================================================
Thorn           | Scheduled routine in time bin           | gettimeofday [secs] | getrusage [secs] | cycle [secs] | cycle[avg] [secs] | cycle[sdv] [secs] | cycle[min] [secs] | cycle[max] [secs] 
==================================================================================================================================================================================================
Carpet          | Multi-model Startup routine             |          0.15595800 |       0.14144700 |   0.00000000 |        0.00000000 |        0.00000000 |        0.00000000 |        0.00000000 
CycleClock      | Set up CycleClock                       |          0.10027300 |       0.09979000 |   0.00000108 |        0.00000108 |        0.00000000 |        0.00000108 |        0.00000108 
LoopControl     | Set up LoopControl                      |          0.00000400 |       0.00000400 |   0.00000390 |        0.00000390 |        0.00000000 |        0.00000390 |        0.00000390 
Timers          | Prepare hierarchical timers             |          0.00001000 |       0.00000900 |   0.00000963 |        0.00000963 |        0.00000000 |        0.00000963 |        0.00000963 
Carpet          | Startup routine                         |          0.00000200 |       0.00000100 |   0.00000177 |        0.00000177 |        0.00000000 |        0.00000177 |        0.00000177 
IOUtil          | Startup routine                         |          0.00000600 |       0.00000600 |   0.00000633 |        0.00000633 |        0.00000000 |        0.00000633 |        0.00000633 
CarpetIOScalar  | Startup routine                         |          0.00001000 |       0.00001100 |   0.00001072 |        0.00001072 |        0.00000000 |        0.00001072 |        0.00001072 
CarpetInterp    | Startup routine                         |          0.00000200 |       0.00000200 |   0.00000227 |        0.00000227 |        0.00000000 |        0.00000227 |        0.00000227 
CarpetReduce    | Startup routine                         |          0.00003100 |       0.00003100 |   0.00003135 |        0.00003135 |        0.00000000 |        0.00003135 |        0.00003135 
CartGrid3D      | Register GH Extension for GridSymmetry  |          0.00000100 |       0.00000100 |   0.00000081 |        0.00000081 |        0.00000000 |        0.00000081 |        0.00000081 
CoordBase       | Register a GH extension to store the coo|          0.00000100 |       0.00000100 |   0.00000107 |        0.00000107 |        0.00000000 |        0.00000107 |        0.00000107 
AEILocalInterp  | register CCTK_InterpLocalUniform() inter|          0.00000300 |       0.00000000 |   0.00000321 |        0.00000321 |        0.00000000 |        0.00000321 |        0.00000321 
CarpetIOASCII   | Startup routine                         |          0.00003100 |       0.00000400 |   0.00003054 |        0.00003054 |        0.00000000 |        0.00003054 |        0.00003054 
LeanBSSNMoL     | Register slicing                        |          0.00001100 |       0.00000200 |   0.00001151 |        0.00001151 |        0.00000000 |        0.00001151 |        0.00001151 
LocalInterp     | register LocalInterp's interpolation ope|          0.00000100 |       0.00000000 |   0.00000084 |        0.00000084 |        0.00000000 |        0.00000084 |        0.00000084 
CarpetIOBasic   | Startup routine                         |          0.00000700 |       0.00000100 |   0.00000659 |        0.00000659 |        0.00000000 |        0.00000659 |        0.00000659 
MagScalarEvolve | Register the masks for excision         |          0.00001600 |       0.00000200 |   0.00001616 |        0.00001616 |        0.00000000 |        0.00001616 |        0.00001616 
MoL             | Startup banner                          |          0.00000800 |       0.00000200 |   0.00000796 |        0.00000796 |        0.00000000 |        0.00000796 |        0.00000796 
SymBase         | Register GH Extension for SymBase       |          0.00000200 |       0.00000000 |   0.00000218 |        0.00000218 |        0.00000000 |        0.00000218 |        0.00000218 
TerminationTrigg| Start signal handler                    |          0.00003000 |       0.00000500 |   0.00003026 |        0.00003026 |        0.00000000 |        0.00003026 |        0.00003026 
CarpetIOHDF5    | Startup routine                         |          0.00013600 |       0.00002000 |   0.00013643 |        0.00013643 |        0.00000000 |        0.00013643 |        0.00013643 
Vectors         | Print startup message                   |          0.00001700 |       0.00000200 |   0.00001616 |        0.00001616 |        0.00000000 |        0.00001616 |        0.00001616 
hwloc           | Output hwloc version                    |          0.00003200 |       0.00000400 |   0.00003221 |        0.00003221 |        0.00000000 |        0.00003221 |        0.00003221 
--------------------------------------------------------------------------------------------------------------------------------------------------------------------------------------------------
                | Total time for CCTK_STARTUP             |          0.25659200 |       0.24134500 |   0.00036297 |        0.00036297 |        0.00000000 |        0.00036297 |        0.00036297 
==================================================================================================================================================================================================
ADMBase         | Set up GF symmetries                    |          0.00004900 |       0.00004100 |   0.00004916 |        0.00004916 |        0.00000000 |        0.00004916 |        0.00004916 
Boundary        | Register boundary conditions that this t|          0.00001300 |       0.00001100 |   0.00001365 |        0.00001365 |        0.00000000 |        0.00001365 |        0.00001365 
CarpetRegrid2   | Initialise locations of refined regions |          0.00002200 |       0.00001900 |   0.00002250 |        0.00002250 |        0.00000000 |        0.00002250 |        0.00002250 
CartGrid3D      | Register coordinates for the Cartesian g|          0.00016000 |       0.00013100 |   0.00015930 |        0.00015930 |        0.00000000 |        0.00015930 |        0.00015930 
CoordGauge      | Initialize slicing, setup priorities for|          0.00001600 |       0.00001600 |   0.00001626 |        0.00001626 |        0.00000000 |        0.00001626 |        0.00001626 
CoordGauge      | Identify the slicing for the next iterat|          0.00000600 |       0.00000600 |   0.00000649 |        0.00000649 |        0.00000000 |        0.00000649 |        0.00000649 
MoL             | Set up the MoL bookkeeping index arrays |          0.00004800 |       0.00004800 |   0.00004833 |        0.00004833 |        0.00000000 |        0.00004833 |        0.00004833 
MoL             | Set the flag so it is ok to register wit|          0.00000700 |       0.00000700 |   0.00000681 |        0.00000681 |        0.00000000 |        0.00000681 |        0.00000681 
TmunuBase       | Set the stress_energy_state variable    |          0.00010600 |       0.00010600 |   0.00010611 |        0.00010611 |        0.00000000 |        0.00010611 |        0.00010611 
LeanBSSNMoL     | Register variables for MoL              |          0.00014400 |       0.00014400 |   0.00014354 |        0.00014354 |        0.00000000 |        0.00014354 |        0.00014354 
MagScalarEvolve | Register variables for MoL              |          0.00010600 |       0.00010600 |   0.00010519 |        0.00010519 |        0.00000000 |        0.00010519 |        0.00010519 
SpaceMask       | Set grid symmetries for mask            |          0.00001200 |       0.00001200 |   0.00001169 |        0.00001169 |        0.00000000 |        0.00001169 |        0.00001169 
SpaceMask       | Set grid symmetries for emask (compatibi|          0.00000700 |       0.00000800 |   0.00000745 |        0.00000745 |        0.00000000 |        0.00000745 |        0.00000745 
CartGrid3D      | Register symmetry boundaries            |          0.00009000 |       0.00008900 |   0.00008945 |        0.00008945 |        0.00000000 |        0.00008945 |        0.00008945 
ReflectionSymmet| Register reflection symmetry boundaries |          0.00001600 |       0.00001600 |   0.00001574 |        0.00001574 |        0.00000000 |        0.00001574 |        0.00001574 
SymBase         | Print symmetry boundary face description|          0.00001100 |       0.00001100 |   0.00001169 |        0.00001169 |        0.00000000 |        0.00001169 |        0.00001169 
MoL             | Report how many of each type of variable|          0.00009500 |       0.00009500 |   0.00009506 |        0.00009506 |        0.00000000 |        0.00009506 |        0.00009506 
--------------------------------------------------------------------------------------------------------------------------------------------------------------------------------------------------
                | Total time for CCTK_WRAGH               |          0.00090800 |       0.00086600 |   0.00090842 |        0.00090842 |        0.00000000 |        0.00090842 |        0.00090842 
==================================================================================================================================================================================================
ADMBase         | Check consistency of parameters         |          0.00001200 |       0.00001200 |   0.00001173 |        0.00001173 |        0.00000000 |        0.00001173 |        0.00001173 
Boundary        | Check dimension of grid variables       |          0.00000500 |       0.00000500 |   0.00000516 |        0.00000516 |        0.00000000 |        0.00000516 |        0.00000516 
Carpet          | Parameter checking routine              |          0.00011200 |       0.00011200 |   0.00011253 |        0.00011253 |        0.00000000 |        0.00011253 |        0.00011253 
CarpetLib       | Test prolongation operators             |          0.00002100 |       0.00002100 |   0.00002112 |        0.00002112 |        0.00000000 |        0.00002112 |        0.00002112 
CarpetMask      | Check parameters                        |          0.00001000 |       0.00000900 |   0.00000951 |        0.00000951 |        0.00000000 |        0.00000951 |        0.00000951 
CarpetRegrid2   | Check parameters                        |          0.00007300 |       0.00000300 |   0.00007306 |        0.00007306 |        0.00000000 |        0.00007306 |        0.00007306 
CartGrid3D      | Check coordinates for CartGrid3D        |          0.00001100 |       0.00000000 |   0.00001089 |        0.00001089 |        0.00000000 |        0.00001089 |        0.00001089 
Dissipation     | Check dissipation parameters for consist|          0.00000700 |       0.00000000 |   0.00000677 |        0.00000677 |        0.00000000 |        0.00000677 |        0.00000677 
Fortran         | Test whether Fortran parameters work cor|          0.00000700 |       0.00000000 |   0.00000727 |        0.00000727 |        0.00000000 |        0.00000727 |        0.00000727 
LeanBSSNMoL     | Check Lean parameters for consistency   |          0.00000600 |       0.00000000 |   0.00000577 |        0.00000577 |        0.00000000 |        0.00000577 |        0.00000577 
MoL             | Basic parameter checking                |          0.00000800 |       0.00000000 |   0.00000783 |        0.00000783 |        0.00000000 |        0.00000783 |        0.00000783 
Multipole       | Check Multipole parameters              |          0.00000900 |       0.00000000 |   0.00000900 |        0.00000900 |        0.00000000 |        0.00000900 |        0.00000900 
QuasiLocalMeasur| Check quasi-local parameter settings    |          0.00171600 |       0.00087000 |   0.00171641 |        0.00171641 |        0.00000000 |        0.00171641 |        0.00171641 
SphericalSurface| Check that all surface names are unique |          0.00001000 |       0.00000900 |   0.00001006 |        0.00001006 |        0.00000000 |        0.00001006 |        0.00001006 
TerminationTrigg| Check consitency of parameters          |          0.00000600 |       0.00000500 |   0.00000650 |        0.00000650 |        0.00000000 |        0.00000650 |        0.00000650 
TmunuBase       | Check that no deprecated parameters are |          0.00000500 |       0.00000500 |   0.00000542 |        0.00000542 |        0.00000000 |        0.00000542 |        0.00000542 
Vectors         | Run correctness tests.                  |          0.00004000 |       0.00003400 |   0.00004033 |        0.00004033 |        0.00000000 |        0.00004033 |        0.00004033 
--------------------------------------------------------------------------------------------------------------------------------------------------------------------------------------------------
                | Total time for CCTK_PARAMCHECK          |          0.00205800 |       0.00108500 |   0.00205935 |        0.00205935 |        0.00000000 |        0.00205935 |        0.00205935 
==================================================================================================================================================================================================
ADMBase         | Set the shift_state variable to 1       |          0.00145200 |       0.00137200 |   0.00144988 |        0.00014499 |        0.00013714 |        0.00006942 |        0.00023665 
ADMBase         | Set the dtlapse_state variable to 1     |          0.00022900 |       0.00022100 |   0.00023094 |        0.00002309 |        0.00000390 |        0.00002119 |        0.00002607 
ADMBase         | Set the dtshift_state variable to 1     |          0.00022000 |       0.00021100 |   0.00021988 |        0.00002199 |        0.00000208 |        0.00002051 |        0.00002322 
ADMMacros       | Initialize the local_spatial_order      |          0.00023000 |       0.00021900 |   0.00022790 |        0.00002279 |        0.00000343 |        0.00002060 |        0.00002511 
CartGrid3D      | Set up ranges for spatial 3D Cartesian c|          0.00031400 |       0.00029700 |   0.00031434 |        0.00003143 |        0.00007025 |        0.00002232 |        0.00009799 
CartGrid3D      | Set up spatial 3D Cartesian coordinates |          0.00698700 |       0.00459000 |   0.00698449 |        0.00069845 |        0.00058197 |        0.00030366 |        0.00100966 
SphericalSurface| Set surface resolution automatically    |          0.00032600 |       0.00032200 |   0.00032453 |        0.00003245 |        0.00029408 |        0.00000124 |        0.00031144 
AHFinderDirect  | setup data structures                   |          0.00936800 |       0.00840700 |   0.00936541 |        0.00093654 |        0.00887307 |        0.00000106 |        0.00935427 
Dissipation     | Ensure that there are enough ghost zones|          0.00127300 |       0.00075800 |   0.00126834 |        0.00012683 |        0.00007306 |        0.00008715 |        0.00016256 
LeanBSSNMoL     | Register symmetries of the BSSN grid fun|          0.00023000 |       0.00019300 |   0.00022990 |        0.00002299 |        0.00020659 |        0.00000107 |        0.00021898 
LeanBSSNMoL     | Set all rhs functions to zero to prevent|          0.02108200 |       0.00116200 |   0.02108116 |        0.00210812 |        0.00215321 |        0.00092040 |        0.00339254 
MagScalarBase   | Register symmetries of the grid function|          0.00007300 |       0.00000400 |   0.00007352 |        0.00000735 |        0.00005616 |        0.00000117 |        0.00006062 
MagScalarEvolve | Schedule symmetries                     |          0.00030700 |       0.00023100 |   0.00030443 |        0.00003044 |        0.00027616 |        0.00000117 |        0.00029243 
MagScalarEvolve | set all rhs functions to zero to prevent|          0.02244400 |       0.00203200 |   0.02244205 |        0.00224421 |        0.00751754 |        0.00068679 |        0.00928629 
NPScalars_Proca | Set symmetries for grid functions       |          0.00017900 |       0.00000900 |   0.00017764 |        0.00001776 |        0.00015381 |        0.00000108 |        0.00016367 
NaNChecker      | Reset the NaNChecker::NaNsFound counter |          0.00002600 |       0.00000700 |   0.00002690 |        0.00000269 |        0.00001290 |        0.00000113 |        0.00001492 
SpaceMask       | Initialise mask to zero                 |          0.00112000 |       0.00064500 |   0.00111814 |        0.00011181 |        0.00016210 |        0.00005855 |        0.00024971 
SpaceMask       | Set old style mask to one               |          0.00120200 |       0.00075400 |   0.00120108 |        0.00012011 |        0.00010486 |        0.00005832 |        0.00017535 
SphericalSurface| Calculate surface coordinate descriptors|          0.00002700 |       0.00000800 |   0.00002606 |        0.00000261 |        0.00001354 |        0.00000103 |        0.00001545 
CarpetReduce    | Allocate the weight function            |          0.00013300 |       0.00011100 |   0.00013258 |        0.00001326 |        0.00011380 |        0.00000109 |        0.00012121 
CarpetReduce    | Initialise the weight function          |          0.00111000 |       0.00107700 |   0.00111060 |        0.00011106 |        0.00104049 |        0.00000121 |        0.00109815 
CarpetReduce    | Set up the outer boundaries of the weigh|          0.00076700 |       0.00076000 |   0.00076780 |        0.00007678 |        0.00071667 |        0.00000106 |        0.00075667 
CarpetReduce    | Set up the weight function for the restr|          0.00098900 |       0.00097400 |   0.00098595 |        0.00009860 |        0.00092346 |        0.00000112 |        0.00097467 
CarpetMask      | Set up the weight function for the exclu|          0.00027800 |       0.00027600 |   0.00027865 |        0.00002786 |        0.00025311 |        0.00000104 |        0.00026799 
CarpetMask      | Set up the weight function for the exclu|          0.00028800 |       0.00027000 |   0.00028621 |        0.00002862 |        0.00025914 |        0.00000122 |        0.00027447 
CarpetReduce    | Set the weight function                 |          0.00238500 |       0.00139200 |   0.00238698 |        0.00023870 |        0.00225092 |        0.00000120 |        0.00237411 
CarpetReduce    | Test the weight function                |          0.00426700 |       0.00420300 |   0.00426595 |        0.00042660 |        0.00403583 |        0.00000107 |        0.00425532 
SphericalSurface| Set surface radii to be used for initial|          0.00003400 |       0.00002100 |   0.00003295 |        0.00000329 |        0.00001395 |        0.00000107 |        0.00001480 
SphericalSurface| Test the state of the spherical surfaces|          0.00002400 |       0.00001700 |   0.00002256 |        0.00000226 |        0.00000957 |        0.00000109 |        0.00001133 
SymBase         | Check whether the driver set up the grid|          0.00029900 |       0.00019600 |   0.00029793 |        0.00002979 |        0.00000681 |        0.00002667 |        0.00003366 
TerminationTrigg| Clear trigger state                     |          0.00023100 |       0.00015100 |   0.00023111 |        0.00002311 |        0.00000505 |        0.00002044 |        0.00002650 
TerminationTrigg| Start timer                             |          0.00039900 |       0.00024900 |   0.00039746 |        0.00003975 |        0.00002951 |        0.00002806 |        0.00006204 
TerminationTrigg| Create termination file                 |          0.05244800 |       0.00194500 |   0.05244485 |        0.00524449 |        0.02837653 |        0.00068738 |        0.03126738 
Time            | Initialise Time variables               |          0.00003300 |       0.00000700 |   0.00003334 |        0.00000333 |        0.00001280 |        0.00000146 |        0.00001541 
Time            | Set timestep based on Courant condition |          0.00014600 |       0.00006200 |   0.00014521 |        0.00001452 |        0.00000804 |        0.00001065 |        0.00001832 
--------------------------------------------------------------------------------------------------------------------------------------------------------------------------------------------------
                | Total time for CCTK_BASEGRID            |          0.13092000 |       0.03315300 |   0.13088673 |        0.01308867 |        0.05875154 |        0.00306368 |        0.06668895 
==================================================================================================================================================================================================
StaticConformal | Set the conformal_state variable to 0   |          0.00054000 |       0.00025200 |   0.00053718 |        0.00005372 |        0.00010070 |        0.00003027 |        0.00012716 
MagScalarInit   | Initial data for a static scalar cloud s|          0.50397000 |       0.14793300 |   0.50394576 |        0.05039458 |        0.05743179 |        0.02820898 |        0.09012475 
ADMBase         | Set the shift to 0 at all points        |          0.00718900 |       0.00354300 |   0.00718737 |        0.00071874 |        0.00073741 |        0.00045450 |        0.00124979 
ADMBase         | Set the dtlapse to 0 at all points      |          0.00225200 |       0.00088200 |   0.00225205 |        0.00022521 |        0.00023423 |        0.00015504 |        0.00039556 
ADMBase         | Set the dtshift to 0 at all points      |          0.00581100 |       0.00067400 |   0.00581015 |        0.00058102 |        0.00061704 |        0.00034199 |        0.00103490 
CarpetIOASCII   | Initialisation routine                  |          0.00003500 |       0.00000200 |   0.00003579 |        0.00000358 |        0.00002203 |        0.00000117 |        0.00002448 
CarpetIOBasic   | Initialisation routine                  |          0.00002600 |       0.00000200 |   0.00002503 |        0.00000250 |        0.00001123 |        0.00000114 |        0.00001315 
CarpetIOHDF5    | Initialisation routine                  |          0.00002800 |       0.00000200 |   0.00002768 |        0.00000277 |        0.00001469 |        0.00000110 |        0.00001670 
CarpetIOScalar  | Initialisation routine                  |          0.00002200 |       0.00000200 |   0.00002350 |        0.00000235 |        0.00001077 |        0.00000111 |        0.00001256 
LeanBSSNMoL     | Convert initial data into BSSN variables|          0.04268300 |       0.02893700 |   0.04267837 |        0.00426784 |        0.00185239 |        0.00274356 |        0.00512843 
LeanBSSNMoL     | Boundary enforcement                    |          0.44410200 |       0.42202600 |   0.44408185 |        0.04440819 |        0.08342095 |        0.00322283 |        0.09198893 
MoL             | Initialise the step size control        |          0.00008000 |       0.00007400 |   0.00007725 |        0.00000772 |        0.00000834 |        0.00000485 |        0.00001289 
PunctureTracker | Calculate initial location of punctures |          0.00005000 |       0.00004900 |   0.00004806 |        0.00000481 |        0.00003379 |        0.00000115 |        0.00003686 
QuasiLocalMeasur| Initialise quasi-local calculations     |          0.00014000 |       0.00013800 |   0.00013834 |        0.00001383 |        0.00011909 |        0.00000114 |        0.00012681 
Boundary        | Apply all requested local physical bound|          0.00108100 |       0.00106500 |   0.00108022 |        0.00010802 |        0.00011294 |        0.00003664 |        0.00015202 
CartGrid3D      | Apply symmetry boundary conditions      |          0.00029900 |       0.00029600 |   0.00029942 |        0.00002994 |        0.00000954 |        0.00002692 |        0.00003825 
ReflectionSymmet| Apply reflection symmetries             |          0.00103900 |       0.00101200 |   0.00103916 |        0.00010392 |        0.00003743 |        0.00007708 |        0.00012455 
Boundary        | Unselect all grid variables for boundary|          0.00005100 |       0.00005000 |   0.00005022 |        0.00000502 |        0.00000330 |        0.00000434 |        0.00000808 
--------------------------------------------------------------------------------------------------------------------------------------------------------------------------------------------------
                | Total time for CCTK_INITIAL             |          1.00939800 |       0.60693900 |   1.00933740 |        0.10093374 |        0.14477764 |        0.03531380 |        0.19061586 
==================================================================================================================================================================================================
CarpetIOHDF5    | Close all filereader input files        |          0.00007500 |       0.00006400 |   0.00007160 |        0.00000716 |        0.00005457 |        0.00000128 |        0.00005893 
LeanBSSNMoL     | Remove trace of A                       |          0.00738300 |       0.00732400 |   0.00738162 |        0.00073816 |        0.00027184 |        0.00050483 |        0.00079521 
LeanBSSNMoL     | Make sure conformal factor does not drop|          0.00071800 |       0.00071800 |   0.00071643 |        0.00007164 |        0.00003323 |        0.00005791 |        0.00009993 
LeanBSSNMoL     | MoL boundary enforcement                |          0.36741100 |       0.34207800 |   0.36739504 |        0.03673950 |        0.06123844 |        0.01181620 |        0.07627531 
Boundary        | Apply all requested local physical bound|          0.00463300 |       0.00405500 |   0.00463050 |        0.00015435 |        0.00025230 |        0.00004400 |        0.00028407 
CartGrid3D      | Apply symmetry boundary conditions      |          0.00083600 |       0.00075200 |   0.00083475 |        0.00002782 |        0.00000798 |        0.00002613 |        0.00003267 
ReflectionSymmet| Apply reflection symmetries             |          0.00289900 |       0.00254500 |   0.00289638 |        0.00009655 |        0.00012855 |        0.00005452 |        0.00014829 
Boundary        | Unselect all grid variables for boundary|          0.00016300 |       0.00012900 |   0.00015744 |        0.00000525 |        0.00000756 |        0.00000423 |        0.00001115 
LeanBSSNMoL     | Convert variables back to the ADM ones  |          0.00584700 |       0.00438500 |   0.00584601 |        0.00058460 |        0.00037047 |        0.00031640 |        0.00079373 
MagScalarEvolve | MoL boundary enforcement for MagScalar v|          0.43257500 |       0.40697300 |   0.43255532 |        0.04325553 |        0.07269722 |        0.02311371 |        0.08853822 
TmunuBase       | Initialise the stress-energy tensor to z|          0.00645100 |       0.00386800 |   0.00644893 |        0.00064489 |        0.00033142 |        0.00044374 |        0.00084521 
MagScalarEvolve | Compute the energy-momentum tensor      |          0.04777900 |       0.04607400 |   0.04777650 |        0.00477765 |        0.00293261 |        0.00255128 |        0.00663121 
NPScalars_Proca | calculate grid functions                |          0.22745100 |       0.19528500 |   0.22744103 |        0.02274410 |        0.02723215 |        0.01099845 |        0.04686028 
NPScalars_Proca | Symmetry boundary conditions            |          0.23620600 |       0.23121600 |   0.23619573 |        0.02361957 |        0.04368702 |        0.00236604 |        0.04554437 
--------------------------------------------------------------------------------------------------------------------------------------------------------------------------------------------------
                | Total time for CCTK_POSTINITIAL         |          1.34042700 |       1.24546600 |   1.34034729 |        0.13346679 |        0.20924536 |        0.05229871 |        0.26691856 
==================================================================================================================================================================================================
LeanBSSNMoL     | Remove trace of A                       |          0.01474300 |       0.01448900 |   0.01473817 |        0.00147382 |        0.00111415 |        0.00098381 |        0.00213513 
LeanBSSNMoL     | Make sure conformal factor does not drop|          0.00177500 |       0.00175700 |   0.00177365 |        0.00017736 |        0.00027527 |        0.00009861 |        0.00034281 
LeanBSSNMoL     | MoL boundary enforcement                |          0.42502500 |       0.40383600 |   0.42500534 |        0.04250053 |        0.06829537 |        0.01161650 |        0.07884958 
Boundary        | Apply all requested local physical bound|          0.00569000 |       0.00524000 |   0.00568892 |        0.00018963 |        0.00040343 |        0.00011454 |        0.00042452 
CartGrid3D      | Apply symmetry boundary conditions      |          0.00088200 |       0.00076900 |   0.00088304 |        0.00002943 |        0.00002488 |        0.00002516 |        0.00004608 
ReflectionSymmet| Apply reflection symmetries             |          0.00357400 |       0.00323600 |   0.00357345 |        0.00011911 |        0.00020287 |        0.00006336 |        0.00025454 
Boundary        | Unselect all grid variables for boundary|          0.00018200 |       0.00016000 |   0.00018301 |        0.00000610 |        0.00001008 |        0.00000427 |        0.00001166 
LeanBSSNMoL     | Convert variables back to the ADM ones  |          0.01194300 |       0.01074500 |   0.01194164 |        0.00119416 |        0.00118736 |        0.00082709 |        0.00201554 
MagScalarEvolve | MoL boundary enforcement for MagScalar v|          0.23921700 |       0.22884700 |   0.23920573 |        0.02392057 |        0.03123056 |        0.01005018 |        0.04613118 
TmunuBase       | Initialise the stress-energy tensor to z|          0.00493200 |       0.00326400 |   0.00493145 |        0.00049314 |        0.00026838 |        0.00035194 |        0.00068343 
MagScalarEvolve | Compute the energy-momentum tensor      |          0.04991300 |       0.04835000 |   0.04991125 |        0.00499112 |        0.00255308 |        0.00272453 |        0.00585468 
NPScalars_Proca | Symmetry boundary conditions            |          0.18809000 |       0.18302200 |   0.18808455 |        0.01880846 |        0.02403921 |        0.00660491 |        0.03430794 
--------------------------------------------------------------------------------------------------------------------------------------------------------------------------------------------------
                | Total time for CCTK_POSTRESTRICTINITIAL |          0.94596600 |       0.90371500 |   0.94592019 |        0.09390346 |        0.12960464 |        0.03346490 |        0.17105709 
==================================================================================================================================================================================================
CarpetIOHDF5    | Initial data checkpoint routine         |          0.00027700 |       0.00024200 |   0.00026772 |        0.00002677 |        0.00020865 |        0.00000282 |        0.00022466 
--------------------------------------------------------------------------------------------------------------------------------------------------------------------------------------------------
                | Total time for CCTK_CPINITIAL           |          0.00027700 |       0.00024200 |   0.00026772 |        0.00002677 |        0.00020865 |        0.00000282 |        0.00022466 
==================================================================================================================================================================================================
AHFinderDirect  | import the excision mask                |          0.00205900 |       0.00202900 |   0.00205787 |        0.00020579 |        0.00193957 |        0.00000122 |        0.00204583 
AHFinderDirect  | find apparent horizon(s) after this time|          5.16225200 |       4.76128700 |   5.16199624 |        0.51619962 |        4.89708750 |        0.00000114 |        5.16198475 
AHFinderDirect  | store apparent horizon(s) into spherical|          0.00699500 |       0.00625500 |   0.00699220 |        0.00069922 |        0.00662060 |        0.00000123 |        0.00698007 
AHFinderDirect  | save apparent horizon(s) into Cactus var|          0.00017500 |       0.00015700 |   0.00017550 |        0.00001755 |        0.00015438 |        0.00000122 |        0.00016401 
AHFinderDirect  | set mask(s) based on apparent horizon po|          0.00246000 |       0.00161100 |   0.00245809 |        0.00024581 |        0.00072379 |        0.00011654 |        0.00083203 
SphericalSurface| Set surface radii                       |          0.00006300 |       0.00001000 |   0.00006387 |        0.00000639 |        0.00004708 |        0.00000126 |        0.00005105 
SphericalSurface| Test the state of the spherical surfaces|          0.00002500 |       0.00001100 |   0.00002557 |        0.00000256 |        0.00001295 |        0.00000114 |        0.00001484 
NaNChecker      | Prepare data structures to check for NaN|          0.00006200 |       0.00004300 |   0.00006194 |        0.00000619 |        0.00001534 |        0.00000359 |        0.00001882 
NaNChecker      | Check for NaNs                          |          0.01414600 |       0.00911800 |   0.01414483 |        0.00141448 |        0.00209993 |        0.00113220 |        0.00340560 
NaNChecker      | Count NaNs in NaNChecker::NaNsFound     |          0.26712700 |       0.18798800 |   0.26711427 |        0.02671143 |        0.05269999 |        0.00288269 |        0.06265229 
NaNChecker      | Output NaNChecker::NaNmask and take acti|          0.00014600 |       0.00013400 |   0.00014500 |        0.00001450 |        0.00012268 |        0.00000121 |        0.00013087 
PunctureTracker | Copy puncture positions to spherical sur|          0.00003100 |       0.00003000 |   0.00002990 |        0.00000299 |        0.00001657 |        0.00000113 |        0.00001871 
SpaceMask       | Ensure that all mask values are legal   |          0.00193100 |       0.00173800 |   0.00192998 |        0.00019300 |        0.00026842 |        0.00010838 |        0.00043565 
Dissipation     | Setup spatially varying dissipation     |          0.01153200 |       0.00430400 |   0.01152991 |        0.00115299 |        0.00693896 |        0.00023915 |        0.00771829 
CarpetReduce    | Allocate the weight function            |          0.00008700 |       0.00008800 |   0.00008719 |        0.00000872 |        0.00006980 |        0.00000121 |        0.00007494 
CarpetReduce    | Initialise the weight function          |          0.00120700 |       0.00119800 |   0.00120637 |        0.00012064 |        0.00113291 |        0.00000116 |        0.00119541 
CarpetReduce    | Set up the outer boundaries of the weigh|          0.00087200 |       0.00086000 |   0.00086974 |        0.00008697 |        0.00081340 |        0.00000115 |        0.00085864 
CarpetReduce    | Set up the weight function for the restr|          0.00109000 |       0.00108700 |   0.00109116 |        0.00010912 |        0.00102364 |        0.00000113 |        0.00108022 
CarpetMask      | Set up the weight function for the exclu|          0.00033500 |       0.00032700 |   0.00033503 |        0.00003350 |        0.00030674 |        0.00000113 |        0.00032450 
CarpetMask      | Set up the weight function for the exclu|          0.01628700 |       0.01421900 |   0.01628547 |        0.00162855 |        0.01543819 |        0.00000113 |        0.01627450 
CarpetReduce    | Set the weight function                 |          0.00261000 |       0.00257500 |   0.00261065 |        0.00026106 |        0.00246558 |        0.00000113 |        0.00260012 
CarpetReduce    | Test the weight function                |          0.07414500 |       0.05892200 |   0.07414017 |        0.00741402 |        0.07032432 |        0.00000113 |        0.07412952 
--------------------------------------------------------------------------------------------------------------------------------------------------------------------------------------------------
                | Total time for CCTK_POSTSTEP            |          5.56563700 |       5.05399100 |   5.56535094 |        0.55653509 |        5.06032234 |        0.00450128 |        5.34299064 
==================================================================================================================================================================================================
CarpetLib       | Print timing statistics if desired      |          0.00004100 |       0.00003700 |   0.00004055 |        0.00000405 |        0.00001647 |        0.00000156 |        0.00001917 
CarpetLib       | Print memory statistics if desired      |          0.00002900 |       0.00002500 |   0.00002798 |        0.00000280 |        0.00001535 |        0.00000115 |        0.00001736 
LeanBSSNMoL     | Compute constraints                     |          0.19601300 |       0.16836100 |   0.19600142 |        0.01960014 |        0.02077372 |        0.00957103 |        0.03753102 
LeanBSSNMoL     | Enforce symmetry BCs in constraint compu|          0.00998300 |       0.00959700 |   0.00997979 |        0.00099798 |        0.00070665 |        0.00037728 |        0.00127407 
Boundary        | Apply all requested local physical bound|          0.00276600 |       0.00235600 |   0.00276705 |        0.00009223 |        0.00028962 |        0.00003512 |        0.00023497 
CartGrid3D      | Apply symmetry boundary conditions      |          0.00090100 |       0.00073400 |   0.00089967 |        0.00002999 |        0.00002466 |        0.00002442 |        0.00004136 
ReflectionSymmet| Apply reflection symmetries             |          0.00129900 |       0.00105400 |   0.00129981 |        0.00004333 |        0.00006715 |        0.00002618 |        0.00006091 
Boundary        | Unselect all grid variables for boundary|          0.00015400 |       0.00012600 |   0.00015579 |        0.00000519 |        0.00001313 |        0.00000332 |        0.00001304 
LoopControl     | Output LoopControl statistics           |          0.00013000 |       0.00013000 |   0.00013097 |        0.00001310 |        0.00011232 |        0.00000121 |        0.00011965 
MagScalarEvolve | Compute constraints                     |          0.02256600 |       0.00537900 |   0.02256324 |        0.00225632 |        0.01427600 |        0.00046023 |        0.01579652 
MagScalarEvolve | Enforce symmetry BCs in constraints comp|          0.02312400 |       0.00953300 |   0.02312279 |        0.00231228 |        0.01518101 |        0.00032392 |        0.01667212 
MagScalarEvolve | Compute analysis quantities             |          0.03563300 |       0.03249200 |   0.03563039 |        0.00356304 |        0.01339070 |        0.00086032 |        0.01599785 
MagScalarEvolve | Compute integrals of analysis quantities|          0.03045000 |       0.02744400 |   0.03044793 |        0.00304479 |        0.02887173 |        0.00000130 |        0.03043493 
Multipole       | Calculate Multipoles                    |          6.86311900 |       2.48268000 |   6.86278442 |        0.68627844 |        6.51059633 |        0.00000115 |        6.86277244 
NPScalars_Proca | calculate grid functions                |          0.25896100 |       0.19862900 |   0.25894827 |        0.02589483 |        0.01764941 |        0.02105332 |        0.03431592 
NPScalars_Proca | Symmetry boundary conditions            |          0.08982800 |       0.05683900 |   0.08982353 |        0.00898235 |        0.02180483 |        0.00059751 |        0.02315170 
QuasiLocalMeasur| Calculate quasi-local quantities        |          0.56730800 |       0.35433300 |   0.56728035 |        0.56728035 |        0.00000000 |        0.56728035 |        0.56728035 
SystemStatistics| Collect system statistics               |          0.00033200 |       0.00028300 |   0.00032715 |        0.00003272 |        0.00029627 |        0.00000121 |        0.00031377 
TerminationTrigg| Check elapsed job walltime              |          0.00074800 |       0.00068700 |   0.00075115 |        0.00007512 |        0.00030036 |        0.00002833 |        0.00034565 
TerminationTrigg| Check if we received a termination signa|          0.00033400 |       0.00032400 |   0.00033398 |        0.00003340 |        0.00002061 |        0.00002564 |        0.00004700 
TerminationTrigg| Check termination file                  |          0.02076800 |       0.00367500 |   0.02076755 |        0.00207675 |        0.01010612 |        0.00031853 |        0.01125505 
TimerReport     | Print the timer report                  |          0.00004300 |       0.00003900 |   0.00004363 |        0.00000436 |        0.00002320 |        0.00000146 |        0.00002634 
--------------------------------------------------------------------------------------------------------------------------------------------------------------------------------------------------
                | Total time for CCTK_ANALYSIS            |          8.12453000 |       3.35475700 |   8.12412741 |        1.32262357 |        6.65453564 |        0.60099454 |        7.61772117 
==================================================================================================================================================================================================
CarpetIOHDF5    | Termination checkpoint routine          |          0.00013900 |       0.00012700 |   0.00013785 |        0.00001379 |        0.00010896 |        0.00000130 |        0.00011691 
LoopControl     | Output LoopControl statistics           |          0.00011000 |       0.00010500 |   0.00010994 |        0.00001099 |        0.00009320 |        0.00000112 |        0.00009941 
MoL             | Free the MoL bookkeeping index arrays   |          0.00074200 |       0.00043300 |   0.00074388 |        0.00007439 |        0.00011309 |        0.00005595 |        0.00018077 
TimerReport     | Print the timer report                  |          1.01837000 |       0.97094600 |   1.01832101 |        0.10183210 |        0.96605215 |        0.00000118 |        1.01830964 
--------------------------------------------------------------------------------------------------------------------------------------------------------------------------------------------------
                | Total time for CCTK_TERMINATE           |          1.01936100 |       0.97161100 |   1.01931269 |        0.10193127 |        0.96636740 |        0.00005955 |        1.01870674 
==================================================================================================================================================================================================
Timers          | Prepare hierarchical timers             |          0.00032300 |       0.00032300 |   0.00032313 |        0.00032313 |        0.00000000 |        0.00032313 |        0.00032313 
--------------------------------------------------------------------------------------------------------------------------------------------------------------------------------------------------
                | Total time for CCTK_SHUTDOWN            |          0.00032300 |       0.00032300 |   0.00032313 |        0.00032313 |        0.00000000 |        0.00032313 |        0.00032313 
==================================================================================================================================================================================================
--------------------------------------------------------------------------------------------------------------------------------------------------------------------------------------------------
                | Total time for simulation               |         36.53242700 |      24.10207300 |  36.53064432 |       36.53064432 |        0.00000000 |       36.53064432 |       36.53064432 
==================================================================================================================================================================================================
--------------------------------------------------------------------------------
Done.
