--------------------------------------------------------------------------------

       10                                  
  1   0101       ************************  
  01  1010 10      The Cactus Code V4.16.0    
 1010 1101 011      www.cactuscode.org     
  1001 100101    ************************  
    00010101                               
     100011     (c) Copyright The Authors  
      0100      GNU Licensed. No Warranty  
      0101                                 
--------------------------------------------------------------------------------

Cactus version:    4.16.0
Compile date:      Dec 25 2025 (15:36:41)
Run date:          Jan 20 2026 (10:49:22+0000)
Run host:          cnx005.deucalion.macc.fccn.pt (pid=207068)
Working directory: /projects/F202407872CPCAA2/jpmferreira/learn-cactus/simulations/axionic_lower_alpha=1-q=3-mu=1-B=0.22-fa=0.01-rh=0.3000-w=1.000_h=2/output-0000
Executable:        /projects/F202407872CPCAA2/jpmferreira/projects/cactus/exe/cactus_base
Parameter file:    cloud-stat.par
--------------------------------------------------------------------------------

Activating thorn Cactus...Success -> active implementation Cactus
Activation requested for 
--->ADMBase ADMMacros AHFinderDirect AEILocalInterp Boundary Carpet CarpetInterp CarpetLib CarpetMask CarpetReduce CarpetRegrid2 CarpetSlab CarpetTracker CartGrid3D CoordBase CoordGauge Dissipation GenericFD InitBase LeanBSSNMoL LocalInterp LoopControl MoL Multipole NaNChecker NewRad PunctureTracker ReflectionSymmetry SpaceMask SphericalSurface StaticConformal SymBase Time TmunuBase Fortran GSL HDF5 MagScalarBase MagScalarInit MagScalarEvolve NPScalars NPScalars_MagScalar MagScalarAnalysis QuasiLocalMeasures SystemStatistics TerminationTrigger TimerReport CarpetIOASCII CarpetIOBasic CarpetIOHDF5 CarpetIOScalar IOUtil<---
Thorn Carpet requests automatic activation of MPI
Thorn Carpet requests automatic activation of Timers
Thorn CarpetLib requests automatic activation of Vectors
Thorn CarpetLib requests automatic activation of Boost
Thorn CarpetLib requests automatic activation of CycleClock
Thorn HDF5 requests automatic activation of zlib
Thorn LoopControl requests automatic activation of hwloc
Thorn QuasiLocalMeasures requests automatic activation of LAPACK
Thorn QuasiLocalMeasures requests automatic activation of TGRtensor
Thorn LAPACK requests automatic activation of BLAS
Activating thorn ADMBase...Success -> active implementation ADMBase
Activating thorn ADMMacros...Success -> active implementation ADMMacros
Activating thorn AEILocalInterp...Success -> active implementation AEILocalInterp
Activating thorn AHFinderDirect...Success -> active implementation AHFinderDirect
Activating thorn BLAS...Success -> active implementation BLAS
Activating thorn Boost...Success -> active implementation Boost
Activating thorn Boundary...Success -> active implementation boundary
Activating thorn Carpet...Success -> active implementation Driver
Activating thorn CarpetInterp...Success -> active implementation interp
Activating thorn CarpetIOASCII...Success -> active implementation IOASCII
Activating thorn CarpetIOBasic...Success -> active implementation IOBasic
Activating thorn CarpetIOHDF5...Success -> active implementation IOHDF5
Activating thorn CarpetIOScalar...Success -> active implementation IOScalar
Activating thorn CarpetLib...Success -> active implementation CarpetLib
Activating thorn CarpetMask...Success -> active implementation CarpetMask
Activating thorn CarpetReduce...Success -> active implementation reduce
Activating thorn CarpetRegrid2...Success -> active implementation CarpetRegrid2
Activating thorn CarpetSlab...Success -> active implementation Hyperslab
Activating thorn CarpetTracker...Success -> active implementation CarpetTracker
Activating thorn CartGrid3D...Success -> active implementation grid
Activating thorn CoordBase...Success -> active implementation CoordBase
Activating thorn CoordGauge...Success -> active implementation CoordGauge
Activating thorn CycleClock...Success -> active implementation CycleClock
Activating thorn Dissipation...Success -> active implementation Dissipation
Activating thorn Fortran...Success -> active implementation Fortran
Activating thorn GenericFD...Success -> active implementation GenericFD
Activating thorn GSL...Success -> active implementation GSL
Activating thorn HDF5...Success -> active implementation HDF5
Activating thorn hwloc...Success -> active implementation hwloc
Activating thorn InitBase...Success -> active implementation InitBase
Activating thorn IOUtil...Success -> active implementation IO
Activating thorn LAPACK...Success -> active implementation LAPACK
Activating thorn LeanBSSNMoL...Success -> active implementation LeanBSSNMoL
Activating thorn LocalInterp...Success -> active implementation LocalInterp
Activating thorn LoopControl...Success -> active implementation LoopControl
Activating thorn MagScalarAnalysis...Success -> active implementation MagScalarAnalysis
Activating thorn MagScalarBase...Success -> active implementation MagScalarBase
Activating thorn MagScalarEvolve...Success -> active implementation MagScalarEvolve
Activating thorn MagScalarInit...Success -> active implementation MagScalarInit
Activating thorn MoL...Success -> active implementation MethodOfLines
Activating thorn MPI...Success -> active implementation MPI
Activating thorn Multipole...Success -> active implementation multipole
Activating thorn NaNChecker...Success -> active implementation NaNChecker
Activating thorn NewRad...Success -> active implementation NewRad
Activating thorn NPScalars...Success -> active implementation NPScalars
Activating thorn NPScalars_MagScalar...Success -> active implementation NPScalars_MagScalar
Activating thorn PunctureTracker...Success -> active implementation PunctureTracker
Activating thorn QuasiLocalMeasures...Success -> active implementation QuasiLocalMeasures
Activating thorn ReflectionSymmetry...Success -> active implementation ReflectionSymmetry
Activating thorn SpaceMask...Success -> active implementation SpaceMask
Activating thorn SphericalSurface...Success -> active implementation SphericalSurface
Activating thorn StaticConformal...Success -> active implementation StaticConformal
Activating thorn SymBase...Success -> active implementation SymBase
Activating thorn SystemStatistics...Success -> active implementation SystemStatistics
Activating thorn TerminationTrigger...Success -> active implementation TerminationTrigger
Activating thorn TGRtensor...Success -> active implementation TGRtensor
Activating thorn Time...Success -> active implementation time
Activating thorn TimerReport...Success -> active implementation timerreport
Activating thorn Timers...Success -> active implementation Timers
Activating thorn TmunuBase...Success -> active implementation TmunuBase
Activating thorn Vectors...Success -> active implementation Vectors
Activating thorn zlib...Success -> active implementation zlib
--------------------------------------------------------------------------------
  if (recover initial data)
    Recover parameters
  endif

  Startup routines
    [CCTK_STARTUP]
      Carpet::MultiModel_Startup: Multi-model Startup routine
      CycleClock::CycleClock_Setup: Set up CycleClock
      LoopControl::LC_setup: Set up LoopControl
      Timers::Timer_Startup: Prepare hierarchical timers
      Carpet::Driver_Startup: Startup routine
      IOUtil::IOUtil_Startup: Startup routine
      CarpetIOScalar::CarpetIOScalarStartup: [global] Startup routine
      CarpetInterp::CarpetInterpStartup: Startup routine
      CarpetReduce::CarpetReduceStartup: Startup routine
      CartGrid3D::SymmetryStartup: Register GH Extension for GridSymmetry
      CoordBase::CoordBase_Startup: Register a GH extension to store the coordinate system handles
      AEILocalInterp::AEILocalInterp_U_Startup: register CCTK_InterpLocalUniform() interpolation operators
      CarpetIOASCII::CarpetIOASCIIStartup: [global] Startup routine
      LeanBSSNMoL::LeanBSSN_RegisterSlicing: [meta] Register slicing
      LocalInterp::LocalInterp_Startup: register LocalInterp's interpolation operators
      CarpetIOBasic::CarpetIOBasicStartup: [global] Startup routine
      MagScalarEvolve::MagScalar_Analysis_RegisterMask: Register the masks for excision
      MoL::MoL_Startup: Startup banner
      SymBase::SymBase_Startup: Register GH Extension for SymBase
      TerminationTrigger::TerminationTrigger_StartSignalHandler: Start signal handler
      CarpetIOHDF5::CarpetIOHDF5_Startup: Startup routine
      Vectors::Vectors_Startup: Print startup message
      GROUP hwloc_startup: hwloc startup group
        hwloc::hwloc_version: Output hwloc version

  Startup routines which need an existing grid hierarchy
    [CCTK_WRAGH]
      ADMBase::Einstein_InitSymBound: [global] Set up GF symmetries
      Boundary::Boundary_RegisterBCs: [global] Register boundary conditions that this thorn provides
      CarpetRegrid2::CarpetRegrid2_Initialise: [global] Initialise locations of refined regions
      CartGrid3D::RegisterCartGrid3DCoords: [meta] Register coordinates for the Cartesian grid
      CoordGauge::Einstein_ActivateSlicing: Initialize slicing, setup priorities for mixed slicings
      CoordGauge::Einstein_SetNextSlicing: Identify the slicing for the next iteration
      MoL::MoL_SetupIndexArrays: Set up the MoL bookkeeping index arrays
      MoL::MoL_SetScheduleStatus: [global] Set the flag so it is ok to register with MoL
      TmunuBase::TmunuBase_SetStressEnergyState: [global] Set the stress_energy_state variable
      GROUP MoL_Register: The group where physics thorns register variables with MoL
        LeanBSSNMoL::LeanBSSN_RegisterVars: [meta] Register variables for MoL
        MagScalarEvolve::MagScalar_RegisterVars: [meta] Register variables for MoL
      SpaceMask::MaskSym: [global] Set grid symmetries for mask
      SpaceMask::MaskSym_emask: [global] Set grid symmetries for emask (compatibility mode)
      GROUP SymBase_Wrapper: Wrapper group for SymBase
        GROUP SymmetryRegister: Register your symmetries here
          CartGrid3D::CartGrid3D_RegisterSymmetryBoundaries: [meta] Register symmetry boundaries
          ReflectionSymmetry::ReflectionSymmetry_Register: Register reflection symmetry boundaries
        SymBase::SymBase_Statistics: Print symmetry boundary face descriptions
      MoL::MoL_ReportNumberVariables: [meta] Report how many of each type of variable there are
  Parameter checking routines
    [CCTK_PARAMCHECK]
      ADMBase::ADMBase_ParamCheck: [global] Check consistency of parameters
      Boundary::Boundary_Check: Check dimension of grid variables
      Carpet::CarpetParamCheck: Parameter checking routine
      CarpetLib::CarpetLib_test_prolongate_3d_rf2: [global] Test prolongation operators
      CarpetMask::CarpetSurfaceParamCheck: [global] Check parameters
      CarpetRegrid2::CarpetRegrid2_ParamCheck: Check parameters
      CartGrid3D::ParamCheck_CartGrid3D: Check coordinates for CartGrid3D
      Dissipation::dissipation_paramcheck: Check dissipation parameters for consistency
      Fortran::CheckFortranParameters: Test whether Fortran parameters work correctly
      LeanBSSNMoL::Lean_ParamCheck: Check Lean parameters for consistency
      MoL::MoL_ParamCheck: Basic parameter checking
      Multipole::Multipole_ParamCheck: [global] Check Multipole parameters
      NPScalars::NPScalars_ParamCheck: Check NPScalars parameters for consistency
      QuasiLocalMeasures::qlm_paramcheck: [global] Check quasi-local parameter settings
      SphericalSurface::SphericalSurface_ParamCheck: [global] Check that all surface names are unique
      TerminationTrigger::TerminationTrigger_ParamCheck: Check consitency of parameters
      TmunuBase::TmunuBase_ParamCheck: [global] Check that no deprecated parameters are used.
      Vectors::Vectors_Test: Run correctness tests.

  Initialisation
    if (NOT (recover initial data AND recovery_mode is 'strict'))
      [CCTK_PREREGRIDINITIAL]
      Set up grid hierarchy
      [CCTK_POSTREGRIDINITIAL]
        SpaceMask::MaskZero: Initialise mask to zero
        CartGrid3D::SpatialCoordinates: Set Coordinates after regridding
        GROUP MaskBase_SetupMask: Set up the weight function
          GROUP MaskBase_SetupMaskAll: Set up the weight function
            CarpetReduce::MaskBase_AllocateMask: [global] Allocate the weight function
            CarpetReduce::MaskBase_InitMask: [global] [loop-local] Initialise the weight function
            GROUP SetupIMaskInternal: Set up the integer weight function (schedule other routines in here)
              CarpetReduce::CoordBase_SetupMask: [global] [loop-local] Set up the outer boundaries of the weight function
              CarpetReduce::CarpetMaskSetup: [global] [loop-singlemap] Set up the weight function for the restriction regions
            GROUP SetupIMask: Set up the integer weight function (schedule other routines in here)
              CarpetMask::CarpetExcludedSetup: [global] [loop-local] Set up the weight function for the excluded regions
              CarpetMask::CarpetSurfaceSetup: [global] [loop-local] Set up the weight function for the excluded spherical surfaces
            CarpetReduce::MaskBase_SetMask: [global] [loop-local] Set the weight function
            GROUP SetupMask: Set up the real weight function (schedule other routines in here)
            CarpetReduce::MaskBase_TestMask: [global] Test the weight function
        Dissipation::setup_epsdis: Setup spatially varying dissipation
        GROUP MoL_PseudoEvolutionBoundaries: Apply boundary conditions to pseudo-evolved quantities
        GROUP CalcNPScalars_BC: Boundary conditions
          NPScalars::NPboundaries: [level] Symmetry boundary conditions
          GROUP ApplyBCs_NP: Apply boundary conditions
            GROUP BoundaryConditions: Execute all boundary conditions
              Boundary::Boundary_ApplyPhysicalBCs: Apply all requested local physical boundary conditions
              CartGrid3D::CartGrid3D_ApplyBC: Apply symmetry boundary conditions
              ReflectionSymmetry::ReflectionSymmetry_Apply: Apply reflection symmetries
            Boundary::Boundary_ClearSelection: [level] Unselect all grid variables for boundary conditions
        GROUP CalcNPMagScalarScalars_BC: Boundary conditions
          NPScalars_MagScalar::NPMagScalar_Boundaries: [level] Symmetry boundary conditions
          GROUP ApplyBCs_NPMagScalar: Apply boundary conditions
            GROUP BoundaryConditions: Execute all boundary conditions
              Boundary::Boundary_ApplyPhysicalBCs: Apply all requested local physical boundary conditions
              CartGrid3D::CartGrid3D_ApplyBC: Apply symmetry boundary conditions
              ReflectionSymmetry::ReflectionSymmetry_Apply: Apply reflection symmetries
            Boundary::Boundary_ClearSelection: [level] Unselect all grid variables for boundary conditions
        SpaceMask::MaskOne: Set mask to one
        AHFinderDirect::AHFinderDirect_maybe_do_masks: set mask(s) based on apparent horizon position(s)
      [CCTK_BASEGRID]
        ADMBase::ADMBase_SetShiftStateOn: Set the shift_state variable to 1
        ADMBase::ADMBase_SetDtLapseStateOn: Set the dtlapse_state variable to 1
        ADMBase::ADMBase_SetDtShiftStateOn: Set the dtshift_state variable to 1
        ADMMacros::ADMMacros_SetLocalSpatialOrder: Initialize the local_spatial_order
        CartGrid3D::SpatialSpacings: Set up ranges for spatial 3D Cartesian coordinates (on all grids)
        CartGrid3D::SpatialCoordinates: Set up spatial 3D Cartesian coordinates on the GH
        SphericalSurface::SphericalSurface_SetupRes: [global] [loop-local] Set surface resolution automatically
        AHFinderDirect::AHFinderDirect_setup: [global] setup data structures
        Dissipation::dissipation_basegrid: Ensure that there are enough ghost zones
        LeanBSSNMoL::LeanBSSN_symmetries: [global] Register symmetries of the BSSN grid functions
        LeanBSSNMoL::LeanBSSN_zero_rhs: Set all rhs functions to zero to prevent spurious nans
        MagScalarBase::MagScalar_symmetries: [global] Register symmetries of the grid functions
        MagScalarEvolve::MagScalar_InitSymBound: [meta] Schedule symmetries
        MagScalarEvolve::MagScalar_zero_rhs: set all rhs functions to zero to prevent spurious nans
        NPScalars::NP_symmetries: [meta] Set symmetries for grid functions
        NPScalars_MagScalar::NPMagScalar_symmetries: [meta] Set symmetries for grid functions
        NaNChecker::NaNChecker_ResetCounter: [global] Reset the NaNChecker::NaNsFound counter
        SpaceMask::MaskZero: Initialise mask to zero
        SpaceMask::MaskOne: Set old style mask to one
        SphericalSurface::SphericalSurface_Setup: [global] Calculate surface coordinate descriptors
        GROUP MaskBase_SetupMask: Set up the weight function
          GROUP MaskBase_SetupMaskAll: Set up the weight function
            CarpetReduce::MaskBase_AllocateMask: [global] Allocate the weight function
            CarpetReduce::MaskBase_InitMask: [global] [loop-local] Initialise the weight function
            GROUP SetupIMaskInternal: Set up the integer weight function (schedule other routines in here)
              CarpetReduce::CoordBase_SetupMask: [global] [loop-local] Set up the outer boundaries of the weight function
              CarpetReduce::CarpetMaskSetup: [global] [loop-singlemap] Set up the weight function for the restriction regions
            GROUP SetupIMask: Set up the integer weight function (schedule other routines in here)
              CarpetMask::CarpetExcludedSetup: [global] [loop-local] Set up the weight function for the excluded regions
              CarpetMask::CarpetSurfaceSetup: [global] [loop-local] Set up the weight function for the excluded spherical surfaces
            CarpetReduce::MaskBase_SetMask: [global] [loop-local] Set the weight function
            GROUP SetupMask: Set up the real weight function (schedule other routines in here)
            CarpetReduce::MaskBase_TestMask: [global] Test the weight function
        SphericalSurface::SphericalSurface_Set: [global] Set surface radii to be used for initial setup in other thorns
        GROUP SphericalSurface_HasBeenSet: Set the spherical surfaces before this group, and use it afterwards
          SphericalSurface::SphericalSurface_CheckState: [global] Test the state of the spherical surfaces
        SymBase::SymBase_Check: Check whether the driver set up the grid consistently
        TerminationTrigger::TerminationTrigger_ResetTrigger: Clear trigger state
        TerminationTrigger::TerminationTrigger_StartTimer: Start timer
        TerminationTrigger::TerminationTrigger_CreateFile: Create termination file
        Time::Time_Initialise: [global] Initialise Time variables
        Time::TemporalSpacings: [singlemap] Set timestep based on Courant condition (courant_static)
      [CCTK_INITIAL]
        StaticConformal::StaticConformal_InitialiseState: Set the conformal_state variable to 0
        GROUP ADMBase_InitialData: Schedule group for calculating ADM initial data
          MagScalarInit::MagScalar_InitStatCloud: [local] Initial data for a static scalar cloud surrounding a charged BH
        GROUP ADMBase_InitialGauge: Schedule group for the ADM initial gauge condition
          ADMBase::ADMBase_ShiftZero: Set the shift to 0 at all points
          ADMBase::ADMBase_DtLapseZero: Set the dtlapse to 0 at all points
          ADMBase::ADMBase_DtShiftZero: Set the dtshift to 0 at all points
        CarpetIOASCII::CarpetIOASCIIInit: [global] Initialisation routine
        CarpetIOBasic::CarpetIOBasicInit: [global] Initialisation routine
        CarpetIOHDF5::CarpetIOHDF5_Init: [global] Initialisation routine
        CarpetIOScalar::CarpetIOScalarInit: [global] Initialisation routine
        GROUP MagScalarBase_Initial: MagScalarBase initial data group
        GROUP ADMBase_PostInitial: Schedule group for modifying the ADM initial data, such as e.g. adding noise
        LeanBSSNMoL::LeanBSSN_adm2bssn: [local] Convert initial data into BSSN variables
        LeanBSSNMoL::LeanBSSN_Boundaries: [level] Boundary enforcement
        MoL::MoL_StartLoop: [level] Initialise the step size control
        PunctureTracker::PunctureTracker_Init: [global] Calculate initial location of punctures
        QuasiLocalMeasures::qlm_init: [global] Initialise quasi-local calculations
        GROUP LeanBSSN_ApplyBCs: Apply boundary conditions
          GROUP BoundaryConditions: Execute all boundary conditions
            Boundary::Boundary_ApplyPhysicalBCs: Apply all requested local physical boundary conditions
            CartGrid3D::CartGrid3D_ApplyBC: Apply symmetry boundary conditions
            ReflectionSymmetry::ReflectionSymmetry_Apply: Apply reflection symmetries
          Boundary::Boundary_ClearSelection: [level] Unselect all grid variables for boundary conditions
      [CCTK_POSTINITIAL]
        CarpetIOHDF5::CarpetIOHDF5_CloseFiles: [global] Close all filereader input files
        MagScalarEvolve::MagScalar_adm2bssn: Compute BSSN like quantities after generating initial data
        GROUP MoL_PostStepModify: The group for physics thorns to schedule enforcing constraints
        GROUP MoL_PostStep: Ensure that everything is correct after the initial data have been set up
          LeanBSSNMoL::LeanBSSN_remove_trA: Remove trace of A
          LeanBSSNMoL::LeanBSSN_impose_conf_fac_floor: Make sure conformal factor does not drop below specified value
          LeanBSSNMoL::LeanBSSN_Boundaries: [level] MoL boundary enforcement
          GROUP LeanBSSN_ApplyBCs: Apply boundary conditions
            GROUP BoundaryConditions: Execute all boundary conditions
              Boundary::Boundary_ApplyPhysicalBCs: Apply all requested local physical boundary conditions
              CartGrid3D::CartGrid3D_ApplyBC: Apply symmetry boundary conditions
              ReflectionSymmetry::ReflectionSymmetry_Apply: Apply reflection symmetries
            Boundary::Boundary_ClearSelection: [level] Unselect all grid variables for boundary conditions
          LeanBSSNMoL::LeanBSSN_bssn2adm: [local] Convert variables back to the ADM ones
          GROUP ADMBase_SetADMVars: Set the ADM variables before this group, and use them afterwards
          MagScalarEvolve::MagScalar_Boundaries: [level] MoL boundary enforcement for MagScalar variables
          GROUP MagScalar_ApplyBCs: Apply boundary conditions
            GROUP BoundaryConditions: Execute all boundary conditions
              Boundary::Boundary_ApplyPhysicalBCs: Apply all requested local physical boundary conditions
              CartGrid3D::CartGrid3D_ApplyBC: Apply symmetry boundary conditions
              ReflectionSymmetry::ReflectionSymmetry_Apply: Apply reflection symmetries
            Boundary::Boundary_ClearSelection: [level] Unselect all grid variables for boundary conditions
          GROUP SetTmunu: Group for calculating the stress-energy tensor
            TmunuBase::TmunuBase_ZeroTmunu: Initialise the stress-energy tensor to zero
            GROUP AddToTmunu: Add to the stress-energy tensor here
              MagScalarEvolve::MagScalar_AddToTmunu: Compute the energy-momentum tensor
        GROUP MoL_PseudoEvolution: Calculate pseudo-evolved quantities
          GROUP ADMBase_SetADMVars: Set the ADM variables before this group, and use them afterwards
          GROUP CalcNPScalars: Calculate NPScalars
            NPScalars::NP_calcPsiGF: [local] calculate Psi4 as grid function
            GROUP CalcNPScalars_BC: Boundary conditions
              NPScalars::NPboundaries: [level] Symmetry boundary conditions
              GROUP ApplyBCs_NP: Apply boundary conditions
                GROUP BoundaryConditions: Execute all boundary conditions
                  Boundary::Boundary_ApplyPhysicalBCs: Apply all requested local physical boundary conditions
                  CartGrid3D::CartGrid3D_ApplyBC: Apply symmetry boundary conditions
                  ReflectionSymmetry::ReflectionSymmetry_Apply: Apply reflection symmetries
                Boundary::Boundary_ClearSelection: [level] Unselect all grid variables for boundary conditions
        GROUP CalcNPScalars: Calculate NPScalars
          NPScalars::NP_calcPsiGF: [local] calculate Psi4 as grid function
          GROUP CalcNPScalars_BC: Boundary conditions
            NPScalars::NPboundaries: [level] Symmetry boundary conditions
            GROUP ApplyBCs_NP: Apply boundary conditions
              GROUP BoundaryConditions: Execute all boundary conditions
                Boundary::Boundary_ApplyPhysicalBCs: Apply all requested local physical boundary conditions
                CartGrid3D::CartGrid3D_ApplyBC: Apply symmetry boundary conditions
                ReflectionSymmetry::ReflectionSymmetry_Apply: Apply reflection symmetries
              Boundary::Boundary_ClearSelection: [level] Unselect all grid variables for boundary conditions
        GROUP CalcNPMagScalarScalars: Calculate NPScalars
          NPScalars_MagScalar::NPMagScalar_calcPsiGF: [local] calculate grid functions
          GROUP CalcNPMagScalarScalars_BC: Boundary conditions
            NPScalars_MagScalar::NPMagScalar_Boundaries: [level] Symmetry boundary conditions
            GROUP ApplyBCs_NPMagScalar: Apply boundary conditions
              GROUP BoundaryConditions: Execute all boundary conditions
                Boundary::Boundary_ApplyPhysicalBCs: Apply all requested local physical boundary conditions
                CartGrid3D::CartGrid3D_ApplyBC: Apply symmetry boundary conditions
                ReflectionSymmetry::ReflectionSymmetry_Apply: Apply reflection symmetries
              Boundary::Boundary_ClearSelection: [level] Unselect all grid variables for boundary conditions
      Initialise finer grids recursively
      Restrict from finer grids
      [CCTK_POSTRESTRICTINITIAL]
        GROUP MoL_PostStep: Ensure that everything is correct after restriction
          LeanBSSNMoL::LeanBSSN_remove_trA: Remove trace of A
          LeanBSSNMoL::LeanBSSN_impose_conf_fac_floor: Make sure conformal factor does not drop below specified value
          LeanBSSNMoL::LeanBSSN_Boundaries: [level] MoL boundary enforcement
          GROUP LeanBSSN_ApplyBCs: Apply boundary conditions
            GROUP BoundaryConditions: Execute all boundary conditions
              Boundary::Boundary_ApplyPhysicalBCs: Apply all requested local physical boundary conditions
              CartGrid3D::CartGrid3D_ApplyBC: Apply symmetry boundary conditions
              ReflectionSymmetry::ReflectionSymmetry_Apply: Apply reflection symmetries
            Boundary::Boundary_ClearSelection: [level] Unselect all grid variables for boundary conditions
          LeanBSSNMoL::LeanBSSN_bssn2adm: [local] Convert variables back to the ADM ones
          GROUP ADMBase_SetADMVars: Set the ADM variables before this group, and use them afterwards
          MagScalarEvolve::MagScalar_Boundaries: [level] MoL boundary enforcement for MagScalar variables
          GROUP MagScalar_ApplyBCs: Apply boundary conditions
            GROUP BoundaryConditions: Execute all boundary conditions
              Boundary::Boundary_ApplyPhysicalBCs: Apply all requested local physical boundary conditions
              CartGrid3D::CartGrid3D_ApplyBC: Apply symmetry boundary conditions
              ReflectionSymmetry::ReflectionSymmetry_Apply: Apply reflection symmetries
            Boundary::Boundary_ClearSelection: [level] Unselect all grid variables for boundary conditions
          GROUP SetTmunu: Group for calculating the stress-energy tensor
            TmunuBase::TmunuBase_ZeroTmunu: Initialise the stress-energy tensor to zero
            GROUP AddToTmunu: Add to the stress-energy tensor here
              MagScalarEvolve::MagScalar_AddToTmunu: Compute the energy-momentum tensor
        GROUP MoL_PseudoEvolutionBoundaries: Apply boundary conditions to pseudo-evolved quantities
        GROUP CalcNPScalars_BC: Boundary conditions
          NPScalars::NPboundaries: [level] Symmetry boundary conditions
          GROUP ApplyBCs_NP: Apply boundary conditions
            GROUP BoundaryConditions: Execute all boundary conditions
              Boundary::Boundary_ApplyPhysicalBCs: Apply all requested local physical boundary conditions
              CartGrid3D::CartGrid3D_ApplyBC: Apply symmetry boundary conditions
              ReflectionSymmetry::ReflectionSymmetry_Apply: Apply reflection symmetries
            Boundary::Boundary_ClearSelection: [level] Unselect all grid variables for boundary conditions
        GROUP CalcNPMagScalarScalars_BC: Boundary conditions
          NPScalars_MagScalar::NPMagScalar_Boundaries: [level] Symmetry boundary conditions
          GROUP ApplyBCs_NPMagScalar: Apply boundary conditions
            GROUP BoundaryConditions: Execute all boundary conditions
              Boundary::Boundary_ApplyPhysicalBCs: Apply all requested local physical boundary conditions
              CartGrid3D::CartGrid3D_ApplyBC: Apply symmetry boundary conditions
              ReflectionSymmetry::ReflectionSymmetry_Apply: Apply reflection symmetries
            Boundary::Boundary_ClearSelection: [level] Unselect all grid variables for boundary conditions
      [CCTK_POSTPOSTINITIAL]
      [CCTK_POSTSTEP]
        AHFinderDirect::AHFinderDirect_import_mask: [global] [loop-local] import the excision mask
        AHFinderDirect::AHFinderDirect_find_horizons: [global] find apparent horizon(s) after this time step
        AHFinderDirect::AHFinderDirect_store: [global] store apparent horizon(s) into spherical surface(s)
        AHFinderDirect::AHFinderDirect_save: [global] save apparent horizon(s) into Cactus variables
        AHFinderDirect::AHFinderDirect_maybe_do_masks: set mask(s) based on apparent horizon position(s)
        SphericalSurface::SphericalSurface_Set: [global] Set surface radii
        GROUP SphericalSurface_HasBeenSet: Set the spherical surfaces before this group, and use it afterwards
          SphericalSurface::SphericalSurface_CheckState: [global] Test the state of the spherical surfaces
        GROUP zzz_NaNChecker_NaNCheck: Check for NaNs and count them in NaNChecker::NaNsFound
          NaNChecker::NaNChecker_NaNCheck_Prepare: [level] Prepare data structures to check for NaNs
          NaNChecker::NaNChecker_NaNCheck_Check: [local] Check for NaNs
          NaNChecker::NaNChecker_NaNCheck_Finish: [level] Count NaNs in NaNChecker::NaNsFound
        NaNChecker::NaNChecker_TakeAction: [global] [loop-level] Output NaNChecker::NaNmask and take action according to NaNChecker::action_if_found
        PunctureTracker::PunctureTracker_SetPositions: [global] Copy puncture positions to spherical surfaces
        SpaceMask::CheckMask: Ensure that all mask values are legal
        Dissipation::setup_epsdis: Setup spatially varying dissipation
        GROUP MaskBase_SetupMask: Set up the weight function
          GROUP MaskBase_SetupMaskAll: Set up the weight function
            CarpetReduce::MaskBase_AllocateMask: [global] Allocate the weight function
            CarpetReduce::MaskBase_InitMask: [global] [loop-local] Initialise the weight function
            GROUP SetupIMaskInternal: Set up the integer weight function (schedule other routines in here)
              CarpetReduce::CoordBase_SetupMask: [global] [loop-local] Set up the outer boundaries of the weight function
              CarpetReduce::CarpetMaskSetup: [global] [loop-singlemap] Set up the weight function for the restriction regions
            GROUP SetupIMask: Set up the integer weight function (schedule other routines in here)
              CarpetMask::CarpetExcludedSetup: [global] [loop-local] Set up the weight function for the excluded regions
              CarpetMask::CarpetSurfaceSetup: [global] [loop-local] Set up the weight function for the excluded spherical surfaces
            CarpetReduce::MaskBase_SetMask: [global] [loop-local] Set the weight function
            GROUP SetupMask: Set up the real weight function (schedule other routines in here)
            CarpetReduce::MaskBase_TestMask: [global] Test the weight function
    endif
    if (recover initial data)
      [CCTK_BASEGRID]
        ADMBase::ADMBase_SetShiftStateOn: Set the shift_state variable to 1
        ADMBase::ADMBase_SetDtLapseStateOn: Set the dtlapse_state variable to 1
        ADMBase::ADMBase_SetDtShiftStateOn: Set the dtshift_state variable to 1
        ADMMacros::ADMMacros_SetLocalSpatialOrder: Initialize the local_spatial_order
        CartGrid3D::SpatialSpacings: Set up ranges for spatial 3D Cartesian coordinates (on all grids)
        CartGrid3D::SpatialCoordinates: Set up spatial 3D Cartesian coordinates on the GH
        SphericalSurface::SphericalSurface_SetupRes: [global] [loop-local] Set surface resolution automatically
        AHFinderDirect::AHFinderDirect_setup: [global] setup data structures
        Dissipation::dissipation_basegrid: Ensure that there are enough ghost zones
        LeanBSSNMoL::LeanBSSN_symmetries: [global] Register symmetries of the BSSN grid functions
        LeanBSSNMoL::LeanBSSN_zero_rhs: Set all rhs functions to zero to prevent spurious nans
        MagScalarBase::MagScalar_symmetries: [global] Register symmetries of the grid functions
        MagScalarEvolve::MagScalar_InitSymBound: [meta] Schedule symmetries
        MagScalarEvolve::MagScalar_zero_rhs: set all rhs functions to zero to prevent spurious nans
        NPScalars::NP_symmetries: [meta] Set symmetries for grid functions
        NPScalars_MagScalar::NPMagScalar_symmetries: [meta] Set symmetries for grid functions
        NaNChecker::NaNChecker_ResetCounter: [global] Reset the NaNChecker::NaNsFound counter
        SpaceMask::MaskZero: Initialise mask to zero
        SpaceMask::MaskOne: Set old style mask to one
        SphericalSurface::SphericalSurface_Setup: [global] Calculate surface coordinate descriptors
        GROUP MaskBase_SetupMask: Set up the weight function
          GROUP MaskBase_SetupMaskAll: Set up the weight function
            CarpetReduce::MaskBase_AllocateMask: [global] Allocate the weight function
            CarpetReduce::MaskBase_InitMask: [global] [loop-local] Initialise the weight function
            GROUP SetupIMaskInternal: Set up the integer weight function (schedule other routines in here)
              CarpetReduce::CoordBase_SetupMask: [global] [loop-local] Set up the outer boundaries of the weight function
              CarpetReduce::CarpetMaskSetup: [global] [loop-singlemap] Set up the weight function for the restriction regions
            GROUP SetupIMask: Set up the integer weight function (schedule other routines in here)
              CarpetMask::CarpetExcludedSetup: [global] [loop-local] Set up the weight function for the excluded regions
              CarpetMask::CarpetSurfaceSetup: [global] [loop-local] Set up the weight function for the excluded spherical surfaces
            CarpetReduce::MaskBase_SetMask: [global] [loop-local] Set the weight function
            GROUP SetupMask: Set up the real weight function (schedule other routines in here)
            CarpetReduce::MaskBase_TestMask: [global] Test the weight function
        SphericalSurface::SphericalSurface_Set: [global] Set surface radii to be used for initial setup in other thorns
        GROUP SphericalSurface_HasBeenSet: Set the spherical surfaces before this group, and use it afterwards
          SphericalSurface::SphericalSurface_CheckState: [global] Test the state of the spherical surfaces
        SymBase::SymBase_Check: Check whether the driver set up the grid consistently
        TerminationTrigger::TerminationTrigger_ResetTrigger: Clear trigger state
        TerminationTrigger::TerminationTrigger_StartTimer: Start timer
        TerminationTrigger::TerminationTrigger_CreateFile: Create termination file
        Time::Time_Initialise: [global] Initialise Time variables
        Time::TemporalSpacings: [singlemap] Set timestep based on Courant condition (courant_static)
      [CCTK_RECOVER_VARIABLES]
        IOUtil::IOUtil_RecoverGH: [level] Checkpoint recovery routine
      [CCTK_POST_RECOVER_VARIABLES]
        AHFinderDirect::AHFinderDirect_recover: [global] import horizon data from Cactus variables
        CarpetIOHDF5::CarpetIOHDF5_InitCheckpointingIntervals: [global] Initialisation of checkpointing intervals after recovery
        CarpetIOHDF5::CarpetIOHDF5_CloseFiles: [meta] Close all initial data checkpoint files after recovery
        GROUP MaskBase_SetupMask: Set up the weight function
          GROUP MaskBase_SetupMaskAll: Set up the weight function
            CarpetReduce::MaskBase_AllocateMask: [global] Allocate the weight function
            CarpetReduce::MaskBase_InitMask: [global] [loop-local] Initialise the weight function
            GROUP SetupIMaskInternal: Set up the integer weight function (schedule other routines in here)
              CarpetReduce::CoordBase_SetupMask: [global] [loop-local] Set up the outer boundaries of the weight function
              CarpetReduce::CarpetMaskSetup: [global] [loop-singlemap] Set up the weight function for the restriction regions
            GROUP SetupIMask: Set up the integer weight function (schedule other routines in here)
              CarpetMask::CarpetExcludedSetup: [global] [loop-local] Set up the weight function for the excluded regions
              CarpetMask::CarpetSurfaceSetup: [global] [loop-local] Set up the weight function for the excluded spherical surfaces
            CarpetReduce::MaskBase_SetMask: [global] [loop-local] Set the weight function
            GROUP SetupMask: Set up the real weight function (schedule other routines in here)
            CarpetReduce::MaskBase_TestMask: [global] Test the weight function
        GROUP MoL_PostStep: Ensure that everything is correct after recovery
          LeanBSSNMoL::LeanBSSN_remove_trA: Remove trace of A
          LeanBSSNMoL::LeanBSSN_impose_conf_fac_floor: Make sure conformal factor does not drop below specified value
          LeanBSSNMoL::LeanBSSN_Boundaries: [level] MoL boundary enforcement
          GROUP LeanBSSN_ApplyBCs: Apply boundary conditions
            GROUP BoundaryConditions: Execute all boundary conditions
              Boundary::Boundary_ApplyPhysicalBCs: Apply all requested local physical boundary conditions
              CartGrid3D::CartGrid3D_ApplyBC: Apply symmetry boundary conditions
              ReflectionSymmetry::ReflectionSymmetry_Apply: Apply reflection symmetries
            Boundary::Boundary_ClearSelection: [level] Unselect all grid variables for boundary conditions
          LeanBSSNMoL::LeanBSSN_bssn2adm: [local] Convert variables back to the ADM ones
          GROUP ADMBase_SetADMVars: Set the ADM variables before this group, and use them afterwards
          MagScalarEvolve::MagScalar_Boundaries: [level] MoL boundary enforcement for MagScalar variables
          GROUP MagScalar_ApplyBCs: Apply boundary conditions
            GROUP BoundaryConditions: Execute all boundary conditions
              Boundary::Boundary_ApplyPhysicalBCs: Apply all requested local physical boundary conditions
              CartGrid3D::CartGrid3D_ApplyBC: Apply symmetry boundary conditions
              ReflectionSymmetry::ReflectionSymmetry_Apply: Apply reflection symmetries
            Boundary::Boundary_ClearSelection: [level] Unselect all grid variables for boundary conditions
          GROUP SetTmunu: Group for calculating the stress-energy tensor
            TmunuBase::TmunuBase_ZeroTmunu: Initialise the stress-energy tensor to zero
            GROUP AddToTmunu: Add to the stress-energy tensor here
              MagScalarEvolve::MagScalar_AddToTmunu: Compute the energy-momentum tensor
        GROUP zzz_NaNChecker_NaNCheck: Check for NaNs and count them in NaNChecker::NaNsFound
          NaNChecker::NaNChecker_NaNCheck_Prepare: [level] Prepare data structures to check for NaNs
          NaNChecker::NaNChecker_NaNCheck_Check: [local] Check for NaNs
          NaNChecker::NaNChecker_NaNCheck_Finish: [level] Count NaNs in NaNChecker::NaNsFound
        NaNChecker::NaNChecker_TakeAction: [global] [loop-level] Output NaNChecker::NaNmask and take action according to NaNChecker::action_if_found
        TerminationTrigger::TerminationTrigger_ResetMinutes: [global] Reset Watchtime
    endif
    if (checkpoint initial data)
      [CCTK_CPINITIAL]
        CarpetIOHDF5::CarpetIOHDF5_InitialDataCheckpoint: [meta] Initial data checkpoint routine
    endif
    if (analysis)
      [CCTK_ANALYSIS]
        CarpetLib::CarpetLib_printtimestats: [global] Print timing statistics if desired
        CarpetLib::CarpetLib_printmemstats: [global] Print memory statistics if desired
        GROUP LeanBSSN_constraints: Compute constraints
          LeanBSSNMoL::LeanBSSN_bssn_constraints: Compute constraints
          LeanBSSNMoL::LeanBSSN_Constraints_Boundaries: [level] Enforce symmetry BCs in constraint computation
          GROUP LeanBSSN_Constraints_ApplyBCs: Apply boundary conditions
            GROUP BoundaryConditions: Execute all boundary conditions
              Boundary::Boundary_ApplyPhysicalBCs: Apply all requested local physical boundary conditions
              CartGrid3D::CartGrid3D_ApplyBC: Apply symmetry boundary conditions
              ReflectionSymmetry::ReflectionSymmetry_Apply: Apply reflection symmetries
            Boundary::Boundary_ClearSelection: [level] Unselect all grid variables for boundary conditions
        LoopControl::LC_statistics_analysis: [meta] Output LoopControl statistics
        GROUP MagScalar_analysis_group: Compute analysis quantities
          MagScalarAnalysis::MagScalar_analysis: Compute analysis quantities
          MagScalarAnalysis::MagScalar_analysis_boundaries: [level] Enforce BCs
          GROUP MagScalar_analysis_ApplyBCs: Apply boundary conditions
            GROUP BoundaryConditions: Execute all boundary conditions
              Boundary::Boundary_ApplyPhysicalBCs: Apply all requested local physical boundary conditions
              CartGrid3D::CartGrid3D_ApplyBC: Apply symmetry boundary conditions
              ReflectionSymmetry::ReflectionSymmetry_Apply: Apply reflection symmetries
            Boundary::Boundary_ClearSelection: [level] Unselect all grid variables for boundary conditions
          MagScalarAnalysis::MagScalar_analysis_integrate: [global] Compute volume integrals of analysis quantities
        GROUP MagScalar_constraints: Group to calculate constraints
          MagScalarEvolve::MagScalar_constraints: Calculate constraints
          MagScalarEvolve::MagScalar_constraints_boundaries: [level] Enforce symmetry BCs in constraint computation
          GROUP MagScalar_constraints_ApplyBCs: Apply boundary conditions
            GROUP BoundaryConditions: Execute all boundary conditions
              Boundary::Boundary_ApplyPhysicalBCs: Apply all requested local physical boundary conditions
              CartGrid3D::CartGrid3D_ApplyBC: Apply symmetry boundary conditions
              ReflectionSymmetry::ReflectionSymmetry_Apply: Apply reflection symmetries
            Boundary::Boundary_ClearSelection: [level] Unselect all grid variables for boundary conditions
        Multipole::Multipole_Calc: [global] Calculate Multipoles
        GROUP CalcNPMagScalarScalars: Calculate NPScalars
          NPScalars_MagScalar::NPMagScalar_calcPsiGF: [local] calculate grid functions
          GROUP CalcNPMagScalarScalars_BC: Boundary conditions
            NPScalars_MagScalar::NPMagScalar_Boundaries: [level] Symmetry boundary conditions
            GROUP ApplyBCs_NPMagScalar: Apply boundary conditions
              GROUP BoundaryConditions: Execute all boundary conditions
                Boundary::Boundary_ApplyPhysicalBCs: Apply all requested local physical boundary conditions
                CartGrid3D::CartGrid3D_ApplyBC: Apply symmetry boundary conditions
                ReflectionSymmetry::ReflectionSymmetry_Apply: Apply reflection symmetries
              Boundary::Boundary_ClearSelection: [level] Unselect all grid variables for boundary conditions
        QuasiLocalMeasures::qlm_calculate: [global] Calculate quasi-local quantities
        SystemStatistics::SystemStatistics_Collect: [global] Collect system statistics
        TerminationTrigger::TerminationTrigger_CheckWalltime: Check elapsed job walltime
        TerminationTrigger::TerminationTrigger_CheckSignal: Check if we received a termination signal
        TerminationTrigger::TerminationTrigger_CheckFile: Check termination file
        TimerReport::zzz_TimerReport_Output: [global] Print the timer report
  endif
  Output grid variables

  do loop over timesteps
    [CCTK_PREREGRID]
      CarpetTracker::CarpetTracker_SetPositions: [global] Set positions of refined regions
    Change grid hierarchy
    [CCTK_POSTREGRID]
      SpaceMask::MaskZero: Initialise mask to zero
      CartGrid3D::SpatialCoordinates: Set Coordinates after regridding
      GROUP MaskBase_SetupMask: Set up the weight function
        GROUP MaskBase_SetupMaskAll: Set up the weight function
          CarpetReduce::MaskBase_AllocateMask: [global] Allocate the weight function
          CarpetReduce::MaskBase_InitMask: [global] [loop-local] Initialise the weight function
          GROUP SetupIMaskInternal: Set up the integer weight function (schedule other routines in here)
            CarpetReduce::CoordBase_SetupMask: [global] [loop-local] Set up the outer boundaries of the weight function
            CarpetReduce::CarpetMaskSetup: [global] [loop-singlemap] Set up the weight function for the restriction regions
          GROUP SetupIMask: Set up the integer weight function (schedule other routines in here)
            CarpetMask::CarpetExcludedSetup: [global] [loop-local] Set up the weight function for the excluded regions
            CarpetMask::CarpetSurfaceSetup: [global] [loop-local] Set up the weight function for the excluded spherical surfaces
          CarpetReduce::MaskBase_SetMask: [global] [loop-local] Set the weight function
          GROUP SetupMask: Set up the real weight function (schedule other routines in here)
          CarpetReduce::MaskBase_TestMask: [global] Test the weight function
      Dissipation::setup_epsdis: Setup spatially varying dissipation
      GROUP MoL_PostStep: Ensure that everything is correct after regridding
        LeanBSSNMoL::LeanBSSN_remove_trA: Remove trace of A
        LeanBSSNMoL::LeanBSSN_impose_conf_fac_floor: Make sure conformal factor does not drop below specified value
        LeanBSSNMoL::LeanBSSN_Boundaries: [level] MoL boundary enforcement
        GROUP LeanBSSN_ApplyBCs: Apply boundary conditions
          GROUP BoundaryConditions: Execute all boundary conditions
            Boundary::Boundary_ApplyPhysicalBCs: Apply all requested local physical boundary conditions
            CartGrid3D::CartGrid3D_ApplyBC: Apply symmetry boundary conditions
            ReflectionSymmetry::ReflectionSymmetry_Apply: Apply reflection symmetries
          Boundary::Boundary_ClearSelection: [level] Unselect all grid variables for boundary conditions
        LeanBSSNMoL::LeanBSSN_bssn2adm: [local] Convert variables back to the ADM ones
        GROUP ADMBase_SetADMVars: Set the ADM variables before this group, and use them afterwards
        MagScalarEvolve::MagScalar_Boundaries: [level] MoL boundary enforcement for MagScalar variables
        GROUP MagScalar_ApplyBCs: Apply boundary conditions
          GROUP BoundaryConditions: Execute all boundary conditions
            Boundary::Boundary_ApplyPhysicalBCs: Apply all requested local physical boundary conditions
            CartGrid3D::CartGrid3D_ApplyBC: Apply symmetry boundary conditions
            ReflectionSymmetry::ReflectionSymmetry_Apply: Apply reflection symmetries
          Boundary::Boundary_ClearSelection: [level] Unselect all grid variables for boundary conditions
        GROUP SetTmunu: Group for calculating the stress-energy tensor
          TmunuBase::TmunuBase_ZeroTmunu: Initialise the stress-energy tensor to zero
          GROUP AddToTmunu: Add to the stress-energy tensor here
            MagScalarEvolve::MagScalar_AddToTmunu: Compute the energy-momentum tensor
      GROUP MoL_PseudoEvolutionBoundaries: Apply boundary conditions to pseudo-evolved quantities
      GROUP CalcNPScalars_BC: Boundary conditions
        NPScalars::NPboundaries: [level] Symmetry boundary conditions
        GROUP ApplyBCs_NP: Apply boundary conditions
          GROUP BoundaryConditions: Execute all boundary conditions
            Boundary::Boundary_ApplyPhysicalBCs: Apply all requested local physical boundary conditions
            CartGrid3D::CartGrid3D_ApplyBC: Apply symmetry boundary conditions
            ReflectionSymmetry::ReflectionSymmetry_Apply: Apply reflection symmetries
          Boundary::Boundary_ClearSelection: [level] Unselect all grid variables for boundary conditions
      GROUP CalcNPMagScalarScalars_BC: Boundary conditions
        NPScalars_MagScalar::NPMagScalar_Boundaries: [level] Symmetry boundary conditions
        GROUP ApplyBCs_NPMagScalar: Apply boundary conditions
          GROUP BoundaryConditions: Execute all boundary conditions
            Boundary::Boundary_ApplyPhysicalBCs: Apply all requested local physical boundary conditions
            CartGrid3D::CartGrid3D_ApplyBC: Apply symmetry boundary conditions
            ReflectionSymmetry::ReflectionSymmetry_Apply: Apply reflection symmetries
          Boundary::Boundary_ClearSelection: [level] Unselect all grid variables for boundary conditions
      SpaceMask::MaskOne: Set mask to one
      AHFinderDirect::AHFinderDirect_maybe_do_masks: set mask(s) based on apparent horizon position(s)
    Rotate timelevels
    iteration = iteration+1
    t = t+dt
    [CCTK_PRESTEP]
      CoordGauge::Einstein_SetNextSlicing: Identify the slicing for the next iteration
      LoopControl::LC_steer: [meta] Update LoopControl algorithm preferences
      NaNChecker::NaNChecker_ResetCounter: [global] Reset the NaNChecker::NaNsFound counter
    [CCTK_EVOL]
      MoL::MoL_StartLoop: [level] Initialise the step size control
      while (MoL::MoL_Stepsize_Bad)
        GROUP MoL_Evolution: A single Cactus evolution step using MoL
          GROUP MoL_StartStep: MoL internal setup for the evolution step
            MoL::MoL_SetCounter: [level] Set the counter for the ODE method to loop over
            MoL::MoL_SetTime: [level] Ensure the correct time and timestep are used
            MoL::MoL_AllocateScratchSpace: [level] Allocate storage for scratch levels
          GROUP MoL_PreStep: Physics thorns can schedule preloop setup routines in here
          MoL::MoL_AllocateScratch: Allocate sufficient space for array scratch variables
          MoL::MoL_InitialCopy: Ensure the data is in the correct timelevel
          while (MoL::MoL_Intermediate_Step)
            GROUP MoL_Step: The loop over the intermediate steps for the ODE integrator
              MoL::MoL_InitRHS: Initialise the RHS functions
              GROUP MoL_CalcRHS: Physics thorns schedule the calculation of the discrete spatial operator in here
                LeanBSSNMoL::LeanBSSN_CalcRHS: MoL RHS calculation
                LeanBSSNMoL::LeanBSSN_CalcRHS_Bdry: MoL boundary RHS calculation
                MagScalarEvolve::MagScalar_CalcRHS: MoL RHS calculation for MagScalar variables
                MagScalarEvolve::MagScalar_CalcRHS_Bdry: MoL boundary RHS calculation for MagScalar variables
              GROUP MoL_PostRHS: Modify RHS functions
                Dissipation::dissipation_add: Add Kreiss-Oliger dissipation to the right hand sides
              GROUP MoL_RHSBoundaries: Any 'final' modifications to the RHS functions (boundaries etc.)
              MoL::MoL_Add: Updates calculated with the efficient Runge-Kutta 4 method
              MoL::MoL_DecrementCounter: [level] Alter the counter number
              MoL::MoL_ResetTime: [level] If necessary, change the time
              GROUP MoL_PostStepModify: The group for physics thorns to schedule enforcing constraints
              GROUP MoL_PostStep: The group for physics thorns to schedule boundary calls etc.
                LeanBSSNMoL::LeanBSSN_remove_trA: Remove trace of A
                LeanBSSNMoL::LeanBSSN_impose_conf_fac_floor: Make sure conformal factor does not drop below specified value
                LeanBSSNMoL::LeanBSSN_Boundaries: [level] MoL boundary enforcement
                GROUP LeanBSSN_ApplyBCs: Apply boundary conditions
                  GROUP BoundaryConditions: Execute all boundary conditions
                    Boundary::Boundary_ApplyPhysicalBCs: Apply all requested local physical boundary conditions
                    CartGrid3D::CartGrid3D_ApplyBC: Apply symmetry boundary conditions
                    ReflectionSymmetry::ReflectionSymmetry_Apply: Apply reflection symmetries
                  Boundary::Boundary_ClearSelection: [level] Unselect all grid variables for boundary conditions
                LeanBSSNMoL::LeanBSSN_bssn2adm: [local] Convert variables back to the ADM ones
                GROUP ADMBase_SetADMVars: Set the ADM variables before this group, and use them afterwards
                MagScalarEvolve::MagScalar_Boundaries: [level] MoL boundary enforcement for MagScalar variables
                GROUP MagScalar_ApplyBCs: Apply boundary conditions
                  GROUP BoundaryConditions: Execute all boundary conditions
                    Boundary::Boundary_ApplyPhysicalBCs: Apply all requested local physical boundary conditions
                    CartGrid3D::CartGrid3D_ApplyBC: Apply symmetry boundary conditions
                    ReflectionSymmetry::ReflectionSymmetry_Apply: Apply reflection symmetries
                  Boundary::Boundary_ClearSelection: [level] Unselect all grid variables for boundary conditions
                GROUP SetTmunu: Group for calculating the stress-energy tensor
                  TmunuBase::TmunuBase_ZeroTmunu: Initialise the stress-energy tensor to zero
                  GROUP AddToTmunu: Add to the stress-energy tensor here
                    MagScalarEvolve::MagScalar_AddToTmunu: Compute the energy-momentum tensor
              MoL::MoL_ResetDeltaTime: [level] If necessary, change the timestep
          end while
          MoL::MoL_FinishLoop: [level] Control the step size
          MoL::MoL_RestoreSandR: Restoring the Save and Restore variables to the original state
          MoL::MoL_FreeScratchSpace: [level] Free storage for scratch levels
      end while
      GROUP MoL_PseudoEvolution: Calculate pseudo-evolved quantities
        GROUP ADMBase_SetADMVars: Set the ADM variables before this group, and use them afterwards
        GROUP CalcNPScalars: Calculate NPScalars
          NPScalars::NP_calcPsiGF: [local] calculate Psi4 as grid function
          GROUP CalcNPScalars_BC: Boundary conditions
            NPScalars::NPboundaries: [level] Symmetry boundary conditions
            GROUP ApplyBCs_NP: Apply boundary conditions
              GROUP BoundaryConditions: Execute all boundary conditions
                Boundary::Boundary_ApplyPhysicalBCs: Apply all requested local physical boundary conditions
                CartGrid3D::CartGrid3D_ApplyBC: Apply symmetry boundary conditions
                ReflectionSymmetry::ReflectionSymmetry_Apply: Apply reflection symmetries
              Boundary::Boundary_ClearSelection: [level] Unselect all grid variables for boundary conditions
      PunctureTracker::PunctureTracker_Track: [global] Calculate new location of punctures
    Evolve finer grids recursively
    Restrict from finer grids
    [CCTK_POSTRESTRICT]
      GROUP MoL_PostStep: Ensure that everything is correct after restriction
        LeanBSSNMoL::LeanBSSN_remove_trA: Remove trace of A
        LeanBSSNMoL::LeanBSSN_impose_conf_fac_floor: Make sure conformal factor does not drop below specified value
        LeanBSSNMoL::LeanBSSN_Boundaries: [level] MoL boundary enforcement
        GROUP LeanBSSN_ApplyBCs: Apply boundary conditions
          GROUP BoundaryConditions: Execute all boundary conditions
            Boundary::Boundary_ApplyPhysicalBCs: Apply all requested local physical boundary conditions
            CartGrid3D::CartGrid3D_ApplyBC: Apply symmetry boundary conditions
            ReflectionSymmetry::ReflectionSymmetry_Apply: Apply reflection symmetries
          Boundary::Boundary_ClearSelection: [level] Unselect all grid variables for boundary conditions
        LeanBSSNMoL::LeanBSSN_bssn2adm: [local] Convert variables back to the ADM ones
        GROUP ADMBase_SetADMVars: Set the ADM variables before this group, and use them afterwards
        MagScalarEvolve::MagScalar_Boundaries: [level] MoL boundary enforcement for MagScalar variables
        GROUP MagScalar_ApplyBCs: Apply boundary conditions
          GROUP BoundaryConditions: Execute all boundary conditions
            Boundary::Boundary_ApplyPhysicalBCs: Apply all requested local physical boundary conditions
            CartGrid3D::CartGrid3D_ApplyBC: Apply symmetry boundary conditions
            ReflectionSymmetry::ReflectionSymmetry_Apply: Apply reflection symmetries
          Boundary::Boundary_ClearSelection: [level] Unselect all grid variables for boundary conditions
        GROUP SetTmunu: Group for calculating the stress-energy tensor
          TmunuBase::TmunuBase_ZeroTmunu: Initialise the stress-energy tensor to zero
          GROUP AddToTmunu: Add to the stress-energy tensor here
            MagScalarEvolve::MagScalar_AddToTmunu: Compute the energy-momentum tensor
      GROUP MoL_PseudoEvolutionBoundaries: Apply boundary conditions to pseudo-evolved quantities
      GROUP CalcNPScalars_BC: Boundary conditions
        NPScalars::NPboundaries: [level] Symmetry boundary conditions
        GROUP ApplyBCs_NP: Apply boundary conditions
          GROUP BoundaryConditions: Execute all boundary conditions
            Boundary::Boundary_ApplyPhysicalBCs: Apply all requested local physical boundary conditions
            CartGrid3D::CartGrid3D_ApplyBC: Apply symmetry boundary conditions
            ReflectionSymmetry::ReflectionSymmetry_Apply: Apply reflection symmetries
          Boundary::Boundary_ClearSelection: [level] Unselect all grid variables for boundary conditions
      GROUP CalcNPMagScalarScalars_BC: Boundary conditions
        NPScalars_MagScalar::NPMagScalar_Boundaries: [level] Symmetry boundary conditions
        GROUP ApplyBCs_NPMagScalar: Apply boundary conditions
          GROUP BoundaryConditions: Execute all boundary conditions
            Boundary::Boundary_ApplyPhysicalBCs: Apply all requested local physical boundary conditions
            CartGrid3D::CartGrid3D_ApplyBC: Apply symmetry boundary conditions
            ReflectionSymmetry::ReflectionSymmetry_Apply: Apply reflection symmetries
          Boundary::Boundary_ClearSelection: [level] Unselect all grid variables for boundary conditions
    [CCTK_POSTSTEP]
      AHFinderDirect::AHFinderDirect_import_mask: [global] [loop-local] import the excision mask
      AHFinderDirect::AHFinderDirect_find_horizons: [global] find apparent horizon(s) after this time step
      AHFinderDirect::AHFinderDirect_store: [global] store apparent horizon(s) into spherical surface(s)
      AHFinderDirect::AHFinderDirect_save: [global] save apparent horizon(s) into Cactus variables
      AHFinderDirect::AHFinderDirect_maybe_do_masks: set mask(s) based on apparent horizon position(s)
      SphericalSurface::SphericalSurface_Set: [global] Set surface radii
      GROUP SphericalSurface_HasBeenSet: Set the spherical surfaces before this group, and use it afterwards
        SphericalSurface::SphericalSurface_CheckState: [global] Test the state of the spherical surfaces
      GROUP zzz_NaNChecker_NaNCheck: Check for NaNs and count them in NaNChecker::NaNsFound
        NaNChecker::NaNChecker_NaNCheck_Prepare: [level] Prepare data structures to check for NaNs
        NaNChecker::NaNChecker_NaNCheck_Check: [local] Check for NaNs
        NaNChecker::NaNChecker_NaNCheck_Finish: [level] Count NaNs in NaNChecker::NaNsFound
      NaNChecker::NaNChecker_TakeAction: [global] [loop-level] Output NaNChecker::NaNmask and take action according to NaNChecker::action_if_found
      PunctureTracker::PunctureTracker_SetPositions: [global] Copy puncture positions to spherical surfaces
      SpaceMask::CheckMask: Ensure that all mask values are legal
      Dissipation::setup_epsdis: Setup spatially varying dissipation
      GROUP MaskBase_SetupMask: Set up the weight function
        GROUP MaskBase_SetupMaskAll: Set up the weight function
          CarpetReduce::MaskBase_AllocateMask: [global] Allocate the weight function
          CarpetReduce::MaskBase_InitMask: [global] [loop-local] Initialise the weight function
          GROUP SetupIMaskInternal: Set up the integer weight function (schedule other routines in here)
            CarpetReduce::CoordBase_SetupMask: [global] [loop-local] Set up the outer boundaries of the weight function
            CarpetReduce::CarpetMaskSetup: [global] [loop-singlemap] Set up the weight function for the restriction regions
          GROUP SetupIMask: Set up the integer weight function (schedule other routines in here)
            CarpetMask::CarpetExcludedSetup: [global] [loop-local] Set up the weight function for the excluded regions
            CarpetMask::CarpetSurfaceSetup: [global] [loop-local] Set up the weight function for the excluded spherical surfaces
          CarpetReduce::MaskBase_SetMask: [global] [loop-local] Set the weight function
          GROUP SetupMask: Set up the real weight function (schedule other routines in here)
          CarpetReduce::MaskBase_TestMask: [global] Test the weight function
    if (checkpoint)
      [CCTK_CHECKPOINT]
      CarpetIOHDF5::CarpetIOHDF5_EvolutionCheckpoint: [meta] Evolution checkpoint routine
      TimerReport::zzz_TimerReport_Checkpoint: [global] Print the timer report
    endif
    if (analysis)
      [CCTK_ANALYSIS]
      CarpetLib::CarpetLib_printtimestats: [global] Print timing statistics if desired
      CarpetLib::CarpetLib_printmemstats: [global] Print memory statistics if desired
      GROUP LeanBSSN_constraints: Compute constraints
        LeanBSSNMoL::LeanBSSN_bssn_constraints: Compute constraints
        LeanBSSNMoL::LeanBSSN_Constraints_Boundaries: [level] Enforce symmetry BCs in constraint computation
        GROUP LeanBSSN_Constraints_ApplyBCs: Apply boundary conditions
          GROUP BoundaryConditions: Execute all boundary conditions
            Boundary::Boundary_ApplyPhysicalBCs: Apply all requested local physical boundary conditions
            CartGrid3D::CartGrid3D_ApplyBC: Apply symmetry boundary conditions
            ReflectionSymmetry::ReflectionSymmetry_Apply: Apply reflection symmetries
          Boundary::Boundary_ClearSelection: [level] Unselect all grid variables for boundary conditions
      LoopControl::LC_statistics_analysis: [meta] Output LoopControl statistics
      GROUP MagScalar_analysis_group: Compute analysis quantities
        MagScalarAnalysis::MagScalar_analysis: Compute analysis quantities
        MagScalarAnalysis::MagScalar_analysis_boundaries: [level] Enforce BCs
        GROUP MagScalar_analysis_ApplyBCs: Apply boundary conditions
          GROUP BoundaryConditions: Execute all boundary conditions
            Boundary::Boundary_ApplyPhysicalBCs: Apply all requested local physical boundary conditions
            CartGrid3D::CartGrid3D_ApplyBC: Apply symmetry boundary conditions
            ReflectionSymmetry::ReflectionSymmetry_Apply: Apply reflection symmetries
          Boundary::Boundary_ClearSelection: [level] Unselect all grid variables for boundary conditions
        MagScalarAnalysis::MagScalar_analysis_integrate: [global] Compute volume integrals of analysis quantities
      GROUP MagScalar_constraints: Group to calculate constraints
        MagScalarEvolve::MagScalar_constraints: Calculate constraints
        MagScalarEvolve::MagScalar_constraints_boundaries: [level] Enforce symmetry BCs in constraint computation
        GROUP MagScalar_constraints_ApplyBCs: Apply boundary conditions
          GROUP BoundaryConditions: Execute all boundary conditions
            Boundary::Boundary_ApplyPhysicalBCs: Apply all requested local physical boundary conditions
            CartGrid3D::CartGrid3D_ApplyBC: Apply symmetry boundary conditions
            ReflectionSymmetry::ReflectionSymmetry_Apply: Apply reflection symmetries
          Boundary::Boundary_ClearSelection: [level] Unselect all grid variables for boundary conditions
      Multipole::Multipole_Calc: [global] Calculate Multipoles
      GROUP CalcNPMagScalarScalars: Calculate NPScalars
        NPScalars_MagScalar::NPMagScalar_calcPsiGF: [local] calculate grid functions
        GROUP CalcNPMagScalarScalars_BC: Boundary conditions
          NPScalars_MagScalar::NPMagScalar_Boundaries: [level] Symmetry boundary conditions
          GROUP ApplyBCs_NPMagScalar: Apply boundary conditions
            GROUP BoundaryConditions: Execute all boundary conditions
              Boundary::Boundary_ApplyPhysicalBCs: Apply all requested local physical boundary conditions
              CartGrid3D::CartGrid3D_ApplyBC: Apply symmetry boundary conditions
              ReflectionSymmetry::ReflectionSymmetry_Apply: Apply reflection symmetries
            Boundary::Boundary_ClearSelection: [level] Unselect all grid variables for boundary conditions
      QuasiLocalMeasures::qlm_calculate: [global] Calculate quasi-local quantities
      SystemStatistics::SystemStatistics_Collect: [global] Collect system statistics
      TerminationTrigger::TerminationTrigger_CheckWalltime: Check elapsed job walltime
      TerminationTrigger::TerminationTrigger_CheckSignal: Check if we received a termination signal
      TerminationTrigger::TerminationTrigger_CheckFile: Check termination file
      TimerReport::zzz_TimerReport_Output: [global] Print the timer report
    endif
    Output grid variables
    enddo

  Termination routines
    [CCTK_TERMINATE]
      CarpetIOHDF5::CarpetIOHDF5_TerminationCheckpoint: [meta] Termination checkpoint routine
      LoopControl::LC_statistics_terminate: [meta] Output LoopControl statistics
      MoL::MoL_FreeIndexArrays: Free the MoL bookkeeping index arrays
      TimerReport::zzz_TimerReport_Output: [global] Print the timer report

  Shutdown routines
    [CCTK_SHUTDOWN]
      Timers::Timer_Shutdown: Prepare hierarchical timers

  Routines run after changing the grid hierarchy:
    [CCTK_POSTREGRID]
      SpaceMask::MaskZero: Initialise mask to zero
      CartGrid3D::SpatialCoordinates: Set Coordinates after regridding
      GROUP MaskBase_SetupMask: Set up the weight function
        GROUP MaskBase_SetupMaskAll: Set up the weight function
          CarpetReduce::MaskBase_AllocateMask: [global] Allocate the weight function
          CarpetReduce::MaskBase_InitMask: [global] [loop-local] Initialise the weight function
          GROUP SetupIMaskInternal: Set up the integer weight function (schedule other routines in here)
            CarpetReduce::CoordBase_SetupMask: [global] [loop-local] Set up the outer boundaries of the weight function
            CarpetReduce::CarpetMaskSetup: [global] [loop-singlemap] Set up the weight function for the restriction regions
          GROUP SetupIMask: Set up the integer weight function (schedule other routines in here)
            CarpetMask::CarpetExcludedSetup: [global] [loop-local] Set up the weight function for the excluded regions
            CarpetMask::CarpetSurfaceSetup: [global] [loop-local] Set up the weight function for the excluded spherical surfaces
          CarpetReduce::MaskBase_SetMask: [global] [loop-local] Set the weight function
          GROUP SetupMask: Set up the real weight function (schedule other routines in here)
          CarpetReduce::MaskBase_TestMask: [global] Test the weight function
      Dissipation::setup_epsdis: Setup spatially varying dissipation
      GROUP MoL_PostStep: Ensure that everything is correct after regridding
        LeanBSSNMoL::LeanBSSN_remove_trA: Remove trace of A
        LeanBSSNMoL::LeanBSSN_impose_conf_fac_floor: Make sure conformal factor does not drop below specified value
        LeanBSSNMoL::LeanBSSN_Boundaries: [level] MoL boundary enforcement
        GROUP LeanBSSN_ApplyBCs: Apply boundary conditions
          GROUP BoundaryConditions: Execute all boundary conditions
            Boundary::Boundary_ApplyPhysicalBCs: Apply all requested local physical boundary conditions
            CartGrid3D::CartGrid3D_ApplyBC: Apply symmetry boundary conditions
            ReflectionSymmetry::ReflectionSymmetry_Apply: Apply reflection symmetries
          Boundary::Boundary_ClearSelection: [level] Unselect all grid variables for boundary conditions
        LeanBSSNMoL::LeanBSSN_bssn2adm: [local] Convert variables back to the ADM ones
        GROUP ADMBase_SetADMVars: Set the ADM variables before this group, and use them afterwards
        MagScalarEvolve::MagScalar_Boundaries: [level] MoL boundary enforcement for MagScalar variables
        GROUP MagScalar_ApplyBCs: Apply boundary conditions
          GROUP BoundaryConditions: Execute all boundary conditions
            Boundary::Boundary_ApplyPhysicalBCs: Apply all requested local physical boundary conditions
            CartGrid3D::CartGrid3D_ApplyBC: Apply symmetry boundary conditions
            ReflectionSymmetry::ReflectionSymmetry_Apply: Apply reflection symmetries
          Boundary::Boundary_ClearSelection: [level] Unselect all grid variables for boundary conditions
        GROUP SetTmunu: Group for calculating the stress-energy tensor
          TmunuBase::TmunuBase_ZeroTmunu: Initialise the stress-energy tensor to zero
          GROUP AddToTmunu: Add to the stress-energy tensor here
            MagScalarEvolve::MagScalar_AddToTmunu: Compute the energy-momentum tensor
      GROUP MoL_PseudoEvolutionBoundaries: Apply boundary conditions to pseudo-evolved quantities
      GROUP CalcNPScalars_BC: Boundary conditions
        NPScalars::NPboundaries: [level] Symmetry boundary conditions
        GROUP ApplyBCs_NP: Apply boundary conditions
          GROUP BoundaryConditions: Execute all boundary conditions
            Boundary::Boundary_ApplyPhysicalBCs: Apply all requested local physical boundary conditions
            CartGrid3D::CartGrid3D_ApplyBC: Apply symmetry boundary conditions
            ReflectionSymmetry::ReflectionSymmetry_Apply: Apply reflection symmetries
          Boundary::Boundary_ClearSelection: [level] Unselect all grid variables for boundary conditions
      GROUP CalcNPMagScalarScalars_BC: Boundary conditions
        NPScalars_MagScalar::NPMagScalar_Boundaries: [level] Symmetry boundary conditions
        GROUP ApplyBCs_NPMagScalar: Apply boundary conditions
          GROUP BoundaryConditions: Execute all boundary conditions
            Boundary::Boundary_ApplyPhysicalBCs: Apply all requested local physical boundary conditions
            CartGrid3D::CartGrid3D_ApplyBC: Apply symmetry boundary conditions
            ReflectionSymmetry::ReflectionSymmetry_Apply: Apply reflection symmetries
          Boundary::Boundary_ClearSelection: [level] Unselect all grid variables for boundary conditions
      SpaceMask::MaskOne: Set mask to one
      AHFinderDirect::AHFinderDirect_maybe_do_masks: set mask(s) based on apparent horizon position(s)
--------------------------------------------------------------------------------
INFO (Carpet): Multi-Model listing:
   model 0: "world"
INFO (Carpet): Multi-Model process distribution:
   processes 0-255: model 0 "world"
INFO (Carpet): Multi-Model: This is process 0, model 0 "world"
INFO (CarpetLib): Process startup time was 12.1 seconds
Current core file size limit: hard=[unlimited], soft=0 MB
Current addres space size limit: hard=[unlimited], soft=[unlimited]
Current data segment size limit: hard=[unlimited], soft=[unlimited]
Current resident set size limit: hard=247808 MB, soft=247808 MB
INFO (CycleClock): Measuring CycleClock tick via OpenMP...
INFO (CycleClock): Calibrated CycleClock: 0.444427 ns per clock tick (2.25009 GHz)
INFO (Vectors): Using vector size 1 for architecture scalar (no vectorisation, 64-bit precision)
INFO (hwloc): library version 2.10.0, API version 0x20800
--------------------------------------------------------------------------------
AMR driver provided by Carpet
--------------------------------------------------------------------------------
AMR scalar I/O provided by CarpetIOScalar
--------------------------------------------------------------------------------
AMR 0D ASCII I/O provided by CarpetIOASCII
--------------------------------------------------------------------------------
AMR 1D ASCII I/O provided by CarpetIOASCII
--------------------------------------------------------------------------------
AMR 2D ASCII I/O provided by CarpetIOASCII
--------------------------------------------------------------------------------
AMR 3D ASCII I/O provided by CarpetIOASCII
--------------------------------------------------------------------------------
AMR info I/O provided by CarpetIOBasic
--------------------------------------------------------------------------------
MoL: Generalized time integration.
--------------------------------------------------------------------------------
AMR HDF5 I/O provided by CarpetIOHDF5
--------------------------------------------------------------------------------
AMR 0D HDF5 I/O provided by CarpetIOHDF5
--------------------------------------------------------------------------------
AMR 1D HDF5 I/O provided by CarpetIOHDF5
--------------------------------------------------------------------------------
AMR 2D HDF5 I/O provided by CarpetIOHDF5
--------------------------------------------------------------------------------
AMR 3D HDF5 I/O provided by CarpetIOHDF5
--------------------------------------------------------------------------------

INFO (Carpet): MPI is enabled
INFO (Carpet): Carpet is running on 256 processes
INFO (Carpet): This is process 0
INFO (Carpet): OpenMP is enabled
INFO (Carpet): This process contains 1 threads, this is thread 0
INFO (Carpet): There are 256 threads in total
INFO (Carpet): There are 1 threads per process
INFO (Carpet): This process runs on host cnx005.deucalion.macc.fccn.pt, pid=207068
INFO (Carpet): This process runs on 128 cores: 0-127
INFO (Carpet): Thread 0 runs on 128 cores: 0-127
INFO (Carpet): This simulation is running in 3 dimensions
INFO (Carpet): Boundary specification for map 0:
   nboundaryzones: [[3,3,3],[3,3,3]]
   is_internal   : [[0,0,0],[0,0,0]]
   is_staggered  : [[0,0,0],[0,0,0]]
   shiftout      : [[0,0,1],[0,0,0]]
INFO (Carpet): CoordBase domain specification for map 0:
   physical extent: [-256,-256,0] : [256,256,256]   ([512,512,256])
   interior extent: [-254,-254,0] : [254,254,254]   ([508,508,254])
   exterior extent: [-260,-260,-6] : [260,260,260]   ([520,520,266])
   base_spacing   : [2,2,2]
INFO (Carpet): Adapted domain specification for map 0:
   convergence factor: 2
   convergence level : 0
   physical extent   : [-256,-256,0] : [256,256,256]   ([512,512,256])
   interior extent   : [-254,-254,0] : [254,254,254]   ([508,508,254])
   exterior extent   : [-260,-260,-6] : [260,260,260]   ([520,520,266])
   spacing           : [2,2,2]
INFO (Carpet): Base grid specification for map 0:
   number of grid points             : [261,261,134]
   number of coarse grid ghost points: [[3,3,3],[3,3,3]]
INFO (Carpet): Buffer zone counts (excluding ghosts):
   [0]: [[0,0,0],[0,0,0]]
   [1]: [[9,9,9],[9,9,9]]
   [2]: [[9,9,9],[9,9,9]]
   [3]: [[9,9,9],[9,9,9]]
   [4]: [[9,9,9],[9,9,9]]
   [5]: [[9,9,9],[9,9,9]]
   [6]: [[9,9,9],[9,9,9]]
   [7]: [[9,9,9],[9,9,9]]
   [8]: [[9,9,9],[9,9,9]]
   [9]: [[9,9,9],[9,9,9]]
INFO (Carpet): Overlap zone counts:
   [0]: [[0,0,0],[0,0,0]]
   [1]: [[0,0,0],[0,0,0]]
   [2]: [[0,0,0],[0,0,0]]
   [3]: [[0,0,0],[0,0,0]]
   [4]: [[0,0,0],[0,0,0]]
   [5]: [[0,0,0],[0,0,0]]
   [6]: [[0,0,0],[0,0,0]]
   [7]: [[0,0,0],[0,0,0]]
   [8]: [[0,0,0],[0,0,0]]
   [9]: [[0,0,0],[0,0,0]]
INFO (Carpet): Group and variable statistics:
INFO (Carpet):    There are 753 grid functions in 74 groups
INFO (Carpet):    There are 1144 grid scalars in 70 groups
INFO (Carpet):    There are 111 1-dimensional grid arrays in 10 groups
INFO (Carpet):    There are 416 2-dimensional grid arrays in 18 groups
INFO (Carpet):    There are 6 3-dimensional grid arrays in 1 groups
INFO (Carpet):    (The number of variables counts all time levels)
INFO (CarpetIOScalar): Periodic scalar output requested for:
   LEANBSSNMOL::hc
   LEANBSSNMOL::mcx
   LEANBSSNMOL::mcy
   LEANBSSNMOL::mcz
   MAGSCALARBASE::phi1
   MAGSCALARBASE::phi2
   MAGSCALARBASE::Kphi1
   MAGSCALARBASE::Kphi2
   MAGSCALAREVOLVE::gc
INFO (CarpetIOASCII): I/O Method 'IOASCII_0D' registered: 0D AMR output of grid variables to ASCII files
INFO (CarpetIOASCII): Periodic 0D AMR output requested for:
   MAGSCALARANALYSIS::Q_phi
   MAGSCALARANALYSIS::E_phi
   QUASILOCALMEASURES::qlm_time[0]
   QUASILOCALMEASURES::qlm_time[1]
   QUASILOCALMEASURES::qlm_time[2]
   QUASILOCALMEASURES::qlm_time[3]
   QUASILOCALMEASURES::qlm_time[4]
   QUASILOCALMEASURES::qlm_time[5]
   QUASILOCALMEASURES::qlm_equatorial_circumference[0]
   QUASILOCALMEASURES::qlm_equatorial_circumference[1]
   QUASILOCALMEASURES::qlm_equatorial_circumference[2]
   QUASILOCALMEASURES::qlm_equatorial_circumference[3]
   QUASILOCALMEASURES::qlm_equatorial_circumference[4]
   QUASILOCALMEASURES::qlm_equatorial_circumference[5]
   QUASILOCALMEASURES::qlm_polar_circumference_0[0]
   QUASILOCALMEASURES::qlm_polar_circumference_0[1]
   QUASILOCALMEASURES::qlm_polar_circumference_0[2]
   QUASILOCALMEASURES::qlm_polar_circumference_0[3]
   QUASILOCALMEASURES::qlm_polar_circumference_0[4]
   QUASILOCALMEASURES::qlm_polar_circumference_0[5]
   QUASILOCALMEASURES::qlm_polar_circumference_pi_2[0]
   QUASILOCALMEASURES::qlm_polar_circumference_pi_2[1]
   QUASILOCALMEASURES::qlm_polar_circumference_pi_2[2]
   QUASILOCALMEASURES::qlm_polar_circumference_pi_2[3]
   QUASILOCALMEASURES::qlm_polar_circumference_pi_2[4]
   QUASILOCALMEASURES::qlm_polar_circumference_pi_2[5]
   QUASILOCALMEASURES::qlm_area[0]
   QUASILOCALMEASURES::qlm_area[1]
   QUASILOCALMEASURES::qlm_area[2]
   QUASILOCALMEASURES::qlm_area[3]
   QUASILOCALMEASURES::qlm_area[4]
   QUASILOCALMEASURES::qlm_area[5]
   QUASILOCALMEASURES::qlm_irreducible_mass[0]
   QUASILOCALMEASURES::qlm_irreducible_mass[1]
   QUASILOCALMEASURES::qlm_irreducible_mass[2]
   QUASILOCALMEASURES::qlm_irreducible_mass[3]
   QUASILOCALMEASURES::qlm_irreducible_mass[4]
   QUASILOCALMEASURES::qlm_irreducible_mass[5]
   QUASILOCALMEASURES::qlm_radius[0]
   QUASILOCALMEASURES::qlm_radius[1]
   QUASILOCALMEASURES::qlm_radius[2]
   QUASILOCALMEASURES::qlm_radius[3]
   QUASILOCALMEASURES::qlm_radius[4]
   QUASILOCALMEASURES::qlm_radius[5]
   QUASILOCALMEASURES::qlm_spin_guess[0]
   QUASILOCALMEASURES::qlm_spin_guess[1]
   QUASILOCALMEASURES::qlm_spin_guess[2]
   QUASILOCALMEASURES::qlm_spin_guess[3]
   QUASILOCALMEASURES::qlm_spin_guess[4]
   QUASILOCALMEASURES::qlm_spin_guess[5]
   QUASILOCALMEASURES::qlm_mass_guess[0]
   QUASILOCALMEASURES::qlm_mass_guess[1]
   QUASILOCALMEASURES::qlm_mass_guess[2]
   QUASILOCALMEASURES::qlm_mass_guess[3]
   QUASILOCALMEASURES::qlm_mass_guess[4]
   QUASILOCALMEASURES::qlm_mass_guess[5]
   QUASILOCALMEASURES::qlm_killing_eigenvalue_re[0]
   QUASILOCALMEASURES::qlm_killing_eigenvalue_re[1]
   QUASILOCALMEASURES::qlm_killing_eigenvalue_re[2]
   QUASILOCALMEASURES::qlm_killing_eigenvalue_re[3]
   QUASILOCALMEASURES::qlm_killing_eigenvalue_re[4]
   QUASILOCALMEASURES::qlm_killing_eigenvalue_re[5]
   QUASILOCALMEASURES::qlm_killing_eigenvalue_im[0]
   QUASILOCALMEASURES::qlm_killing_eigenvalue_im[1]
   QUASILOCALMEASURES::qlm_killing_eigenvalue_im[2]
   QUASILOCALMEASURES::qlm_killing_eigenvalue_im[3]
   QUASILOCALMEASURES::qlm_killing_eigenvalue_im[4]
   QUASILOCALMEASURES::qlm_killing_eigenvalue_im[5]
   QUASILOCALMEASURES::qlm_spin[0]
   QUASILOCALMEASURES::qlm_spin[1]
   QUASILOCALMEASURES::qlm_spin[2]
WARNING[L1,P0] (Cactus): Attempt to create a directory with an empty or NULL string
   QUASILOCALMEASURES::qlm_spin[3]
   QUASILOCALMEASURES::qlm_spin[4]
   QUASILOCALMEASURES::qlm_spin[5]
   QUASILOCALMEASURES::qlm_npspin[0]
   QUASILOCALMEASURES::qlm_npspin[1]
   QUASILOCALMEASURES::qlm_npspin[2]
   QUASILOCALMEASURES::qlm_npspin[3]
   QUASILOCALMEASURES::qlm_npspin[4]
   QUASILOCALMEASURES::qlm_npspin[5]
   QUASILOCALMEASURES::qlm_wsspin[0]
   QUASILOCALMEASURES::qlm_wsspin[1]
   QUASILOCALMEASURES::qlm_wsspin[2]
   QUASILOCALMEASURES::qlm_wsspin[3]
   QUASILOCALMEASURES::qlm_wsspin[4]
   QUASILOCALMEASURES::qlm_wsspin[5]
   QUASILOCALMEASURES::qlm_cvspin[0]
   QUASILOCALMEASURES::qlm_cvspin[1]
   QUASILOCALMEASURES::qlm_cvspin[2]
   QUASILOCALMEASURES::qlm_cvspin[3]
   QUASILOCALMEASURES::qlm_cvspin[4]
   QUASILOCALMEASURES::qlm_cvspin[5]
   QUASILOCALMEASURES::qlm_coordspinx[0]
   QUASILOCALMEASURES::qlm_coordspinx[1]
   QUASILOCALMEASURES::qlm_coordspinx[2]
   QUASILOCALMEASURES::qlm_coordspinx[3]
   QUASILOCALMEASURES::qlm_coordspinx[4]
   QUASILOCALMEASURES::qlm_coordspinx[5]
   QUASILOCALMEASURES::qlm_coordspiny[0]
   QUASILOCALMEASURES::qlm_coordspiny[1]
   QUASILOCALMEASURES::qlm_coordspiny[2]
   QUASILOCALMEASURES::qlm_coordspiny[3]
   QUASILOCALMEASURES::qlm_coordspiny[4]
   QUASILOCALMEASURES::qlm_coordspiny[5]
   QUASILOCALMEASURES::qlm_coordspinz[0]
   QUASILOCALMEASURES::qlm_coordspinz[1]
   QUASILOCALMEASURES::qlm_coordspinz[2]
   QUASILOCALMEASURES::qlm_coordspinz[3]
   QUASILOCALMEASURES::qlm_coordspinz[4]
   QUASILOCALMEASURES::qlm_coordspinz[5]
   QUASILOCALMEASURES::qlm_mass[0]
   QUASILOCALMEASURES::qlm_mass[1]
   QUASILOCALMEASURES::qlm_mass[2]
   QUASILOCALMEASURES::qlm_mass[3]
   QUASILOCALMEASURES::qlm_mass[4]
   QUASILOCALMEASURES::qlm_mass[5]
   QUASILOCALMEASURES::qlm_adm_energy[0]
   QUASILOCALMEASURES::qlm_adm_energy[1]
   QUASILOCALMEASURES::qlm_adm_energy[2]
   QUASILOCALMEASURES::qlm_adm_energy[3]
   QUASILOCALMEASURES::qlm_adm_energy[4]
   QUASILOCALMEASURES::qlm_adm_energy[5]
   QUASILOCALMEASURES::qlm_adm_momentum_x[0]
   QUASILOCALMEASURES::qlm_adm_momentum_x[1]
   QUASILOCALMEASURES::qlm_adm_momentum_x[2]
   QUASILOCALMEASURES::qlm_adm_momentum_x[3]
   QUASILOCALMEASURES::qlm_adm_momentum_x[4]
   QUASILOCALMEASURES::qlm_adm_momentum_x[5]
   QUASILOCALMEASURES::qlm_adm_momentum_y[0]
   QUASILOCALMEASURES::qlm_adm_momentum_y[1]
   QUASILOCALMEASURES::qlm_adm_momentum_y[2]
   QUASILOCALMEASURES::qlm_adm_momentum_y[3]
   QUASILOCALMEASURES::qlm_adm_momentum_y[4]
   QUASILOCALMEASURES::qlm_adm_momentum_y[5]
   QUASILOCALMEASURES::qlm_adm_momentum_z[0]
   QUASILOCALMEASURES::qlm_adm_momentum_z[1]
   QUASILOCALMEASURES::qlm_adm_momentum_z[2]
   QUASILOCALMEASURES::qlm_adm_momentum_z[3]
   QUASILOCALMEASURES::qlm_adm_momentum_z[4]
   QUASILOCALMEASURES::qlm_adm_momentum_z[5]
   QUASILOCALMEASURES::qlm_adm_angular_momentum_x[0]
   QUASILOCALMEASURES::qlm_adm_angular_momentum_x[1]
   QUASILOCALMEASURES::qlm_adm_angular_momentum_x[2]
   QUASILOCALMEASURES::qlm_adm_angular_momentum_x[3]
   QUASILOCALMEASURES::qlm_adm_angular_momentum_x[4]
   QUASILOCALMEASURES::qlm_adm_angular_momentum_x[5]
   QUASILOCALMEASURES::qlm_adm_angular_momentum_y[0]
   QUASILOCALMEASURES::qlm_adm_angular_momentum_y[1]
   QUASILOCALMEASURES::qlm_adm_angular_momentum_y[2]
   QUASILOCALMEASURES::qlm_adm_angular_momentum_y[3]
   QUASILOCALMEASURES::qlm_adm_angular_momentum_y[4]
   QUASILOCALMEASURES::qlm_adm_angular_momentum_y[5]
   QUASILOCALMEASURES::qlm_adm_angular_momentum_z[0]
   QUASILOCALMEASURES::qlm_adm_angular_momentum_z[1]
   QUASILOCALMEASURES::qlm_adm_angular_momentum_z[2]
   QUASILOCALMEASURES::qlm_adm_angular_momentum_z[3]
   QUASILOCALMEASURES::qlm_adm_angular_momentum_z[4]
   QUASILOCALMEASURES::qlm_adm_angular_momentum_z[5]
   QUASILOCALMEASURES::qlm_w_energy[0]
   QUASILOCALMEASURES::qlm_w_energy[1]
   QUASILOCALMEASURES::qlm_w_energy[2]
   QUASILOCALMEASURES::qlm_w_energy[3]
   QUASILOCALMEASURES::qlm_w_energy[4]
   QUASILOCALMEASURES::qlm_w_energy[5]
   QUASILOCALMEASURES::qlm_w_momentum_x[0]
   QUASILOCALMEASURES::qlm_w_momentum_x[1]
   QUASILOCALMEASURES::qlm_w_momentum_x[2]
   QUASILOCALMEASURES::qlm_w_momentum_x[3]
   QUASILOCALMEASURES::qlm_w_momentum_x[4]
   QUASILOCALMEASURES::qlm_w_momentum_x[5]
   QUASILOCALMEASURES::qlm_w_momentum_y[0]
   QUASILOCALMEASURES::qlm_w_momentum_y[1]
   QUASILOCALMEASURES::qlm_w_momentum_y[2]
   QUASILOCALMEASURES::qlm_w_momentum_y[3]
   QUASILOCALMEASURES::qlm_w_momentum_y[4]
   QUASILOCALMEASURES::qlm_w_momentum_y[5]
   QUASILOCALMEASURES::qlm_w_momentum_z[0]
   QUASILOCALMEASURES::qlm_w_momentum_z[1]
   QUASILOCALMEASURES::qlm_w_momentum_z[2]
   QUASILOCALMEASURES::qlm_w_momentum_z[3]
   QUASILOCALMEASURES::qlm_w_momentum_z[4]
   QUASILOCALMEASURES::qlm_w_momentum_z[5]
   QUASILOCALMEASURES::qlm_w_angular_momentum_x[0]
   QUASILOCALMEASURES::qlm_w_angular_momentum_x[1]
   QUASILOCALMEASURES::qlm_w_angular_momentum_x[2]
   QUASILOCALMEASURES::qlm_w_angular_momentum_x[3]
   QUASILOCALMEASURES::qlm_w_angular_momentum_x[4]
   QUASILOCALMEASURES::qlm_w_angular_momentum_x[5]
   QUASILOCALMEASURES::qlm_w_angular_momentum_y[0]
   QUASILOCALMEASURES::qlm_w_angular_momentum_y[1]
   QUASILOCALMEASURES::qlm_w_angular_momentum_y[2]
   QUASILOCALMEASURES::qlm_w_angular_momentum_y[3]
   QUASILOCALMEASURES::qlm_w_angular_momentum_y[4]
   QUASILOCALMEASURES::qlm_w_angular_momentum_y[5]
   QUASILOCALMEASURES::qlm_w_angular_momentum_z[0]
   QUASILOCALMEASURES::qlm_w_angular_momentum_z[1]
   QUASILOCALMEASURES::qlm_w_angular_momentum_z[2]
   QUASILOCALMEASURES::qlm_w_angular_momentum_z[3]
   QUASILOCALMEASURES::qlm_w_angular_momentum_z[4]
   QUASILOCALMEASURES::qlm_w_angular_momentum_z[5]
   SPHERICALSURFACE::sf_area[0]
   SPHERICALSURFACE::sf_area[1]
   SPHERICALSURFACE::sf_area[2]
   SPHERICALSURFACE::sf_area[3]
   SPHERICALSURFACE::sf_area[4]
   SPHERICALSURFACE::sf_area[5]
   SPHERICALSURFACE::sf_mean_radius[0]
   SPHERICALSURFACE::sf_mean_radius[1]
   SPHERICALSURFACE::sf_mean_radius[2]
   SPHERICALSURFACE::sf_mean_radius[3]
   SPHERICALSURFACE::sf_mean_radius[4]
   SPHERICALSURFACE::sf_mean_radius[5]
   SPHERICALSURFACE::sf_centroid_x[0]
   SPHERICALSURFACE::sf_centroid_x[1]
   SPHERICALSURFACE::sf_centroid_x[2]
   SPHERICALSURFACE::sf_centroid_x[3]
   SPHERICALSURFACE::sf_centroid_x[4]
   SPHERICALSURFACE::sf_centroid_x[5]
   SPHERICALSURFACE::sf_centroid_y[0]
   SPHERICALSURFACE::sf_centroid_y[1]
   SPHERICALSURFACE::sf_centroid_y[2]
   SPHERICALSURFACE::sf_centroid_y[3]
   SPHERICALSURFACE::sf_centroid_y[4]
   SPHERICALSURFACE::sf_centroid_y[5]
   SPHERICALSURFACE::sf_centroid_z[0]
   SPHERICALSURFACE::sf_centroid_z[1]
   SPHERICALSURFACE::sf_centroid_z[2]
   SPHERICALSURFACE::sf_centroid_z[3]
   SPHERICALSURFACE::sf_centroid_z[4]
   SPHERICALSURFACE::sf_centroid_z[5]
   SPHERICALSURFACE::sf_quadrupole_xx[0]
   SPHERICALSURFACE::sf_quadrupole_xx[1]
   SPHERICALSURFACE::sf_quadrupole_xx[2]
   SPHERICALSURFACE::sf_quadrupole_xx[3]
   SPHERICALSURFACE::sf_quadrupole_xx[4]
   SPHERICALSURFACE::sf_quadrupole_xx[5]
   SPHERICALSURFACE::sf_quadrupole_xy[0]
   SPHERICALSURFACE::sf_quadrupole_xy[1]
   SPHERICALSURFACE::sf_quadrupole_xy[2]
   SPHERICALSURFACE::sf_quadrupole_xy[3]
   SPHERICALSURFACE::sf_quadrupole_xy[4]
   SPHERICALSURFACE::sf_quadrupole_xy[5]
   SPHERICALSURFACE::sf_quadrupole_xz[0]
   SPHERICALSURFACE::sf_quadrupole_xz[1]
   SPHERICALSURFACE::sf_quadrupole_xz[2]
   SPHERICALSURFACE::sf_quadrupole_xz[3]
   SPHERICALSURFACE::sf_quadrupole_xz[4]
   SPHERICALSURFACE::sf_quadrupole_xz[5]
   SPHERICALSURFACE::sf_quadrupole_yy[0]
   SPHERICALSURFACE::sf_quadrupole_yy[1]
   SPHERICALSURFACE::sf_quadrupole_yy[2]
   SPHERICALSURFACE::sf_quadrupole_yy[3]
   SPHERICALSURFACE::sf_quadrupole_yy[4]
   SPHERICALSURFACE::sf_quadrupole_yy[5]
   SPHERICALSURFACE::sf_quadrupole_yz[0]
   SPHERICALSURFACE::sf_quadrupole_yz[1]
   SPHERICALSURFACE::sf_quadrupole_yz[2]
   SPHERICALSURFACE::sf_quadrupole_yz[3]
   SPHERICALSURFACE::sf_quadrupole_yz[4]
   SPHERICALSURFACE::sf_quadrupole_yz[5]
   SPHERICALSURFACE::sf_quadrupole_zz[0]
   SPHERICALSURFACE::sf_quadrupole_zz[1]
   SPHERICALSURFACE::sf_quadrupole_zz[2]
   SPHERICALSURFACE::sf_quadrupole_zz[3]
   SPHERICALSURFACE::sf_quadrupole_zz[4]
   SPHERICALSURFACE::sf_quadrupole_zz[5]
WARNING[L1,P131] (Cactus): Attempt to create a directory with an empty or NULL string
WARNING[L1,P131] (CarpetIOHDF5): Problem creating HDF5 output directory ''
WARNING[L1,P133] (Cactus): Attempt to create a directory with an empty or NULL string
WARNING[L1,P133] (CarpetIOHDF5): Problem creating HDF5 output directory ''
WARNING[L1,P153] (Cactus): Attempt to create a directory with an empty or NULL string
WARNING[L1,P153] (CarpetIOHDF5): Problem creating HDF5 output directory ''
WARNING[L1,P171] (Cactus): Attempt to create a directory with an empty or NULL string
WARNING[L1,P171] (CarpetIOHDF5): Problem creating HDF5 output directory ''
WARNING[L1,P173] (Cactus): Attempt to create a directory with an empty or NULL string
WARNING[L1,P175] (Cactus): Attempt to create a directory with an empty or NULL string
WARNING[L1,P175] (CarpetIOHDF5): Problem creating HDF5 output directory ''
WARNING[L1,P197] (Cactus): Attempt to create a directory with an empty or NULL string
WARNING[L1,P197] (CarpetIOHDF5): Problem creating HDF5 output directory ''
WARNING[L1,P201] (Cactus): Attempt to create a directory with an empty or NULL string
WARNING[L1,P201] (CarpetIOHDF5): Problem creating HDF5 output directory ''
WARNING[L1,P225] (Cactus): Attempt to create a directory with an empty or NULL string
WARNING[L1,P225] (CarpetIOHDF5): Problem creating HDF5 output directory ''
WARNING[L1,P227] (Cactus): Attempt to create a directory with an empty or NULL string
WARNING[L1,P227] (CarpetIOHDF5): Problem creating HDF5 output directory ''
WARNING[L1,P237] (Cactus): Attempt to create a directory with an empty or NULL string
WARNING[L1,P237] (CarpetIOHDF5): Problem creating HDF5 output directory ''
WARNING[L1,P247] (Cactus): Attempt to create a directory with an empty or NULL string
WARNING[L1,P249] (Cactus): Attempt to create a directory with an empty or NULL string
WARNING[L1,P249] (CarpetIOHDF5): Problem creating HDF5 output directory ''
WARNING[L1,P128] (Cactus): Attempt to create a directory with an empty or NULL string
WARNING[L1,P128] (CarpetIOHDF5): Problem creating HDF5 output directory ''
WARNING[L1,P129] (Cactus): Attempt to create a directory with an empty or NULL string
WARNING[L1,P129] (CarpetIOHDF5): Problem creating HDF5 output directory ''
WARNING[L1,P135] (Cactus): Attempt to create a directory with an empty or NULL string
WARNING[L1,P135] (CarpetIOHDF5): Problem creating HDF5 output directory ''
WARNING[L1,P141] (Cactus): Attempt to create a directory with an empty or NULL string
WARNING[L1,P141] (CarpetIOHDF5): Problem creating HDF5 output directory ''
WARNING[L1,P143] (Cactus): Attempt to create a directory with an empty or NULL string
WARNING[L1,P143] (CarpetIOHDF5): Problem creating HDF5 output directory ''
WARNING[L1,P145] (Cactus): Attempt to create a directory with an empty or NULL string
WARNING[L1,P145] (CarpetIOHDF5): Problem creating HDF5 output directory ''
WARNING[L1,P149] (Cactus): Attempt to create a directory with an empty or NULL string
WARNING[L1,P149] (CarpetIOHDF5): Problem creating HDF5 output directory ''
WARNING[L1,P157] (Cactus): Attempt to create a directory with an empty or NULL string
WARNING[L1,P157] (CarpetIOHDF5): Problem creating HDF5 output directory ''
WARNING[L1,P164] (Cactus): Attempt to create a directory with an empty or NULL string
WARNING[L1,P164] (CarpetIOHDF5): Problem creating HDF5 output directory ''
WARNING[L1,P165] (Cactus): Attempt to create a directory with an empty or NULL string
WARNING[L1,P165] (CarpetIOHDF5): Problem creating HDF5 output directory ''
WARNING[L1,P169] (Cactus): Attempt to create a directory with an empty or NULL string
WARNING[L1,P169] (CarpetIOHDF5): Problem creating HDF5 output directory ''
WARNING[L1,P173] (CarpetIOHDF5): Problem creating HDF5 output directory ''
WARNING[L1,P177] (Cactus): Attempt to create a directory with an empty or NULL string
WARNING[L1,P177] (CarpetIOHDF5): Problem creating HDF5 output directory ''
WARNING[L1,P180] (Cactus): Attempt to create a directory with an empty or NULL string
WARNING[L1,P180] (CarpetIOHDF5): Problem creating HDF5 output directory ''
WARNING[L1,P185] (Cactus): Attempt to create a directory with an empty or NULL string
WARNING[L1,P185] (CarpetIOHDF5): Problem creating HDF5 output directory ''
WARNING[L1,P187] (Cactus): Attempt to create a directory with an empty or NULL string
WARNING[L1,P187] (CarpetIOHDF5): Problem creating HDF5 output directory ''
WARNING[L1,P189] (Cactus): Attempt to create a directory with an empty or NULL string
WARNING[L1,P189] (CarpetIOHDF5): Problem creating HDF5 output directory ''
WARNING[L1,P191] (Cactus): Attempt to create a directory with an empty or NULL string
WARNING[L1,P191] (CarpetIOHDF5): Problem creating HDF5 output directory ''
WARNING[L1,P193] (Cactus): Attempt to create a directory with an empty or NULL string
WARNING[L1,P193] (CarpetIOHDF5): Problem creating HDF5 output directory ''
WARNING[L1,P195] (Cactus): Attempt to create a directory with an empty or NULL string
WARNING[L1,P195] (CarpetIOHDF5): Problem creating HDF5 output directory ''
WARNING[L1,P199] (Cactus): Attempt to create a directory with an empty or NULL string
WARNING[L1,P199] (CarpetIOHDF5): Problem creating HDF5 output directory ''
WARNING[L1,P202] (Cactus): Attempt to create a directory with an empty or NULL string
WARNING[L1,P202] (CarpetIOHDF5): Problem creating HDF5 output directory ''
WARNING[L1,P207] (Cactus): Attempt to create a directory with an empty or NULL string
WARNING[L1,P207] (CarpetIOHDF5): Problem creating HDF5 output directory ''
WARNING[L1,P212] (Cactus): Attempt to create a directory with an empty or NULL string
WARNING[L1,P212] (CarpetIOHDF5): Problem creating HDF5 output directory ''
WARNING[L1,P215] (Cactus): Attempt to create a directory with an empty or NULL string
WARNING[L1,P215] (CarpetIOHDF5): Problem creating HDF5 output directory ''
WARNING[L1,P217] (Cactus): Attempt to create a directory with an empty or NULL string
WARNING[L1,P217] (CarpetIOHDF5): Problem creating HDF5 output directory ''
WARNING[L1,P219] (Cactus): Attempt to create a directory with an empty or NULL string
WARNING[L1,P219] (CarpetIOHDF5): Problem creating HDF5 output directory ''
WARNING[L1,P223] (Cactus): Attempt to create a directory with an empty or NULL string
WARNING[L1,P223] (CarpetIOHDF5): Problem creating HDF5 output directory ''
WARNING[L1,P226] (Cactus): Attempt to create a directory with an empty or NULL string
WARNING[L1,P226] (CarpetIOHDF5): Problem creating HDF5 output directory ''
WARNING[L1,P230] (Cactus): Attempt to create a directory with an empty or NULL string
WARNING[L1,P230] (CarpetIOHDF5): Problem creating HDF5 output directory ''
WARNING[L1,P234] (Cactus): Attempt to create a directory with an empty or NULL string
WARNING[L1,P234] (CarpetIOHDF5): Problem creating HDF5 output directory ''
WARNING[L1,P241] (Cactus): Attempt to create a directory with an empty or NULL string
WARNING[L1,P241] (CarpetIOHDF5): Problem creating HDF5 output directory ''
WARNING[L1,P242] (Cactus): Attempt to create a directory with an empty or NULL string
WARNING[L1,P242] (CarpetIOHDF5): Problem creating HDF5 output directory ''
WARNING[L1,P246] (Cactus): Attempt to create a directory with an empty or NULL string
WARNING[L1,P246] (CarpetIOHDF5): Problem creating HDF5 output directory ''
WARNING[L1,P247] (CarpetIOHDF5): Problem creating HDF5 output directory ''
WARNING[L1,P250] (Cactus): Attempt to create a directory with an empty or NULL string
WARNING[L1,P250] (CarpetIOHDF5): Problem creating HDF5 output directory ''
WARNING[L1,P251] (Cactus): Attempt to create a directory with an empty or NULL string
WARNING[L1,P251] (CarpetIOHDF5): Problem creating HDF5 output directory ''
WARNING[L1,P253] (Cactus): Attempt to create a directory with an empty or NULL string
WARNING[L1,P253] (CarpetIOHDF5): Problem creating HDF5 output directory ''
WARNING[L1,P138] (Cactus): Attempt to create a directory with an empty or NULL string
WARNING[L1,P138] (CarpetIOHDF5): Problem creating HDF5 output directory ''
WARNING[L1,P147] (Cactus): Attempt to create a directory with an empty or NULL string
WARNING[L1,P147] (CarpetIOHDF5): Problem creating HDF5 output directory ''
WARNING[L1,P151] (Cactus): Attempt to create a directory with an empty or NULL string
WARNING[L1,P151] (CarpetIOHDF5): Problem creating HDF5 output directory ''
WARNING[L1,P152] (Cactus): Attempt to create a directory with an empty or NULL string
WARNING[L1,P152] (CarpetIOHDF5): Problem creating HDF5 output directory ''
WARNING[L1,P159] (Cactus): Attempt to create a directory with an empty or NULL string
WARNING[L1,P159] (CarpetIOHDF5): Problem creating HDF5 output directory ''
WARNING[L1,P161] (Cactus): Attempt to create a directory with an empty or NULL string
WARNING[L1,P161] (CarpetIOHDF5): Problem creating HDF5 output directory ''
WARNING[L1,P163] (Cactus): Attempt to create a directory with an empty or NULL string
WARNING[L1,P163] (CarpetIOHDF5): Problem creating HDF5 output directory ''
WARNING[L1,P179] (Cactus): Attempt to create a directory with an empty or NULL string
WARNING[L1,P179] (CarpetIOHDF5): Problem creating HDF5 output directory ''
WARNING[L1,P181] (Cactus): Attempt to create a directory with an empty or NULL string
WARNING[L1,P181] (CarpetIOHDF5): Problem creating HDF5 output directory ''
WARNING[L1,P183] (Cactus): Attempt to create a directory with an empty or NULL string
WARNING[L1,P183] (CarpetIOHDF5): Problem creating HDF5 output directory ''
WARNING[L1,P188] (Cactus): Attempt to create a directory with an empty or NULL string
WARNING[L1,P188] (CarpetIOHDF5): Problem creating HDF5 output directory ''
WARNING[L1,P190] (Cactus): Attempt to create a directory with an empty or NULL string
WARNING[L1,P190] (CarpetIOHDF5): Problem creating HDF5 output directory ''
WARNING[L1,P196] (Cactus): Attempt to create a directory with an empty or NULL string
WARNING[L1,P196] (CarpetIOHDF5): Problem creating HDF5 output directory ''
WARNING[L1,P203] (Cactus): Attempt to create a directory with an empty or NULL string
WARNING[L1,P203] (CarpetIOHDF5): Problem creating HDF5 output directory ''
WARNING[L1,P209] (Cactus): Attempt to create a directory with an empty or NULL string
WARNING[L1,P209] (CarpetIOHDF5): Problem creating HDF5 output directory ''
WARNING[L1,P211] (Cactus): Attempt to create a directory with an empty or NULL string
WARNING[L1,P211] (CarpetIOHDF5): Problem creating HDF5 output directory ''
WARNING[L1,P213] (Cactus): Attempt to create a directory with an empty or NULL string
WARNING[L1,P213] (CarpetIOHDF5): Problem creating HDF5 output directory ''
WARNING[L1,P214] (Cactus): Attempt to create a directory with an empty or NULL string
WARNING[L1,P214] (CarpetIOHDF5): Problem creating HDF5 output directory ''
WARNING[L1,P216] (Cactus): Attempt to create a directory with an empty or NULL string
WARNING[L1,P216] (CarpetIOHDF5): Problem creating HDF5 output directory ''
WARNING[L1,P221] (Cactus): Attempt to create a directory with an empty or NULL string
WARNING[L1,P221] (CarpetIOHDF5): Problem creating HDF5 output directory ''
WARNING[L1,P228] (Cactus): Attempt to create a directory with an empty or NULL string
WARNING[L1,P228] (CarpetIOHDF5): Problem creating HDF5 output directory ''
WARNING[L1,P229] (Cactus): Attempt to create a directory with an empty or NULL string
WARNING[L1,P229] (CarpetIOHDF5): Problem creating HDF5 output directory ''
WARNING[L1,P231] (Cactus): Attempt to create a directory with an empty or NULL string
WARNING[L1,P231] (CarpetIOHDF5): Problem creating HDF5 output directory ''
WARNING[L1,P233] (Cactus): Attempt to create a directory with an empty or NULL string
WARNING[L1,P233] (CarpetIOHDF5): Problem creating HDF5 output directory ''
WARNING[L1,P235] (Cactus): Attempt to create a directory with an empty or NULL string
WARNING[L1,P235] (CarpetIOHDF5): Problem creating HDF5 output directory ''
WARNING[L1,P236] (Cactus): Attempt to create a directory with an empty or NULL string
WARNING[L1,P236] (CarpetIOHDF5): Problem creating HDF5 output directory ''
WARNING[L1,P239] (Cactus): Attempt to create a directory with an empty or NULL string
WARNING[L1,P239] (CarpetIOHDF5): Problem creating HDF5 output directory ''
WARNING[L1,P243] (Cactus): Attempt to create a directory with an empty or NULL string
WARNING[L1,P243] (CarpetIOHDF5): Problem creating HDF5 output directory ''
WARNING[L1,P245] (Cactus): Attempt to create a directory with an empty or NULL string
WARNING[L1,P245] (CarpetIOHDF5): Problem creating HDF5 output directory ''
WARNING[L1,P254] (Cactus): Attempt to create a directory with an empty or NULL string
WARNING[L1,P254] (CarpetIOHDF5): Problem creating HDF5 output directory ''
WARNING[L1,P255] (Cactus): Attempt to create a directory with an empty or NULL string
WARNING[L1,P255] (CarpetIOHDF5): Problem creating HDF5 output directory ''
WARNING[L1,P134] (Cactus): Attempt to create a directory with an empty or NULL string
WARNING[L1,P134] (CarpetIOHDF5): Problem creating HDF5 output directory ''
WARNING[L1,P137] (Cactus): Attempt to create a directory with an empty or NULL string
WARNING[L1,P137] (CarpetIOHDF5): Problem creating HDF5 output directory ''
WARNING[L1,P144] (Cactus): Attempt to create a directory with an empty or NULL string
WARNING[L1,P144] (CarpetIOHDF5): Problem creating HDF5 output directory ''
WARNING[L1,P146] (Cactus): Attempt to create a directory with an empty or NULL string
WARNING[L1,P146] (CarpetIOHDF5): Problem creating HDF5 output directory ''
WARNING[L1,P150] (Cactus): Attempt to create a directory with an empty or NULL string
WARNING[L1,P150] (CarpetIOHDF5): Problem creating HDF5 output directory ''
WARNING[L1,P154] (Cactus): Attempt to create a directory with an empty or NULL string
WARNING[L1,P154] (CarpetIOHDF5): Problem creating HDF5 output directory ''
WARNING[L1,P158] (Cactus): Attempt to create a directory with an empty or NULL string
WARNING[L1,P158] (CarpetIOHDF5): Problem creating HDF5 output directory ''
WARNING[L1,P160] (Cactus): Attempt to create a directory with an empty or NULL string
WARNING[L1,P160] (CarpetIOHDF5): Problem creating HDF5 output directory ''
WARNING[L1,P166] (Cactus): Attempt to create a directory with an empty or NULL string
WARNING[L1,P166] (CarpetIOHDF5): Problem creating HDF5 output directory ''
WARNING[L1,P172] (Cactus): Attempt to create a directory with an empty or NULL string
WARNING[L1,P172] (CarpetIOHDF5): Problem creating HDF5 output directory ''
WARNING[L1,P174] (Cactus): Attempt to create a directory with an empty or NULL string
WARNING[L1,P174] (CarpetIOHDF5): Problem creating HDF5 output directory ''
WARNING[L1,P192] (Cactus): Attempt to create a directory with an empty or NULL string
WARNING[L1,P192] (CarpetIOHDF5): Problem creating HDF5 output directory ''
WARNING[L1,P198] (Cactus): Attempt to create a directory with an empty or NULL string
WARNING[L1,P198] (CarpetIOHDF5): Problem creating HDF5 output directory ''
WARNING[L1,P204] (Cactus): Attempt to create a directory with an empty or NULL string
WARNING[L1,P204] (CarpetIOHDF5): Problem creating HDF5 output directory ''
WARNING[L1,P205] (Cactus): Attempt to create a directory with an empty or NULL string
WARNING[L1,P205] (CarpetIOHDF5): Problem creating HDF5 output directory ''
WARNING[L1,P210] (Cactus): Attempt to create a directory with an empty or NULL string
WARNING[L1,P210] (CarpetIOHDF5): Problem creating HDF5 output directory ''
WARNING[L1,P218] (Cactus): Attempt to create a directory with an empty or NULL string
WARNING[L1,P218] (CarpetIOHDF5): Problem creating HDF5 output directory ''
WARNING[L1,P224] (Cactus): Attempt to create a directory with an empty or NULL string
WARNING[L1,P224] (CarpetIOHDF5): Problem creating HDF5 output directory ''
WARNING[L1,P232] (Cactus): Attempt to create a directory with an empty or NULL string
WARNING[L1,P232] (CarpetIOHDF5): Problem creating HDF5 output directory ''
WARNING[L1,P238] (Cactus): Attempt to create a directory with an empty or NULL string
WARNING[L1,P238] (CarpetIOHDF5): Problem creating HDF5 output directory ''
WARNING[L1,P240] (Cactus): Attempt to create a directory with an empty or NULL string
WARNING[L1,P240] (CarpetIOHDF5): Problem creating HDF5 output directory ''
WARNING[L1,P244] (Cactus): Attempt to create a directory with an empty or NULL string
WARNING[L1,P244] (CarpetIOHDF5): Problem creating HDF5 output directory ''
WARNING[L1,P130] (Cactus): Attempt to create a directory with an empty or NULL string
WARNING[L1,P130] (CarpetIOHDF5): Problem creating HDF5 output directory ''
WARNING[L1,P132] (Cactus): Attempt to create a directory with an empty or NULL string
WARNING[L1,P132] (CarpetIOHDF5): Problem creating HDF5 output directory ''
WARNING[L1,P136] (Cactus): Attempt to create a directory with an empty or NULL string
WARNING[L1,P136] (CarpetIOHDF5): Problem creating HDF5 output directory ''
WARNING[L1,P139] (Cactus): Attempt to create a directory with an empty or NULL string
WARNING[L1,P139] (CarpetIOHDF5): Problem creating HDF5 output directory ''
WARNING[L1,P140] (Cactus): Attempt to create a directory with an empty or NULL string
WARNING[L1,P140] (CarpetIOHDF5): Problem creating HDF5 output directory ''
WARNING[L1,P148] (Cactus): Attempt to create a directory with an empty or NULL string
WARNING[L1,P148] (CarpetIOHDF5): Problem creating HDF5 output directory ''
WARNING[L1,P155] (Cactus): Attempt to create a directory with an empty or NULL string
WARNING[L1,P155] (CarpetIOHDF5): Problem creating HDF5 output directory ''
WARNING[L1,P156] (Cactus): Attempt to create a directory with an empty or NULL string
WARNING[L1,P156] (CarpetIOHDF5): Problem creating HDF5 output directory ''
WARNING[L1,P162] (Cactus): Attempt to create a directory with an empty or NULL string
WARNING[L1,P162] (CarpetIOHDF5): Problem creating HDF5 output directory ''
WARNING[L1,P168] (Cactus): Attempt to create a directory with an empty or NULL string
WARNING[L1,P168] (CarpetIOHDF5): Problem creating HDF5 output directory ''
WARNING[L1,P170] (Cactus): Attempt to create a directory with an empty or NULL string
WARNING[L1,P170] (CarpetIOHDF5): Problem creating HDF5 output directory ''
WARNING[L1,P178] (Cactus): Attempt to create a directory with an empty or NULL string
WARNING[L1,P178] (CarpetIOHDF5): Problem creating HDF5 output directory ''
WARNING[L1,P182] (Cactus): Attempt to create a directory with an empty or NULL string
WARNING[L1,P182] (CarpetIOHDF5): Problem creating HDF5 output directory ''
WARNING[L1,P184] (Cactus): Attempt to create a directory with an empty or NULL string
WARNING[L1,P184] (CarpetIOHDF5): Problem creating HDF5 output directory ''
WARNING[L1,P186] (Cactus): Attempt to create a directory with an empty or NULL string
WARNING[L1,P186] (CarpetIOHDF5): Problem creating HDF5 output directory ''
WARNING[L1,P200] (Cactus): Attempt to create a directory with an empty or NULL string
WARNING[L1,P200] (CarpetIOHDF5): Problem creating HDF5 output directory ''
WARNING[L1,P206] (Cactus): Attempt to create a directory with an empty or NULL string
WARNING[L1,P206] (CarpetIOHDF5): Problem creating HDF5 output directory ''
WARNING[L1,P220] (Cactus): Attempt to create a directory with an empty or NULL string
WARNING[L1,P220] (CarpetIOHDF5): Problem creating HDF5 output directory ''
WARNING[L1,P222] (Cactus): Attempt to create a directory with an empty or NULL string
WARNING[L1,P222] (CarpetIOHDF5): Problem creating HDF5 output directory ''
WARNING[L1,P252] (Cactus): Attempt to create a directory with an empty or NULL string
WARNING[L1,P252] (CarpetIOHDF5): Problem creating HDF5 output directory ''
WARNING[L1,P142] (Cactus): Attempt to create a directory with an empty or NULL string
WARNING[L1,P142] (CarpetIOHDF5): Problem creating HDF5 output directory ''
WARNING[L1,P176] (Cactus): Attempt to create a directory with an empty or NULL string
WARNING[L1,P176] (CarpetIOHDF5): Problem creating HDF5 output directory ''
WARNING[L1,P194] (Cactus): Attempt to create a directory with an empty or NULL string
WARNING[L1,P194] (CarpetIOHDF5): Problem creating HDF5 output directory ''
WARNING[L1,P208] (Cactus): Attempt to create a directory with an empty or NULL string
WARNING[L1,P208] (CarpetIOHDF5): Problem creating HDF5 output directory ''
WARNING[L1,P248] (Cactus): Attempt to create a directory with an empty or NULL string
WARNING[L1,P248] (CarpetIOHDF5): Problem creating HDF5 output directory ''
WARNING[L1,P167] (Cactus): Attempt to create a directory with an empty or NULL string
WARNING[L1,P167] (CarpetIOHDF5): Problem creating HDF5 output directory ''
WARNING[L1,P5] (Cactus): Attempt to create a directory with an empty or NULL string
WARNING[L1,P5] (CarpetIOHDF5): Problem creating HDF5 output directory ''
WARNING[L1,P9] (Cactus): Attempt to create a directory with an empty or NULL string
WARNING[L1,P9] (CarpetIOHDF5): Problem creating HDF5 output directory ''
WARNING[L1,P14] (Cactus): Attempt to create a directory with an empty or NULL string
WARNING[L1,P14] (CarpetIOHDF5): Problem creating HDF5 output directory ''
WARNING[L1,P17] (Cactus): Attempt to create a directory with an empty or NULL string
WARNING[L1,P17] (CarpetIOHDF5): Problem creating HDF5 output directory ''
WARNING[L1,P18] (Cactus): Attempt to create a directory with an empty or NULL string
WARNING[L1,P18] (CarpetIOHDF5): Problem creating HDF5 output directory ''
WARNING[L1,P19] (Cactus): Attempt to create a directory with an empty or NULL string
WARNING[L1,P19] (CarpetIOHDF5): Problem creating HDF5 output directory ''
WARNING[L1,P23] (Cactus): Attempt to create a directory with an empty or NULL string
WARNING[L1,P23] (CarpetIOHDF5): Problem creating HDF5 output directory ''
WARNING[L1,P25] (Cactus): Attempt to create a directory with an empty or NULL string
WARNING[L1,P25] (CarpetIOHDF5): Problem creating HDF5 output directory ''
WARNING[L1,P39] (Cactus): Attempt to create a directory with an empty or NULL string
WARNING[L1,P39] (CarpetIOHDF5): Problem creating HDF5 output directory ''
WARNING[L1,P46] (Cactus): Attempt to create a directory with an empty or NULL string
WARNING[L1,P46] (CarpetIOHDF5): Problem creating HDF5 output directory ''
WARNING[L1,P47] (Cactus): Attempt to create a directory with an empty or NULL string
WARNING[L1,P47] (CarpetIOHDF5): Problem creating HDF5 output directory ''
WARNING[L1,P49] (Cactus): Attempt to create a directory with an empty or NULL string
WARNING[L1,P49] (CarpetIOHDF5): Problem creating HDF5 output directory ''
WARNING[L1,P54] (Cactus): Attempt to create a directory with an empty or NULL string
WARNING[L1,P54] (CarpetIOHDF5): Problem creating HDF5 output directory ''
WARNING[L1,P66] (Cactus): Attempt to create a directory with an empty or NULL string
WARNING[L1,P66] (CarpetIOHDF5): Problem creating HDF5 output directory ''
WARNING[L1,P69] (Cactus): Attempt to create a directory with an empty or NULL string
WARNING[L1,P69] (CarpetIOHDF5): Problem creating HDF5 output directory ''
WARNING[L1,P78] (Cactus): Attempt to create a directory with an empty or NULL string
WARNING[L1,P78] (CarpetIOHDF5): Problem creating HDF5 output directory ''
WARNING[L1,P87] (Cactus): Attempt to create a directory with an empty or NULL string
WARNING[L1,P87] (CarpetIOHDF5): Problem creating HDF5 output directory ''
WARNING[L1,P90] (Cactus): Attempt to create a directory with an empty or NULL string
WARNING[L1,P90] (CarpetIOHDF5): Problem creating HDF5 output directory ''
WARNING[L1,P93] (Cactus): Attempt to create a directory with an empty or NULL string
WARNING[L1,P93] (CarpetIOHDF5): Problem creating HDF5 output directory ''
WARNING[L1,P99] (Cactus): Attempt to create a directory with an empty or NULL string
WARNING[L1,P99] (CarpetIOHDF5): Problem creating HDF5 output directory ''
WARNING[L1,P102] (Cactus): Attempt to create a directory with an empty or NULL string
WARNING[L1,P102] (CarpetIOHDF5): Problem creating HDF5 output directory ''
WARNING[L1,P105] (Cactus): Attempt to create a directory with an empty or NULL string
WARNING[L1,P105] (CarpetIOHDF5): Problem creating HDF5 output directory ''
WARNING[L1,P106] (Cactus): Attempt to create a directory with an empty or NULL string
WARNING[L1,P106] (CarpetIOHDF5): Problem creating HDF5 output directory ''
WARNING[L1,P107] (Cactus): Attempt to create a directory with an empty or NULL string
WARNING[L1,P107] (CarpetIOHDF5): Problem creating HDF5 output directory ''
WARNING[L1,P109] (Cactus): Attempt to create a directory with an empty or NULL string
WARNING[L1,P109] (CarpetIOHDF5): Problem creating HDF5 output directory ''
WARNING[L1,P111] (Cactus): Attempt to create a directory with an empty or NULL string
WARNING[L1,P111] (CarpetIOHDF5): Problem creating HDF5 output directory ''
WARNING[L1,P114] (Cactus): Attempt to create a directory with an empty or NULL string
WARNING[L1,P114] (CarpetIOHDF5): Problem creating HDF5 output directory ''
WARNING[L1,P118] (Cactus): Attempt to create a directory with an empty or NULL string
WARNING[L1,P118] (CarpetIOHDF5): Problem creating HDF5 output directory ''
WARNING[L1,P119] (Cactus): Attempt to create a directory with an empty or NULL string
WARNING[L1,P119] (CarpetIOHDF5): Problem creating HDF5 output directory ''
WARNING[L1,P121] (Cactus): Attempt to create a directory with an empty or NULL string
WARNING[L1,P121] (CarpetIOHDF5): Problem creating HDF5 output directory ''
WARNING[L1,P123] (Cactus): Attempt to create a directory with an empty or NULL string
WARNING[L1,P123] (CarpetIOHDF5): Problem creating HDF5 output directory ''
WARNING[L1,P125] (Cactus): Attempt to create a directory with an empty or NULL string
WARNING[L1,P125] (CarpetIOHDF5): Problem creating HDF5 output directory ''
WARNING[L1,P127] (Cactus): Attempt to create a directory with an empty or NULL string
WARNING[L1,P127] (CarpetIOHDF5): Problem creating HDF5 output directory ''
WARNING[L1,P0] (Cactus): Attempt to create a directory with an empty or NULL string
WARNING[L1,P0] (CarpetIOHDF5): Problem creating HDF5 output directory ''
WARNING[L1,P1] (Cactus): Attempt to create a directory with an empty or NULL string
WARNING[L1,P1] (CarpetIOHDF5): Problem creating HDF5 output directory ''
WARNING[L1,P2] (Cactus): Attempt to create a directory with an empty or NULL string
WARNING[L1,P2] (CarpetIOHDF5): Problem creating HDF5 output directory ''
WARNING[L1,P3] (Cactus): Attempt to create a directory with an empty or NULL string
WARNING[L1,P3] (CarpetIOHDF5): Problem creating HDF5 output directory ''
WARNING[L1,P4] (Cactus): Attempt to create a directory with an empty or NULL string
WARNING[L1,P4] (CarpetIOHDF5): Problem creating HDF5 output directory ''
WARNING[L1,P6] (Cactus): Attempt to create a directory with an empty or NULL string
WARNING[L1,P6] (CarpetIOHDF5): Problem creating HDF5 output directory ''
WARNING[L1,P7] (Cactus): Attempt to create a directory with an empty or NULL string
WARNING[L1,P7] (CarpetIOHDF5): Problem creating HDF5 output directory ''
WARNING[L1,P8] (Cactus): Attempt to create a directory with an empty or NULL string
WARNING[L1,P8] (CarpetIOHDF5): Problem creating HDF5 output directory ''
WARNING[L1,P10] (Cactus): Attempt to create a directory with an empty or NULL string
WARNING[L1,P10] (CarpetIOHDF5): Problem creating HDF5 output directory ''
WARNING[L1,P11] (Cactus): Attempt to create a directory with an empty or NULL string
WARNING[L1,P11] (CarpetIOHDF5): Problem creating HDF5 output directory ''
WARNING[L1,P12] (Cactus): Attempt to create a directory with an empty or NULL string
WARNING[L1,P12] (CarpetIOHDF5): Problem creating HDF5 output directory ''
WARNING[L1,P13] (Cactus): Attempt to create a directory with an empty or NULL string
WARNING[L1,P13] (CarpetIOHDF5): Problem creating HDF5 output directory ''
WARNING[L1,P15] (Cactus): Attempt to create a directory with an empty or NULL string
WARNING[L1,P15] (CarpetIOHDF5): Problem creating HDF5 output directory ''
WARNING[L1,P16] (Cactus): Attempt to create a directory with an empty or NULL string
WARNING[L1,P16] (CarpetIOHDF5): Problem creating HDF5 output directory ''
WARNING[L1,P20] (Cactus): Attempt to create a directory with an empty or NULL string
WARNING[L1,P20] (CarpetIOHDF5): Problem creating HDF5 output directory ''
WARNING[L1,P21] (Cactus): Attempt to create a directory with an empty or NULL string
WARNING[L1,P21] (CarpetIOHDF5): Problem creating HDF5 output directory ''
WARNING[L1,P22] (Cactus): Attempt to create a directory with an empty or NULL string
WARNING[L1,P22] (CarpetIOHDF5): Problem creating HDF5 output directory ''
WARNING[L1,P24] (Cactus): Attempt to create a directory with an empty or NULL string
WARNING[L1,P24] (CarpetIOHDF5): Problem creating HDF5 output directory ''
WARNING[L1,P26] (Cactus): Attempt to create a directory with an empty or NULL string
WARNING[L1,P26] (CarpetIOHDF5): Problem creating HDF5 output directory ''
WARNING[L1,P27] (Cactus): Attempt to create a directory with an empty or NULL string
WARNING[L1,P27] (CarpetIOHDF5): Problem creating HDF5 output directory ''
WARNING[L1,P28] (Cactus): Attempt to create a directory with an empty or NULL string
WARNING[L1,P28] (CarpetIOHDF5): Problem creating HDF5 output directory ''
WARNING[L1,P29] (Cactus): Attempt to create a directory with an empty or NULL string
WARNING[L1,P29] (CarpetIOHDF5): Problem creating HDF5 output directory ''
WARNING[L1,P30] (Cactus): Attempt to create a directory with an empty or NULL string
WARNING[L1,P30] (CarpetIOHDF5): Problem creating HDF5 output directory ''
WARNING[L1,P31] (Cactus): Attempt to create a directory with an empty or NULL string
WARNING[L1,P31] (CarpetIOHDF5): Problem creating HDF5 output directory ''
WARNING[L1,P32] (Cactus): Attempt to create a directory with an empty or NULL string
WARNING[L1,P32] (CarpetIOHDF5): Problem creating HDF5 output directory ''
WARNING[L1,P33] (Cactus): Attempt to create a directory with an empty or NULL string
WARNING[L1,P33] (CarpetIOHDF5): Problem creating HDF5 output directory ''
WARNING[L1,P34] (Cactus): Attempt to create a directory with an empty or NULL string
WARNING[L1,P34] (CarpetIOHDF5): Problem creating HDF5 output directory ''
WARNING[L1,P35] (Cactus): Attempt to create a directory with an empty or NULL string
WARNING[L1,P35] (CarpetIOHDF5): Problem creating HDF5 output directory ''
WARNING[L1,P36] (Cactus): Attempt to create a directory with an empty or NULL string
WARNING[L1,P36] (CarpetIOHDF5): Problem creating HDF5 output directory ''
WARNING[L1,P37] (Cactus): Attempt to create a directory with an empty or NULL string
WARNING[L1,P37] (CarpetIOHDF5): Problem creating HDF5 output directory ''
WARNING[L1,P38] (Cactus): Attempt to create a directory with an empty or NULL string
WARNING[L1,P38] (CarpetIOHDF5): Problem creating HDF5 output directory ''
WARNING[L1,P40] (Cactus): Attempt to create a directory with an empty or NULL string
WARNING[L1,P40] (CarpetIOHDF5): Problem creating HDF5 output directory ''
WARNING[L1,P41] (Cactus): Attempt to create a directory with an empty or NULL string
WARNING[L1,P41] (CarpetIOHDF5): Problem creating HDF5 output directory ''
WARNING[L1,P42] (Cactus): Attempt to create a directory with an empty or NULL string
WARNING[L1,P42] (CarpetIOHDF5): Problem creating HDF5 output directory ''
WARNING[L1,P43] (Cactus): Attempt to create a directory with an empty or NULL string
WARNING[L1,P43] (CarpetIOHDF5): Problem creating HDF5 output directory ''
WARNING[L1,P44] (Cactus): Attempt to create a directory with an empty or NULL string
WARNING[L1,P44] (CarpetIOHDF5): Problem creating HDF5 output directory ''
WARNING[L1,P45] (Cactus): Attempt to create a directory with an empty or NULL string
WARNING[L1,P45] (CarpetIOHDF5): Problem creating HDF5 output directory ''
WARNING[L1,P48] (Cactus): Attempt to create a directory with an empty or NULL string
WARNING[L1,P48] (CarpetIOHDF5): Problem creating HDF5 output directory ''
WARNING[L1,P50] (Cactus): Attempt to create a directory with an empty or NULL string
WARNING[L1,P50] (CarpetIOHDF5): Problem creating HDF5 output directory ''
WARNING[L1,P51] (Cactus): Attempt to create a directory with an empty or NULL string
WARNING[L1,P51] (CarpetIOHDF5): Problem creating HDF5 output directory ''
WARNING[L1,P52] (Cactus): Attempt to create a directory with an empty or NULL string
WARNING[L1,P52] (CarpetIOHDF5): Problem creating HDF5 output directory ''
WARNING[L1,P53] (Cactus): Attempt to create a directory with an empty or NULL string
WARNING[L1,P53] (CarpetIOHDF5): Problem creating HDF5 output directory ''
WARNING[L1,P55] (Cactus): Attempt to create a directory with an empty or NULL string
WARNING[L1,P55] (CarpetIOHDF5): Problem creating HDF5 output directory ''
WARNING[L1,P56] (Cactus): Attempt to create a directory with an empty or NULL string
WARNING[L1,P56] (CarpetIOHDF5): Problem creating HDF5 output directory ''
WARNING[L1,P57] (Cactus): Attempt to create a directory with an empty or NULL string
WARNING[L1,P57] (CarpetIOHDF5): Problem creating HDF5 output directory ''
WARNING[L1,P58] (Cactus): Attempt to create a directory with an empty or NULL string
WARNING[L1,P58] (CarpetIOHDF5): Problem creating HDF5 output directory ''
WARNING[L1,P59] (Cactus): Attempt to create a directory with an empty or NULL string
WARNING[L1,P59] (CarpetIOHDF5): Problem creating HDF5 output directory ''
WARNING[L1,P60] (Cactus): Attempt to create a directory with an empty or NULL string
WARNING[L1,P60] (CarpetIOHDF5): Problem creating HDF5 output directory ''
WARNING[L1,P61] (Cactus): Attempt to create a directory with an empty or NULL string
WARNING[L1,P61] (CarpetIOHDF5): Problem creating HDF5 output directory ''
WARNING[L1,P62] (Cactus): Attempt to create a directory with an empty or NULL string
WARNING[L1,P62] (CarpetIOHDF5): Problem creating HDF5 output directory ''
WARNING[L1,P63] (Cactus): Attempt to create a directory with an empty or NULL string
WARNING[L1,P63] (CarpetIOHDF5): Problem creating HDF5 output directory ''
WARNING[L1,P64] (Cactus): Attempt to create a directory with an empty or NULL string
WARNING[L1,P64] (CarpetIOHDF5): Problem creating HDF5 output directory ''
WARNING[L1,P65] (Cactus): Attempt to create a directory with an empty or NULL string
WARNING[L1,P65] (CarpetIOHDF5): Problem creating HDF5 output directory ''
WARNING[L1,P67] (Cactus): Attempt to create a directory with an empty or NULL string
WARNING[L1,P67] (CarpetIOHDF5): Problem creating HDF5 output directory ''
WARNING[L1,P68] (Cactus): Attempt to create a directory with an empty or NULL string
WARNING[L1,P68] (CarpetIOHDF5): Problem creating HDF5 output directory ''
WARNING[L1,P70] (Cactus): Attempt to create a directory with an empty or NULL string
WARNING[L1,P70] (CarpetIOHDF5): Problem creating HDF5 output directory ''
WARNING[L1,P71] (Cactus): Attempt to create a directory with an empty or NULL string
WARNING[L1,P71] (CarpetIOHDF5): Problem creating HDF5 output directory ''
WARNING[L1,P72] (Cactus): Attempt to create a directory with an empty or NULL string
WARNING[L1,P72] (CarpetIOHDF5): Problem creating HDF5 output directory ''
WARNING[L1,P73] (Cactus): Attempt to create a directory with an empty or NULL string
WARNING[L1,P73] (CarpetIOHDF5): Problem creating HDF5 output directory ''
WARNING[L1,P74] (Cactus): Attempt to create a directory with an empty or NULL string
WARNING[L1,P74] (CarpetIOHDF5): Problem creating HDF5 output directory ''
WARNING[L1,P75] (Cactus): Attempt to create a directory with an empty or NULL string
WARNING[L1,P75] (CarpetIOHDF5): Problem creating HDF5 output directory ''
WARNING[L1,P76] (Cactus): Attempt to create a directory with an empty or NULL string
WARNING[L1,P76] (CarpetIOHDF5): Problem creating HDF5 output directory ''
WARNING[L1,P77] (Cactus): Attempt to create a directory with an empty or NULL string
WARNING[L1,P77] (CarpetIOHDF5): Problem creating HDF5 output directory ''
WARNING[L1,P79] (Cactus): Attempt to create a directory with an empty or NULL string
WARNING[L1,P79] (CarpetIOHDF5): Problem creating HDF5 output directory ''
WARNING[L1,P80] (Cactus): Attempt to create a directory with an empty or NULL string
WARNING[L1,P80] (CarpetIOHDF5): Problem creating HDF5 output directory ''
WARNING[L1,P81] (Cactus): Attempt to create a directory with an empty or NULL string
WARNING[L1,P81] (CarpetIOHDF5): Problem creating HDF5 output directory ''
WARNING[L1,P82] (Cactus): Attempt to create a directory with an empty or NULL string
WARNING[L1,P82] (CarpetIOHDF5): Problem creating HDF5 output directory ''
WARNING[L1,P83] (Cactus): Attempt to create a directory with an empty or NULL string
WARNING[L1,P83] (CarpetIOHDF5): Problem creating HDF5 output directory ''
WARNING[L1,P84] (Cactus): Attempt to create a directory with an empty or NULL string
WARNING[L1,P84] (CarpetIOHDF5): Problem creating HDF5 output directory ''
WARNING[L1,P85] (Cactus): Attempt to create a directory with an empty or NULL string
WARNING[L1,P85] (CarpetIOHDF5): Problem creating HDF5 output directory ''
WARNING[L1,P86] (Cactus): Attempt to create a directory with an empty or NULL string
WARNING[L1,P86] (CarpetIOHDF5): Problem creating HDF5 output directory ''
WARNING[L1,P88] (Cactus): Attempt to create a directory with an empty or NULL string
WARNING[L1,P88] (CarpetIOHDF5): Problem creating HDF5 output directory ''
WARNING[L1,P89] (Cactus): Attempt to create a directory with an empty or NULL string
WARNING[L1,P89] (CarpetIOHDF5): Problem creating HDF5 output directory ''
WARNING[L1,P91] (Cactus): Attempt to create a directory with an empty or NULL string
WARNING[L1,P91] (CarpetIOHDF5): Problem creating HDF5 output directory ''
WARNING[L1,P92] (Cactus): Attempt to create a directory with an empty or NULL string
WARNING[L1,P92] (CarpetIOHDF5): Problem creating HDF5 output directory ''
WARNING[L1,P94] (Cactus): Attempt to create a directory with an empty or NULL string
WARNING[L1,P94] (CarpetIOHDF5): Problem creating HDF5 output directory ''
WARNING[L1,P95] (Cactus): Attempt to create a directory with an empty or NULL string
WARNING[L1,P95] (CarpetIOHDF5): Problem creating HDF5 output directory ''
WARNING[L1,P96] (Cactus): Attempt to create a directory with an empty or NULL string
WARNING[L1,P96] (CarpetIOHDF5): Problem creating HDF5 output directory ''
WARNING[L1,P97] (Cactus): Attempt to create a directory with an empty or NULL string
WARNING[L1,P97] (CarpetIOHDF5): Problem creating HDF5 output directory ''
WARNING[L1,P98] (Cactus): Attempt to create a directory with an empty or NULL string
WARNING[L1,P98] (CarpetIOHDF5): Problem creating HDF5 output directory ''
WARNING[L1,P100] (Cactus): Attempt to create a directory with an empty or NULL string
WARNING[L1,P100] (CarpetIOHDF5): Problem creating HDF5 output directory ''
WARNING[L1,P101] (Cactus): Attempt to create a directory with an empty or NULL string
WARNING[L1,P101] (CarpetIOHDF5): Problem creating HDF5 output directory ''
WARNING[L1,P103] (Cactus): Attempt to create a directory with an empty or NULL string
WARNING[L1,P103] (CarpetIOHDF5): Problem creating HDF5 output directory ''
WARNING[L1,P104] (Cactus): Attempt to create a directory with an empty or NULL string
WARNING[L1,P104] (CarpetIOHDF5): Problem creating HDF5 output directory ''
WARNING[L1,P108] (Cactus): Attempt to create a directory with an empty or NULL string
WARNING[L1,P108] (CarpetIOHDF5): Problem creating HDF5 output directory ''
WARNING[L1,P110] (Cactus): Attempt to create a directory with an empty or NULL string
WARNING[L1,P110] (CarpetIOHDF5): Problem creating HDF5 output directory ''
WARNING[L1,P112] (Cactus): Attempt to create a directory with an empty or NULL string
WARNING[L1,P112] (CarpetIOHDF5): Problem creating HDF5 output directory ''
WARNING[L1,P113] (Cactus): Attempt to create a directory with an empty or NULL string
WARNING[L1,P113] (CarpetIOHDF5): Problem creating HDF5 output directory ''
WARNING[L1,P115] (Cactus): Attempt to create a directory with an empty or NULL string
WARNING[L1,P115] (CarpetIOHDF5): Problem creating HDF5 output directory ''
WARNING[L1,P116] (Cactus): Attempt to create a directory with an empty or NULL string
WARNING[L1,P116] (CarpetIOHDF5): Problem creating HDF5 output directory ''
WARNING[L1,P117] (Cactus): Attempt to create a directory with an empty or NULL string
WARNING[L1,P117] (CarpetIOHDF5): Problem creating HDF5 output directory ''
WARNING[L1,P120] (Cactus): Attempt to create a directory with an empty or NULL string
WARNING[L1,P120] (CarpetIOHDF5): Problem creating HDF5 output directory ''
WARNING[L1,P122] (Cactus): Attempt to create a directory with an empty or NULL string
WARNING[L1,P122] (CarpetIOHDF5): Problem creating HDF5 output directory ''
WARNING[L1,P124] (Cactus): Attempt to create a directory with an empty or NULL string
WARNING[L1,P124] (CarpetIOHDF5): Problem creating HDF5 output directory ''
WARNING[L1,P126] (Cactus): Attempt to create a directory with an empty or NULL string
WARNING[L1,P126] (CarpetIOHDF5): Problem creating HDF5 output directory ''
   SPHERICALSURFACE::sf_min_radius[0]
   SPHERICALSURFACE::sf_min_radius[1]
   SPHERICALSURFACE::sf_min_radius[2]
   SPHERICALSURFACE::sf_min_radius[3]
   SPHERICALSURFACE::sf_min_radius[4]
   SPHERICALSURFACE::sf_min_radius[5]
   SPHERICALSURFACE::sf_max_radius[0]
   SPHERICALSURFACE::sf_max_radius[1]
   SPHERICALSURFACE::sf_max_radius[2]
   SPHERICALSURFACE::sf_max_radius[3]
   SPHERICALSURFACE::sf_max_radius[4]
   SPHERICALSURFACE::sf_max_radius[5]
   SPHERICALSURFACE::sf_min_x[0]
   SPHERICALSURFACE::sf_min_x[1]
   SPHERICALSURFACE::sf_min_x[2]
   SPHERICALSURFACE::sf_min_x[3]
   SPHERICALSURFACE::sf_min_x[4]
   SPHERICALSURFACE::sf_min_x[5]
   SPHERICALSURFACE::sf_min_y[0]
   SPHERICALSURFACE::sf_min_y[1]
   SPHERICALSURFACE::sf_min_y[2]
   SPHERICALSURFACE::sf_min_y[3]
   SPHERICALSURFACE::sf_min_y[4]
   SPHERICALSURFACE::sf_min_y[5]
   SPHERICALSURFACE::sf_min_z[0]
   SPHERICALSURFACE::sf_min_z[1]
   SPHERICALSURFACE::sf_min_z[2]
   SPHERICALSURFACE::sf_min_z[3]
   SPHERICALSURFACE::sf_min_z[4]
   SPHERICALSURFACE::sf_min_z[5]
   SPHERICALSURFACE::sf_max_x[0]
   SPHERICALSURFACE::sf_max_x[1]
   SPHERICALSURFACE::sf_max_x[2]
   SPHERICALSURFACE::sf_max_x[3]
   SPHERICALSURFACE::sf_max_x[4]
   SPHERICALSURFACE::sf_max_x[5]
   SPHERICALSURFACE::sf_max_y[0]
   SPHERICALSURFACE::sf_max_y[1]
   SPHERICALSURFACE::sf_max_y[2]
   SPHERICALSURFACE::sf_max_y[3]
   SPHERICALSURFACE::sf_max_y[4]
   SPHERICALSURFACE::sf_max_y[5]
   SPHERICALSURFACE::sf_max_z[0]
   SPHERICALSURFACE::sf_max_z[1]
   SPHERICALSURFACE::sf_max_z[2]
   SPHERICALSURFACE::sf_max_z[3]
   SPHERICALSURFACE::sf_max_z[4]
   SPHERICALSURFACE::sf_max_z[5]
INFO (CarpetIOASCII): I/O Method 'IOASCII_1D' registered: 1D AMR output of grid variables to ASCII files
INFO (CarpetIOASCII): Periodic 1D AMR output requested for:
   ADMBASE::alp
   ADMBASE::betax
   ADMBASE::betay
   ADMBASE::betaz
   LEANBSSNMOL::hc
   LEANBSSNMOL::mcx
   LEANBSSNMOL::mcy
   LEANBSSNMOL::mcz
   MAGSCALARANALYSIS::rho_phi
   MAGSCALARANALYSIS::rho_e
   MAGSCALARBASE::Ex
   MAGSCALARBASE::Ey
   MAGSCALARBASE::Ez
   MAGSCALARBASE::Ax
   MAGSCALARBASE::Ay
   MAGSCALARBASE::Az
   MAGSCALARBASE::Aphi
   MAGSCALARBASE::phi1
   MAGSCALARBASE::phi2
   MAGSCALARBASE::Kphi1
   MAGSCALARBASE::Kphi2
   MAGSCALAREVOLVE::gc
INFO (CarpetIOASCII): I/O Method 'IOASCII_2D' registered: 2D AMR output of grid variables to ASCII files
INFO (CarpetIOASCII): I/O Method 'IOASCII_3D' registered: 3D AMR output of grid variables to ASCII files
INFO (CarpetIOHDF5): I/O Method 'IOHDF5' registered: AMR output of grid variables to HDF5 files
INFO (CarpetIOHDF5): I/O Method 'IOHDF5_0D' registered: 0D AMR output of grid variables to HDF5 files
INFO (CarpetIOHDF5): I/O Method 'IOHDF5_1D' registered: 1D AMR output of grid variables to HDF5 files
INFO (CarpetIOHDF5): I/O Method 'IOHDF5_2D' registered: 2D AMR output of grid variables to HDF5 files
INFO (CarpetIOHDF5): Periodic 2D AMR output requested for:
   MAGSCALARANALYSIS::rho_phi
   MAGSCALARANALYSIS::rho_e
   SPACEMASK::space_mask
INFO (CarpetIOHDF5): I/O Method 'IOHDF5_3D' registered: 3D AMR output of grid variables to HDF5 files
INFO (MoL): Using Runge-Kutta 4 as the time integrator.
INFO (SymBase): Symmetry on lower z-face: reflection_symmetry
INFO (MoL): The maximum number of evolved variables is 1864. 37 are registered.
INFO (MoL): The maximum number of slow evolved variables is 1864. 0 are registered.
INFO (MoL): The maximum number of constrained variables is 1864. 12 are registered.
INFO (MoL): The maximum number of SandR variables is 1864. 0 are registered.
INFO (MoL): The maximum number of evolved array variables is 1864. 0 are registered.
INFO (MoL): The maximum number of constrained array variables is 1864. 0 are registered.
INFO (MoL): The maximum number of SandR array variables is 1864. 0 are registered.
INFO (MoL): The maximum size of any array variables is 0.
INFO (Vectors): Testing vectorisation... [errors may result in segfaults]
INFO (Vectors): 101/101 tests passed 
INFO (CarpetRegrid2): Enforcing grid structure properties, iteration 0
INFO (CarpetRegrid2): Enforcing grid structure properties, iteration 1
INFO (CarpetRegrid2): Enforcing grid structure properties, iteration 0
INFO (CarpetRegrid2): Enforcing grid structure properties, iteration 1
INFO (CarpetRegrid2): Enforcing grid structure properties, iteration 0
INFO (CarpetRegrid2): Enforcing grid structure properties, iteration 1
INFO (CarpetRegrid2): Enforcing grid structure properties, iteration 0
INFO (CarpetRegrid2): Enforcing grid structure properties, iteration 1
INFO (CarpetRegrid2): Enforcing grid structure properties, iteration 0
INFO (CarpetRegrid2): Enforcing grid structure properties, iteration 1
INFO (CarpetRegrid2): Enforcing grid structure properties, iteration 0
INFO (CarpetRegrid2): Enforcing grid structure properties, iteration 1
INFO (CarpetRegrid2): Enforcing grid structure properties, iteration 0
INFO (CarpetRegrid2): Enforcing grid structure properties, iteration 1
INFO (CarpetRegrid2): Enforcing grid structure properties, iteration 0
INFO (CarpetRegrid2): Enforcing grid structure properties, iteration 1
INFO (CarpetRegrid2): Enforcing grid structure properties, iteration 0
INFO (CarpetRegrid2): Enforcing grid structure properties, iteration 1
INFO (Carpet): Grid structure (superregions, grid points):
   [0][0][0]   exterior: [0,0,0] : [260,260,133]   ([261,261,134] + PADDING) 9128214
   [1][0][0]   exterior: [123,123,3] : [397,397,143]   ([275,275,141] + PADDING) 10663125
   [2][0][0]   exterior: [383,383,9] : [657,657,149]   ([275,275,141] + PADDING) 10663125
   [3][0][0]   exterior: [903,903,21] : [1177,1177,161]   ([275,275,141] + PADDING) 10663125
   [4][0][0]   exterior: [1943,1943,45] : [2217,2217,185]   ([275,275,141] + PADDING) 10663125
   [5][0][0]   exterior: [4023,4023,93] : [4297,4297,233]   ([275,275,141] + PADDING) 10663125
   [6][0][0]   exterior: [8183,8183,189] : [8457,8457,329]   ([275,275,141] + PADDING) 10663125
   [7][0][0]   exterior: [16503,16503,381] : [16777,16777,521]   ([275,275,141] + PADDING) 10663125
   [8][0][0]   exterior: [33143,33143,765] : [33417,33417,905]   ([275,275,141] + PADDING) 10663125
   [9][0][0]   exterior: [66423,66423,1533] : [66697,66697,1673]   ([275,275,141] + PADDING) 10663125
INFO (Carpet): Grid structure (superregions, coordinates):
   [0][0][0]   exterior: [-260,-260,-6] : [260,260,260] : [2,2,2]
   [1][0][0]   exterior: [-137,-137,-3] : [137,137,137] : [1,1,1]
   [2][0][0]   exterior: [-68.5,-68.5,-1.5] : [68.5,68.5,68.5] : [0.5,0.5,0.5]
   [3][0][0]   exterior: [-34.25,-34.25,-0.75] : [34.25,34.25,34.25] : [0.25,0.25,0.25]
   [4][0][0]   exterior: [-17.125,-17.125,-0.375] : [17.125,17.125,17.125] : [0.125,0.125,0.125]
   [5][0][0]   exterior: [-8.5625,-8.5625,-0.1875] : [8.5625,8.5625,8.5625] : [0.0625,0.0625,0.0625]
   [6][0][0]   exterior: [-4.28125,-4.28125,-0.09375] : [4.28125,4.28125,4.28125] : [0.03125,0.03125,0.03125]
   [7][0][0]   exterior: [-2.140625,-2.140625,-0.046875] : [2.140625,2.140625,2.140625] : [0.015625,0.015625,0.015625]
   [8][0][0]   exterior: [-1.0703125,-1.0703125,-0.0234375] : [1.0703125,1.0703125,1.0703125] : [0.0078125,0.0078125,0.0078125]
   [9][0][0]   exterior: [-0.53515625,-0.53515625,-0.01171875] : [0.53515625,0.53515625,0.53515625] : [0.00390625,0.00390625,0.00390625]
INFO (Carpet): Global grid structure statistics:
INFO (Carpet): GF: rhs: 8520k active, 10434k owned (+22%), 16898k total (+62%), 1.02e+03 steps/time
INFO (Carpet): GF: vars: 284, pts: 24142M active, 29039M owned (+20%), 47163M total (+62%), 1.0 comp/proc
INFO (Carpet): GA: vars: 1658, pts: 872M active, 872M total (+0%)
INFO (Carpet): Total required memory: 385.461 GByte (for GAs and currently active GFs)
INFO (Carpet): Load balance:  min     avg     max     sdv     max/avg-1
INFO (Carpet): Level  0:       7M      9M     11M      1M owned     14%
INFO (Carpet): Level  1:      11M     12M     13M      1M owned      8%
INFO (Carpet): Level  2:      11M     12M     13M      1M owned      8%
INFO (Carpet): Level  3:      11M     12M     13M      1M owned      8%
INFO (Carpet): Level  4:      11M     12M     13M      1M owned      8%
INFO (Carpet): Level  5:      11M     12M     13M      1M owned      8%
INFO (Carpet): Level  6:      11M     12M     13M      1M owned      8%
INFO (Carpet): Level  7:      11M     12M     13M      1M owned      8%
INFO (Carpet): Level  8:      11M     12M     13M      1M owned      8%
INFO (Carpet): Level  9:      11M     12M     13M      1M owned      8%
INFO (CartGrid3D): Grid Spacings:
INFO (CartGrid3D): dx=>2.0000000e+00  dy=>2.0000000e+00  dz=>2.0000000e+00
INFO (CartGrid3D): Computational Coordinates:
INFO (CartGrid3D): x=>[-260.000,260.000]  y=>[-260.000,260.000]  z=>[-6.000,260.000]
INFO (CartGrid3D): Indices of Physical Coordinates:
INFO (CartGrid3D): x=>[0,260]  y=>[0,260]  z=>[0,133]
INFO (AHFinderDirect): setting up AHFinderDirect data structures
INFO (AHFinderDirect):            to search for 6 horizons on 256 processors
INFO (AHFinderDirect):       constructing full sphere patch system
INFO (AHFinderDirect):                    at origin (0,0,0)
INFO (AHFinderDirect):                    with 18 angular zones per right angle
INFO (AHFinderDirect):       ==> 2166 nominal, 3174 ghosted angular grid points
INFO (AHFinderDirect):       constructing full sphere patch system
INFO (AHFinderDirect):                    at origin (0,0,0)
INFO (AHFinderDirect):                    with 18 angular zones per right angle
INFO (AHFinderDirect):       ==> 2166 nominal, 3174 ghosted angular grid points
INFO (AHFinderDirect):       constructing full sphere patch system
INFO (AHFinderDirect):                    at origin (0,0,0)
INFO (AHFinderDirect):                    with 18 angular zones per right angle
INFO (AHFinderDirect):       ==> 2166 nominal, 3174 ghosted angular grid points
INFO (AHFinderDirect):       constructing full sphere patch system
INFO (AHFinderDirect):                    at origin (0,0,0)
INFO (AHFinderDirect):                    with 18 angular zones per right angle
INFO (AHFinderDirect):       ==> 2166 nominal, 3174 ghosted angular grid points
INFO (AHFinderDirect):       constructing full sphere patch system
INFO (AHFinderDirect):                    at origin (0,0,0)
INFO (AHFinderDirect):                    with 18 angular zones per right angle
INFO (AHFinderDirect):       ==> 2166 nominal, 3174 ghosted angular grid points
INFO (AHFinderDirect):       constructing full sphere patch system
INFO (AHFinderDirect):                    at origin (0,0,0)
INFO (AHFinderDirect):                    with 18 angular zones per right angle
INFO (AHFinderDirect):       ==> 2166 nominal, 3174 ghosted angular grid points
INFO (TerminationTrigger): Reminding you every 0 minutes about remaining walltime
INFO (Time): Timestep set to 0.8 (courant_static)
INFO (MagScalarInit): Step size in input file, h=0.00166667
INFO (QuasiLocalMeasures): Initialising Quasi-Local Measure calculations
INFO (TerminationTrigger): Reminding you every 0 minutes about remaining walltime
INFO (Time): Timestep set to 0.4 (courant_static)
INFO (MagScalarInit): Step size in input file, h=0.00166667
INFO (TerminationTrigger): Reminding you every 0 minutes about remaining walltime
INFO (Time): Timestep set to 0.2 (courant_static)
INFO (MagScalarInit): Step size in input file, h=0.00166667
INFO (TerminationTrigger): Reminding you every 0 minutes about remaining walltime
INFO (Time): Timestep set to 0.1 (courant_static)
INFO (MagScalarInit): Step size in input file, h=0.00166667
INFO (TerminationTrigger): Reminding you every 0 minutes about remaining walltime
INFO (Time): Timestep set to 0.05 (courant_static)
INFO (MagScalarInit): Step size in input file, h=0.00166667
INFO (TerminationTrigger): Reminding you every 0 minutes about remaining walltime
INFO (Time): Timestep set to 0.025 (courant_static)
INFO (MagScalarInit): Step size in input file, h=0.00166667
INFO (TerminationTrigger): Reminding you every 0 minutes about remaining walltime
INFO (Time): Timestep set to 0.0125 (courant_static)
INFO (MagScalarInit): Step size in input file, h=0.00166667
INFO (TerminationTrigger): Reminding you every 0 minutes about remaining walltime
INFO (Time): Timestep set to 0.00625 (courant_static)
INFO (MagScalarInit): Step size in input file, h=0.00166667
INFO (TerminationTrigger): Reminding you every 0 minutes about remaining walltime
INFO (Time): Timestep set to 0.003125 (courant_static)
INFO (MagScalarInit): Step size in input file, h=0.00166667
INFO (TerminationTrigger): Reminding you every 0 minutes about remaining walltime
INFO (Time): Timestep set to 0.0015625 (courant_static)
INFO (MagScalarInit): Step size in input file, h=0.00166667
INFO (AHFinderDirect): proc 0: searching for horizon 1/6
INFO (AHFinderDirect): AH 5/6: r=179.243 at (-0.000998,-0.000000,-0.000018)
INFO (AHFinderDirect): AH 5/6: area=407163.2611 m_irreducible=90.00142058
INFO (AHFinderDirect): AH 6/6: r=239.243 at (-0.001007,0.000002,-0.000060)
INFO (AHFinderDirect): AH 6/6: area=723835.2758 m_irreducible=120.0010219
INFO (AHFinderDirect): AH 2/6: r=29.2385 at (-0.001000,-0.000000,-0.000000)
INFO (AHFinderDirect): AH 2/6: area=11310.08456 m_irreducible=15.00023277
INFO (AHFinderDirect): AH 3/6: r=79.24 at (-0.001000,-0.000000,-0.000000)
INFO (AHFinderDirect): AH 3/6: area=80424.89597 m_irreducible=40.00003085
INFO (AHFinderDirect): AH 4/6: r=99.2402 at (-0.001000,-0.000000,-0.000000)
INFO (AHFinderDirect): AH 4/6: area=125663.8029 m_irreducible=50.00001925
INFO (AHFinderDirect): AH 1/6: r=0.300001 at (-0.001000,-0.000000,0.000000)
INFO (AHFinderDirect): AH 1/6: area=22.56327812 m_irreducible=0.6699866832
INFO (QuasiLocalMeasures): Calculating quasi-local quantities for surface    0
INFO (QuasiLocalMeasures): Importing from spherical surface    0
INFO (QuasiLocalMeasures): Geometric quantities for surface    0:
INFO (QuasiLocalMeasures):    Area A:                            22.5632
INFO (QuasiLocalMeasures):    Irreducible mass M = R/2:         0.669986
INFO (QuasiLocalMeasures):    Areal radius R = sqrt(A/4pi):      1.33997
INFO (QuasiLocalMeasures): Coordinate-dependent quantities for surface    0:
INFO (QuasiLocalMeasures):    Equatorial circumference:             8.41929
INFO (QuasiLocalMeasures):    Polar circumference at phi=0:         8.40142
INFO (QuasiLocalMeasures):    Polar circumference at phi=pi/2:      8.41777
INFO (QuasiLocalMeasures):    Spin guess J from distortion:        0.374753E-03
INFO (QuasiLocalMeasures):    Mass guess M from distortion:        0.669986
INFO (QuasiLocalMeasures): Isolated Horizon quantities for surface    0:
INFO (QuasiLocalMeasures):    Killing vector field eigenvalue norm:      1.00000
INFO (QuasiLocalMeasures):    Spin J:                                    0.00000
INFO (QuasiLocalMeasures):    Kerr spin parameter a = J/M:               0.00000
INFO (QuasiLocalMeasures):    Dimensionless spin parameter a = J/M^2:    0.00000
INFO (QuasiLocalMeasures):    Spin J from NP:                          -0.231186E-18
INFO (QuasiLocalMeasures):    Spin J from phi-coordinate-vector:         0.00000
INFO (QuasiLocalMeasures):    Mass M:                                   0.669986
INFO (QuasiLocalMeasures): Global quantities for surface    0:
INFO (QuasiLocalMeasures):    ADM energy:                 -13.2697
INFO (QuasiLocalMeasures):    ADM momentum x:              0.00000
INFO (QuasiLocalMeasures):    ADM momentum y:              0.00000
INFO (QuasiLocalMeasures):    ADM momentum z:              0.00000
INFO (QuasiLocalMeasures):    ADM angular momentum x:      0.00000
INFO (QuasiLocalMeasures):    ADM angular momentum y:      0.00000
INFO (QuasiLocalMeasures):    ADM angular momentum z:      0.00000
INFO (QuasiLocalMeasures):    Weinberg energy:                  26.7329
INFO (QuasiLocalMeasures):    Weinberg momentum x:              0.00000
INFO (QuasiLocalMeasures):    Weinberg momentum y:              0.00000
INFO (QuasiLocalMeasures):    Weinberg momentum z:              0.00000
INFO (QuasiLocalMeasures):    Weinberg angular momentum x:      0.00000
INFO (QuasiLocalMeasures):    Weinberg angular momentum y:      0.00000
INFO (QuasiLocalMeasures):    Weinberg angular momentum z:      0.00000
------------------------------------------------------------------------------------
Iteration      Time | *me_per_hour |     LEANBSSNMOL::conf_fac | *TISTICS::maxrss_mb
                    |              |      minimum      maximum |   minimum   maximum
------------------------------------------------------------------------------------
        0     0.000 |    0.0000000 |    0.2238614    0.9982906 |      1577      1832
INFO (Carpet): Terminating due to cctk_final_time at t = 0.000000
INFO (TimerReport): Timer Report before terminating at iteration 0 time 0
INFO (TimerReport): Top timers at iteration 0 time 0
======================================================================
    %    Time/s   Min/s   Max/s   Timer (gettimeofday)
======================================================================
100.0   79.2599 79.1687 79.4000   main/Initialise
 99.9   79.1416 79.0212 79.2854   meta mode/meta mode/global mode
 65.0   51.5310 51.4582 51.6629   main/Initialise/CallAnalysis
 50.3   39.8582 39.0792 42.0813   main/Initialise/CallAnalysis/OutputGH
 50.3   39.8582 39.0792 42.0812   main/Initialise/CallAnalysis/OutputGH/OutputGH
 49.5   39.2326 38.9637 39.6248   main/Initialise/CallAnalysis/OutputGH/OutputGH/IOASCII::IOASCII_1D [2]
 49.5   39.2325 38.9635 39.6248   main/Initialise/CallAnalysis/OutputGH/OutputGH/IOASCII::IOASCII_1D [2]/OutputGH<1>
 39.8   31.5826 31.5788 31.5963   main/CarpetStartup
 39.8   31.5434 31.5180 31.5601   main/CarpetStartup/CarpetLib::gh::regrid
 39.8   31.5416 31.5160 31.5583   main/CarpetStartup/CarpetLib::gh::regrid/CarpetLib::dh::regrid
 23.7   18.7489 18.6535 18.8223   main/Initialise/CallInitial
 22.8   18.0636 17.9261 18.1807   main/CarpetStartup/CarpetLib::gh::regrid/CarpetLib::dh::regrid/bcast_comm
 19.8   15.6937 15.2692 16.6382   meta mode/meta mode/global mode/level(0)
 14.7   11.6620  9.5597 12.3890   main/Initialise/CallAnalysis/CCTK_ANALYSIS
 14.7   11.6343  9.2754 12.3620   main/Initialise/CallAnalysis/CCTK_ANALYSIS/CallFunction
 12.4    9.8365  9.7335  9.9339   main/CarpetStartup/CarpetLib::gh::regrid/CarpetLib::dh::regrid/bcast_comm/ref_refl_prol
 12.4    9.8342  9.7313  9.9311   main/CarpetStartup/CarpetLib::gh::regrid/CarpetLib::dh::regrid/bcast_comm/ref_refl_prol/CarpetLib::dh::bs2
 11.6    9.2254  9.1959  9.2791   main/Initialise/CallInitial/CallRegridInitialMeta
 11.6    9.1682  9.1595  9.2108   main/Initialise/CallInitial/CallRegridInitialMeta/Regrid
 11.2    8.8640  8.5812  9.1803   main/Initialise/CallAnalysis/CCTK_ANALYSIS/CallFunction/thorns
 11.1    8.8294  8.7371  8.9939   main/Initialise/CallInitial/CallRegridInitialMeta/Regrid/RegridMap
 11.1    8.8285  8.7368  8.8494   main/Initialise/CallInitial/CallRegridInitialMeta/Regrid/RegridMap/CarpetLib::gh::regrid
 11.1    8.8280  8.7364  8.8489   main/Initialise/CallInitial/CallRegridInitialMeta/Regrid/RegridMap/CarpetLib::gh::regrid/CarpetLib::dh::regrid
  9.3    7.4103  6.7353  7.7166   main/CarpetStartup/CarpetLib::gh::regrid/CarpetLib::dh::regrid/bcast_boxes
  8.8    7.0115  6.1856  7.4260   meta mode/meta mode/global mode/level(1)
  8.3    6.5774  6.4367  6.7378   meta mode/meta mode/global mode/level(9)
  8.2    6.5216  5.9156  7.0564   main/Initialise/CallInitial/CCTK_POSTINITIAL
  8.2    6.5199  5.9139  7.0549   main/Initialise/CallInitial/CCTK_POSTINITIAL/CallFunction
  7.1    5.6406  5.4502  5.8608   meta mode/meta mode/global mode/level(4)
  7.0    5.5740  5.3908  5.7530   meta mode/meta mode/global mode/level(2)
  6.9    5.4619  5.2171  5.6516   meta mode/meta mode/global mode/level(6)
  6.8    5.3959  5.2593  5.5626   meta mode/meta mode/global mode/level(8)
  6.8    5.3707  5.2930  5.5126   main/Initialise/CallPostInitial
  6.8    5.3657  5.2876  5.5084   main/Initialise/CallPostInitial/CCTK_POSTSTEP
  6.8    5.3650  5.2867  5.5078   main/Initialise/CallPostInitial/CCTK_POSTSTEP/CallFunction
  6.8    5.3522  5.1485  5.5554   meta mode/meta mode/global mode/level(7)
  6.7    5.3276  5.2463  5.4901   main/Initialise/CallPostInitial/CCTK_POSTSTEP/CallFunction/thorns
  6.6    5.2542  5.0773  5.4311   meta mode/meta mode/global mode/level(3)
  6.3    4.9823  4.7812  5.2486   meta mode/meta mode/global mode/level(5)
  6.0    4.7292  4.6636  4.8114   [0143] AHFinderDirect: AHFinderDirect_find_horizons in CCTK_POSTSTEP
======================================================================
==================================================================================================================================================================================================
Thorn           | Scheduled routine in time bin           | gettimeofday [secs] | getrusage [secs] | cycle [secs] | cycle[avg] [secs] | cycle[sdv] [secs] | cycle[min] [secs] | cycle[max] [secs] 
==================================================================================================================================================================================================
Carpet          | Multi-model Startup routine             |          0.98527700 |       0.86859400 |   0.00000000 |        0.00000000 |        0.00000000 |        0.00000000 |        0.00000000 
CycleClock      | Set up CycleClock                       |          0.10126400 |       0.09979100 |   0.00000157 |        0.00000157 |        0.00000000 |        0.00000157 |        0.00000157 
LoopControl     | Set up LoopControl                      |          0.00136100 |       0.00001800 |   0.00136117 |        0.00136117 |        0.00000000 |        0.00136117 |        0.00136117 
Timers          | Prepare hierarchical timers             |          0.00009100 |       0.00002400 |   0.00009100 |        0.00009100 |        0.00000000 |        0.00009100 |        0.00009100 
Carpet          | Startup routine                         |          0.00000100 |       0.00000000 |   0.00000154 |        0.00000154 |        0.00000000 |        0.00000154 |        0.00000154 
IOUtil          | Startup routine                         |          0.00006600 |       0.00001700 |   0.00006659 |        0.00006659 |        0.00000000 |        0.00006659 |        0.00006659 
CarpetIOScalar  | Startup routine                         |          0.00015100 |       0.00000000 |   0.00015070 |        0.00015070 |        0.00000000 |        0.00015070 |        0.00015070 
CarpetInterp    | Startup routine                         |          0.00005100 |       0.00000000 |   0.00005090 |        0.00005090 |        0.00000000 |        0.00005090 |        0.00005090 
CarpetReduce    | Startup routine                         |          0.00010500 |       0.00000000 |   0.00010482 |        0.00010482 |        0.00000000 |        0.00010482 |        0.00010482 
CartGrid3D      | Register GH Extension for GridSymmetry  |          0.00000100 |       0.00000000 |   0.00000082 |        0.00000082 |        0.00000000 |        0.00000082 |        0.00000082 
CoordBase       | Register a GH extension to store the coo|          0.00000100 |       0.00000000 |   0.00000074 |        0.00000074 |        0.00000000 |        0.00000074 |        0.00000074 
AEILocalInterp  | register CCTK_InterpLocalUniform() inter|          0.00000200 |       0.00000000 |   0.00000176 |        0.00000176 |        0.00000000 |        0.00000176 |        0.00000176 
CarpetIOASCII   | Startup routine                         |          0.00029400 |       0.00000000 |   0.00029393 |        0.00029393 |        0.00000000 |        0.00029393 |        0.00029393 
LeanBSSNMoL     | Register slicing                        |          0.00006900 |       0.00000000 |   0.00006915 |        0.00006915 |        0.00000000 |        0.00006915 |        0.00006915 
LocalInterp     | register LocalInterp's interpolation ope|          0.00000100 |       0.00000000 |   0.00000074 |        0.00000074 |        0.00000000 |        0.00000074 |        0.00000074 
CarpetIOBasic   | Startup routine                         |          0.00006700 |       0.00000000 |   0.00006705 |        0.00006705 |        0.00000000 |        0.00006705 |        0.00006705 
MagScalarEvolve | Register the masks for excision         |          0.00008500 |       0.00000000 |   0.00008507 |        0.00008507 |        0.00000000 |        0.00008507 |        0.00008507 
MoL             | Startup banner                          |          0.00015600 |       0.00000000 |   0.00015598 |        0.00015598 |        0.00000000 |        0.00015598 |        0.00015598 
SymBase         | Register GH Extension for SymBase       |          0.00000300 |       0.00000100 |   0.00000305 |        0.00000305 |        0.00000000 |        0.00000305 |        0.00000305 
TerminationTrigg| Start signal handler                    |          0.00009500 |       0.00000000 |   0.00009547 |        0.00009547 |        0.00000000 |        0.00009547 |        0.00009547 
CarpetIOHDF5    | Startup routine                         |          0.00045500 |       0.00000000 |   0.00045572 |        0.00045572 |        0.00000000 |        0.00045572 |        0.00045572 
Vectors         | Print startup message                   |          0.00051400 |       0.00000000 |   0.00051416 |        0.00051416 |        0.00000000 |        0.00051416 |        0.00051416 
hwloc           | Output hwloc version                    |          0.00004300 |       0.00000000 |   0.00004270 |        0.00004270 |        0.00000000 |        0.00004270 |        0.00004270 
--------------------------------------------------------------------------------------------------------------------------------------------------------------------------------------------------
                | Total time for CCTK_STARTUP             |          1.09015300 |       0.96844500 |   0.00361461 |        0.00361461 |        0.00000000 |        0.00361461 |        0.00361461 
==================================================================================================================================================================================================
ADMBase         | Set up GF symmetries                    |          0.00004400 |       0.00003900 |   0.00004297 |        0.00004297 |        0.00000000 |        0.00004297 |        0.00004297 
Boundary        | Register boundary conditions that this t|          0.00001200 |       0.00001000 |   0.00001161 |        0.00001161 |        0.00000000 |        0.00001161 |        0.00001161 
CarpetRegrid2   | Initialise locations of refined regions |          0.00001700 |       0.00001500 |   0.00001656 |        0.00001656 |        0.00000000 |        0.00001656 |        0.00001656 
CartGrid3D      | Register coordinates for the Cartesian g|          0.00011600 |       0.00010300 |   0.00011614 |        0.00011614 |        0.00000000 |        0.00011614 |        0.00011614 
CoordGauge      | Initialize slicing, setup priorities for|          0.00001100 |       0.00000900 |   0.00001003 |        0.00001003 |        0.00000000 |        0.00001003 |        0.00001003 
CoordGauge      | Identify the slicing for the next iterat|          0.00000700 |       0.00000700 |   0.00000695 |        0.00000695 |        0.00000000 |        0.00000695 |        0.00000695 
MoL             | Set up the MoL bookkeeping index arrays |          0.00003300 |       0.00002900 |   0.00003363 |        0.00003363 |        0.00000000 |        0.00003363 |        0.00003363 
MoL             | Set the flag so it is ok to register wit|          0.00000700 |       0.00000600 |   0.00000679 |        0.00000679 |        0.00000000 |        0.00000679 |        0.00000679 
TmunuBase       | Set the stress_energy_state variable    |          0.00008300 |       0.00007400 |   0.00008321 |        0.00008321 |        0.00000000 |        0.00008321 |        0.00008321 
LeanBSSNMoL     | Register variables for MoL              |          0.00013000 |       0.00011500 |   0.00013025 |        0.00013025 |        0.00000000 |        0.00013025 |        0.00013025 
MagScalarEvolve | Register variables for MoL              |          0.00011200 |       0.00010000 |   0.00011168 |        0.00011168 |        0.00000000 |        0.00011168 |        0.00011168 
SpaceMask       | Set grid symmetries for mask            |          0.00000800 |       0.00000800 |   0.00000834 |        0.00000834 |        0.00000000 |        0.00000834 |        0.00000834 
SpaceMask       | Set grid symmetries for emask (compatibi|          0.00001000 |       0.00000900 |   0.00000961 |        0.00000961 |        0.00000000 |        0.00000961 |        0.00000961 
CartGrid3D      | Register symmetry boundaries            |          0.00008800 |       0.00008800 |   0.00008805 |        0.00008805 |        0.00000000 |        0.00008805 |        0.00008805 
ReflectionSymmet| Register reflection symmetry boundaries |          0.00001100 |       0.00001000 |   0.00001030 |        0.00001030 |        0.00000000 |        0.00001030 |        0.00001030 
SymBase         | Print symmetry boundary face description|          0.00001000 |       0.00001000 |   0.00000979 |        0.00000979 |        0.00000000 |        0.00000979 |        0.00000979 
MoL             | Report how many of each type of variable|          0.00009100 |       0.00009100 |   0.00009087 |        0.00009087 |        0.00000000 |        0.00009087 |        0.00009087 
--------------------------------------------------------------------------------------------------------------------------------------------------------------------------------------------------
                | Total time for CCTK_WRAGH               |          0.00079000 |       0.00072300 |   0.00078675 |        0.00078675 |        0.00000000 |        0.00078675 |        0.00078675 
==================================================================================================================================================================================================
ADMBase         | Check consistency of parameters         |          0.00001400 |       0.00001300 |   0.00001308 |        0.00001308 |        0.00000000 |        0.00001308 |        0.00001308 
Boundary        | Check dimension of grid variables       |          0.00000600 |       0.00000600 |   0.00000558 |        0.00000558 |        0.00000000 |        0.00000558 |        0.00000558 
Carpet          | Parameter checking routine              |          0.00002400 |       0.00002400 |   0.00002401 |        0.00002401 |        0.00000000 |        0.00002401 |        0.00002401 
CarpetLib       | Test prolongation operators             |          0.00002100 |       0.00002000 |   0.00002054 |        0.00002054 |        0.00000000 |        0.00002054 |        0.00002054 
CarpetMask      | Check parameters                        |          0.00000700 |       0.00000700 |   0.00000707 |        0.00000707 |        0.00000000 |        0.00000707 |        0.00000707 
CarpetRegrid2   | Check parameters                        |          0.00002800 |       0.00002700 |   0.00002729 |        0.00002729 |        0.00000000 |        0.00002729 |        0.00002729 
CartGrid3D      | Check coordinates for CartGrid3D        |          0.00000800 |       0.00000800 |   0.00000812 |        0.00000812 |        0.00000000 |        0.00000812 |        0.00000812 
Dissipation     | Check dissipation parameters for consist|          0.00001000 |       0.00001000 |   0.00000958 |        0.00000958 |        0.00000000 |        0.00000958 |        0.00000958 
Fortran         | Test whether Fortran parameters work cor|          0.00000700 |       0.00000700 |   0.00000680 |        0.00000680 |        0.00000000 |        0.00000680 |        0.00000680 
LeanBSSNMoL     | Check Lean parameters for consistency   |          0.00000500 |       0.00000600 |   0.00000552 |        0.00000552 |        0.00000000 |        0.00000552 |        0.00000552 
MoL             | Basic parameter checking                |          0.00000800 |       0.00000700 |   0.00000773 |        0.00000773 |        0.00000000 |        0.00000773 |        0.00000773 
Multipole       | Check Multipole parameters              |          0.00001000 |       0.00000900 |   0.00000899 |        0.00000899 |        0.00000000 |        0.00000899 |        0.00000899 
NPScalars       | Check NPScalars parameters for consisten|          0.00000600 |       0.00000600 |   0.00000587 |        0.00000587 |        0.00000000 |        0.00000587 |        0.00000587 
QuasiLocalMeasur| Check quasi-local parameter settings    |          0.00126900 |       0.00126300 |   0.00126912 |        0.00126912 |        0.00000000 |        0.00126912 |        0.00126912 
SphericalSurface| Check that all surface names are unique |          0.00000700 |       0.00000700 |   0.00000654 |        0.00000654 |        0.00000000 |        0.00000654 |        0.00000654 
TerminationTrigg| Check consitency of parameters          |          0.00000700 |       0.00000700 |   0.00000769 |        0.00000769 |        0.00000000 |        0.00000769 |        0.00000769 
TmunuBase       | Check that no deprecated parameters are |          0.00000600 |       0.00000600 |   0.00000576 |        0.00000576 |        0.00000000 |        0.00000576 |        0.00000576 
Vectors         | Run correctness tests.                  |          0.00003700 |       0.00003700 |   0.00003701 |        0.00003701 |        0.00000000 |        0.00003701 |        0.00003701 
--------------------------------------------------------------------------------------------------------------------------------------------------------------------------------------------------
                | Total time for CCTK_PARAMCHECK          |          0.00148000 |       0.00147000 |   0.00147629 |        0.00147629 |        0.00000000 |        0.00147629 |        0.00147629 
==================================================================================================================================================================================================
ADMBase         | Set the shift_state variable to 1       |          0.00192900 |       0.00147200 |   0.00192724 |        0.00019272 |        0.00018475 |        0.00007026 |        0.00025729 
ADMBase         | Set the dtlapse_state variable to 1     |          0.00023700 |       0.00018700 |   0.00023596 |        0.00002360 |        0.00000388 |        0.00002151 |        0.00002546 
ADMBase         | Set the dtshift_state variable to 1     |          0.00022800 |       0.00017500 |   0.00023092 |        0.00002309 |        0.00001557 |        0.00001967 |        0.00003730 
ADMMacros       | Initialize the local_spatial_order      |          0.00022200 |       0.00017500 |   0.00022042 |        0.00002204 |        0.00000419 |        0.00002011 |        0.00002389 
CartGrid3D      | Set up ranges for spatial 3D Cartesian c|          0.00031900 |       0.00026600 |   0.00031816 |        0.00003182 |        0.00007887 |        0.00002200 |        0.00010658 
CartGrid3D      | Set up spatial 3D Cartesian coordinates |          0.02095200 |       0.00880800 |   0.02095164 |        0.00209516 |        0.00129539 |        0.00147148 |        0.00262836 
SphericalSurface| Set surface resolution automatically    |          0.00052700 |       0.00007500 |   0.00052581 |        0.00005258 |        0.00048337 |        0.00000118 |        0.00051114 
AHFinderDirect  | setup data structures                   |          0.00973300 |       0.00870800 |   0.00973405 |        0.00097340 |        0.00922131 |        0.00000109 |        0.00972151 
Dissipation     | Ensure that there are enough ghost zones|          0.00427700 |       0.00205400 |   0.00427630 |        0.00042763 |        0.00042540 |        0.00018423 |        0.00058619 
LeanBSSNMoL     | Register symmetries of the BSSN grid fun|          0.00023700 |       0.00021800 |   0.00023457 |        0.00002346 |        0.00020965 |        0.00000114 |        0.00022235 
LeanBSSNMoL     | Set all rhs functions to zero to prevent|          0.07736900 |       0.00311200 |   0.07736686 |        0.00773669 |        0.00763465 |        0.00337448 |        0.01028428 
MagScalarBase   | Register symmetries of the grid function|          0.00011900 |       0.00010100 |   0.00012002 |        0.00001200 |        0.00008904 |        0.00000151 |        0.00009645 
MagScalarEvolve | Schedule symmetries                     |          0.00083900 |       0.00079800 |   0.00083900 |        0.00008390 |        0.00078198 |        0.00000113 |        0.00082575 
MagScalarEvolve | set all rhs functions to zero to prevent|          0.05881200 |       0.00308300 |   0.05880898 |        0.00588090 |        0.00598844 |        0.00281977 |        0.00804049 
NPScalars       | Set symmetries for grid functions       |          0.00048300 |       0.00033200 |   0.00048238 |        0.00004824 |        0.00043414 |        0.00000143 |        0.00046009 
NPScalars_MagSca| Set symmetries for grid functions       |          0.00017400 |       0.00015600 |   0.00017696 |        0.00001770 |        0.00015333 |        0.00000116 |        0.00016315 
NaNChecker      | Reset the NaNChecker::NaNsFound counter |          0.00004200 |       0.00002900 |   0.00004320 |        0.00000432 |        0.00002672 |        0.00000117 |        0.00002966 
SpaceMask       | Initialise mask to zero                 |          0.00395800 |       0.00231900 |   0.00395779 |        0.00039578 |        0.00037650 |        0.00019555 |        0.00052932 
SpaceMask       | Set old style mask to one               |          0.00374200 |       0.00074000 |   0.00373936 |        0.00037394 |        0.00035777 |        0.00018715 |        0.00049164 
SphericalSurface| Calculate surface coordinate descriptors|          0.00002900 |       0.00002100 |   0.00002852 |        0.00000285 |        0.00001491 |        0.00000119 |        0.00001700 
CarpetReduce    | Allocate the weight function            |          0.00018400 |       0.00017800 |   0.00018416 |        0.00001842 |        0.00016416 |        0.00000099 |        0.00017415 
CarpetReduce    | Initialise the weight function          |          0.00315400 |       0.00213300 |   0.00314100 |        0.00031410 |        0.00296708 |        0.00000110 |        0.00312892 
CarpetReduce    | Set up the outer boundaries of the weigh|          0.00127500 |       0.00124600 |   0.00127382 |        0.00012738 |        0.00119600 |        0.00000108 |        0.00126201 
CarpetReduce    | Set up the weight function for the restr|          0.00146000 |       0.00143800 |   0.00145842 |        0.00014584 |        0.00137080 |        0.00000115 |        0.00144629 
CarpetMask      | Set up the weight function for the exclu|          0.00029300 |       0.00027900 |   0.00028792 |        0.00002879 |        0.00026139 |        0.00000110 |        0.00027677 
CarpetMask      | Set up the weight function for the exclu|          0.00029700 |       0.00011400 |   0.00029604 |        0.00002960 |        0.00026720 |        0.00000116 |        0.00028309 
CarpetReduce    | Set the weight function                 |          0.00902800 |       0.00124000 |   0.00902870 |        0.00090287 |        0.00855377 |        0.00000109 |        0.00901768 
CarpetReduce    | Test the weight function                |          0.04915200 |       0.04841400 |   0.04914721 |        0.00491472 |        0.04661215 |        0.00000116 |        0.04913489 
SphericalSurface| Set surface radii to be used for initial|          0.00003500 |       0.00002400 |   0.00003397 |        0.00000340 |        0.00001931 |        0.00000112 |        0.00002171 
SphericalSurface| Test the state of the spherical surfaces|          0.00002500 |       0.00001500 |   0.00002343 |        0.00000234 |        0.00001016 |        0.00000109 |        0.00001198 
SymBase         | Check whether the driver set up the grid|          0.00039600 |       0.00016200 |   0.00039769 |        0.00003977 |        0.00007098 |        0.00002778 |        0.00010612 
TerminationTrigg| Clear trigger state                     |          0.00024800 |       0.00007500 |   0.00024560 |        0.00002456 |        0.00000736 |        0.00002168 |        0.00002844 
TerminationTrigg| Start timer                             |          0.00052600 |       0.00010000 |   0.00052470 |        0.00005247 |        0.00007881 |        0.00002904 |        0.00012336 
TerminationTrigg| Create termination file                 |          0.04408800 |       0.00119000 |   0.04408510 |        0.00440851 |        0.01081106 |        0.00063012 |        0.01179453 
Time            | Initialise Time variables               |          0.00003700 |       0.00000600 |   0.00003372 |        0.00000337 |        0.00001171 |        0.00000164 |        0.00001440 
Time            | Set timestep based on Courant condition |          0.00018800 |       0.00004800 |   0.00018625 |        0.00001863 |        0.00001589 |        0.00001198 |        0.00002711 
--------------------------------------------------------------------------------------------------------------------------------------------------------------------------------------------------
                | Total time for CCTK_BASEGRID            |          0.29461400 |       0.08949100 |   0.29456589 |        0.02945659 |        0.10019766 |        0.00913048 |        0.11190933 
==================================================================================================================================================================================================
StaticConformal | Set the conformal_state variable to 0   |          0.00070200 |       0.00030700 |   0.00069939 |        0.00006994 |        0.00021507 |        0.00002932 |        0.00026568 
MagScalarInit   | Initial data for a static scalar cloud s|          0.63770700 |       0.36690400 |   0.63768813 |        0.06376881 |        0.02188306 |        0.05365497 |        0.08063588 
ADMBase         | Set the shift to 0 at all points        |          0.02208900 |       0.00387700 |   0.02208971 |        0.00220897 |        0.00350901 |        0.00135824 |        0.00441352 
ADMBase         | Set the dtlapse to 0 at all points      |          0.00745300 |       0.00172300 |   0.00745446 |        0.00074545 |        0.00124314 |        0.00045195 |        0.00153575 
ADMBase         | Set the dtshift to 0 at all points      |          0.02097500 |       0.00339400 |   0.02097405 |        0.00209741 |        0.00358221 |        0.00125867 |        0.00446506 
CarpetIOASCII   | Initialisation routine                  |          0.00004600 |       0.00000400 |   0.00004236 |        0.00000424 |        0.00002614 |        0.00000109 |        0.00002901 
CarpetIOBasic   | Initialisation routine                  |          0.00002600 |       0.00000300 |   0.00002447 |        0.00000245 |        0.00001054 |        0.00000107 |        0.00001243 
CarpetIOHDF5    | Initialisation routine                  |          0.00002700 |       0.00000300 |   0.00002690 |        0.00000269 |        0.00001362 |        0.00000106 |        0.00001560 
CarpetIOScalar  | Initialisation routine                  |          0.00002700 |       0.00000300 |   0.00002469 |        0.00000247 |        0.00001014 |        0.00000117 |        0.00001207 
LeanBSSNMoL     | Convert initial data into BSSN variables|          0.12457600 |       0.09589900 |   0.12457188 |        0.01245719 |        0.00591230 |        0.01058746 |        0.01621735 
LeanBSSNMoL     | Boundary enforcement                    |          0.90581400 |       0.86719300 |   0.90578745 |        0.09057874 |        0.11298592 |        0.02963727 |        0.14474120 
MoL             | Initialise the step size control        |          0.00007700 |       0.00007700 |   0.00007808 |        0.00000781 |        0.00000557 |        0.00000657 |        0.00001297 
PunctureTracker | Calculate initial location of punctures |          0.00009000 |       0.00008800 |   0.00008893 |        0.00000889 |        0.00007302 |        0.00000114 |        0.00007817 
QuasiLocalMeasur| Initialise quasi-local calculations     |          0.00015900 |       0.00015900 |   0.00015756 |        0.00001576 |        0.00013819 |        0.00000110 |        0.00014685 
Boundary        | Apply all requested local physical bound|          0.00155400 |       0.00123400 |   0.00155322 |        0.00015532 |        0.00017797 |        0.00011940 |        0.00031867 
CartGrid3D      | Apply symmetry boundary conditions      |          0.00031600 |       0.00026200 |   0.00031391 |        0.00003139 |        0.00001218 |        0.00002840 |        0.00004041 
ReflectionSymmet| Apply reflection symmetries             |          0.00173800 |       0.00143500 |   0.00174215 |        0.00017422 |        0.00010741 |        0.00014775 |        0.00027099 
Boundary        | Unselect all grid variables for boundary|          0.00005100 |       0.00003800 |   0.00004809 |        0.00000481 |        0.00000376 |        0.00000415 |        0.00000835 
--------------------------------------------------------------------------------------------------------------------------------------------------------------------------------------------------
                | Total time for CCTK_INITIAL             |          1.72342700 |       1.34260300 |   1.72336542 |        0.17233654 |        0.14990926 |        0.09729077 |        0.25321996 
==================================================================================================================================================================================================
CarpetIOHDF5    | Close all filereader input files        |          0.00007000 |       0.00001400 |   0.00006900 |        0.00000690 |        0.00005036 |        0.00000138 |        0.00005468 
MagScalarEvolve | Compute BSSN like quantities after gener|          0.06819900 |       0.05393100 |   0.06819871 |        0.00681987 |        0.00304619 |        0.00545452 |        0.00945171 
LeanBSSNMoL     | Remove trace of A                       |          0.01996300 |       0.01876900 |   0.01996170 |        0.00199617 |        0.00016536 |        0.00190464 |        0.00205508 
LeanBSSNMoL     | Make sure conformal factor does not drop|          0.00135900 |       0.00129100 |   0.00136006 |        0.00013601 |        0.00003321 |        0.00012426 |        0.00016208 
LeanBSSNMoL     | MoL boundary enforcement                |          1.34426200 |       1.27595800 |   1.34421985 |        0.13442199 |        0.21759014 |        0.03922492 |        0.27030945 
Boundary        | Apply all requested local physical bound|          0.00869000 |       0.00845800 |   0.00868119 |        0.00017362 |        0.00054517 |        0.00011211 |        0.00050787 
CartGrid3D      | Apply symmetry boundary conditions      |          0.00143200 |       0.00139300 |   0.00142913 |        0.00002858 |        0.00001708 |        0.00002592 |        0.00003896 
ReflectionSymmet| Apply reflection symmetries             |          0.00644500 |       0.00625000 |   0.00644725 |        0.00012895 |        0.00094671 |        0.00003266 |        0.00069609 
Boundary        | Unselect all grid variables for boundary|          0.00027400 |       0.00025800 |   0.00027384 |        0.00000548 |        0.00001764 |        0.00000391 |        0.00002089 
LeanBSSNMoL     | Convert variables back to the ADM ones  |          0.03308300 |       0.02982500 |   0.03308119 |        0.00330812 |        0.00742515 |        0.00132458 |        0.00790237 
MagScalarEvolve | MoL boundary enforcement for MagScalar v|          0.66971400 |       0.64057100 |   0.66969378 |        0.06696938 |        0.17605064 |        0.02548702 |        0.21517395 
TmunuBase       | Initialise the stress-energy tensor to z|          0.01814300 |       0.00529900 |   0.01814241 |        0.00181424 |        0.00192463 |        0.00106571 |        0.00317722 
MagScalarEvolve | Compute the energy-momentum tensor      |          0.15418300 |       0.15144800 |   0.15417863 |        0.01541786 |        0.00513145 |        0.01102675 |        0.01678723 
NPScalars       | calculate Psi4 as grid function         |          1.23150700 |       1.22035800 |   1.23146748 |        0.06157337 |        0.02173907 |        0.04661586 |        0.06550138 
NPScalars       | Symmetry boundary conditions            |          1.41130700 |       1.32847700 |   1.41126477 |        0.07056324 |        0.31588572 |        0.00962934 |        0.34583940 
NPScalars_MagSca| calculate grid functions                |          0.72464000 |       0.63160400 |   0.72461611 |        0.07246161 |        0.05784314 |        0.04981810 |        0.11746296 
NPScalars_MagSca| Symmetry boundary conditions            |          1.25811900 |       1.24150800 |   1.25808162 |        0.12580816 |        0.50886438 |        0.02106260 |        0.59654767 
--------------------------------------------------------------------------------------------------------------------------------------------------------------------------------------------------
                | Total time for CCTK_POSTINITIAL         |          6.95139000 |       6.61541200 |   6.95116672 |        0.56163355 |        1.31727605 |        0.21291426 |        1.65168898 
==================================================================================================================================================================================================
LeanBSSNMoL     | Remove trace of A                       |          0.03894300 |       0.03157100 |   0.03893922 |        0.00389392 |        0.00172460 |        0.00262322 |        0.00457053 
LeanBSSNMoL     | Make sure conformal factor does not drop|          0.00529200 |       0.00451300 |   0.00529041 |        0.00052904 |        0.00049327 |        0.00019673 |        0.00068859 
LeanBSSNMoL     | MoL boundary enforcement                |          1.06480500 |       1.03415800 |   1.06477068 |        0.10647707 |        0.14600472 |        0.03502206 |        0.19647130 
Boundary        | Apply all requested local physical bound|          0.00919000 |       0.00854300 |   0.00918617 |        0.00022965 |        0.00068649 |        0.00011919 |        0.00054050 
CartGrid3D      | Apply symmetry boundary conditions      |          0.00121200 |       0.00111000 |   0.00120773 |        0.00003019 |        0.00002109 |        0.00002668 |        0.00004516 
ReflectionSymmet| Apply reflection symmetries             |          0.00652400 |       0.00582200 |   0.00651945 |        0.00016299 |        0.00065742 |        0.00003544 |        0.00037522 
Boundary        | Unselect all grid variables for boundary|          0.00024500 |       0.00021900 |   0.00024247 |        0.00000606 |        0.00001190 |        0.00000406 |        0.00001006 
LeanBSSNMoL     | Convert variables back to the ADM ones  |          0.03414600 |       0.02419300 |   0.03414592 |        0.00341459 |        0.00241672 |        0.00263695 |        0.00502525 
MagScalarEvolve | MoL boundary enforcement for MagScalar v|          0.54620200 |       0.51309400 |   0.54618544 |        0.05461854 |        0.05563069 |        0.02966454 |        0.08543493 
TmunuBase       | Initialise the stress-energy tensor to z|          0.01605500 |       0.01218000 |   0.01605514 |        0.00160551 |        0.00146732 |        0.00088731 |        0.00270938 
MagScalarEvolve | Compute the energy-momentum tensor      |          0.16008900 |       0.15878800 |   0.16008495 |        0.01600849 |        0.00519820 |        0.01155034 |        0.01775747 
NPScalars       | Symmetry boundary conditions            |          0.17562300 |       0.16960400 |   0.17561650 |        0.01756165 |        0.03404460 |        0.00583549 |        0.04183876 
NPScalars_MagSca| Symmetry boundary conditions            |          0.24947600 |       0.22518900 |   0.24947211 |        0.02494721 |        0.03440602 |        0.01075693 |        0.04173911 
--------------------------------------------------------------------------------------------------------------------------------------------------------------------------------------------------
                | Total time for CCTK_POSTRESTRICTINITIAL |          2.30780200 |       2.18898400 |   2.30771618 |        0.22948493 |        0.28276305 |        0.09935893 |        0.39720626 
==================================================================================================================================================================================================
CarpetIOHDF5    | Initial data checkpoint routine         |          0.00026100 |       0.00022000 |   0.00025647 |        0.00002565 |        0.00020245 |        0.00000226 |        0.00021767 
--------------------------------------------------------------------------------------------------------------------------------------------------------------------------------------------------
                | Total time for CCTK_CPINITIAL           |          0.00026100 |       0.00022000 |   0.00025647 |        0.00002565 |        0.00020245 |        0.00000226 |        0.00021767 
==================================================================================================================================================================================================
AHFinderDirect  | import the excision mask                |          0.00818400 |       0.00267900 |   0.00818382 |        0.00081838 |        0.00775131 |        0.00000125 |        0.00817192 
AHFinderDirect  | find apparent horizon(s) after this time|          4.72629700 |       4.59381200 |   4.72614808 |        0.47261481 |        4.48360635 |        0.00000111 |        4.72613727 
AHFinderDirect  | store apparent horizon(s) into spherical|          0.00676500 |       0.00568500 |   0.00676570 |        0.00067657 |        0.00640430 |        0.00000134 |        0.00675222 
AHFinderDirect  | save apparent horizon(s) into Cactus var|          0.00012100 |       0.00010200 |   0.00012078 |        0.00001208 |        0.00009543 |        0.00000116 |        0.00010240 
AHFinderDirect  | set mask(s) based on apparent horizon po|          0.00270500 |       0.00205200 |   0.00270455 |        0.00027046 |        0.00029333 |        0.00021363 |        0.00053870 
SphericalSurface| Set surface radii                       |          0.00004900 |       0.00004300 |   0.00004947 |        0.00000495 |        0.00003550 |        0.00000115 |        0.00003863 
SphericalSurface| Test the state of the spherical surfaces|          0.00002800 |       0.00002300 |   0.00002650 |        0.00000265 |        0.00001301 |        0.00000111 |        0.00001499 
NaNChecker      | Prepare data structures to check for NaN|          0.00005400 |       0.00004000 |   0.00005223 |        0.00000522 |        0.00000907 |        0.00000379 |        0.00001379 
NaNChecker      | Check for NaNs                          |          0.03194500 |       0.02503600 |   0.03194477 |        0.00319448 |        0.00139682 |        0.00293512 |        0.00451215 
NaNChecker      | Count NaNs in NaNChecker::NaNsFound     |          0.47854600 |       0.47661800 |   0.47853265 |        0.04785326 |        0.17763252 |        0.01092496 |        0.16988531 
NaNChecker      | Output NaNChecker::NaNmask and take acti|          0.00013200 |       0.00012800 |   0.00013272 |        0.00001327 |        0.00011175 |        0.00000132 |        0.00011929 
PunctureTracker | Copy puncture positions to spherical sur|          0.00002500 |       0.00002400 |   0.00002659 |        0.00000266 |        0.00001306 |        0.00000114 |        0.00001504 
SpaceMask       | Ensure that all mask values are legal   |          0.00333200 |       0.00290000 |   0.00333304 |        0.00033330 |        0.00019627 |        0.00021334 |        0.00042904 
Dissipation     | Setup spatially varying dissipation     |          0.02942900 |       0.02592600 |   0.02942718 |        0.00294272 |        0.01439468 |        0.00077103 |        0.01581503 
CarpetReduce    | Allocate the weight function            |          0.00013600 |       0.00013100 |   0.00013484 |        0.00001348 |        0.00011425 |        0.00000127 |        0.00012188 
CarpetReduce    | Initialise the weight function          |          0.00248700 |       0.00196600 |   0.00248455 |        0.00024846 |        0.00234531 |        0.00000112 |        0.00247341 
CarpetReduce    | Set up the outer boundaries of the weigh|          0.00139200 |       0.00014200 |   0.00139013 |        0.00013901 |        0.00130266 |        0.00000113 |        0.00137482 
CarpetReduce    | Set up the weight function for the restr|          0.00154000 |       0.00127500 |   0.00154046 |        0.00015405 |        0.00144937 |        0.00000110 |        0.00152904 
CarpetMask      | Set up the weight function for the exclu|          0.00032700 |       0.00032800 |   0.00032792 |        0.00003279 |        0.00029883 |        0.00000111 |        0.00031629 
CarpetMask      | Set up the weight function for the exclu|          0.04209300 |       0.03887900 |   0.04209135 |        0.00420914 |        0.03991381 |        0.00000112 |        0.04207470 
CarpetReduce    | Set the weight function                 |          0.00609500 |       0.00603300 |   0.00609445 |        0.00060944 |        0.00576894 |        0.00000111 |        0.00608234 
CarpetReduce    | Test the weight function                |          0.08803900 |       0.08762600 |   0.08803534 |        0.00880353 |        0.08350535 |        0.00000118 |        0.08802366 
--------------------------------------------------------------------------------------------------------------------------------------------------------------------------------------------------
                | Total time for CCTK_POSTSTEP            |          5.42972100 |       5.27144800 |   5.42954711 |        0.54295471 |        4.82665192 |        0.01508059 |        5.07454190 
==================================================================================================================================================================================================
CarpetLib       | Print timing statistics if desired      |          0.00004200 |       0.00003600 |   0.00004308 |        0.00000431 |        0.00001788 |        0.00000153 |        0.00001976 
CarpetLib       | Print memory statistics if desired      |          0.00011000 |       0.00010600 |   0.00010850 |        0.00001085 |        0.00009045 |        0.00000115 |        0.00009666 
LeanBSSNMoL     | Compute constraints                     |          0.55869200 |       0.49447800 |   0.55867765 |        0.05586776 |        0.03977039 |        0.04105765 |        0.09197481 
LeanBSSNMoL     | Enforce symmetry BCs in constraint compu|          0.02598200 |       0.02456700 |   0.02598053 |        0.00259805 |        0.00592849 |        0.00052952 |        0.00802368 
Boundary        | Apply all requested local physical bound|          0.00581300 |       0.00549200 |   0.00581204 |        0.00014530 |        0.00036384 |        0.00007062 |        0.00034402 
CartGrid3D      | Apply symmetry boundary conditions      |          0.00117500 |       0.00109400 |   0.00116874 |        0.00002922 |        0.00001996 |        0.00002591 |        0.00004090 
ReflectionSymmet| Apply reflection symmetries             |          0.00211400 |       0.00200900 |   0.00211472 |        0.00005287 |        0.00015853 |        0.00002809 |        0.00010860 
Boundary        | Unselect all grid variables for boundary|          0.00020100 |       0.00019100 |   0.00019883 |        0.00000497 |        0.00000837 |        0.00000356 |        0.00001137 
LoopControl     | Output LoopControl statistics           |          0.00036300 |       0.00036200 |   0.00036369 |        0.00003637 |        0.00033285 |        0.00000121 |        0.00035214 
MagScalarAnalysi| Compute analysis quantities             |          0.08124000 |       0.05018100 |   0.08123746 |        0.00812375 |        0.01320110 |        0.00500368 |        0.02051033 
MagScalarAnalysi| Enforce BCs                             |          0.03342600 |       0.03083600 |   0.03342479 |        0.00334248 |        0.00574986 |        0.00157958 |        0.00790232 
MagScalarAnalysi| Compute volume integrals of analysis qua|          0.02069000 |       0.01861700 |   0.02069017 |        0.00206902 |        0.01961695 |        0.00000116 |        0.02067929 
MagScalarEvolve | Calculate constraints                   |          0.02325800 |       0.01864800 |   0.02325687 |        0.00232569 |        0.00173420 |        0.00159567 |        0.00385329 
MagScalarEvolve | Enforce symmetry BCs in constraint compu|          0.07939700 |       0.07862700 |   0.07939745 |        0.00793974 |        0.02177622 |        0.00074163 |        0.02565466 
Multipole       | Calculate Multipoles                    |          3.41563900 |       3.26664600 |   3.41553258 |        0.34155326 |        3.24024586 |        0.00000126 |        3.41552039 
NPScalars_MagSca| calculate grid functions                |          0.64918700 |       0.63411300 |   0.64916945 |        0.06491695 |        0.01561260 |        0.05030097 |        0.06823934 
NPScalars_MagSca| Symmetry boundary conditions            |          0.31926500 |       0.30764400 |   0.31925645 |        0.03192564 |        0.06383772 |        0.00512753 |        0.06996152 
QuasiLocalMeasur| Calculate quasi-local quantities        |          4.02422800 |       3.59728900 |   4.02410192 |        4.02410192 |        0.00000000 |        4.02410192 |        4.02410192 
SystemStatistics| Collect system statistics               |          0.00045000 |       0.00039000 |   0.00044678 |        0.00004468 |        0.00041136 |        0.00000125 |        0.00043493 
TerminationTrigg| Check elapsed job walltime              |          0.00206200 |       0.00104400 |   0.00206219 |        0.00020622 |        0.00162824 |        0.00003011 |        0.00175085 
TerminationTrigg| Check if we received a termination signa|          0.00029900 |       0.00026700 |   0.00030040 |        0.00003004 |        0.00001699 |        0.00002545 |        0.00004278 
TerminationTrigg| Check termination file                  |          0.03201100 |       0.00398200 |   0.03200964 |        0.00320096 |        0.00922129 |        0.00071313 |        0.01126174 
TimerReport     | Print the timer report                  |          0.00007000 |       0.00005600 |   0.00006336 |        0.00000634 |        0.00004320 |        0.00000145 |        0.00004730 
--------------------------------------------------------------------------------------------------------------------------------------------------------------------------------------------------
                | Total time for CCTK_ANALYSIS            |          9.27571400 |       8.53667500 |   9.27541727 |        4.54853638 |        3.43978636 |        4.13094402 |        7.77093259 
==================================================================================================================================================================================================
CarpetIOHDF5    | Termination checkpoint routine          |          0.00018700 |       0.00005200 |   0.00018427 |        0.00001843 |        0.00015145 |        0.00000133 |        0.00016192 
LoopControl     | Output LoopControl statistics           |          0.00010800 |       0.00001100 |   0.00010741 |        0.00001074 |        0.00009067 |        0.00000110 |        0.00009676 
MoL             | Free the MoL bookkeeping index arrays   |          0.00083400 |       0.00075900 |   0.00083520 |        0.00008352 |        0.00010154 |        0.00004757 |        0.00017294 
TimerReport     | Print the timer report                  |          2.90999800 |       2.84877000 |   2.90990805 |        0.29099080 |        2.76056894 |        0.00000115 |        2.90989645 
--------------------------------------------------------------------------------------------------------------------------------------------------------------------------------------------------
                | Total time for CCTK_TERMINATE           |          2.91112700 |       2.84959200 |   2.91103492 |        0.29110349 |        2.76091259 |        0.00005115 |        2.91032807 
==================================================================================================================================================================================================
Timers          | Prepare hierarchical timers             |          0.00040500 |       0.00038900 |   0.00040454 |        0.00040454 |        0.00000000 |        0.00040454 |        0.00040454 
--------------------------------------------------------------------------------------------------------------------------------------------------------------------------------------------------
                | Total time for CCTK_SHUTDOWN            |          0.00040500 |       0.00038900 |   0.00040454 |        0.00040454 |        0.00000000 |        0.00040454 |        0.00040454 
==================================================================================================================================================================================================
--------------------------------------------------------------------------------------------------------------------------------------------------------------------------------------------------
                | Total time for simulation               |         82.28680600 |      64.65923000 |  82.28423977 |       82.28423977 |        0.00000000 |       82.28423977 |       82.28423977 
==================================================================================================================================================================================================
--------------------------------------------------------------------------------
Done.
