--------------------------------------------------------------------------------

       10                                  
  1   0101       ************************  
  01  1010 10      The Cactus Code V4.16.0    
 1010 1101 011      www.cactuscode.org     
  1001 100101    ************************  
    00010101                               
     100011     (c) Copyright The Authors  
      0100      GNU Licensed. No Warranty  
      0101                                 
--------------------------------------------------------------------------------

Cactus version:    4.16.0
Compile date:      May 06 2025 (14:33:57)
Run date:          May 17 2025 (11:01:57+0100)
Run host:          cnx173.localdomain (pid=1008735)
Working directory: /projects/F202407872CPCAA2/jpmferreira/learn-cactus/simulations/cloud-stat_upper_alpha=0.1-q=0.3385-mu=1-gamma=3.97887-rh=0.1500-w=1.000_h=4/output-0000
Executable:        /projects/F202407872CPCAA2/jpmferreira/projects/cactus/exe/cactus_base_x86
Parameter file:    cloud-stat.par
--------------------------------------------------------------------------------

Activating thorn Cactus...Success -> active implementation Cactus
Activation requested for 
--->ADMBase ADMMacros AHFinderDirect AEILocalInterp Boundary Carpet CarpetInterp CarpetLib CarpetMask CarpetReduce CarpetRegrid2 CarpetSlab CarpetTracker CartGrid3D CoordBase CoordGauge Dissipation GenericFD InitBase LeanBSSNMoL LocalInterp LoopControl MoL Multipole NaNChecker NewRad PunctureTracker ReflectionSymmetry SpaceMask SphericalSurface StaticConformal SymBase Time TmunuBase Fortran GSL HDF5 MagScalarBase MagScalarInit MagScalarEvolve NPScalars_Proca QuasiLocalMeasures SystemStatistics TerminationTrigger TimerReport CarpetIOASCII CarpetIOBasic CarpetIOHDF5 CarpetIOScalar IOUtil<---
Thorn Carpet requests automatic activation of MPI
Thorn Carpet requests automatic activation of Timers
Thorn CarpetLib requests automatic activation of Vectors
Thorn CarpetLib requests automatic activation of Boost
Thorn CarpetLib requests automatic activation of CycleClock
Thorn HDF5 requests automatic activation of zlib
Thorn LoopControl requests automatic activation of hwloc
Thorn QuasiLocalMeasures requests automatic activation of LAPACK
Thorn QuasiLocalMeasures requests automatic activation of TGRtensor
Thorn LAPACK requests automatic activation of BLAS
Activating thorn ADMBase...Success -> active implementation ADMBase
Activating thorn ADMMacros...Success -> active implementation ADMMacros
Activating thorn AEILocalInterp...Success -> active implementation AEILocalInterp
Activating thorn AHFinderDirect...Success -> active implementation AHFinderDirect
Activating thorn BLAS...Success -> active implementation BLAS
Activating thorn Boost...Success -> active implementation Boost
Activating thorn Boundary...Success -> active implementation boundary
Activating thorn Carpet...Success -> active implementation Driver
Activating thorn CarpetInterp...Success -> active implementation interp
Activating thorn CarpetIOASCII...Success -> active implementation IOASCII
Activating thorn CarpetIOBasic...Success -> active implementation IOBasic
Activating thorn CarpetIOHDF5...Success -> active implementation IOHDF5
Activating thorn CarpetIOScalar...Success -> active implementation IOScalar
Activating thorn CarpetLib...Success -> active implementation CarpetLib
Activating thorn CarpetMask...Success -> active implementation CarpetMask
Activating thorn CarpetReduce...Success -> active implementation reduce
Activating thorn CarpetRegrid2...Success -> active implementation CarpetRegrid2
Activating thorn CarpetSlab...Success -> active implementation Hyperslab
Activating thorn CarpetTracker...Success -> active implementation CarpetTracker
Activating thorn CartGrid3D...Success -> active implementation grid
Activating thorn CoordBase...Success -> active implementation CoordBase
Activating thorn CoordGauge...Success -> active implementation CoordGauge
Activating thorn CycleClock...Success -> active implementation CycleClock
Activating thorn Dissipation...Success -> active implementation Dissipation
Activating thorn Fortran...Success -> active implementation Fortran
Activating thorn GenericFD...Success -> active implementation GenericFD
Activating thorn GSL...Success -> active implementation GSL
Activating thorn HDF5...Success -> active implementation HDF5
Activating thorn hwloc...Success -> active implementation hwloc
Activating thorn InitBase...Success -> active implementation InitBase
Activating thorn IOUtil...Success -> active implementation IO
Activating thorn LAPACK...Success -> active implementation LAPACK
Activating thorn LeanBSSNMoL...Success -> active implementation LeanBSSNMoL
Activating thorn LocalInterp...Success -> active implementation LocalInterp
Activating thorn LoopControl...Success -> active implementation LoopControl
Activating thorn MagScalarBase...Success -> active implementation MagScalarBase
Activating thorn MagScalarEvolve...Success -> active implementation MagScalarEvolve
Activating thorn MagScalarInit...Success -> active implementation MagScalarInit
Activating thorn MoL...Success -> active implementation MethodOfLines
Activating thorn MPI...Success -> active implementation MPI
Activating thorn Multipole...Success -> active implementation multipole
Activating thorn NaNChecker...Success -> active implementation NaNChecker
Activating thorn NewRad...Success -> active implementation NewRad
Activating thorn NPScalars_Proca...Success -> active implementation NPScalars_Proca
Activating thorn PunctureTracker...Success -> active implementation PunctureTracker
Activating thorn QuasiLocalMeasures...Success -> active implementation QuasiLocalMeasures
Activating thorn ReflectionSymmetry...Success -> active implementation ReflectionSymmetry
Activating thorn SpaceMask...Success -> active implementation SpaceMask
Activating thorn SphericalSurface...Success -> active implementation SphericalSurface
Activating thorn StaticConformal...Success -> active implementation StaticConformal
Activating thorn SymBase...Success -> active implementation SymBase
Activating thorn SystemStatistics...Success -> active implementation SystemStatistics
Activating thorn TerminationTrigger...Success -> active implementation TerminationTrigger
Activating thorn TGRtensor...Success -> active implementation TGRtensor
Activating thorn Time...Success -> active implementation time
Activating thorn TimerReport...Success -> active implementation timerreport
Activating thorn Timers...Success -> active implementation Timers
Activating thorn TmunuBase...Success -> active implementation TmunuBase
Activating thorn Vectors...Success -> active implementation Vectors
Activating thorn zlib...Success -> active implementation zlib
--------------------------------------------------------------------------------
  if (recover initial data)
    Recover parameters
  endif

  Startup routines
    [CCTK_STARTUP]
      Carpet::MultiModel_Startup: Multi-model Startup routine
      CycleClock::CycleClock_Setup: Set up CycleClock
      LoopControl::LC_setup: Set up LoopControl
      Timers::Timer_Startup: Prepare hierarchical timers
      Carpet::Driver_Startup: Startup routine
      IOUtil::IOUtil_Startup: Startup routine
      CarpetIOScalar::CarpetIOScalarStartup: [global] Startup routine
      CarpetInterp::CarpetInterpStartup: Startup routine
      CarpetReduce::CarpetReduceStartup: Startup routine
      CartGrid3D::SymmetryStartup: Register GH Extension for GridSymmetry
      CoordBase::CoordBase_Startup: Register a GH extension to store the coordinate system handles
      AEILocalInterp::AEILocalInterp_U_Startup: register CCTK_InterpLocalUniform() interpolation operators
      CarpetIOASCII::CarpetIOASCIIStartup: [global] Startup routine
      LeanBSSNMoL::LeanBSSN_RegisterSlicing: [meta] Register slicing
      LocalInterp::LocalInterp_Startup: register LocalInterp's interpolation operators
      CarpetIOBasic::CarpetIOBasicStartup: [global] Startup routine
      MagScalarEvolve::MagScalar_Analysis_RegisterMask: Register the masks for excision
      MoL::MoL_Startup: Startup banner
      SymBase::SymBase_Startup: Register GH Extension for SymBase
      TerminationTrigger::TerminationTrigger_StartSignalHandler: Start signal handler
      CarpetIOHDF5::CarpetIOHDF5_Startup: Startup routine
      Vectors::Vectors_Startup: Print startup message
      GROUP hwloc_startup: hwloc startup group
        hwloc::hwloc_version: Output hwloc version

  Startup routines which need an existing grid hierarchy
    [CCTK_WRAGH]
      ADMBase::Einstein_InitSymBound: [global] Set up GF symmetries
      Boundary::Boundary_RegisterBCs: [global] Register boundary conditions that this thorn provides
      CarpetRegrid2::CarpetRegrid2_Initialise: [global] Initialise locations of refined regions
      CartGrid3D::RegisterCartGrid3DCoords: [meta] Register coordinates for the Cartesian grid
      CoordGauge::Einstein_ActivateSlicing: Initialize slicing, setup priorities for mixed slicings
      CoordGauge::Einstein_SetNextSlicing: Identify the slicing for the next iteration
      MoL::MoL_SetupIndexArrays: Set up the MoL bookkeeping index arrays
      MoL::MoL_SetScheduleStatus: [global] Set the flag so it is ok to register with MoL
      TmunuBase::TmunuBase_SetStressEnergyState: [global] Set the stress_energy_state variable
      GROUP MoL_Register: The group where physics thorns register variables with MoL
        LeanBSSNMoL::LeanBSSN_RegisterVars: [meta] Register variables for MoL
        MagScalarEvolve::MagScalar_RegisterVars: [meta] Register variables for MoL
      SpaceMask::MaskSym: [global] Set grid symmetries for mask
      SpaceMask::MaskSym_emask: [global] Set grid symmetries for emask (compatibility mode)
      GROUP SymBase_Wrapper: Wrapper group for SymBase
        GROUP SymmetryRegister: Register your symmetries here
          CartGrid3D::CartGrid3D_RegisterSymmetryBoundaries: [meta] Register symmetry boundaries
          ReflectionSymmetry::ReflectionSymmetry_Register: Register reflection symmetry boundaries
        SymBase::SymBase_Statistics: Print symmetry boundary face descriptions
      MoL::MoL_ReportNumberVariables: [meta] Report how many of each type of variable there are
  Parameter checking routines
    [CCTK_PARAMCHECK]
      ADMBase::ADMBase_ParamCheck: [global] Check consistency of parameters
      Boundary::Boundary_Check: Check dimension of grid variables
      Carpet::CarpetParamCheck: Parameter checking routine
      CarpetLib::CarpetLib_test_prolongate_3d_rf2: [global] Test prolongation operators
      CarpetMask::CarpetSurfaceParamCheck: [global] Check parameters
      CarpetRegrid2::CarpetRegrid2_ParamCheck: Check parameters
      CartGrid3D::ParamCheck_CartGrid3D: Check coordinates for CartGrid3D
      Dissipation::dissipation_paramcheck: Check dissipation parameters for consistency
      Fortran::CheckFortranParameters: Test whether Fortran parameters work correctly
      LeanBSSNMoL::Lean_ParamCheck: Check Lean parameters for consistency
      MoL::MoL_ParamCheck: Basic parameter checking
      Multipole::Multipole_ParamCheck: [global] Check Multipole parameters
      QuasiLocalMeasures::qlm_paramcheck: [global] Check quasi-local parameter settings
      SphericalSurface::SphericalSurface_ParamCheck: [global] Check that all surface names are unique
      TerminationTrigger::TerminationTrigger_ParamCheck: Check consitency of parameters
      TmunuBase::TmunuBase_ParamCheck: [global] Check that no deprecated parameters are used.
      Vectors::Vectors_Test: Run correctness tests.

  Initialisation
    if (NOT (recover initial data AND recovery_mode is 'strict'))
      [CCTK_PREREGRIDINITIAL]
      Set up grid hierarchy
      [CCTK_POSTREGRIDINITIAL]
        SpaceMask::MaskZero: Initialise mask to zero
        CartGrid3D::SpatialCoordinates: Set Coordinates after regridding
        GROUP MaskBase_SetupMask: Set up the weight function
          GROUP MaskBase_SetupMaskAll: Set up the weight function
            CarpetReduce::MaskBase_AllocateMask: [global] Allocate the weight function
            CarpetReduce::MaskBase_InitMask: [global] [loop-local] Initialise the weight function
            GROUP SetupIMaskInternal: Set up the integer weight function (schedule other routines in here)
              CarpetReduce::CoordBase_SetupMask: [global] [loop-local] Set up the outer boundaries of the weight function
              CarpetReduce::CarpetMaskSetup: [global] [loop-singlemap] Set up the weight function for the restriction regions
            GROUP SetupIMask: Set up the integer weight function (schedule other routines in here)
              CarpetMask::CarpetExcludedSetup: [global] [loop-local] Set up the weight function for the excluded regions
              CarpetMask::CarpetSurfaceSetup: [global] [loop-local] Set up the weight function for the excluded spherical surfaces
            CarpetReduce::MaskBase_SetMask: [global] [loop-local] Set the weight function
            GROUP SetupMask: Set up the real weight function (schedule other routines in here)
            CarpetReduce::MaskBase_TestMask: [global] Test the weight function
        Dissipation::setup_epsdis: Setup spatially varying dissipation
        GROUP MoL_PseudoEvolutionBoundaries: Apply boundary conditions to pseudo-evolved quantities
        GROUP CalcNPProcaScalars_BC: Boundary conditions
          NPScalars_Proca::NPProca_Boundaries: [level] Symmetry boundary conditions
          GROUP ApplyBCs_NPProca: Apply boundary conditions
            GROUP BoundaryConditions: Execute all boundary conditions
              Boundary::Boundary_ApplyPhysicalBCs: Apply all requested local physical boundary conditions
              CartGrid3D::CartGrid3D_ApplyBC: Apply symmetry boundary conditions
              ReflectionSymmetry::ReflectionSymmetry_Apply: Apply reflection symmetries
            Boundary::Boundary_ClearSelection: [level] Unselect all grid variables for boundary conditions
        SpaceMask::MaskOne: Set mask to one
        AHFinderDirect::AHFinderDirect_maybe_do_masks: set mask(s) based on apparent horizon position(s)
      [CCTK_BASEGRID]
        ADMBase::ADMBase_SetShiftStateOn: Set the shift_state variable to 1
        ADMBase::ADMBase_SetDtLapseStateOn: Set the dtlapse_state variable to 1
        ADMBase::ADMBase_SetDtShiftStateOn: Set the dtshift_state variable to 1
        ADMMacros::ADMMacros_SetLocalSpatialOrder: Initialize the local_spatial_order
        CartGrid3D::SpatialSpacings: Set up ranges for spatial 3D Cartesian coordinates (on all grids)
        CartGrid3D::SpatialCoordinates: Set up spatial 3D Cartesian coordinates on the GH
        SphericalSurface::SphericalSurface_SetupRes: [global] [loop-local] Set surface resolution automatically
        AHFinderDirect::AHFinderDirect_setup: [global] setup data structures
        Dissipation::dissipation_basegrid: Ensure that there are enough ghost zones
        LeanBSSNMoL::LeanBSSN_symmetries: [global] Register symmetries of the BSSN grid functions
        LeanBSSNMoL::LeanBSSN_zero_rhs: Set all rhs functions to zero to prevent spurious nans
        MagScalarBase::MagScalar_symmetries: [global] Register symmetries of the grid functions
        MagScalarEvolve::MagScalar_InitSymBound: [meta] Schedule symmetries
        MagScalarEvolve::MagScalar_zero_rhs: set all rhs functions to zero to prevent spurious nans
        NPScalars_Proca::NPProca_symmetries: [meta] Set symmetries for grid functions
        NaNChecker::NaNChecker_ResetCounter: [global] Reset the NaNChecker::NaNsFound counter
        SpaceMask::MaskZero: Initialise mask to zero
        SpaceMask::MaskOne: Set old style mask to one
        SphericalSurface::SphericalSurface_Setup: [global] Calculate surface coordinate descriptors
        GROUP MaskBase_SetupMask: Set up the weight function
          GROUP MaskBase_SetupMaskAll: Set up the weight function
            CarpetReduce::MaskBase_AllocateMask: [global] Allocate the weight function
            CarpetReduce::MaskBase_InitMask: [global] [loop-local] Initialise the weight function
            GROUP SetupIMaskInternal: Set up the integer weight function (schedule other routines in here)
              CarpetReduce::CoordBase_SetupMask: [global] [loop-local] Set up the outer boundaries of the weight function
              CarpetReduce::CarpetMaskSetup: [global] [loop-singlemap] Set up the weight function for the restriction regions
            GROUP SetupIMask: Set up the integer weight function (schedule other routines in here)
              CarpetMask::CarpetExcludedSetup: [global] [loop-local] Set up the weight function for the excluded regions
              CarpetMask::CarpetSurfaceSetup: [global] [loop-local] Set up the weight function for the excluded spherical surfaces
            CarpetReduce::MaskBase_SetMask: [global] [loop-local] Set the weight function
            GROUP SetupMask: Set up the real weight function (schedule other routines in here)
            CarpetReduce::MaskBase_TestMask: [global] Test the weight function
        SphericalSurface::SphericalSurface_Set: [global] Set surface radii to be used for initial setup in other thorns
        GROUP SphericalSurface_HasBeenSet: Set the spherical surfaces before this group, and use it afterwards
          SphericalSurface::SphericalSurface_CheckState: [global] Test the state of the spherical surfaces
        SymBase::SymBase_Check: Check whether the driver set up the grid consistently
        TerminationTrigger::TerminationTrigger_ResetTrigger: Clear trigger state
        TerminationTrigger::TerminationTrigger_StartTimer: Start timer
        TerminationTrigger::TerminationTrigger_CreateFile: Create termination file
        Time::Time_Initialise: [global] Initialise Time variables
        Time::TemporalSpacings: [singlemap] Set timestep based on Courant condition (courant_static)
      [CCTK_INITIAL]
        StaticConformal::StaticConformal_InitialiseState: Set the conformal_state variable to 0
        GROUP ADMBase_InitialData: Schedule group for calculating ADM initial data
          MagScalarInit::MagScalar_InitStatCloud: [local] Initial data for a static scalar cloud surrounding a charged BH
        GROUP ADMBase_InitialGauge: Schedule group for the ADM initial gauge condition
          ADMBase::ADMBase_ShiftZero: Set the shift to 0 at all points
          ADMBase::ADMBase_DtLapseZero: Set the dtlapse to 0 at all points
          ADMBase::ADMBase_DtShiftZero: Set the dtshift to 0 at all points
        CarpetIOASCII::CarpetIOASCIIInit: [global] Initialisation routine
        CarpetIOBasic::CarpetIOBasicInit: [global] Initialisation routine
        CarpetIOHDF5::CarpetIOHDF5_Init: [global] Initialisation routine
        CarpetIOScalar::CarpetIOScalarInit: [global] Initialisation routine
        GROUP MagScalarBase_Initial: MagScalarBase initial data group
        GROUP ADMBase_PostInitial: Schedule group for modifying the ADM initial data, such as e.g. adding noise
        LeanBSSNMoL::LeanBSSN_adm2bssn: [local] Convert initial data into BSSN variables
        LeanBSSNMoL::LeanBSSN_Boundaries: [level] Boundary enforcement
        MoL::MoL_StartLoop: [level] Initialise the step size control
        PunctureTracker::PunctureTracker_Init: [global] Calculate initial location of punctures
        QuasiLocalMeasures::qlm_init: [global] Initialise quasi-local calculations
        GROUP LeanBSSN_ApplyBCs: Apply boundary conditions
          GROUP BoundaryConditions: Execute all boundary conditions
            Boundary::Boundary_ApplyPhysicalBCs: Apply all requested local physical boundary conditions
            CartGrid3D::CartGrid3D_ApplyBC: Apply symmetry boundary conditions
            ReflectionSymmetry::ReflectionSymmetry_Apply: Apply reflection symmetries
          Boundary::Boundary_ClearSelection: [level] Unselect all grid variables for boundary conditions
      [CCTK_POSTINITIAL]
        CarpetIOHDF5::CarpetIOHDF5_CloseFiles: [global] Close all filereader input files
        GROUP MoL_PostStepModify: The group for physics thorns to schedule enforcing constraints
        GROUP MoL_PostStep: Ensure that everything is correct after the initial data have been set up
          LeanBSSNMoL::LeanBSSN_remove_trA: Remove trace of A
          LeanBSSNMoL::LeanBSSN_impose_conf_fac_floor: Make sure conformal factor does not drop below specified value
          LeanBSSNMoL::LeanBSSN_Boundaries: [level] MoL boundary enforcement
          GROUP LeanBSSN_ApplyBCs: Apply boundary conditions
            GROUP BoundaryConditions: Execute all boundary conditions
              Boundary::Boundary_ApplyPhysicalBCs: Apply all requested local physical boundary conditions
              CartGrid3D::CartGrid3D_ApplyBC: Apply symmetry boundary conditions
              ReflectionSymmetry::ReflectionSymmetry_Apply: Apply reflection symmetries
            Boundary::Boundary_ClearSelection: [level] Unselect all grid variables for boundary conditions
          LeanBSSNMoL::LeanBSSN_bssn2adm: [local] Convert variables back to the ADM ones
          GROUP ADMBase_SetADMVars: Set the ADM variables before this group, and use them afterwards
          MagScalarEvolve::MagScalar_Boundaries: [level] MoL boundary enforcement for MagScalar variables
          GROUP MagScalar_ApplyBCs: Apply boundary conditions
            GROUP BoundaryConditions: Execute all boundary conditions
              Boundary::Boundary_ApplyPhysicalBCs: Apply all requested local physical boundary conditions
              CartGrid3D::CartGrid3D_ApplyBC: Apply symmetry boundary conditions
              ReflectionSymmetry::ReflectionSymmetry_Apply: Apply reflection symmetries
            Boundary::Boundary_ClearSelection: [level] Unselect all grid variables for boundary conditions
          GROUP SetTmunu: Group for calculating the stress-energy tensor
            TmunuBase::TmunuBase_ZeroTmunu: Initialise the stress-energy tensor to zero
            GROUP AddToTmunu: Add to the stress-energy tensor here
              MagScalarEvolve::MagScalar_AddToTmunu: Compute the energy-momentum tensor
        GROUP MoL_PseudoEvolution: Calculate pseudo-evolved quantities
          GROUP ADMBase_SetADMVars: Set the ADM variables before this group, and use them afterwards
        GROUP CalcNPProcaScalars: Calculate NPScalars
          NPScalars_Proca::NPProca_calcPsiGF: [local] calculate grid functions
          GROUP CalcNPProcaScalars_BC: Boundary conditions
            NPScalars_Proca::NPProca_Boundaries: [level] Symmetry boundary conditions
            GROUP ApplyBCs_NPProca: Apply boundary conditions
              GROUP BoundaryConditions: Execute all boundary conditions
                Boundary::Boundary_ApplyPhysicalBCs: Apply all requested local physical boundary conditions
                CartGrid3D::CartGrid3D_ApplyBC: Apply symmetry boundary conditions
                ReflectionSymmetry::ReflectionSymmetry_Apply: Apply reflection symmetries
              Boundary::Boundary_ClearSelection: [level] Unselect all grid variables for boundary conditions
      Initialise finer grids recursively
      Restrict from finer grids
      [CCTK_POSTRESTRICTINITIAL]
        GROUP MoL_PostStep: Ensure that everything is correct after restriction
          LeanBSSNMoL::LeanBSSN_remove_trA: Remove trace of A
          LeanBSSNMoL::LeanBSSN_impose_conf_fac_floor: Make sure conformal factor does not drop below specified value
          LeanBSSNMoL::LeanBSSN_Boundaries: [level] MoL boundary enforcement
          GROUP LeanBSSN_ApplyBCs: Apply boundary conditions
            GROUP BoundaryConditions: Execute all boundary conditions
              Boundary::Boundary_ApplyPhysicalBCs: Apply all requested local physical boundary conditions
              CartGrid3D::CartGrid3D_ApplyBC: Apply symmetry boundary conditions
              ReflectionSymmetry::ReflectionSymmetry_Apply: Apply reflection symmetries
            Boundary::Boundary_ClearSelection: [level] Unselect all grid variables for boundary conditions
          LeanBSSNMoL::LeanBSSN_bssn2adm: [local] Convert variables back to the ADM ones
          GROUP ADMBase_SetADMVars: Set the ADM variables before this group, and use them afterwards
          MagScalarEvolve::MagScalar_Boundaries: [level] MoL boundary enforcement for MagScalar variables
          GROUP MagScalar_ApplyBCs: Apply boundary conditions
            GROUP BoundaryConditions: Execute all boundary conditions
              Boundary::Boundary_ApplyPhysicalBCs: Apply all requested local physical boundary conditions
              CartGrid3D::CartGrid3D_ApplyBC: Apply symmetry boundary conditions
              ReflectionSymmetry::ReflectionSymmetry_Apply: Apply reflection symmetries
            Boundary::Boundary_ClearSelection: [level] Unselect all grid variables for boundary conditions
          GROUP SetTmunu: Group for calculating the stress-energy tensor
            TmunuBase::TmunuBase_ZeroTmunu: Initialise the stress-energy tensor to zero
            GROUP AddToTmunu: Add to the stress-energy tensor here
              MagScalarEvolve::MagScalar_AddToTmunu: Compute the energy-momentum tensor
        GROUP MoL_PseudoEvolutionBoundaries: Apply boundary conditions to pseudo-evolved quantities
        GROUP CalcNPProcaScalars_BC: Boundary conditions
          NPScalars_Proca::NPProca_Boundaries: [level] Symmetry boundary conditions
          GROUP ApplyBCs_NPProca: Apply boundary conditions
            GROUP BoundaryConditions: Execute all boundary conditions
              Boundary::Boundary_ApplyPhysicalBCs: Apply all requested local physical boundary conditions
              CartGrid3D::CartGrid3D_ApplyBC: Apply symmetry boundary conditions
              ReflectionSymmetry::ReflectionSymmetry_Apply: Apply reflection symmetries
            Boundary::Boundary_ClearSelection: [level] Unselect all grid variables for boundary conditions
      [CCTK_POSTPOSTINITIAL]
      [CCTK_POSTSTEP]
        AHFinderDirect::AHFinderDirect_import_mask: [global] [loop-local] import the excision mask
        AHFinderDirect::AHFinderDirect_find_horizons: [global] find apparent horizon(s) after this time step
        AHFinderDirect::AHFinderDirect_store: [global] store apparent horizon(s) into spherical surface(s)
        AHFinderDirect::AHFinderDirect_save: [global] save apparent horizon(s) into Cactus variables
        AHFinderDirect::AHFinderDirect_maybe_do_masks: set mask(s) based on apparent horizon position(s)
        SphericalSurface::SphericalSurface_Set: [global] Set surface radii
        GROUP SphericalSurface_HasBeenSet: Set the spherical surfaces before this group, and use it afterwards
          SphericalSurface::SphericalSurface_CheckState: [global] Test the state of the spherical surfaces
        GROUP zzz_NaNChecker_NaNCheck: Check for NaNs and count them in NaNChecker::NaNsFound
          NaNChecker::NaNChecker_NaNCheck_Prepare: [level] Prepare data structures to check for NaNs
          NaNChecker::NaNChecker_NaNCheck_Check: [local] Check for NaNs
          NaNChecker::NaNChecker_NaNCheck_Finish: [level] Count NaNs in NaNChecker::NaNsFound
        NaNChecker::NaNChecker_TakeAction: [global] [loop-level] Output NaNChecker::NaNmask and take action according to NaNChecker::action_if_found
        PunctureTracker::PunctureTracker_SetPositions: [global] Copy puncture positions to spherical surfaces
        SpaceMask::CheckMask: Ensure that all mask values are legal
        Dissipation::setup_epsdis: Setup spatially varying dissipation
        GROUP MaskBase_SetupMask: Set up the weight function
          GROUP MaskBase_SetupMaskAll: Set up the weight function
            CarpetReduce::MaskBase_AllocateMask: [global] Allocate the weight function
            CarpetReduce::MaskBase_InitMask: [global] [loop-local] Initialise the weight function
            GROUP SetupIMaskInternal: Set up the integer weight function (schedule other routines in here)
              CarpetReduce::CoordBase_SetupMask: [global] [loop-local] Set up the outer boundaries of the weight function
              CarpetReduce::CarpetMaskSetup: [global] [loop-singlemap] Set up the weight function for the restriction regions
            GROUP SetupIMask: Set up the integer weight function (schedule other routines in here)
              CarpetMask::CarpetExcludedSetup: [global] [loop-local] Set up the weight function for the excluded regions
              CarpetMask::CarpetSurfaceSetup: [global] [loop-local] Set up the weight function for the excluded spherical surfaces
            CarpetReduce::MaskBase_SetMask: [global] [loop-local] Set the weight function
            GROUP SetupMask: Set up the real weight function (schedule other routines in here)
            CarpetReduce::MaskBase_TestMask: [global] Test the weight function
    endif
    if (recover initial data)
      [CCTK_BASEGRID]
        ADMBase::ADMBase_SetShiftStateOn: Set the shift_state variable to 1
        ADMBase::ADMBase_SetDtLapseStateOn: Set the dtlapse_state variable to 1
        ADMBase::ADMBase_SetDtShiftStateOn: Set the dtshift_state variable to 1
        ADMMacros::ADMMacros_SetLocalSpatialOrder: Initialize the local_spatial_order
        CartGrid3D::SpatialSpacings: Set up ranges for spatial 3D Cartesian coordinates (on all grids)
        CartGrid3D::SpatialCoordinates: Set up spatial 3D Cartesian coordinates on the GH
        SphericalSurface::SphericalSurface_SetupRes: [global] [loop-local] Set surface resolution automatically
        AHFinderDirect::AHFinderDirect_setup: [global] setup data structures
        Dissipation::dissipation_basegrid: Ensure that there are enough ghost zones
        LeanBSSNMoL::LeanBSSN_symmetries: [global] Register symmetries of the BSSN grid functions
        LeanBSSNMoL::LeanBSSN_zero_rhs: Set all rhs functions to zero to prevent spurious nans
        MagScalarBase::MagScalar_symmetries: [global] Register symmetries of the grid functions
        MagScalarEvolve::MagScalar_InitSymBound: [meta] Schedule symmetries
        MagScalarEvolve::MagScalar_zero_rhs: set all rhs functions to zero to prevent spurious nans
        NPScalars_Proca::NPProca_symmetries: [meta] Set symmetries for grid functions
        NaNChecker::NaNChecker_ResetCounter: [global] Reset the NaNChecker::NaNsFound counter
        SpaceMask::MaskZero: Initialise mask to zero
        SpaceMask::MaskOne: Set old style mask to one
        SphericalSurface::SphericalSurface_Setup: [global] Calculate surface coordinate descriptors
        GROUP MaskBase_SetupMask: Set up the weight function
          GROUP MaskBase_SetupMaskAll: Set up the weight function
            CarpetReduce::MaskBase_AllocateMask: [global] Allocate the weight function
            CarpetReduce::MaskBase_InitMask: [global] [loop-local] Initialise the weight function
            GROUP SetupIMaskInternal: Set up the integer weight function (schedule other routines in here)
              CarpetReduce::CoordBase_SetupMask: [global] [loop-local] Set up the outer boundaries of the weight function
              CarpetReduce::CarpetMaskSetup: [global] [loop-singlemap] Set up the weight function for the restriction regions
            GROUP SetupIMask: Set up the integer weight function (schedule other routines in here)
              CarpetMask::CarpetExcludedSetup: [global] [loop-local] Set up the weight function for the excluded regions
              CarpetMask::CarpetSurfaceSetup: [global] [loop-local] Set up the weight function for the excluded spherical surfaces
            CarpetReduce::MaskBase_SetMask: [global] [loop-local] Set the weight function
            GROUP SetupMask: Set up the real weight function (schedule other routines in here)
            CarpetReduce::MaskBase_TestMask: [global] Test the weight function
        SphericalSurface::SphericalSurface_Set: [global] Set surface radii to be used for initial setup in other thorns
        GROUP SphericalSurface_HasBeenSet: Set the spherical surfaces before this group, and use it afterwards
          SphericalSurface::SphericalSurface_CheckState: [global] Test the state of the spherical surfaces
        SymBase::SymBase_Check: Check whether the driver set up the grid consistently
        TerminationTrigger::TerminationTrigger_ResetTrigger: Clear trigger state
        TerminationTrigger::TerminationTrigger_StartTimer: Start timer
        TerminationTrigger::TerminationTrigger_CreateFile: Create termination file
        Time::Time_Initialise: [global] Initialise Time variables
        Time::TemporalSpacings: [singlemap] Set timestep based on Courant condition (courant_static)
      [CCTK_RECOVER_VARIABLES]
        IOUtil::IOUtil_RecoverGH: [level] Checkpoint recovery routine
      [CCTK_POST_RECOVER_VARIABLES]
        AHFinderDirect::AHFinderDirect_recover: [global] import horizon data from Cactus variables
        CarpetIOHDF5::CarpetIOHDF5_InitCheckpointingIntervals: [global] Initialisation of checkpointing intervals after recovery
        CarpetIOHDF5::CarpetIOHDF5_CloseFiles: [meta] Close all initial data checkpoint files after recovery
        GROUP MaskBase_SetupMask: Set up the weight function
          GROUP MaskBase_SetupMaskAll: Set up the weight function
            CarpetReduce::MaskBase_AllocateMask: [global] Allocate the weight function
            CarpetReduce::MaskBase_InitMask: [global] [loop-local] Initialise the weight function
            GROUP SetupIMaskInternal: Set up the integer weight function (schedule other routines in here)
              CarpetReduce::CoordBase_SetupMask: [global] [loop-local] Set up the outer boundaries of the weight function
              CarpetReduce::CarpetMaskSetup: [global] [loop-singlemap] Set up the weight function for the restriction regions
            GROUP SetupIMask: Set up the integer weight function (schedule other routines in here)
              CarpetMask::CarpetExcludedSetup: [global] [loop-local] Set up the weight function for the excluded regions
              CarpetMask::CarpetSurfaceSetup: [global] [loop-local] Set up the weight function for the excluded spherical surfaces
            CarpetReduce::MaskBase_SetMask: [global] [loop-local] Set the weight function
            GROUP SetupMask: Set up the real weight function (schedule other routines in here)
            CarpetReduce::MaskBase_TestMask: [global] Test the weight function
        GROUP MoL_PostStep: Ensure that everything is correct after recovery
          LeanBSSNMoL::LeanBSSN_remove_trA: Remove trace of A
          LeanBSSNMoL::LeanBSSN_impose_conf_fac_floor: Make sure conformal factor does not drop below specified value
          LeanBSSNMoL::LeanBSSN_Boundaries: [level] MoL boundary enforcement
          GROUP LeanBSSN_ApplyBCs: Apply boundary conditions
            GROUP BoundaryConditions: Execute all boundary conditions
              Boundary::Boundary_ApplyPhysicalBCs: Apply all requested local physical boundary conditions
              CartGrid3D::CartGrid3D_ApplyBC: Apply symmetry boundary conditions
              ReflectionSymmetry::ReflectionSymmetry_Apply: Apply reflection symmetries
            Boundary::Boundary_ClearSelection: [level] Unselect all grid variables for boundary conditions
          LeanBSSNMoL::LeanBSSN_bssn2adm: [local] Convert variables back to the ADM ones
          GROUP ADMBase_SetADMVars: Set the ADM variables before this group, and use them afterwards
          MagScalarEvolve::MagScalar_Boundaries: [level] MoL boundary enforcement for MagScalar variables
          GROUP MagScalar_ApplyBCs: Apply boundary conditions
            GROUP BoundaryConditions: Execute all boundary conditions
              Boundary::Boundary_ApplyPhysicalBCs: Apply all requested local physical boundary conditions
              CartGrid3D::CartGrid3D_ApplyBC: Apply symmetry boundary conditions
              ReflectionSymmetry::ReflectionSymmetry_Apply: Apply reflection symmetries
            Boundary::Boundary_ClearSelection: [level] Unselect all grid variables for boundary conditions
          GROUP SetTmunu: Group for calculating the stress-energy tensor
            TmunuBase::TmunuBase_ZeroTmunu: Initialise the stress-energy tensor to zero
            GROUP AddToTmunu: Add to the stress-energy tensor here
              MagScalarEvolve::MagScalar_AddToTmunu: Compute the energy-momentum tensor
        GROUP zzz_NaNChecker_NaNCheck: Check for NaNs and count them in NaNChecker::NaNsFound
          NaNChecker::NaNChecker_NaNCheck_Prepare: [level] Prepare data structures to check for NaNs
          NaNChecker::NaNChecker_NaNCheck_Check: [local] Check for NaNs
          NaNChecker::NaNChecker_NaNCheck_Finish: [level] Count NaNs in NaNChecker::NaNsFound
        NaNChecker::NaNChecker_TakeAction: [global] [loop-level] Output NaNChecker::NaNmask and take action according to NaNChecker::action_if_found
        TerminationTrigger::TerminationTrigger_ResetMinutes: [global] Reset Watchtime
    endif
    if (checkpoint initial data)
      [CCTK_CPINITIAL]
        CarpetIOHDF5::CarpetIOHDF5_InitialDataCheckpoint: [meta] Initial data checkpoint routine
    endif
    if (analysis)
      [CCTK_ANALYSIS]
        CarpetLib::CarpetLib_printtimestats: [global] Print timing statistics if desired
        CarpetLib::CarpetLib_printmemstats: [global] Print memory statistics if desired
        GROUP LeanBSSN_constraints: Compute constraints
          LeanBSSNMoL::LeanBSSN_bssn_constraints: Compute constraints
          LeanBSSNMoL::LeanBSSN_Constraints_Boundaries: [level] Enforce symmetry BCs in constraint computation
          GROUP LeanBSSN_Constraints_ApplyBCs: Apply boundary conditions
            GROUP BoundaryConditions: Execute all boundary conditions
              Boundary::Boundary_ApplyPhysicalBCs: Apply all requested local physical boundary conditions
              CartGrid3D::CartGrid3D_ApplyBC: Apply symmetry boundary conditions
              ReflectionSymmetry::ReflectionSymmetry_Apply: Apply reflection symmetries
            Boundary::Boundary_ClearSelection: [level] Unselect all grid variables for boundary conditions
        LoopControl::LC_statistics_analysis: [meta] Output LoopControl statistics
        GROUP MagScalar_constraints: Compute EMG constraints
          MagScalarEvolve::MagScalar_constraints: Compute constraints
          MagScalarEvolve::MagScalar_constraints_boundaries: [level] Enforce symmetry BCs in constraints computation
          GROUP MagScalar_constraints_ApplyBCs: Apply boundary conditions
            GROUP BoundaryConditions: Execute all boundary conditions
              Boundary::Boundary_ApplyPhysicalBCs: Apply all requested local physical boundary conditions
              CartGrid3D::CartGrid3D_ApplyBC: Apply symmetry boundary conditions
              ReflectionSymmetry::ReflectionSymmetry_Apply: Apply reflection symmetries
            Boundary::Boundary_ClearSelection: [level] Unselect all grid variables for boundary conditions
        MagScalarEvolve::MagScalar_analysis: Compute analysis quantities
        MagScalarEvolve::MagScalar_analysis_integrate: [global] Compute integrals of analysis quantities
        Multipole::Multipole_Calc: [global] Calculate Multipoles
        GROUP CalcNPProcaScalars: Calculate NPScalars
          NPScalars_Proca::NPProca_calcPsiGF: [local] calculate grid functions
          GROUP CalcNPProcaScalars_BC: Boundary conditions
            NPScalars_Proca::NPProca_Boundaries: [level] Symmetry boundary conditions
            GROUP ApplyBCs_NPProca: Apply boundary conditions
              GROUP BoundaryConditions: Execute all boundary conditions
                Boundary::Boundary_ApplyPhysicalBCs: Apply all requested local physical boundary conditions
                CartGrid3D::CartGrid3D_ApplyBC: Apply symmetry boundary conditions
                ReflectionSymmetry::ReflectionSymmetry_Apply: Apply reflection symmetries
              Boundary::Boundary_ClearSelection: [level] Unselect all grid variables for boundary conditions
        QuasiLocalMeasures::qlm_calculate: [global] Calculate quasi-local quantities
        SystemStatistics::SystemStatistics_Collect: [global] Collect system statistics
        TerminationTrigger::TerminationTrigger_CheckWalltime: Check elapsed job walltime
        TerminationTrigger::TerminationTrigger_CheckSignal: Check if we received a termination signal
        TerminationTrigger::TerminationTrigger_CheckFile: Check termination file
        TimerReport::zzz_TimerReport_Output: [global] Print the timer report
  endif
  Output grid variables

  do loop over timesteps
    [CCTK_PREREGRID]
      CarpetTracker::CarpetTracker_SetPositions: [global] Set positions of refined regions
    Change grid hierarchy
    [CCTK_POSTREGRID]
      SpaceMask::MaskZero: Initialise mask to zero
      CartGrid3D::SpatialCoordinates: Set Coordinates after regridding
      GROUP MaskBase_SetupMask: Set up the weight function
        GROUP MaskBase_SetupMaskAll: Set up the weight function
          CarpetReduce::MaskBase_AllocateMask: [global] Allocate the weight function
          CarpetReduce::MaskBase_InitMask: [global] [loop-local] Initialise the weight function
          GROUP SetupIMaskInternal: Set up the integer weight function (schedule other routines in here)
            CarpetReduce::CoordBase_SetupMask: [global] [loop-local] Set up the outer boundaries of the weight function
            CarpetReduce::CarpetMaskSetup: [global] [loop-singlemap] Set up the weight function for the restriction regions
          GROUP SetupIMask: Set up the integer weight function (schedule other routines in here)
            CarpetMask::CarpetExcludedSetup: [global] [loop-local] Set up the weight function for the excluded regions
            CarpetMask::CarpetSurfaceSetup: [global] [loop-local] Set up the weight function for the excluded spherical surfaces
          CarpetReduce::MaskBase_SetMask: [global] [loop-local] Set the weight function
          GROUP SetupMask: Set up the real weight function (schedule other routines in here)
          CarpetReduce::MaskBase_TestMask: [global] Test the weight function
      Dissipation::setup_epsdis: Setup spatially varying dissipation
      GROUP MoL_PostStep: Ensure that everything is correct after regridding
        LeanBSSNMoL::LeanBSSN_remove_trA: Remove trace of A
        LeanBSSNMoL::LeanBSSN_impose_conf_fac_floor: Make sure conformal factor does not drop below specified value
        LeanBSSNMoL::LeanBSSN_Boundaries: [level] MoL boundary enforcement
        GROUP LeanBSSN_ApplyBCs: Apply boundary conditions
          GROUP BoundaryConditions: Execute all boundary conditions
            Boundary::Boundary_ApplyPhysicalBCs: Apply all requested local physical boundary conditions
            CartGrid3D::CartGrid3D_ApplyBC: Apply symmetry boundary conditions
            ReflectionSymmetry::ReflectionSymmetry_Apply: Apply reflection symmetries
          Boundary::Boundary_ClearSelection: [level] Unselect all grid variables for boundary conditions
        LeanBSSNMoL::LeanBSSN_bssn2adm: [local] Convert variables back to the ADM ones
        GROUP ADMBase_SetADMVars: Set the ADM variables before this group, and use them afterwards
        MagScalarEvolve::MagScalar_Boundaries: [level] MoL boundary enforcement for MagScalar variables
        GROUP MagScalar_ApplyBCs: Apply boundary conditions
          GROUP BoundaryConditions: Execute all boundary conditions
            Boundary::Boundary_ApplyPhysicalBCs: Apply all requested local physical boundary conditions
            CartGrid3D::CartGrid3D_ApplyBC: Apply symmetry boundary conditions
            ReflectionSymmetry::ReflectionSymmetry_Apply: Apply reflection symmetries
          Boundary::Boundary_ClearSelection: [level] Unselect all grid variables for boundary conditions
        GROUP SetTmunu: Group for calculating the stress-energy tensor
          TmunuBase::TmunuBase_ZeroTmunu: Initialise the stress-energy tensor to zero
          GROUP AddToTmunu: Add to the stress-energy tensor here
            MagScalarEvolve::MagScalar_AddToTmunu: Compute the energy-momentum tensor
      GROUP MoL_PseudoEvolutionBoundaries: Apply boundary conditions to pseudo-evolved quantities
      GROUP CalcNPProcaScalars_BC: Boundary conditions
        NPScalars_Proca::NPProca_Boundaries: [level] Symmetry boundary conditions
        GROUP ApplyBCs_NPProca: Apply boundary conditions
          GROUP BoundaryConditions: Execute all boundary conditions
            Boundary::Boundary_ApplyPhysicalBCs: Apply all requested local physical boundary conditions
            CartGrid3D::CartGrid3D_ApplyBC: Apply symmetry boundary conditions
            ReflectionSymmetry::ReflectionSymmetry_Apply: Apply reflection symmetries
          Boundary::Boundary_ClearSelection: [level] Unselect all grid variables for boundary conditions
      SpaceMask::MaskOne: Set mask to one
      AHFinderDirect::AHFinderDirect_maybe_do_masks: set mask(s) based on apparent horizon position(s)
    Rotate timelevels
    iteration = iteration+1
    t = t+dt
    [CCTK_PRESTEP]
      CoordGauge::Einstein_SetNextSlicing: Identify the slicing for the next iteration
      LoopControl::LC_steer: [meta] Update LoopControl algorithm preferences
      NaNChecker::NaNChecker_ResetCounter: [global] Reset the NaNChecker::NaNsFound counter
    [CCTK_EVOL]
      MoL::MoL_StartLoop: [level] Initialise the step size control
      while (MoL::MoL_Stepsize_Bad)
        GROUP MoL_Evolution: A single Cactus evolution step using MoL
          GROUP MoL_StartStep: MoL internal setup for the evolution step
            MoL::MoL_SetCounter: [level] Set the counter for the ODE method to loop over
            MoL::MoL_SetTime: [level] Ensure the correct time and timestep are used
            MoL::MoL_AllocateScratchSpace: [level] Allocate storage for scratch levels
          GROUP MoL_PreStep: Physics thorns can schedule preloop setup routines in here
          MoL::MoL_AllocateScratch: Allocate sufficient space for array scratch variables
          MoL::MoL_InitialCopy: Ensure the data is in the correct timelevel
          while (MoL::MoL_Intermediate_Step)
            GROUP MoL_Step: The loop over the intermediate steps for the ODE integrator
              MoL::MoL_InitRHS: Initialise the RHS functions
              GROUP MoL_CalcRHS: Physics thorns schedule the calculation of the discrete spatial operator in here
                LeanBSSNMoL::LeanBSSN_CalcRHS: MoL RHS calculation
                LeanBSSNMoL::LeanBSSN_CalcRHS_Bdry: MoL boundary RHS calculation
                MagScalarEvolve::MagScalar_CalcRHS: MoL RHS calculation for MagScalar variables
                MagScalarEvolve::MagScalar_CalcRHS_Bdry: MoL boundary RHS calculation for MagScalar variables
              GROUP MoL_PostRHS: Modify RHS functions
                Dissipation::dissipation_add: Add Kreiss-Oliger dissipation to the right hand sides
              GROUP MoL_RHSBoundaries: Any 'final' modifications to the RHS functions (boundaries etc.)
              MoL::MoL_Add: Updates calculated with the efficient Runge-Kutta 4 method
              MoL::MoL_DecrementCounter: [level] Alter the counter number
              MoL::MoL_ResetTime: [level] If necessary, change the time
              GROUP MoL_PostStepModify: The group for physics thorns to schedule enforcing constraints
              GROUP MoL_PostStep: The group for physics thorns to schedule boundary calls etc.
                LeanBSSNMoL::LeanBSSN_remove_trA: Remove trace of A
                LeanBSSNMoL::LeanBSSN_impose_conf_fac_floor: Make sure conformal factor does not drop below specified value
                LeanBSSNMoL::LeanBSSN_Boundaries: [level] MoL boundary enforcement
                GROUP LeanBSSN_ApplyBCs: Apply boundary conditions
                  GROUP BoundaryConditions: Execute all boundary conditions
                    Boundary::Boundary_ApplyPhysicalBCs: Apply all requested local physical boundary conditions
                    CartGrid3D::CartGrid3D_ApplyBC: Apply symmetry boundary conditions
                    ReflectionSymmetry::ReflectionSymmetry_Apply: Apply reflection symmetries
                  Boundary::Boundary_ClearSelection: [level] Unselect all grid variables for boundary conditions
                LeanBSSNMoL::LeanBSSN_bssn2adm: [local] Convert variables back to the ADM ones
                GROUP ADMBase_SetADMVars: Set the ADM variables before this group, and use them afterwards
                MagScalarEvolve::MagScalar_Boundaries: [level] MoL boundary enforcement for MagScalar variables
                GROUP MagScalar_ApplyBCs: Apply boundary conditions
                  GROUP BoundaryConditions: Execute all boundary conditions
                    Boundary::Boundary_ApplyPhysicalBCs: Apply all requested local physical boundary conditions
                    CartGrid3D::CartGrid3D_ApplyBC: Apply symmetry boundary conditions
                    ReflectionSymmetry::ReflectionSymmetry_Apply: Apply reflection symmetries
                  Boundary::Boundary_ClearSelection: [level] Unselect all grid variables for boundary conditions
                GROUP SetTmunu: Group for calculating the stress-energy tensor
                  TmunuBase::TmunuBase_ZeroTmunu: Initialise the stress-energy tensor to zero
                  GROUP AddToTmunu: Add to the stress-energy tensor here
                    MagScalarEvolve::MagScalar_AddToTmunu: Compute the energy-momentum tensor
              MoL::MoL_ResetDeltaTime: [level] If necessary, change the timestep
          end while
          MoL::MoL_FinishLoop: [level] Control the step size
          MoL::MoL_RestoreSandR: Restoring the Save and Restore variables to the original state
          MoL::MoL_FreeScratchSpace: [level] Free storage for scratch levels
      end while
      GROUP MoL_PseudoEvolution: Calculate pseudo-evolved quantities
        GROUP ADMBase_SetADMVars: Set the ADM variables before this group, and use them afterwards
      PunctureTracker::PunctureTracker_Track: [global] Calculate new location of punctures
    Evolve finer grids recursively
    Restrict from finer grids
    [CCTK_POSTRESTRICT]
      GROUP MoL_PostStep: Ensure that everything is correct after restriction
        LeanBSSNMoL::LeanBSSN_remove_trA: Remove trace of A
        LeanBSSNMoL::LeanBSSN_impose_conf_fac_floor: Make sure conformal factor does not drop below specified value
        LeanBSSNMoL::LeanBSSN_Boundaries: [level] MoL boundary enforcement
        GROUP LeanBSSN_ApplyBCs: Apply boundary conditions
          GROUP BoundaryConditions: Execute all boundary conditions
            Boundary::Boundary_ApplyPhysicalBCs: Apply all requested local physical boundary conditions
            CartGrid3D::CartGrid3D_ApplyBC: Apply symmetry boundary conditions
            ReflectionSymmetry::ReflectionSymmetry_Apply: Apply reflection symmetries
          Boundary::Boundary_ClearSelection: [level] Unselect all grid variables for boundary conditions
        LeanBSSNMoL::LeanBSSN_bssn2adm: [local] Convert variables back to the ADM ones
        GROUP ADMBase_SetADMVars: Set the ADM variables before this group, and use them afterwards
        MagScalarEvolve::MagScalar_Boundaries: [level] MoL boundary enforcement for MagScalar variables
        GROUP MagScalar_ApplyBCs: Apply boundary conditions
          GROUP BoundaryConditions: Execute all boundary conditions
            Boundary::Boundary_ApplyPhysicalBCs: Apply all requested local physical boundary conditions
            CartGrid3D::CartGrid3D_ApplyBC: Apply symmetry boundary conditions
            ReflectionSymmetry::ReflectionSymmetry_Apply: Apply reflection symmetries
          Boundary::Boundary_ClearSelection: [level] Unselect all grid variables for boundary conditions
        GROUP SetTmunu: Group for calculating the stress-energy tensor
          TmunuBase::TmunuBase_ZeroTmunu: Initialise the stress-energy tensor to zero
          GROUP AddToTmunu: Add to the stress-energy tensor here
            MagScalarEvolve::MagScalar_AddToTmunu: Compute the energy-momentum tensor
      GROUP MoL_PseudoEvolutionBoundaries: Apply boundary conditions to pseudo-evolved quantities
      GROUP CalcNPProcaScalars_BC: Boundary conditions
        NPScalars_Proca::NPProca_Boundaries: [level] Symmetry boundary conditions
        GROUP ApplyBCs_NPProca: Apply boundary conditions
          GROUP BoundaryConditions: Execute all boundary conditions
            Boundary::Boundary_ApplyPhysicalBCs: Apply all requested local physical boundary conditions
            CartGrid3D::CartGrid3D_ApplyBC: Apply symmetry boundary conditions
            ReflectionSymmetry::ReflectionSymmetry_Apply: Apply reflection symmetries
          Boundary::Boundary_ClearSelection: [level] Unselect all grid variables for boundary conditions
    [CCTK_POSTSTEP]
      AHFinderDirect::AHFinderDirect_import_mask: [global] [loop-local] import the excision mask
      AHFinderDirect::AHFinderDirect_find_horizons: [global] find apparent horizon(s) after this time step
      AHFinderDirect::AHFinderDirect_store: [global] store apparent horizon(s) into spherical surface(s)
      AHFinderDirect::AHFinderDirect_save: [global] save apparent horizon(s) into Cactus variables
      AHFinderDirect::AHFinderDirect_maybe_do_masks: set mask(s) based on apparent horizon position(s)
      SphericalSurface::SphericalSurface_Set: [global] Set surface radii
      GROUP SphericalSurface_HasBeenSet: Set the spherical surfaces before this group, and use it afterwards
        SphericalSurface::SphericalSurface_CheckState: [global] Test the state of the spherical surfaces
      GROUP zzz_NaNChecker_NaNCheck: Check for NaNs and count them in NaNChecker::NaNsFound
        NaNChecker::NaNChecker_NaNCheck_Prepare: [level] Prepare data structures to check for NaNs
        NaNChecker::NaNChecker_NaNCheck_Check: [local] Check for NaNs
        NaNChecker::NaNChecker_NaNCheck_Finish: [level] Count NaNs in NaNChecker::NaNsFound
      NaNChecker::NaNChecker_TakeAction: [global] [loop-level] Output NaNChecker::NaNmask and take action according to NaNChecker::action_if_found
      PunctureTracker::PunctureTracker_SetPositions: [global] Copy puncture positions to spherical surfaces
      SpaceMask::CheckMask: Ensure that all mask values are legal
      Dissipation::setup_epsdis: Setup spatially varying dissipation
      GROUP MaskBase_SetupMask: Set up the weight function
        GROUP MaskBase_SetupMaskAll: Set up the weight function
          CarpetReduce::MaskBase_AllocateMask: [global] Allocate the weight function
          CarpetReduce::MaskBase_InitMask: [global] [loop-local] Initialise the weight function
          GROUP SetupIMaskInternal: Set up the integer weight function (schedule other routines in here)
            CarpetReduce::CoordBase_SetupMask: [global] [loop-local] Set up the outer boundaries of the weight function
            CarpetReduce::CarpetMaskSetup: [global] [loop-singlemap] Set up the weight function for the restriction regions
          GROUP SetupIMask: Set up the integer weight function (schedule other routines in here)
            CarpetMask::CarpetExcludedSetup: [global] [loop-local] Set up the weight function for the excluded regions
            CarpetMask::CarpetSurfaceSetup: [global] [loop-local] Set up the weight function for the excluded spherical surfaces
          CarpetReduce::MaskBase_SetMask: [global] [loop-local] Set the weight function
          GROUP SetupMask: Set up the real weight function (schedule other routines in here)
          CarpetReduce::MaskBase_TestMask: [global] Test the weight function
    if (checkpoint)
      [CCTK_CHECKPOINT]
      CarpetIOHDF5::CarpetIOHDF5_EvolutionCheckpoint: [meta] Evolution checkpoint routine
      TimerReport::zzz_TimerReport_Checkpoint: [global] Print the timer report
    endif
    if (analysis)
      [CCTK_ANALYSIS]
      CarpetLib::CarpetLib_printtimestats: [global] Print timing statistics if desired
      CarpetLib::CarpetLib_printmemstats: [global] Print memory statistics if desired
      GROUP LeanBSSN_constraints: Compute constraints
        LeanBSSNMoL::LeanBSSN_bssn_constraints: Compute constraints
        LeanBSSNMoL::LeanBSSN_Constraints_Boundaries: [level] Enforce symmetry BCs in constraint computation
        GROUP LeanBSSN_Constraints_ApplyBCs: Apply boundary conditions
          GROUP BoundaryConditions: Execute all boundary conditions
            Boundary::Boundary_ApplyPhysicalBCs: Apply all requested local physical boundary conditions
            CartGrid3D::CartGrid3D_ApplyBC: Apply symmetry boundary conditions
            ReflectionSymmetry::ReflectionSymmetry_Apply: Apply reflection symmetries
          Boundary::Boundary_ClearSelection: [level] Unselect all grid variables for boundary conditions
      LoopControl::LC_statistics_analysis: [meta] Output LoopControl statistics
      GROUP MagScalar_constraints: Compute EMG constraints
        MagScalarEvolve::MagScalar_constraints: Compute constraints
        MagScalarEvolve::MagScalar_constraints_boundaries: [level] Enforce symmetry BCs in constraints computation
        GROUP MagScalar_constraints_ApplyBCs: Apply boundary conditions
          GROUP BoundaryConditions: Execute all boundary conditions
            Boundary::Boundary_ApplyPhysicalBCs: Apply all requested local physical boundary conditions
            CartGrid3D::CartGrid3D_ApplyBC: Apply symmetry boundary conditions
            ReflectionSymmetry::ReflectionSymmetry_Apply: Apply reflection symmetries
          Boundary::Boundary_ClearSelection: [level] Unselect all grid variables for boundary conditions
      MagScalarEvolve::MagScalar_analysis: Compute analysis quantities
      MagScalarEvolve::MagScalar_analysis_integrate: [global] Compute integrals of analysis quantities
      Multipole::Multipole_Calc: [global] Calculate Multipoles
      GROUP CalcNPProcaScalars: Calculate NPScalars
        NPScalars_Proca::NPProca_calcPsiGF: [local] calculate grid functions
        GROUP CalcNPProcaScalars_BC: Boundary conditions
          NPScalars_Proca::NPProca_Boundaries: [level] Symmetry boundary conditions
          GROUP ApplyBCs_NPProca: Apply boundary conditions
            GROUP BoundaryConditions: Execute all boundary conditions
              Boundary::Boundary_ApplyPhysicalBCs: Apply all requested local physical boundary conditions
              CartGrid3D::CartGrid3D_ApplyBC: Apply symmetry boundary conditions
              ReflectionSymmetry::ReflectionSymmetry_Apply: Apply reflection symmetries
            Boundary::Boundary_ClearSelection: [level] Unselect all grid variables for boundary conditions
      QuasiLocalMeasures::qlm_calculate: [global] Calculate quasi-local quantities
      SystemStatistics::SystemStatistics_Collect: [global] Collect system statistics
      TerminationTrigger::TerminationTrigger_CheckWalltime: Check elapsed job walltime
      TerminationTrigger::TerminationTrigger_CheckSignal: Check if we received a termination signal
      TerminationTrigger::TerminationTrigger_CheckFile: Check termination file
      TimerReport::zzz_TimerReport_Output: [global] Print the timer report
    endif
    Output grid variables
    enddo

  Termination routines
    [CCTK_TERMINATE]
      CarpetIOHDF5::CarpetIOHDF5_TerminationCheckpoint: [meta] Termination checkpoint routine
      LoopControl::LC_statistics_terminate: [meta] Output LoopControl statistics
      MoL::MoL_FreeIndexArrays: Free the MoL bookkeeping index arrays
      TimerReport::zzz_TimerReport_Output: [global] Print the timer report

  Shutdown routines
    [CCTK_SHUTDOWN]
      Timers::Timer_Shutdown: Prepare hierarchical timers

  Routines run after changing the grid hierarchy:
    [CCTK_POSTREGRID]
      SpaceMask::MaskZero: Initialise mask to zero
      CartGrid3D::SpatialCoordinates: Set Coordinates after regridding
      GROUP MaskBase_SetupMask: Set up the weight function
        GROUP MaskBase_SetupMaskAll: Set up the weight function
          CarpetReduce::MaskBase_AllocateMask: [global] Allocate the weight function
          CarpetReduce::MaskBase_InitMask: [global] [loop-local] Initialise the weight function
          GROUP SetupIMaskInternal: Set up the integer weight function (schedule other routines in here)
            CarpetReduce::CoordBase_SetupMask: [global] [loop-local] Set up the outer boundaries of the weight function
            CarpetReduce::CarpetMaskSetup: [global] [loop-singlemap] Set up the weight function for the restriction regions
          GROUP SetupIMask: Set up the integer weight function (schedule other routines in here)
            CarpetMask::CarpetExcludedSetup: [global] [loop-local] Set up the weight function for the excluded regions
            CarpetMask::CarpetSurfaceSetup: [global] [loop-local] Set up the weight function for the excluded spherical surfaces
          CarpetReduce::MaskBase_SetMask: [global] [loop-local] Set the weight function
          GROUP SetupMask: Set up the real weight function (schedule other routines in here)
          CarpetReduce::MaskBase_TestMask: [global] Test the weight function
      Dissipation::setup_epsdis: Setup spatially varying dissipation
      GROUP MoL_PostStep: Ensure that everything is correct after regridding
        LeanBSSNMoL::LeanBSSN_remove_trA: Remove trace of A
        LeanBSSNMoL::LeanBSSN_impose_conf_fac_floor: Make sure conformal factor does not drop below specified value
        LeanBSSNMoL::LeanBSSN_Boundaries: [level] MoL boundary enforcement
        GROUP LeanBSSN_ApplyBCs: Apply boundary conditions
          GROUP BoundaryConditions: Execute all boundary conditions
            Boundary::Boundary_ApplyPhysicalBCs: Apply all requested local physical boundary conditions
            CartGrid3D::CartGrid3D_ApplyBC: Apply symmetry boundary conditions
            ReflectionSymmetry::ReflectionSymmetry_Apply: Apply reflection symmetries
          Boundary::Boundary_ClearSelection: [level] Unselect all grid variables for boundary conditions
        LeanBSSNMoL::LeanBSSN_bssn2adm: [local] Convert variables back to the ADM ones
        GROUP ADMBase_SetADMVars: Set the ADM variables before this group, and use them afterwards
        MagScalarEvolve::MagScalar_Boundaries: [level] MoL boundary enforcement for MagScalar variables
        GROUP MagScalar_ApplyBCs: Apply boundary conditions
          GROUP BoundaryConditions: Execute all boundary conditions
            Boundary::Boundary_ApplyPhysicalBCs: Apply all requested local physical boundary conditions
            CartGrid3D::CartGrid3D_ApplyBC: Apply symmetry boundary conditions
            ReflectionSymmetry::ReflectionSymmetry_Apply: Apply reflection symmetries
          Boundary::Boundary_ClearSelection: [level] Unselect all grid variables for boundary conditions
        GROUP SetTmunu: Group for calculating the stress-energy tensor
          TmunuBase::TmunuBase_ZeroTmunu: Initialise the stress-energy tensor to zero
          GROUP AddToTmunu: Add to the stress-energy tensor here
            MagScalarEvolve::MagScalar_AddToTmunu: Compute the energy-momentum tensor
      GROUP MoL_PseudoEvolutionBoundaries: Apply boundary conditions to pseudo-evolved quantities
      GROUP CalcNPProcaScalars_BC: Boundary conditions
        NPScalars_Proca::NPProca_Boundaries: [level] Symmetry boundary conditions
        GROUP ApplyBCs_NPProca: Apply boundary conditions
          GROUP BoundaryConditions: Execute all boundary conditions
            Boundary::Boundary_ApplyPhysicalBCs: Apply all requested local physical boundary conditions
            CartGrid3D::CartGrid3D_ApplyBC: Apply symmetry boundary conditions
            ReflectionSymmetry::ReflectionSymmetry_Apply: Apply reflection symmetries
          Boundary::Boundary_ClearSelection: [level] Unselect all grid variables for boundary conditions
      SpaceMask::MaskOne: Set mask to one
      AHFinderDirect::AHFinderDirect_maybe_do_masks: set mask(s) based on apparent horizon position(s)
--------------------------------------------------------------------------------
INFO (Carpet): Multi-Model listing:
   model 0: "world"
INFO (Carpet): Multi-Model process distribution:
   processes 0-127: model 0 "world"
INFO (Carpet): Multi-Model: This is process 0, model 0 "world"
INFO (CarpetLib): Process startup time was 9.85 seconds
Current core file size limit: hard=[unlimited], soft=0 MB
Current addres space size limit: hard=[unlimited], soft=[unlimited]
Current data segment size limit: hard=[unlimited], soft=[unlimited]
Current resident set size limit: hard=247808 MB, soft=247808 MB
INFO (CycleClock): Measuring CycleClock tick via OpenMP...
INFO (CycleClock): Calibrated CycleClock: 0.44442 ns per clock tick (2.25013 GHz)
INFO (Vectors): Using vector size 1 for architecture scalar (no vectorisation, 64-bit precision)
INFO (hwloc): library version 2.10.0, API version 0x20800
--------------------------------------------------------------------------------
AMR driver provided by Carpet
--------------------------------------------------------------------------------
AMR scalar I/O provided by CarpetIOScalar
--------------------------------------------------------------------------------
AMR 0D ASCII I/O provided by CarpetIOASCII
--------------------------------------------------------------------------------
AMR 1D ASCII I/O provided by CarpetIOASCII
--------------------------------------------------------------------------------
AMR 2D ASCII I/O provided by CarpetIOASCII
--------------------------------------------------------------------------------
AMR 3D ASCII I/O provided by CarpetIOASCII
--------------------------------------------------------------------------------
AMR info I/O provided by CarpetIOBasic
--------------------------------------------------------------------------------
MoL: Generalized time integration.
--------------------------------------------------------------------------------
AMR HDF5 I/O provided by CarpetIOHDF5
--------------------------------------------------------------------------------
AMR 0D HDF5 I/O provided by CarpetIOHDF5
--------------------------------------------------------------------------------
AMR 1D HDF5 I/O provided by CarpetIOHDF5
--------------------------------------------------------------------------------
AMR 2D HDF5 I/O provided by CarpetIOHDF5
--------------------------------------------------------------------------------
AMR 3D HDF5 I/O provided by CarpetIOHDF5
--------------------------------------------------------------------------------

INFO (Carpet): MPI is enabled
INFO (Carpet): Carpet is running on 128 processes
INFO (Carpet): This is process 0
INFO (Carpet): OpenMP is enabled
INFO (Carpet): This process contains 1 threads, this is thread 0
INFO (Carpet): There are 128 threads in total
INFO (Carpet): There are 1 threads per process
INFO (Carpet): This process runs on host cnx173, pid=1008735
INFO (Carpet): This process runs on 128 cores: 0-127
INFO (Carpet): Thread 0 runs on 128 cores: 0-127
INFO (Carpet): This simulation is running in 3 dimensions
INFO (Carpet): Boundary specification for map 0:
   nboundaryzones: [[3,3,3],[3,3,3]]
   is_internal   : [[0,0,0],[0,0,0]]
   is_staggered  : [[0,0,0],[0,0,0]]
   shiftout      : [[0,0,1],[0,0,0]]
INFO (Carpet): CoordBase domain specification for map 0:
   physical extent: [-256,-256,0] : [256,256,256]   ([512,512,256])
   interior extent: [-252,-252,0] : [252,252,252]   ([504,504,252])
   exterior extent: [-264,-264,-12] : [264,264,264]   ([528,528,276])
   base_spacing   : [4,4,4]
INFO (Carpet): Adapted domain specification for map 0:
   convergence factor: 2
   convergence level : 0
   physical extent   : [-256,-256,0] : [256,256,256]   ([512,512,256])
   interior extent   : [-252,-252,0] : [252,252,252]   ([504,504,252])
   exterior extent   : [-264,-264,-12] : [264,264,264]   ([528,528,276])
   spacing           : [4,4,4]
INFO (Carpet): Base grid specification for map 0:
   number of grid points             : [133,133,70]
   number of coarse grid ghost points: [[3,3,3],[3,3,3]]
INFO (Carpet): Buffer zone counts (excluding ghosts):
   [0]: [[0,0,0],[0,0,0]]
   [1]: [[9,9,9],[9,9,9]]
   [2]: [[9,9,9],[9,9,9]]
   [3]: [[9,9,9],[9,9,9]]
   [4]: [[9,9,9],[9,9,9]]
   [5]: [[9,9,9],[9,9,9]]
   [6]: [[9,9,9],[9,9,9]]
   [7]: [[9,9,9],[9,9,9]]
   [8]: [[9,9,9],[9,9,9]]
   [9]: [[9,9,9],[9,9,9]]
INFO (Carpet): Overlap zone counts:
   [0]: [[0,0,0],[0,0,0]]
   [1]: [[0,0,0],[0,0,0]]
   [2]: [[0,0,0],[0,0,0]]
   [3]: [[0,0,0],[0,0,0]]
   [4]: [[0,0,0],[0,0,0]]
   [5]: [[0,0,0],[0,0,0]]
   [6]: [[0,0,0],[0,0,0]]
   [7]: [[0,0,0],[0,0,0]]
   [8]: [[0,0,0],[0,0,0]]
   [9]: [[0,0,0],[0,0,0]]
INFO (Carpet): Group and variable statistics:
INFO (Carpet):    There are 747 grid functions in 72 groups
INFO (Carpet):    There are 1144 grid scalars in 70 groups
INFO (Carpet):    There are 111 1-dimensional grid arrays in 10 groups
INFO (Carpet):    There are 416 2-dimensional grid arrays in 18 groups
INFO (Carpet):    There are 6 3-dimensional grid arrays in 1 groups
INFO (Carpet):    (The number of variables counts all time levels)
INFO (CarpetIOScalar): Periodic scalar output requested for:
   LEANBSSNMOL::hc
   LEANBSSNMOL::mcx
   LEANBSSNMOL::mcy
   LEANBSSNMOL::mcz
   MAGSCALARBASE::phi1
   MAGSCALARBASE::phi2
   MAGSCALARBASE::Kphi1
   MAGSCALARBASE::Kphi2
   MAGSCALAREVOLVE::gc
INFO (CarpetIOASCII): I/O Method 'IOASCII_0D' registered: 0D AMR output of grid variables to ASCII files
INFO (CarpetIOASCII): Periodic 0D AMR output requested for:
   MAGSCALAREVOLVE::Q_phi
   MAGSCALAREVOLVE::E_phi
   QUASILOCALMEASURES::qlm_time[0]
   QUASILOCALMEASURES::qlm_time[1]
   QUASILOCALMEASURES::qlm_time[2]
   QUASILOCALMEASURES::qlm_time[3]
   QUASILOCALMEASURES::qlm_time[4]
   QUASILOCALMEASURES::qlm_time[5]
   QUASILOCALMEASURES::qlm_equatorial_circumference[0]
   QUASILOCALMEASURES::qlm_equatorial_circumference[1]
   QUASILOCALMEASURES::qlm_equatorial_circumference[2]
   QUASILOCALMEASURES::qlm_equatorial_circumference[3]
   QUASILOCALMEASURES::qlm_equatorial_circumference[4]
   QUASILOCALMEASURES::qlm_equatorial_circumference[5]
   QUASILOCALMEASURES::qlm_polar_circumference_0[0]
   QUASILOCALMEASURES::qlm_polar_circumference_0[1]
   QUASILOCALMEASURES::qlm_polar_circumference_0[2]
   QUASILOCALMEASURES::qlm_polar_circumference_0[3]
   QUASILOCALMEASURES::qlm_polar_circumference_0[4]
   QUASILOCALMEASURES::qlm_polar_circumference_0[5]
   QUASILOCALMEASURES::qlm_polar_circumference_pi_2[0]
   QUASILOCALMEASURES::qlm_polar_circumference_pi_2[1]
   QUASILOCALMEASURES::qlm_polar_circumference_pi_2[2]
   QUASILOCALMEASURES::qlm_polar_circumference_pi_2[3]
   QUASILOCALMEASURES::qlm_polar_circumference_pi_2[4]
   QUASILOCALMEASURES::qlm_polar_circumference_pi_2[5]
   QUASILOCALMEASURES::qlm_area[0]
   QUASILOCALMEASURES::qlm_area[1]
   QUASILOCALMEASURES::qlm_area[2]
   QUASILOCALMEASURES::qlm_area[3]
   QUASILOCALMEASURES::qlm_area[4]
   QUASILOCALMEASURES::qlm_area[5]
   QUASILOCALMEASURES::qlm_irreducible_mass[0]
   QUASILOCALMEASURES::qlm_irreducible_mass[1]
   QUASILOCALMEASURES::qlm_irreducible_mass[2]
   QUASILOCALMEASURES::qlm_irreducible_mass[3]
   QUASILOCALMEASURES::qlm_irreducible_mass[4]
   QUASILOCALMEASURES::qlm_irreducible_mass[5]
   QUASILOCALMEASURES::qlm_radius[0]
   QUASILOCALMEASURES::qlm_radius[1]
   QUASILOCALMEASURES::qlm_radius[2]
   QUASILOCALMEASURES::qlm_radius[3]
   QUASILOCALMEASURES::qlm_radius[4]
   QUASILOCALMEASURES::qlm_radius[5]
   QUASILOCALMEASURES::qlm_spin_guess[0]
   QUASILOCALMEASURES::qlm_spin_guess[1]
   QUASILOCALMEASURES::qlm_spin_guess[2]
   QUASILOCALMEASURES::qlm_spin_guess[3]
   QUASILOCALMEASURES::qlm_spin_guess[4]
   QUASILOCALMEASURES::qlm_spin_guess[5]
   QUASILOCALMEASURES::qlm_mass_guess[0]
   QUASILOCALMEASURES::qlm_mass_guess[1]
   QUASILOCALMEASURES::qlm_mass_guess[2]
   QUASILOCALMEASURES::qlm_mass_guess[3]
   QUASILOCALMEASURES::qlm_mass_guess[4]
   QUASILOCALMEASURES::qlm_mass_guess[5]
   QUASILOCALMEASURES::qlm_killing_eigenvalue_re[0]
   QUASILOCALMEASURES::qlm_killing_eigenvalue_re[1]
   QUASILOCALMEASURES::qlm_killing_eigenvalue_re[2]
   QUASILOCALMEASURES::qlm_killing_eigenvalue_re[3]
   QUASILOCALMEASURES::qlm_killing_eigenvalue_re[4]
   QUASILOCALMEASURES::qlm_killing_eigenvalue_re[5]
   QUASILOCALMEASURES::qlm_killing_eigenvalue_im[0]
   QUASILOCALMEASURES::qlm_killing_eigenvalue_im[1]
   QUASILOCALMEASURES::qlm_killing_eigenvalue_im[2]
   QUASILOCALMEASURES::qlm_killing_eigenvalue_im[3]
   QUASILOCALMEASURES::qlm_killing_eigenvalue_im[4]
   QUASILOCALMEASURES::qlm_killing_eigenvalue_im[5]
   QUASILOCALMEASURES::qlm_spin[0]
   QUASILOCALMEASURES::qlm_spin[1]
   QUASILOCALMEASURES::qlm_spin[2]
   QUASILOCALMEASURES::qlm_spin[3]
   QUASILOCALMEASURES::qlm_spin[4]
   QUASILOCALMEASURES::qlm_spin[5]
   QUASILOCALMEASURES::qlm_npspin[0]
   QUASILOCALMEASURES::qlm_npspin[1]
   QUASILOCALMEASURES::qlm_npspin[2]
   QUASILOCALMEASURES::qlm_npspin[3]
   QUASILOCALMEASURES::qlm_npspin[4]
   QUASILOCALMEASURES::qlm_npspin[5]
   QUASILOCALMEASURES::qlm_wsspin[0]
   QUASILOCALMEASURES::qlm_wsspin[1]
   QUASILOCALMEASURES::qlm_wsspin[2]
   QUASILOCALMEASURES::qlm_wsspin[3]
   QUASILOCALMEASURES::qlm_wsspin[4]
   QUASILOCALMEASURES::qlm_wsspin[5]
   QUASILOCALMEASURES::qlm_cvspin[0]
   QUASILOCALMEASURES::qlm_cvspin[1]
   QUASILOCALMEASURES::qlm_cvspin[2]
   QUASILOCALMEASURES::qlm_cvspin[3]
   QUASILOCALMEASURES::qlm_cvspin[4]
   QUASILOCALMEASURES::qlm_cvspin[5]
   QUASILOCALMEASURES::qlm_coordspinx[0]
   QUASILOCALMEASURES::qlm_coordspinx[1]
   QUASILOCALMEASURES::qlm_coordspinx[2]
   QUASILOCALMEASURES::qlm_coordspinx[3]
   QUASILOCALMEASURES::qlm_coordspinx[4]
   QUASILOCALMEASURES::qlm_coordspinx[5]
   QUASILOCALMEASURES::qlm_coordspiny[0]
   QUASILOCALMEASURES::qlm_coordspiny[1]
   QUASILOCALMEASURES::qlm_coordspiny[2]
   QUASILOCALMEASURES::qlm_coordspiny[3]
   QUASILOCALMEASURES::qlm_coordspiny[4]
   QUASILOCALMEASURES::qlm_coordspiny[5]
   QUASILOCALMEASURES::qlm_coordspinz[0]
   QUASILOCALMEASURES::qlm_coordspinz[1]
   QUASILOCALMEASURES::qlm_coordspinz[2]
   QUASILOCALMEASURES::qlm_coordspinz[3]
   QUASILOCALMEASURES::qlm_coordspinz[4]
   QUASILOCALMEASURES::qlm_coordspinz[5]
   QUASILOCALMEASURES::qlm_mass[0]
   QUASILOCALMEASURES::qlm_mass[1]
   QUASILOCALMEASURES::qlm_mass[2]
   QUASILOCALMEASURES::qlm_mass[3]
   QUASILOCALMEASURES::qlm_mass[4]
   QUASILOCALMEASURES::qlm_mass[5]
   QUASILOCALMEASURES::qlm_adm_energy[0]
   QUASILOCALMEASURES::qlm_adm_energy[1]
   QUASILOCALMEASURES::qlm_adm_energy[2]
   QUASILOCALMEASURES::qlm_adm_energy[3]
   QUASILOCALMEASURES::qlm_adm_energy[4]
   QUASILOCALMEASURES::qlm_adm_energy[5]
   QUASILOCALMEASURES::qlm_adm_momentum_x[0]
   QUASILOCALMEASURES::qlm_adm_momentum_x[1]
   QUASILOCALMEASURES::qlm_adm_momentum_x[2]
   QUASILOCALMEASURES::qlm_adm_momentum_x[3]
   QUASILOCALMEASURES::qlm_adm_momentum_x[4]
   QUASILOCALMEASURES::qlm_adm_momentum_x[5]
   QUASILOCALMEASURES::qlm_adm_momentum_y[0]
   QUASILOCALMEASURES::qlm_adm_momentum_y[1]
   QUASILOCALMEASURES::qlm_adm_momentum_y[2]
   QUASILOCALMEASURES::qlm_adm_momentum_y[3]
   QUASILOCALMEASURES::qlm_adm_momentum_y[4]
   QUASILOCALMEASURES::qlm_adm_momentum_y[5]
   QUASILOCALMEASURES::qlm_adm_momentum_z[0]
   QUASILOCALMEASURES::qlm_adm_momentum_z[1]
   QUASILOCALMEASURES::qlm_adm_momentum_z[2]
   QUASILOCALMEASURES::qlm_adm_momentum_z[3]
   QUASILOCALMEASURES::qlm_adm_momentum_z[4]
   QUASILOCALMEASURES::qlm_adm_momentum_z[5]
   QUASILOCALMEASURES::qlm_adm_angular_momentum_x[0]
   QUASILOCALMEASURES::qlm_adm_angular_momentum_x[1]
   QUASILOCALMEASURES::qlm_adm_angular_momentum_x[2]
   QUASILOCALMEASURES::qlm_adm_angular_momentum_x[3]
   QUASILOCALMEASURES::qlm_adm_angular_momentum_x[4]
   QUASILOCALMEASURES::qlm_adm_angular_momentum_x[5]
   QUASILOCALMEASURES::qlm_adm_angular_momentum_y[0]
   QUASILOCALMEASURES::qlm_adm_angular_momentum_y[1]
   QUASILOCALMEASURES::qlm_adm_angular_momentum_y[2]
   QUASILOCALMEASURES::qlm_adm_angular_momentum_y[3]
   QUASILOCALMEASURES::qlm_adm_angular_momentum_y[4]
   QUASILOCALMEASURES::qlm_adm_angular_momentum_y[5]
   QUASILOCALMEASURES::qlm_adm_angular_momentum_z[0]
   QUASILOCALMEASURES::qlm_adm_angular_momentum_z[1]
   QUASILOCALMEASURES::qlm_adm_angular_momentum_z[2]
   QUASILOCALMEASURES::qlm_adm_angular_momentum_z[3]
   QUASILOCALMEASURES::qlm_adm_angular_momentum_z[4]
   QUASILOCALMEASURES::qlm_adm_angular_momentum_z[5]
   QUASILOCALMEASURES::qlm_w_energy[0]
   QUASILOCALMEASURES::qlm_w_energy[1]
   QUASILOCALMEASURES::qlm_w_energy[2]
   QUASILOCALMEASURES::qlm_w_energy[3]
   QUASILOCALMEASURES::qlm_w_energy[4]
   QUASILOCALMEASURES::qlm_w_energy[5]
   QUASILOCALMEASURES::qlm_w_momentum_x[0]
   QUASILOCALMEASURES::qlm_w_momentum_x[1]
   QUASILOCALMEASURES::qlm_w_momentum_x[2]
   QUASILOCALMEASURES::qlm_w_momentum_x[3]
   QUASILOCALMEASURES::qlm_w_momentum_x[4]
   QUASILOCALMEASURES::qlm_w_momentum_x[5]
   QUASILOCALMEASURES::qlm_w_momentum_y[0]
   QUASILOCALMEASURES::qlm_w_momentum_y[1]
   QUASILOCALMEASURES::qlm_w_momentum_y[2]
   QUASILOCALMEASURES::qlm_w_momentum_y[3]
   QUASILOCALMEASURES::qlm_w_momentum_y[4]
   QUASILOCALMEASURES::qlm_w_momentum_y[5]
   QUASILOCALMEASURES::qlm_w_momentum_z[0]
   QUASILOCALMEASURES::qlm_w_momentum_z[1]
   QUASILOCALMEASURES::qlm_w_momentum_z[2]
   QUASILOCALMEASURES::qlm_w_momentum_z[3]
   QUASILOCALMEASURES::qlm_w_momentum_z[4]
   QUASILOCALMEASURES::qlm_w_momentum_z[5]
   QUASILOCALMEASURES::qlm_w_angular_momentum_x[0]
   QUASILOCALMEASURES::qlm_w_angular_momentum_x[1]
   QUASILOCALMEASURES::qlm_w_angular_momentum_x[2]
   QUASILOCALMEASURES::qlm_w_angular_momentum_x[3]
   QUASILOCALMEASURES::qlm_w_angular_momentum_x[4]
   QUASILOCALMEASURES::qlm_w_angular_momentum_x[5]
   QUASILOCALMEASURES::qlm_w_angular_momentum_y[0]
   QUASILOCALMEASURES::qlm_w_angular_momentum_y[1]
   QUASILOCALMEASURES::qlm_w_angular_momentum_y[2]
   QUASILOCALMEASURES::qlm_w_angular_momentum_y[3]
   QUASILOCALMEASURES::qlm_w_angular_momentum_y[4]
   QUASILOCALMEASURES::qlm_w_angular_momentum_y[5]
   QUASILOCALMEASURES::qlm_w_angular_momentum_z[0]
   QUASILOCALMEASURES::qlm_w_angular_momentum_z[1]
   QUASILOCALMEASURES::qlm_w_angular_momentum_z[2]
   QUASILOCALMEASURES::qlm_w_angular_momentum_z[3]
   QUASILOCALMEASURES::qlm_w_angular_momentum_z[4]
   QUASILOCALMEASURES::qlm_w_angular_momentum_z[5]
   SPHERICALSURFACE::sf_area[0]
   SPHERICALSURFACE::sf_area[1]
   SPHERICALSURFACE::sf_area[2]
   SPHERICALSURFACE::sf_area[3]
   SPHERICALSURFACE::sf_area[4]
   SPHERICALSURFACE::sf_area[5]
   SPHERICALSURFACE::sf_mean_radius[0]
   SPHERICALSURFACE::sf_mean_radius[1]
   SPHERICALSURFACE::sf_mean_radius[2]
   SPHERICALSURFACE::sf_mean_radius[3]
   SPHERICALSURFACE::sf_mean_radius[4]
   SPHERICALSURFACE::sf_mean_radius[5]
   SPHERICALSURFACE::sf_centroid_x[0]
   SPHERICALSURFACE::sf_centroid_x[1]
   SPHERICALSURFACE::sf_centroid_x[2]
   SPHERICALSURFACE::sf_centroid_x[3]
   SPHERICALSURFACE::sf_centroid_x[4]
   SPHERICALSURFACE::sf_centroid_x[5]
   SPHERICALSURFACE::sf_centroid_y[0]
   SPHERICALSURFACE::sf_centroid_y[1]
   SPHERICALSURFACE::sf_centroid_y[2]
   SPHERICALSURFACE::sf_centroid_y[3]
   SPHERICALSURFACE::sf_centroid_y[4]
   SPHERICALSURFACE::sf_centroid_y[5]
   SPHERICALSURFACE::sf_centroid_z[0]
   SPHERICALSURFACE::sf_centroid_z[1]
   SPHERICALSURFACE::sf_centroid_z[2]
   SPHERICALSURFACE::sf_centroid_z[3]
   SPHERICALSURFACE::sf_centroid_z[4]
   SPHERICALSURFACE::sf_centroid_z[5]
   SPHERICALSURFACE::sf_quadrupole_xx[0]
   SPHERICALSURFACE::sf_quadrupole_xx[1]
   SPHERICALSURFACE::sf_quadrupole_xx[2]
   SPHERICALSURFACE::sf_quadrupole_xx[3]
   SPHERICALSURFACE::sf_quadrupole_xx[4]
   SPHERICALSURFACE::sf_quadrupole_xx[5]
   SPHERICALSURFACE::sf_quadrupole_xy[0]
   SPHERICALSURFACE::sf_quadrupole_xy[1]
   SPHERICALSURFACE::sf_quadrupole_xy[2]
   SPHERICALSURFACE::sf_quadrupole_xy[3]
   SPHERICALSURFACE::sf_quadrupole_xy[4]
   SPHERICALSURFACE::sf_quadrupole_xy[5]
   SPHERICALSURFACE::sf_quadrupole_xz[0]
   SPHERICALSURFACE::sf_quadrupole_xz[1]
   SPHERICALSURFACE::sf_quadrupole_xz[2]
   SPHERICALSURFACE::sf_quadrupole_xz[3]
   SPHERICALSURFACE::sf_quadrupole_xz[4]
   SPHERICALSURFACE::sf_quadrupole_xz[5]
   SPHERICALSURFACE::sf_quadrupole_yy[0]
   SPHERICALSURFACE::sf_quadrupole_yy[1]
   SPHERICALSURFACE::sf_quadrupole_yy[2]
   SPHERICALSURFACE::sf_quadrupole_yy[3]
   SPHERICALSURFACE::sf_quadrupole_yy[4]
   SPHERICALSURFACE::sf_quadrupole_yy[5]
   SPHERICALSURFACE::sf_quadrupole_yz[0]
   SPHERICALSURFACE::sf_quadrupole_yz[1]
   SPHERICALSURFACE::sf_quadrupole_yz[2]
   SPHERICALSURFACE::sf_quadrupole_yz[3]
   SPHERICALSURFACE::sf_quadrupole_yz[4]
   SPHERICALSURFACE::sf_quadrupole_yz[5]
   SPHERICALSURFACE::sf_quadrupole_zz[0]
   SPHERICALSURFACE::sf_quadrupole_zz[1]
   SPHERICALSURFACE::sf_quadrupole_zz[2]
   SPHERICALSURFACE::sf_quadrupole_zz[3]
WARNING[L1,P0] (Cactus): Attempt to create a directory with an empty or NULL string
   SPHERICALSURFACE::sf_quadrupole_zz[4]
   SPHERICALSURFACE::sf_quadrupole_zz[5]
WARNING[L1,P0] (Cactus): Attempt to create a directory with an empty or NULL string
WARNING[L1,P0] (CarpetIOHDF5): Problem creating HDF5 output directory ''
WARNING[L1,P1] (Cactus): Attempt to create a directory with an empty or NULL string
WARNING[L1,P1] (CarpetIOHDF5): Problem creating HDF5 output directory ''
WARNING[L1,P10] (Cactus): Attempt to create a directory with an empty or NULL string
WARNING[L1,P10] (CarpetIOHDF5): Problem creating HDF5 output directory ''
WARNING[L1,P12] (Cactus): Attempt to create a directory with an empty or NULL string
WARNING[L1,P12] (CarpetIOHDF5): Problem creating HDF5 output directory ''
WARNING[L1,P17] (Cactus): Attempt to create a directory with an empty or NULL string
WARNING[L1,P17] (CarpetIOHDF5): Problem creating HDF5 output directory ''
WARNING[L1,P26] (Cactus): Attempt to create a directory with an empty or NULL string
WARNING[L1,P26] (CarpetIOHDF5): Problem creating HDF5 output directory ''
WARNING[L1,P27] (Cactus): Attempt to create a directory with an empty or NULL string
WARNING[L1,P27] (CarpetIOHDF5): Problem creating HDF5 output directory ''
WARNING[L1,P30] (Cactus): Attempt to create a directory with an empty or NULL string
WARNING[L1,P30] (CarpetIOHDF5): Problem creating HDF5 output directory ''
WARNING[L1,P31] (Cactus): Attempt to create a directory with an empty or NULL string
WARNING[L1,P31] (CarpetIOHDF5): Problem creating HDF5 output directory ''
WARNING[L1,P34] (Cactus): Attempt to create a directory with an empty or NULL string
WARNING[L1,P34] (CarpetIOHDF5): Problem creating HDF5 output directory ''
WARNING[L1,P36] (Cactus): Attempt to create a directory with an empty or NULL string
WARNING[L1,P36] (CarpetIOHDF5): Problem creating HDF5 output directory ''
WARNING[L1,P46] (Cactus): Attempt to create a directory with an empty or NULL string
WARNING[L1,P46] (CarpetIOHDF5): Problem creating HDF5 output directory ''
WARNING[L1,P47] (Cactus): Attempt to create a directory with an empty or NULL string
WARNING[L1,P47] (CarpetIOHDF5): Problem creating HDF5 output directory ''
WARNING[L1,P50] (Cactus): Attempt to create a directory with an empty or NULL string
WARNING[L1,P50] (CarpetIOHDF5): Problem creating HDF5 output directory ''
WARNING[L1,P54] (Cactus): Attempt to create a directory with an empty or NULL string
WARNING[L1,P54] (CarpetIOHDF5): Problem creating HDF5 output directory ''
WARNING[L1,P55] (Cactus): Attempt to create a directory with an empty or NULL string
WARNING[L1,P55] (CarpetIOHDF5): Problem creating HDF5 output directory ''
WARNING[L1,P56] (Cactus): Attempt to create a directory with an empty or NULL string
WARNING[L1,P56] (CarpetIOHDF5): Problem creating HDF5 output directory ''
WARNING[L1,P62] (Cactus): Attempt to create a directory with an empty or NULL string
WARNING[L1,P62] (CarpetIOHDF5): Problem creating HDF5 output directory ''
WARNING[L1,P63] (Cactus): Attempt to create a directory with an empty or NULL string
WARNING[L1,P63] (CarpetIOHDF5): Problem creating HDF5 output directory ''
WARNING[L1,P65] (Cactus): Attempt to create a directory with an empty or NULL string
WARNING[L1,P65] (CarpetIOHDF5): Problem creating HDF5 output directory ''
WARNING[L1,P66] (Cactus): Attempt to create a directory with an empty or NULL string
WARNING[L1,P66] (CarpetIOHDF5): Problem creating HDF5 output directory ''
WARNING[L1,P68] (Cactus): Attempt to create a directory with an empty or NULL string
WARNING[L1,P68] (CarpetIOHDF5): Problem creating HDF5 output directory ''
WARNING[L1,P72] (Cactus): Attempt to create a directory with an empty or NULL string
WARNING[L1,P72] (CarpetIOHDF5): Problem creating HDF5 output directory ''
WARNING[L1,P74] (Cactus): Attempt to create a directory with an empty or NULL string
WARNING[L1,P74] (CarpetIOHDF5): Problem creating HDF5 output directory ''
WARNING[L1,P77] (Cactus): Attempt to create a directory with an empty or NULL string
WARNING[L1,P77] (CarpetIOHDF5): Problem creating HDF5 output directory ''
WARNING[L1,P80] (Cactus): Attempt to create a directory with an empty or NULL string
WARNING[L1,P80] (CarpetIOHDF5): Problem creating HDF5 output directory ''
WARNING[L1,P81] (Cactus): Attempt to create a directory with an empty or NULL string
WARNING[L1,P81] (CarpetIOHDF5): Problem creating HDF5 output directory ''
WARNING[L1,P83] (Cactus): Attempt to create a directory with an empty or NULL string
WARNING[L1,P83] (CarpetIOHDF5): Problem creating HDF5 output directory ''
WARNING[L1,P84] (Cactus): Attempt to create a directory with an empty or NULL string
WARNING[L1,P84] (CarpetIOHDF5): Problem creating HDF5 output directory ''
WARNING[L1,P87] (Cactus): Attempt to create a directory with an empty or NULL string
WARNING[L1,P87] (CarpetIOHDF5): Problem creating HDF5 output directory ''
WARNING[L1,P90] (Cactus): Attempt to create a directory with an empty or NULL string
WARNING[L1,P90] (CarpetIOHDF5): Problem creating HDF5 output directory ''
WARNING[L1,P91] (Cactus): Attempt to create a directory with an empty or NULL string
WARNING[L1,P91] (CarpetIOHDF5): Problem creating HDF5 output directory ''
WARNING[L1,P92] (Cactus): Attempt to create a directory with an empty or NULL string
WARNING[L1,P92] (CarpetIOHDF5): Problem creating HDF5 output directory ''
WARNING[L1,P95] (Cactus): Attempt to create a directory with an empty or NULL string
WARNING[L1,P95] (CarpetIOHDF5): Problem creating HDF5 output directory ''
WARNING[L1,P96] (Cactus): Attempt to create a directory with an empty or NULL string
WARNING[L1,P96] (CarpetIOHDF5): Problem creating HDF5 output directory ''
WARNING[L1,P97] (Cactus): Attempt to create a directory with an empty or NULL string
WARNING[L1,P97] (CarpetIOHDF5): Problem creating HDF5 output directory ''
WARNING[L1,P98] (Cactus): Attempt to create a directory with an empty or NULL string
WARNING[L1,P98] (CarpetIOHDF5): Problem creating HDF5 output directory ''
WARNING[L1,P99] (Cactus): Attempt to create a directory with an empty or NULL string
WARNING[L1,P99] (CarpetIOHDF5): Problem creating HDF5 output directory ''
WARNING[L1,P100] (Cactus): Attempt to create a directory with an empty or NULL string
WARNING[L1,P100] (CarpetIOHDF5): Problem creating HDF5 output directory ''
WARNING[L1,P102] (Cactus): Attempt to create a directory with an empty or NULL string
WARNING[L1,P102] (CarpetIOHDF5): Problem creating HDF5 output directory ''
WARNING[L1,P103] (Cactus): Attempt to create a directory with an empty or NULL string
WARNING[L1,P103] (CarpetIOHDF5): Problem creating HDF5 output directory ''
WARNING[L1,P104] (Cactus): Attempt to create a directory with an empty or NULL string
WARNING[L1,P104] (CarpetIOHDF5): Problem creating HDF5 output directory ''
WARNING[L1,P105] (Cactus): Attempt to create a directory with an empty or NULL string
WARNING[L1,P105] (CarpetIOHDF5): Problem creating HDF5 output directory ''
WARNING[L1,P106] (Cactus): Attempt to create a directory with an empty or NULL string
WARNING[L1,P106] (CarpetIOHDF5): Problem creating HDF5 output directory ''
WARNING[L1,P107] (Cactus): Attempt to create a directory with an empty or NULL string
WARNING[L1,P107] (CarpetIOHDF5): Problem creating HDF5 output directory ''
WARNING[L1,P108] (Cactus): Attempt to create a directory with an empty or NULL string
WARNING[L1,P108] (CarpetIOHDF5): Problem creating HDF5 output directory ''
WARNING[L1,P109] (Cactus): Attempt to create a directory with an empty or NULL string
WARNING[L1,P109] (CarpetIOHDF5): Problem creating HDF5 output directory ''
WARNING[L1,P110] (Cactus): Attempt to create a directory with an empty or NULL string
WARNING[L1,P110] (CarpetIOHDF5): Problem creating HDF5 output directory ''
WARNING[L1,P111] (Cactus): Attempt to create a directory with an empty or NULL string
WARNING[L1,P111] (CarpetIOHDF5): Problem creating HDF5 output directory ''
WARNING[L1,P112] (Cactus): Attempt to create a directory with an empty or NULL string
WARNING[L1,P112] (CarpetIOHDF5): Problem creating HDF5 output directory ''
WARNING[L1,P113] (Cactus): Attempt to create a directory with an empty or NULL string
WARNING[L1,P113] (CarpetIOHDF5): Problem creating HDF5 output directory ''
WARNING[L1,P114] (Cactus): Attempt to create a directory with an empty or NULL string
WARNING[L1,P114] (CarpetIOHDF5): Problem creating HDF5 output directory ''
WARNING[L1,P115] (Cactus): Attempt to create a directory with an empty or NULL string
WARNING[L1,P115] (CarpetIOHDF5): Problem creating HDF5 output directory ''
WARNING[L1,P116] (Cactus): Attempt to create a directory with an empty or NULL string
WARNING[L1,P116] (CarpetIOHDF5): Problem creating HDF5 output directory ''
WARNING[L1,P118] (Cactus): Attempt to create a directory with an empty or NULL string
WARNING[L1,P118] (CarpetIOHDF5): Problem creating HDF5 output directory ''
WARNING[L1,P119] (Cactus): Attempt to create a directory with an empty or NULL string
WARNING[L1,P119] (CarpetIOHDF5): Problem creating HDF5 output directory ''
WARNING[L1,P120] (Cactus): Attempt to create a directory with an empty or NULL string
WARNING[L1,P120] (CarpetIOHDF5): Problem creating HDF5 output directory ''
WARNING[L1,P121] (Cactus): Attempt to create a directory with an empty or NULL string
WARNING[L1,P121] (CarpetIOHDF5): Problem creating HDF5 output directory ''
WARNING[L1,P122] (Cactus): Attempt to create a directory with an empty or NULL string
WARNING[L1,P122] (CarpetIOHDF5): Problem creating HDF5 output directory ''
WARNING[L1,P123] (Cactus): Attempt to create a directory with an empty or NULL string
WARNING[L1,P123] (CarpetIOHDF5): Problem creating HDF5 output directory ''
WARNING[L1,P124] (Cactus): Attempt to create a directory with an empty or NULL string
WARNING[L1,P124] (CarpetIOHDF5): Problem creating HDF5 output directory ''
WARNING[L1,P125] (Cactus): Attempt to create a directory with an empty or NULL string
WARNING[L1,P125] (CarpetIOHDF5): Problem creating HDF5 output directory ''
WARNING[L1,P126] (Cactus): Attempt to create a directory with an empty or NULL string
WARNING[L1,P126] (CarpetIOHDF5): Problem creating HDF5 output directory ''
WARNING[L1,P127] (Cactus): Attempt to create a directory with an empty or NULL string
WARNING[L1,P127] (CarpetIOHDF5): Problem creating HDF5 output directory ''
WARNING[L1,P2] (Cactus): Attempt to create a directory with an empty or NULL string
WARNING[L1,P2] (CarpetIOHDF5): Problem creating HDF5 output directory ''
WARNING[L1,P3] (Cactus): Attempt to create a directory with an empty or NULL string
WARNING[L1,P3] (CarpetIOHDF5): Problem creating HDF5 output directory ''
WARNING[L1,P4] (Cactus): Attempt to create a directory with an empty or NULL string
WARNING[L1,P4] (CarpetIOHDF5): Problem creating HDF5 output directory ''
WARNING[L1,P5] (Cactus): Attempt to create a directory with an empty or NULL string
WARNING[L1,P5] (CarpetIOHDF5): Problem creating HDF5 output directory ''
WARNING[L1,P6] (Cactus): Attempt to create a directory with an empty or NULL string
WARNING[L1,P6] (CarpetIOHDF5): Problem creating HDF5 output directory ''
WARNING[L1,P7] (Cactus): Attempt to create a directory with an empty or NULL string
WARNING[L1,P7] (CarpetIOHDF5): Problem creating HDF5 output directory ''
WARNING[L1,P8] (Cactus): Attempt to create a directory with an empty or NULL string
WARNING[L1,P8] (CarpetIOHDF5): Problem creating HDF5 output directory ''
WARNING[L1,P9] (Cactus): Attempt to create a directory with an empty or NULL string
WARNING[L1,P9] (CarpetIOHDF5): Problem creating HDF5 output directory ''
WARNING[L1,P11] (Cactus): Attempt to create a directory with an empty or NULL string
WARNING[L1,P11] (CarpetIOHDF5): Problem creating HDF5 output directory ''
WARNING[L1,P13] (Cactus): Attempt to create a directory with an empty or NULL string
WARNING[L1,P13] (CarpetIOHDF5): Problem creating HDF5 output directory ''
WARNING[L1,P14] (Cactus): Attempt to create a directory with an empty or NULL string
WARNING[L1,P14] (CarpetIOHDF5): Problem creating HDF5 output directory ''
WARNING[L1,P15] (Cactus): Attempt to create a directory with an empty or NULL string
WARNING[L1,P15] (CarpetIOHDF5): Problem creating HDF5 output directory ''
WARNING[L1,P16] (Cactus): Attempt to create a directory with an empty or NULL string
WARNING[L1,P16] (CarpetIOHDF5): Problem creating HDF5 output directory ''
WARNING[L1,P18] (Cactus): Attempt to create a directory with an empty or NULL string
WARNING[L1,P18] (CarpetIOHDF5): Problem creating HDF5 output directory ''
WARNING[L1,P19] (Cactus): Attempt to create a directory with an empty or NULL string
WARNING[L1,P19] (CarpetIOHDF5): Problem creating HDF5 output directory ''
WARNING[L1,P20] (Cactus): Attempt to create a directory with an empty or NULL string
WARNING[L1,P20] (CarpetIOHDF5): Problem creating HDF5 output directory ''
WARNING[L1,P21] (Cactus): Attempt to create a directory with an empty or NULL string
WARNING[L1,P21] (CarpetIOHDF5): Problem creating HDF5 output directory ''
WARNING[L1,P22] (Cactus): Attempt to create a directory with an empty or NULL string
WARNING[L1,P22] (CarpetIOHDF5): Problem creating HDF5 output directory ''
WARNING[L1,P23] (Cactus): Attempt to create a directory with an empty or NULL string
WARNING[L1,P23] (CarpetIOHDF5): Problem creating HDF5 output directory ''
WARNING[L1,P24] (Cactus): Attempt to create a directory with an empty or NULL string
WARNING[L1,P24] (CarpetIOHDF5): Problem creating HDF5 output directory ''
WARNING[L1,P25] (Cactus): Attempt to create a directory with an empty or NULL string
WARNING[L1,P25] (CarpetIOHDF5): Problem creating HDF5 output directory ''
WARNING[L1,P28] (Cactus): Attempt to create a directory with an empty or NULL string
WARNING[L1,P28] (CarpetIOHDF5): Problem creating HDF5 output directory ''
WARNING[L1,P29] (Cactus): Attempt to create a directory with an empty or NULL string
WARNING[L1,P29] (CarpetIOHDF5): Problem creating HDF5 output directory ''
WARNING[L1,P32] (Cactus): Attempt to create a directory with an empty or NULL string
WARNING[L1,P32] (CarpetIOHDF5): Problem creating HDF5 output directory ''
WARNING[L1,P33] (Cactus): Attempt to create a directory with an empty or NULL string
WARNING[L1,P33] (CarpetIOHDF5): Problem creating HDF5 output directory ''
WARNING[L1,P35] (Cactus): Attempt to create a directory with an empty or NULL string
WARNING[L1,P35] (CarpetIOHDF5): Problem creating HDF5 output directory ''
WARNING[L1,P37] (Cactus): Attempt to create a directory with an empty or NULL string
WARNING[L1,P37] (CarpetIOHDF5): Problem creating HDF5 output directory ''
WARNING[L1,P38] (Cactus): Attempt to create a directory with an empty or NULL string
WARNING[L1,P38] (CarpetIOHDF5): Problem creating HDF5 output directory ''
WARNING[L1,P39] (Cactus): Attempt to create a directory with an empty or NULL string
WARNING[L1,P39] (CarpetIOHDF5): Problem creating HDF5 output directory ''
WARNING[L1,P40] (Cactus): Attempt to create a directory with an empty or NULL string
WARNING[L1,P40] (CarpetIOHDF5): Problem creating HDF5 output directory ''
WARNING[L1,P41] (Cactus): Attempt to create a directory with an empty or NULL string
WARNING[L1,P41] (CarpetIOHDF5): Problem creating HDF5 output directory ''
WARNING[L1,P42] (Cactus): Attempt to create a directory with an empty or NULL string
WARNING[L1,P42] (CarpetIOHDF5): Problem creating HDF5 output directory ''
WARNING[L1,P43] (Cactus): Attempt to create a directory with an empty or NULL string
WARNING[L1,P43] (CarpetIOHDF5): Problem creating HDF5 output directory ''
WARNING[L1,P44] (Cactus): Attempt to create a directory with an empty or NULL string
WARNING[L1,P44] (CarpetIOHDF5): Problem creating HDF5 output directory ''
WARNING[L1,P45] (Cactus): Attempt to create a directory with an empty or NULL string
WARNING[L1,P45] (CarpetIOHDF5): Problem creating HDF5 output directory ''
WARNING[L1,P48] (Cactus): Attempt to create a directory with an empty or NULL string
WARNING[L1,P48] (CarpetIOHDF5): Problem creating HDF5 output directory ''
WARNING[L1,P49] (Cactus): Attempt to create a directory with an empty or NULL string
WARNING[L1,P49] (CarpetIOHDF5): Problem creating HDF5 output directory ''
WARNING[L1,P51] (Cactus): Attempt to create a directory with an empty or NULL string
WARNING[L1,P51] (CarpetIOHDF5): Problem creating HDF5 output directory ''
WARNING[L1,P52] (Cactus): Attempt to create a directory with an empty or NULL string
WARNING[L1,P52] (CarpetIOHDF5): Problem creating HDF5 output directory ''
WARNING[L1,P53] (Cactus): Attempt to create a directory with an empty or NULL string
WARNING[L1,P53] (CarpetIOHDF5): Problem creating HDF5 output directory ''
WARNING[L1,P57] (Cactus): Attempt to create a directory with an empty or NULL string
WARNING[L1,P57] (CarpetIOHDF5): Problem creating HDF5 output directory ''
WARNING[L1,P58] (Cactus): Attempt to create a directory with an empty or NULL string
WARNING[L1,P58] (CarpetIOHDF5): Problem creating HDF5 output directory ''
WARNING[L1,P59] (Cactus): Attempt to create a directory with an empty or NULL string
WARNING[L1,P59] (CarpetIOHDF5): Problem creating HDF5 output directory ''
WARNING[L1,P60] (Cactus): Attempt to create a directory with an empty or NULL string
WARNING[L1,P60] (CarpetIOHDF5): Problem creating HDF5 output directory ''
WARNING[L1,P61] (Cactus): Attempt to create a directory with an empty or NULL string
WARNING[L1,P61] (CarpetIOHDF5): Problem creating HDF5 output directory ''
WARNING[L1,P64] (Cactus): Attempt to create a directory with an empty or NULL string
WARNING[L1,P64] (CarpetIOHDF5): Problem creating HDF5 output directory ''
WARNING[L1,P67] (Cactus): Attempt to create a directory with an empty or NULL string
WARNING[L1,P67] (CarpetIOHDF5): Problem creating HDF5 output directory ''
WARNING[L1,P69] (Cactus): Attempt to create a directory with an empty or NULL string
WARNING[L1,P69] (CarpetIOHDF5): Problem creating HDF5 output directory ''
WARNING[L1,P70] (Cactus): Attempt to create a directory with an empty or NULL string
WARNING[L1,P70] (CarpetIOHDF5): Problem creating HDF5 output directory ''
WARNING[L1,P71] (Cactus): Attempt to create a directory with an empty or NULL string
WARNING[L1,P71] (CarpetIOHDF5): Problem creating HDF5 output directory ''
WARNING[L1,P73] (Cactus): Attempt to create a directory with an empty or NULL string
WARNING[L1,P73] (CarpetIOHDF5): Problem creating HDF5 output directory ''
WARNING[L1,P75] (Cactus): Attempt to create a directory with an empty or NULL string
WARNING[L1,P75] (CarpetIOHDF5): Problem creating HDF5 output directory ''
WARNING[L1,P76] (Cactus): Attempt to create a directory with an empty or NULL string
WARNING[L1,P76] (CarpetIOHDF5): Problem creating HDF5 output directory ''
WARNING[L1,P78] (Cactus): Attempt to create a directory with an empty or NULL string
WARNING[L1,P78] (CarpetIOHDF5): Problem creating HDF5 output directory ''
WARNING[L1,P79] (Cactus): Attempt to create a directory with an empty or NULL string
WARNING[L1,P79] (CarpetIOHDF5): Problem creating HDF5 output directory ''
WARNING[L1,P82] (Cactus): Attempt to create a directory with an empty or NULL string
WARNING[L1,P82] (CarpetIOHDF5): Problem creating HDF5 output directory ''
WARNING[L1,P85] (Cactus): Attempt to create a directory with an empty or NULL string
WARNING[L1,P85] (CarpetIOHDF5): Problem creating HDF5 output directory ''
WARNING[L1,P86] (Cactus): Attempt to create a directory with an empty or NULL string
WARNING[L1,P86] (CarpetIOHDF5): Problem creating HDF5 output directory ''
WARNING[L1,P88] (Cactus): Attempt to create a directory with an empty or NULL string
WARNING[L1,P88] (CarpetIOHDF5): Problem creating HDF5 output directory ''
WARNING[L1,P89] (Cactus): Attempt to create a directory with an empty or NULL string
WARNING[L1,P89] (CarpetIOHDF5): Problem creating HDF5 output directory ''
WARNING[L1,P93] (Cactus): Attempt to create a directory with an empty or NULL string
WARNING[L1,P93] (CarpetIOHDF5): Problem creating HDF5 output directory ''
WARNING[L1,P94] (Cactus): Attempt to create a directory with an empty or NULL string
WARNING[L1,P94] (CarpetIOHDF5): Problem creating HDF5 output directory ''
WARNING[L1,P101] (Cactus): Attempt to create a directory with an empty or NULL string
WARNING[L1,P101] (CarpetIOHDF5): Problem creating HDF5 output directory ''
WARNING[L1,P117] (Cactus): Attempt to create a directory with an empty or NULL string
WARNING[L1,P117] (CarpetIOHDF5): Problem creating HDF5 output directory ''
   SPHERICALSURFACE::sf_min_radius[0]
   SPHERICALSURFACE::sf_min_radius[1]
   SPHERICALSURFACE::sf_min_radius[2]
   SPHERICALSURFACE::sf_min_radius[3]
   SPHERICALSURFACE::sf_min_radius[4]
   SPHERICALSURFACE::sf_min_radius[5]
   SPHERICALSURFACE::sf_max_radius[0]
   SPHERICALSURFACE::sf_max_radius[1]
   SPHERICALSURFACE::sf_max_radius[2]
   SPHERICALSURFACE::sf_max_radius[3]
   SPHERICALSURFACE::sf_max_radius[4]
   SPHERICALSURFACE::sf_max_radius[5]
   SPHERICALSURFACE::sf_min_x[0]
   SPHERICALSURFACE::sf_min_x[1]
   SPHERICALSURFACE::sf_min_x[2]
   SPHERICALSURFACE::sf_min_x[3]
   SPHERICALSURFACE::sf_min_x[4]
   SPHERICALSURFACE::sf_min_x[5]
   SPHERICALSURFACE::sf_min_y[0]
   SPHERICALSURFACE::sf_min_y[1]
   SPHERICALSURFACE::sf_min_y[2]
   SPHERICALSURFACE::sf_min_y[3]
   SPHERICALSURFACE::sf_min_y[4]
   SPHERICALSURFACE::sf_min_y[5]
   SPHERICALSURFACE::sf_min_z[0]
   SPHERICALSURFACE::sf_min_z[1]
   SPHERICALSURFACE::sf_min_z[2]
   SPHERICALSURFACE::sf_min_z[3]
   SPHERICALSURFACE::sf_min_z[4]
   SPHERICALSURFACE::sf_min_z[5]
   SPHERICALSURFACE::sf_max_x[0]
   SPHERICALSURFACE::sf_max_x[1]
   SPHERICALSURFACE::sf_max_x[2]
   SPHERICALSURFACE::sf_max_x[3]
   SPHERICALSURFACE::sf_max_x[4]
   SPHERICALSURFACE::sf_max_x[5]
   SPHERICALSURFACE::sf_max_y[0]
   SPHERICALSURFACE::sf_max_y[1]
   SPHERICALSURFACE::sf_max_y[2]
   SPHERICALSURFACE::sf_max_y[3]
   SPHERICALSURFACE::sf_max_y[4]
   SPHERICALSURFACE::sf_max_y[5]
   SPHERICALSURFACE::sf_max_z[0]
   SPHERICALSURFACE::sf_max_z[1]
   SPHERICALSURFACE::sf_max_z[2]
   SPHERICALSURFACE::sf_max_z[3]
   SPHERICALSURFACE::sf_max_z[4]
   SPHERICALSURFACE::sf_max_z[5]
INFO (CarpetIOASCII): I/O Method 'IOASCII_1D' registered: 1D AMR output of grid variables to ASCII files
INFO (CarpetIOASCII): Periodic 1D AMR output requested for:
   ADMBASE::alp
   ADMBASE::betax
   ADMBASE::betay
   ADMBASE::betaz
   LEANBSSNMOL::hc
   LEANBSSNMOL::mcx
   LEANBSSNMOL::mcy
   LEANBSSNMOL::mcz
   MAGSCALARBASE::Ex
   MAGSCALARBASE::Ey
   MAGSCALARBASE::Ez
   MAGSCALARBASE::Ax
   MAGSCALARBASE::Ay
   MAGSCALARBASE::Az
   MAGSCALARBASE::Aphi
   MAGSCALARBASE::phi1
   MAGSCALARBASE::phi2
   MAGSCALARBASE::Kphi1
   MAGSCALARBASE::Kphi2
   MAGSCALAREVOLVE::gc
   MAGSCALAREVOLVE::rho_e
   MAGSCALAREVOLVE::rho_phi
INFO (CarpetIOASCII): I/O Method 'IOASCII_2D' registered: 2D AMR output of grid variables to ASCII files
INFO (CarpetIOASCII): I/O Method 'IOASCII_3D' registered: 3D AMR output of grid variables to ASCII files
INFO (CarpetIOHDF5): I/O Method 'IOHDF5' registered: AMR output of grid variables to HDF5 files
INFO (CarpetIOHDF5): I/O Method 'IOHDF5_0D' registered: 0D AMR output of grid variables to HDF5 files
INFO (CarpetIOHDF5): I/O Method 'IOHDF5_1D' registered: 1D AMR output of grid variables to HDF5 files
INFO (CarpetIOHDF5): I/O Method 'IOHDF5_2D' registered: 2D AMR output of grid variables to HDF5 files
INFO (CarpetIOHDF5): Periodic 2D AMR output requested for:
   MAGSCALAREVOLVE::rho_e
   MAGSCALAREVOLVE::rho_phi
   SPACEMASK::space_mask
INFO (CarpetIOHDF5): I/O Method 'IOHDF5_3D' registered: 3D AMR output of grid variables to HDF5 files
INFO (MoL): Using Runge-Kutta 4 as the time integrator.
INFO (SymBase): Symmetry on lower z-face: reflection_symmetry
INFO (MoL): The maximum number of evolved variables is 1862. 37 are registered.
INFO (MoL): The maximum number of slow evolved variables is 1862. 0 are registered.
INFO (MoL): The maximum number of constrained variables is 1862. 12 are registered.
INFO (MoL): The maximum number of SandR variables is 1862. 0 are registered.
INFO (MoL): The maximum number of evolved array variables is 1862. 0 are registered.
INFO (MoL): The maximum number of constrained array variables is 1862. 0 are registered.
INFO (MoL): The maximum number of SandR array variables is 1862. 0 are registered.
INFO (MoL): The maximum size of any array variables is 0.
INFO (Vectors): Testing vectorisation... [errors may result in segfaults]
INFO (Vectors): 101/101 tests passed 
INFO (CarpetRegrid2): Enforcing grid structure properties, iteration 0
INFO (CarpetRegrid2): Enforcing grid structure properties, iteration 1
INFO (CarpetRegrid2): Enforcing grid structure properties, iteration 0
INFO (CarpetRegrid2): Enforcing grid structure properties, iteration 1
INFO (CarpetRegrid2): Enforcing grid structure properties, iteration 0
INFO (CarpetRegrid2): Enforcing grid structure properties, iteration 1
INFO (CarpetRegrid2): Enforcing grid structure properties, iteration 0
INFO (CarpetRegrid2): Enforcing grid structure properties, iteration 1
INFO (CarpetRegrid2): Enforcing grid structure properties, iteration 0
INFO (CarpetRegrid2): Enforcing grid structure properties, iteration 1
INFO (CarpetRegrid2): Enforcing grid structure properties, iteration 0
INFO (CarpetRegrid2): Enforcing grid structure properties, iteration 1
INFO (CarpetRegrid2): Enforcing grid structure properties, iteration 0
INFO (CarpetRegrid2): Enforcing grid structure properties, iteration 1
INFO (CarpetRegrid2): Enforcing grid structure properties, iteration 0
INFO (CarpetRegrid2): Enforcing grid structure properties, iteration 1
INFO (CarpetRegrid2): Enforcing grid structure properties, iteration 0
INFO (CarpetRegrid2): Enforcing grid structure properties, iteration 1
INFO (Carpet): Grid structure (superregions, grid points):
   [0][0][0]   exterior: [0,0,0] : [132,132,69]   ([133,133,70] + PADDING) 1238230
   [1][0][0]   exterior: [59,59,3] : [205,205,79]   ([147,147,77] + PADDING) 1663893
   [2][0][0]   exterior: [191,191,9] : [337,337,85]   ([147,147,77] + PADDING) 1663893
   [3][0][0]   exterior: [455,455,21] : [601,601,97]   ([147,147,77] + PADDING) 1663893
   [4][0][0]   exterior: [983,983,45] : [1129,1129,121]   ([147,147,77] + PADDING) 1663893
   [5][0][0]   exterior: [2039,2039,93] : [2185,2185,169]   ([147,147,77] + PADDING) 1663893
   [6][0][0]   exterior: [4151,4151,189] : [4297,4297,265]   ([147,147,77] + PADDING) 1663893
   [7][0][0]   exterior: [8375,8375,381] : [8521,8521,457]   ([147,147,77] + PADDING) 1663893
   [8][0][0]   exterior: [16823,16823,765] : [16969,16969,841]   ([147,147,77] + PADDING) 1663893
   [9][0][0]   exterior: [33719,33719,1533] : [33865,33865,1609]   ([147,147,77] + PADDING) 1663893
INFO (Carpet): Grid structure (superregions, coordinates):
   [0][0][0]   exterior: [-264,-264,-12] : [264,264,264] : [4,4,4]
   [1][0][0]   exterior: [-146,-146,-6] : [146,146,146] : [2,2,2]
   [2][0][0]   exterior: [-73,-73,-3] : [73,73,73] : [1,1,1]
   [3][0][0]   exterior: [-36.5,-36.5,-1.5] : [36.5,36.5,36.5] : [0.5,0.5,0.5]
   [4][0][0]   exterior: [-18.25,-18.25,-0.75] : [18.25,18.25,18.25] : [0.25,0.25,0.25]
   [5][0][0]   exterior: [-9.125,-9.125,-0.375] : [9.125,9.125,9.125] : [0.125,0.125,0.125]
   [6][0][0]   exterior: [-4.5625,-4.5625,-0.1875] : [4.5625,4.5625,4.5625] : [0.0625,0.0625,0.0625]
   [7][0][0]   exterior: [-2.28125,-2.28125,-0.09375] : [2.28125,2.28125,2.28125] : [0.03125,0.03125,0.03125]
   [8][0][0]   exterior: [-1.140625,-1.140625,-0.046875] : [1.140625,1.140625,1.140625] : [0.015625,0.015625,0.015625]
   [9][0][0]   exterior: [-0.5703125,-0.5703125,-0.0234375] : [0.5703125,0.5703125,0.5703125] : [0.0078125,0.0078125,0.0078125]
INFO (Carpet): Global grid structure statistics:
INFO (Carpet): GF: rhs: 1082k active, 1599k owned (+48%), 3198k total (+100%), 1.02e+03 steps/time
INFO (Carpet): GF: vars: 278, pts: 2993M active, 4288M owned (+43%), 8634M total (+101%), 1.0 comp/proc
INFO (Carpet): GA: vars: 1658, pts: 436M active, 436M total (+0%)
INFO (Carpet): Total required memory: 73.568 GByte (for GAs and currently active GFs)
INFO (Carpet): Load balance:  min     avg     max     sdv     max/avg-1
INFO (Carpet): Level  0:       2M      2M      3M      0M owned     30%
INFO (Carpet): Level  1:       3M      3M      4M      0M owned     10%
INFO (Carpet): Level  2:       3M      3M      4M      0M owned     10%
INFO (Carpet): Level  3:       3M      3M      4M      0M owned     10%
INFO (Carpet): Level  4:       3M      3M      4M      0M owned     10%
INFO (Carpet): Level  5:       3M      3M      4M      0M owned     10%
INFO (Carpet): Level  6:       3M      3M      4M      0M owned     10%
INFO (Carpet): Level  7:       3M      3M      4M      0M owned     10%
INFO (Carpet): Level  8:       3M      3M      4M      0M owned     10%
INFO (Carpet): Level  9:       3M      3M      4M      0M owned     10%
INFO (CartGrid3D): Grid Spacings:
INFO (CartGrid3D): dx=>4.0000000e+00  dy=>4.0000000e+00  dz=>4.0000000e+00
INFO (CartGrid3D): Computational Coordinates:
INFO (CartGrid3D): x=>[-264.000,264.000]  y=>[-264.000,264.000]  z=>[-12.000,264.000]
INFO (CartGrid3D): Indices of Physical Coordinates:
INFO (CartGrid3D): x=>[0,132]  y=>[0,132]  z=>[0,69]
INFO (AHFinderDirect): setting up AHFinderDirect data structures
INFO (AHFinderDirect):            to search for 6 horizons on 128 processors
INFO (AHFinderDirect):       constructing full sphere patch system
INFO (AHFinderDirect):                    at origin (0,0,0)
INFO (AHFinderDirect):                    with 18 angular zones per right angle
INFO (AHFinderDirect):       ==> 2166 nominal, 3174 ghosted angular grid points
INFO (AHFinderDirect):       constructing full sphere patch system
INFO (AHFinderDirect):                    at origin (0,0,0)
INFO (AHFinderDirect):                    with 18 angular zones per right angle
INFO (AHFinderDirect):       ==> 2166 nominal, 3174 ghosted angular grid points
INFO (AHFinderDirect):       constructing full sphere patch system
INFO (AHFinderDirect):                    at origin (0,0,0)
INFO (AHFinderDirect):                    with 18 angular zones per right angle
INFO (AHFinderDirect):       ==> 2166 nominal, 3174 ghosted angular grid points
INFO (AHFinderDirect):       constructing full sphere patch system
INFO (AHFinderDirect):                    at origin (0,0,0)
INFO (AHFinderDirect):                    with 18 angular zones per right angle
INFO (AHFinderDirect):       ==> 2166 nominal, 3174 ghosted angular grid points
INFO (AHFinderDirect):       constructing full sphere patch system
INFO (AHFinderDirect):                    at origin (0,0,0)
INFO (AHFinderDirect):                    with 18 angular zones per right angle
INFO (AHFinderDirect):       ==> 2166 nominal, 3174 ghosted angular grid points
INFO (AHFinderDirect):       constructing full sphere patch system
INFO (AHFinderDirect):                    at origin (0,0,0)
INFO (AHFinderDirect):                    with 18 angular zones per right angle
INFO (AHFinderDirect):       ==> 2166 nominal, 3174 ghosted angular grid points
INFO (TerminationTrigger): Reminding you every 0 minutes about remaining walltime
INFO (Time): Timestep set to 1.6 (courant_static)
INFO (MagScalarInit): Step size in input file, h=0.00166667
INFO (QuasiLocalMeasures): Initialising Quasi-Local Measure calculations
INFO (TerminationTrigger): Reminding you every 0 minutes about remaining walltime
INFO (Time): Timestep set to 0.8 (courant_static)
INFO (MagScalarInit): Step size in input file, h=0.00166667
INFO (TerminationTrigger): Reminding you every 0 minutes about remaining walltime
INFO (Time): Timestep set to 0.4 (courant_static)
INFO (MagScalarInit): Step size in input file, h=0.00166667
INFO (TerminationTrigger): Reminding you every 0 minutes about remaining walltime
INFO (Time): Timestep set to 0.2 (courant_static)
INFO (MagScalarInit): Step size in input file, h=0.00166667
INFO (TerminationTrigger): Reminding you every 0 minutes about remaining walltime
INFO (Time): Timestep set to 0.1 (courant_static)
INFO (MagScalarInit): Step size in input file, h=0.00166667
INFO (TerminationTrigger): Reminding you every 0 minutes about remaining walltime
INFO (Time): Timestep set to 0.05 (courant_static)
INFO (MagScalarInit): Step size in input file, h=0.00166667
INFO (TerminationTrigger): Reminding you every 0 minutes about remaining walltime
INFO (Time): Timestep set to 0.025 (courant_static)
INFO (MagScalarInit): Step size in input file, h=0.00166667
INFO (TerminationTrigger): Reminding you every 0 minutes about remaining walltime
INFO (Time): Timestep set to 0.0125 (courant_static)
INFO (MagScalarInit): Step size in input file, h=0.00166667
INFO (TerminationTrigger): Reminding you every 0 minutes about remaining walltime
INFO (Time): Timestep set to 0.00625 (courant_static)
INFO (MagScalarInit): Step size in input file, h=0.00166667
INFO (TerminationTrigger): Reminding you every 0 minutes about remaining walltime
INFO (Time): Timestep set to 0.003125 (courant_static)
INFO (MagScalarInit): Step size in input file, h=0.00166667
INFO (AHFinderDirect): proc 0: searching for horizon 1/6
INFO (AHFinderDirect): AH 6/6: r=238.73 at (-0.001014,0.000024,-0.000047)
INFO (AHFinderDirect): AH 6/6: area=723859.6138 m_irreducible=120.0030394
INFO (AHFinderDirect): AH 3/6: r=78.7547 at (-0.001000,-0.000000,0.000000)
INFO (AHFinderDirect): AH 3/6: area=80425.29393 m_irreducible=40.00012981
INFO (AHFinderDirect): AH 4/6: r=98.7454 at (-0.001000,0.000000,0.000000)
INFO (AHFinderDirect): AH 4/6: area=125664.1345 m_irreducible=50.00008522
INFO (AHFinderDirect): AH 5/6: r=178.729 at (-0.001000,0.000000,-0.000000)
INFO (AHFinderDirect): AH 5/6: area=407150.6481 m_irreducible=90.00002655
INFO (AHFinderDirect): AH 2/6: r=28.8329 at (-0.001000,0.000000,-0.000000)
INFO (AHFinderDirect): AH 2/6: area=11309.76807 m_irreducible=15.00002289
INFO (AHFinderDirect): AH 1/6: r=0.149997 at (-0.001000,0.000000,-0.000000)
INFO (AHFinderDirect): AH 1/6: area=4.960415411 m_irreducible=0.3141406199
INFO (QuasiLocalMeasures): Calculating quasi-local quantities for surface    0
INFO (QuasiLocalMeasures): Importing from spherical surface    0
INFO (QuasiLocalMeasures): Geometric quantities for surface    0:
INFO (QuasiLocalMeasures):    Area A:                            4.96041
INFO (QuasiLocalMeasures):    Irreducible mass M = R/2:         0.314140
INFO (QuasiLocalMeasures):    Areal radius R = sqrt(A/4pi):     0.628281
INFO (QuasiLocalMeasures): Coordinate-dependent quantities for surface    0:
INFO (QuasiLocalMeasures):    Equatorial circumference:             3.94760
INFO (QuasiLocalMeasures):    Polar circumference at phi=0:         3.93084
INFO (QuasiLocalMeasures):    Polar circumference at phi=pi/2:      3.94613
INFO (QuasiLocalMeasures):    Spin guess J from distortion:        0.126474E-03
INFO (QuasiLocalMeasures):    Mass guess M from distortion:        0.314140
INFO (QuasiLocalMeasures): Isolated Horizon quantities for surface    0:
INFO (QuasiLocalMeasures):    Killing vector field eigenvalue norm:      1.00000
INFO (QuasiLocalMeasures):    Spin J:                                    0.00000
INFO (QuasiLocalMeasures):    Kerr spin parameter a = J/M:               0.00000
INFO (QuasiLocalMeasures):    Dimensionless spin parameter a = J/M^2:    0.00000
INFO (QuasiLocalMeasures):    Spin J from NP:                           0.104480E-18
INFO (QuasiLocalMeasures):    Spin J from phi-coordinate-vector:         0.00000
INFO (QuasiLocalMeasures):    Mass M:                                   0.314140
INFO (QuasiLocalMeasures): Global quantities for surface    0:
INFO (QuasiLocalMeasures):    ADM energy:                 -5.45956
INFO (QuasiLocalMeasures):    ADM momentum x:              0.00000
INFO (QuasiLocalMeasures):    ADM momentum y:              0.00000
INFO (QuasiLocalMeasures):    ADM momentum z:              0.00000
INFO (QuasiLocalMeasures):    ADM angular momentum x:      0.00000
INFO (QuasiLocalMeasures):    ADM angular momentum y:      0.00000
INFO (QuasiLocalMeasures):    ADM angular momentum z:      0.00000
INFO (QuasiLocalMeasures):    Weinberg energy:                  11.0233
INFO (QuasiLocalMeasures):    Weinberg momentum x:              0.00000
INFO (QuasiLocalMeasures):    Weinberg momentum y:              0.00000
INFO (QuasiLocalMeasures):    Weinberg momentum z:              0.00000
INFO (QuasiLocalMeasures):    Weinberg angular momentum x:      0.00000
INFO (QuasiLocalMeasures):    Weinberg angular momentum y:      0.00000
INFO (QuasiLocalMeasures):    Weinberg angular momentum z:      0.00000
------------------------------------------------------------------------------------
Iteration      Time | *me_per_hour |     LEANBSSNMOL::conf_fac | *TISTICS::maxrss_mb
                    |              |      minimum      maximum |   minimum   maximum
------------------------------------------------------------------------------------
        0     0.000 |    0.0000000 |    0.2387025    0.9971150 |       729       838
INFO (Carpet): Terminating due to cctk_final_time at t = 0.000000
INFO (TimerReport): Timer Report before terminating at iteration 0 time 0
INFO (TimerReport): Top timers at iteration 0 time 0
======================================================================
    %    Time/s   Min/s   Max/s   Timer (gettimeofday)
======================================================================
100.0   35.5235 35.5135 35.6035   main/Initialise
 99.8   35.4623 35.4325 35.5290   meta mode/meta mode/global mode
 56.3   20.0089 19.9645 20.0427   main/Initialise/CallAnalysis
 35.5   12.6059 12.6012 12.6206   main/CarpetStartup
 35.4   12.5758 12.5611 12.5896   main/CarpetStartup/CarpetLib::gh::regrid
 35.4   12.5748 12.5601 12.5881   main/CarpetStartup/CarpetLib::gh::regrid/CarpetLib::dh::regrid
 28.5   10.1373  8.5195 10.2261   main/Initialise/CallAnalysis/CCTK_ANALYSIS
 28.5   10.1089  8.2155 10.1984   main/Initialise/CallAnalysis/CCTK_ANALYSIS/CallFunction
 27.8    9.8623  9.7736 11.5159   main/Initialise/CallAnalysis/OutputGH
 27.8    9.8623  9.7736 11.5158   main/Initialise/CallAnalysis/OutputGH/OutputGH
 27.5    9.7795  9.4760  9.8850   main/Initialise/CallAnalysis/OutputGH/OutputGH/IOASCII::IOASCII_1D [2]
 27.5    9.7794  9.4759  9.8849   main/Initialise/CallAnalysis/OutputGH/OutputGH/IOASCII::IOASCII_1D [2]/OutputGH<1>
 23.0    8.1565  8.0839  8.2169   main/Initialise/CallInitial
 20.8    7.3739  4.9810  8.1164   main/Initialise/CallAnalysis/CCTK_ANALYSIS/CallFunction/thorns
 20.3    7.1987  7.0965  7.2878   main/CarpetStartup/CarpetLib::gh::regrid/CarpetLib::dh::regrid/bcast_comm
 20.1    7.1337  7.0542  8.1560   meta mode/meta mode/global mode/level(0)
 16.5    5.8751  5.8106  5.9279   main/Initialise/CallPostInitial
 16.5    5.8710  5.8074  5.9244   main/Initialise/CallPostInitial/CCTK_POSTSTEP
 16.5    5.8704  5.8068  5.9237   main/Initialise/CallPostInitial/CCTK_POSTSTEP/CallFunction
 16.3    5.7975  5.7081  5.9109   main/Initialise/CallPostInitial/CCTK_POSTSTEP/CallFunction/thorns
 15.6    5.5338  5.4826  5.5643   [0137] AHFinderDirect: AHFinderDirect_find_horizons in CCTK_POSTSTEP
 15.6    5.5337  5.4825  5.5643   main/Initialise/CallPostInitial/CCTK_POSTSTEP/CallFunction/thorns/AHFinderDirect_find_horizons
 14.9    5.2940  5.2880  5.3173   main/Initialise/CallInitial/CallRegridInitialMeta
 14.8    5.2643  5.2621  5.2783   main/Initialise/CallInitial/CallRegridInitialMeta/Regrid
 14.4    5.1091  5.0614  5.1742   main/Initialise/CallInitial/CallRegridInitialMeta/Regrid/RegridMap
 14.4    5.1077  5.0612  5.1148   main/Initialise/CallInitial/CallRegridInitialMeta/Regrid/RegridMap/CarpetLib::gh::regrid
 14.4    5.1075  5.0610  5.1146   main/Initialise/CallInitial/CallRegridInitialMeta/Regrid/RegridMap/CarpetLib::gh::regrid/CarpetLib::dh::regrid
 11.5    4.0715  1.7514  4.7481   [0180] QuasiLocalMeasures: qlm_calculate in CCTK_ANALYSIS
 11.5    4.0714  1.7514  4.7479   main/Initialise/CallAnalysis/CCTK_ANALYSIS/CallFunction/thorns/qlm_calculate
 11.1    3.9542  3.7988  4.0352   main/CarpetStartup/CarpetLib::gh::regrid/CarpetLib::dh::regrid/bcast_comm/ref_refl_prol
 11.1    3.9524  3.7970  4.0334   main/CarpetStartup/CarpetLib::gh::regrid/CarpetLib::dh::regrid/bcast_comm/ref_refl_prol/CarpetLib::dh::bs2
  8.0    2.8544  2.8271  5.8242   [0172] Multipole: Multipole_Calc in CCTK_ANALYSIS
  8.0    2.8543  2.8270  5.8240   main/Initialise/CallAnalysis/CCTK_ANALYSIS/CallFunction/thorns/Multipole_Calc
  7.7    2.7256  0.2004  5.1599   main/Initialise/CallAnalysis/CCTK_ANALYSIS/CallFunction/syncs
  7.5    2.6590  1.9640  5.0602   meta mode/meta mode/global mode/level(9)
  6.8    2.4211  1.4036  2.4859   meta mode/meta mode/global mode/level(1)
  6.5    2.3042  2.1116  2.4655   main/CarpetStartup/CarpetLib::gh::regrid/CarpetLib::dh::regrid/bcast_boxes
  5.6    1.9788  1.9485  2.0002   main/Initialise/CallInitial/CallRegridInitialMeta/Regrid/RegridMap/CarpetLib::gh::regrid/CarpetLib::dh::regrid/bcast_comm
  5.1    1.8023  0.0939  5.1453   main/Initialise/CallAnalysis/CCTK_ANALYSIS/CallFunction/syncs/Sync
  5.1    1.8012  1.7314  1.9611   main/CarpetStartup/CarpetLib::gh::regrid/CarpetLib::dh::regrid/test
======================================================================
==================================================================================================================================================================================================
Thorn           | Scheduled routine in time bin           | gettimeofday [secs] | getrusage [secs] | cycle [secs] | cycle[avg] [secs] | cycle[sdv] [secs] | cycle[min] [secs] | cycle[max] [secs] 
==================================================================================================================================================================================================
Carpet          | Multi-model Startup routine             |          0.13180300 |       0.12264600 |   0.00000000 |        0.00000000 |        0.00000000 |        0.00000000 |        0.00000000 
CycleClock      | Set up CycleClock                       |          0.10027200 |       0.09977200 |   0.00000095 |        0.00000095 |        0.00000000 |        0.00000095 |        0.00000095 
LoopControl     | Set up LoopControl                      |          0.00000400 |       0.00000400 |   0.00000358 |        0.00000358 |        0.00000000 |        0.00000358 |        0.00000358 
Timers          | Prepare hierarchical timers             |          0.00000700 |       0.00000800 |   0.00000763 |        0.00000763 |        0.00000000 |        0.00000763 |        0.00000763 
Carpet          | Startup routine                         |          0.00000200 |       0.00000200 |   0.00000195 |        0.00000195 |        0.00000000 |        0.00000195 |        0.00000195 
IOUtil          | Startup routine                         |          0.00000500 |       0.00000600 |   0.00000534 |        0.00000534 |        0.00000000 |        0.00000534 |        0.00000534 
CarpetIOScalar  | Startup routine                         |          0.00000900 |       0.00001000 |   0.00000935 |        0.00000935 |        0.00000000 |        0.00000935 |        0.00000935 
CarpetInterp    | Startup routine                         |          0.00000200 |       0.00000200 |   0.00000197 |        0.00000197 |        0.00000000 |        0.00000197 |        0.00000197 
CarpetReduce    | Startup routine                         |          0.00002700 |       0.00002800 |   0.00002754 |        0.00002754 |        0.00000000 |        0.00002754 |        0.00002754 
CartGrid3D      | Register GH Extension for GridSymmetry  |          0.00000100 |       0.00000000 |   0.00000080 |        0.00000080 |        0.00000000 |        0.00000080 |        0.00000080 
CoordBase       | Register a GH extension to store the coo|          0.00000100 |       0.00000100 |   0.00000076 |        0.00000076 |        0.00000000 |        0.00000076 |        0.00000076 
AEILocalInterp  | register CCTK_InterpLocalUniform() inter|          0.00000300 |       0.00000300 |   0.00000277 |        0.00000277 |        0.00000000 |        0.00000277 |        0.00000277 
CarpetIOASCII   | Startup routine                         |          0.00006500 |       0.00006500 |   0.00006467 |        0.00006467 |        0.00000000 |        0.00006467 |        0.00006467 
LeanBSSNMoL     | Register slicing                        |          0.00002500 |       0.00002500 |   0.00002505 |        0.00002505 |        0.00000000 |        0.00002505 |        0.00002505 
LocalInterp     | register LocalInterp's interpolation ope|          0.00000100 |       0.00000100 |   0.00000091 |        0.00000091 |        0.00000000 |        0.00000091 |        0.00000091 
CarpetIOBasic   | Startup routine                         |          0.00001700 |       0.00001800 |   0.00001769 |        0.00001769 |        0.00000000 |        0.00001769 |        0.00001769 
MagScalarEvolve | Register the masks for excision         |          0.00003900 |       0.00004000 |   0.00003947 |        0.00003947 |        0.00000000 |        0.00003947 |        0.00003947 
MoL             | Startup banner                          |          0.00002500 |       0.00002400 |   0.00002435 |        0.00002435 |        0.00000000 |        0.00002435 |        0.00002435 
SymBase         | Register GH Extension for SymBase       |          0.00000200 |       0.00000200 |   0.00000219 |        0.00000219 |        0.00000000 |        0.00000219 |        0.00000219 
TerminationTrigg| Start signal handler                    |          0.00005800 |       0.00004800 |   0.00005822 |        0.00005822 |        0.00000000 |        0.00005822 |        0.00005822 
CarpetIOHDF5    | Startup routine                         |          0.00013100 |       0.00001900 |   0.00013112 |        0.00013112 |        0.00000000 |        0.00013112 |        0.00013112 
Vectors         | Print startup message                   |          0.00001200 |       0.00000200 |   0.00001176 |        0.00001176 |        0.00000000 |        0.00001176 |        0.00001176 
hwloc           | Output hwloc version                    |          0.00000700 |       0.00000100 |   0.00000722 |        0.00000722 |        0.00000000 |        0.00000722 |        0.00000722 
--------------------------------------------------------------------------------------------------------------------------------------------------------------------------------------------------
                | Total time for CCTK_STARTUP             |          0.23251800 |       0.22272700 |   0.00044528 |        0.00044528 |        0.00000000 |        0.00044528 |        0.00044528 
==================================================================================================================================================================================================
ADMBase         | Set up GF symmetries                    |          0.00004700 |       0.00003400 |   0.00004636 |        0.00004636 |        0.00000000 |        0.00004636 |        0.00004636 
Boundary        | Register boundary conditions that this t|          0.00001300 |       0.00000900 |   0.00001248 |        0.00001248 |        0.00000000 |        0.00001248 |        0.00001248 
CarpetRegrid2   | Initialise locations of refined regions |          0.00002000 |       0.00001500 |   0.00001923 |        0.00001923 |        0.00000000 |        0.00001923 |        0.00001923 
CartGrid3D      | Register coordinates for the Cartesian g|          0.00013500 |       0.00010100 |   0.00013495 |        0.00013495 |        0.00000000 |        0.00013495 |        0.00013495 
CoordGauge      | Initialize slicing, setup priorities for|          0.00001100 |       0.00000800 |   0.00001066 |        0.00001066 |        0.00000000 |        0.00001066 |        0.00001066 
CoordGauge      | Identify the slicing for the next iterat|          0.00000700 |       0.00000400 |   0.00000629 |        0.00000629 |        0.00000000 |        0.00000629 |        0.00000629 
MoL             | Set up the MoL bookkeeping index arrays |          0.00003300 |       0.00002500 |   0.00003322 |        0.00003322 |        0.00000000 |        0.00003322 |        0.00003322 
MoL             | Set the flag so it is ok to register wit|          0.00000600 |       0.00000500 |   0.00000662 |        0.00000662 |        0.00000000 |        0.00000662 |        0.00000662 
TmunuBase       | Set the stress_energy_state variable    |          0.00012800 |       0.00011000 |   0.00012777 |        0.00012777 |        0.00000000 |        0.00012777 |        0.00012777 
LeanBSSNMoL     | Register variables for MoL              |          0.00015200 |       0.00015100 |   0.00015150 |        0.00015150 |        0.00000000 |        0.00015150 |        0.00015150 
MagScalarEvolve | Register variables for MoL              |          0.00011100 |       0.00011100 |   0.00011079 |        0.00011079 |        0.00000000 |        0.00011079 |        0.00011079 
SpaceMask       | Set grid symmetries for mask            |          0.00001200 |       0.00001200 |   0.00001195 |        0.00001195 |        0.00000000 |        0.00001195 |        0.00001195 
SpaceMask       | Set grid symmetries for emask (compatibi|          0.00000800 |       0.00000800 |   0.00000781 |        0.00000781 |        0.00000000 |        0.00000781 |        0.00000781 
CartGrid3D      | Register symmetry boundaries            |          0.00009500 |       0.00009500 |   0.00009509 |        0.00009509 |        0.00000000 |        0.00009509 |        0.00009509 
ReflectionSymmet| Register reflection symmetry boundaries |          0.00001300 |       0.00001300 |   0.00001285 |        0.00001285 |        0.00000000 |        0.00001285 |        0.00001285 
SymBase         | Print symmetry boundary face description|          0.00000900 |       0.00000900 |   0.00000821 |        0.00000821 |        0.00000000 |        0.00000821 |        0.00000821 
MoL             | Report how many of each type of variable|          0.00009700 |       0.00009700 |   0.00009701 |        0.00009701 |        0.00000000 |        0.00009701 |        0.00009701 
--------------------------------------------------------------------------------------------------------------------------------------------------------------------------------------------------
                | Total time for CCTK_WRAGH               |          0.00089700 |       0.00080700 |   0.00089280 |        0.00089280 |        0.00000000 |        0.00089280 |        0.00089280 
==================================================================================================================================================================================================
ADMBase         | Check consistency of parameters         |          0.00001200 |       0.00001100 |   0.00001151 |        0.00001151 |        0.00000000 |        0.00001151 |        0.00001151 
Boundary        | Check dimension of grid variables       |          0.00000600 |       0.00000500 |   0.00000522 |        0.00000522 |        0.00000000 |        0.00000522 |        0.00000522 
Carpet          | Parameter checking routine              |          0.00005300 |       0.00005300 |   0.00005234 |        0.00005234 |        0.00000000 |        0.00005234 |        0.00005234 
CarpetLib       | Test prolongation operators             |          0.00002000 |       0.00002000 |   0.00002032 |        0.00002032 |        0.00000000 |        0.00002032 |        0.00002032 
CarpetMask      | Check parameters                        |          0.00000800 |       0.00000800 |   0.00000782 |        0.00000782 |        0.00000000 |        0.00000782 |        0.00000782 
CarpetRegrid2   | Check parameters                        |          0.00003500 |       0.00003600 |   0.00003541 |        0.00003541 |        0.00000000 |        0.00003541 |        0.00003541 
CartGrid3D      | Check coordinates for CartGrid3D        |          0.00000800 |       0.00000800 |   0.00000800 |        0.00000800 |        0.00000000 |        0.00000800 |        0.00000800 
Dissipation     | Check dissipation parameters for consist|          0.00000700 |       0.00000800 |   0.00000724 |        0.00000724 |        0.00000000 |        0.00000724 |        0.00000724 
Fortran         | Test whether Fortran parameters work cor|          0.00000700 |       0.00000800 |   0.00000762 |        0.00000762 |        0.00000000 |        0.00000762 |        0.00000762 
LeanBSSNMoL     | Check Lean parameters for consistency   |          0.00000700 |       0.00000700 |   0.00000709 |        0.00000709 |        0.00000000 |        0.00000709 |        0.00000709 
MoL             | Basic parameter checking                |          0.00000800 |       0.00000800 |   0.00000806 |        0.00000806 |        0.00000000 |        0.00000806 |        0.00000806 
Multipole       | Check Multipole parameters              |          0.00000800 |       0.00000800 |   0.00000746 |        0.00000746 |        0.00000000 |        0.00000746 |        0.00000746 
QuasiLocalMeasur| Check quasi-local parameter settings    |          0.00172700 |       0.00171100 |   0.00172720 |        0.00172720 |        0.00000000 |        0.00172720 |        0.00172720 
SphericalSurface| Check that all surface names are unique |          0.00000800 |       0.00000800 |   0.00000778 |        0.00000778 |        0.00000000 |        0.00000778 |        0.00000778 
TerminationTrigg| Check consitency of parameters          |          0.00000600 |       0.00000600 |   0.00000586 |        0.00000586 |        0.00000000 |        0.00000586 |        0.00000586 
TmunuBase       | Check that no deprecated parameters are |          0.00000600 |       0.00000600 |   0.00000554 |        0.00000554 |        0.00000000 |        0.00000554 |        0.00000554 
Vectors         | Run correctness tests.                  |          0.00004200 |       0.00004200 |   0.00004218 |        0.00004218 |        0.00000000 |        0.00004218 |        0.00004218 
--------------------------------------------------------------------------------------------------------------------------------------------------------------------------------------------------
                | Total time for CCTK_PARAMCHECK          |          0.00196800 |       0.00195300 |   0.00196664 |        0.00196664 |        0.00000000 |        0.00196664 |        0.00196664 
==================================================================================================================================================================================================
ADMBase         | Set the shift_state variable to 1       |          0.00167100 |       0.00159900 |   0.00166953 |        0.00016695 |        0.00016229 |        0.00011293 |        0.00026531 
ADMBase         | Set the dtlapse_state variable to 1     |          0.00023600 |       0.00022600 |   0.00023455 |        0.00002345 |        0.00000564 |        0.00002136 |        0.00002719 
ADMBase         | Set the dtshift_state variable to 1     |          0.00021400 |       0.00020400 |   0.00021197 |        0.00002120 |        0.00000337 |        0.00001997 |        0.00002331 
ADMMacros       | Initialize the local_spatial_order      |          0.00022700 |       0.00021900 |   0.00022497 |        0.00002250 |        0.00000385 |        0.00002053 |        0.00002484 
CartGrid3D      | Set up ranges for spatial 3D Cartesian c|          0.00034100 |       0.00033300 |   0.00034048 |        0.00003405 |        0.00009471 |        0.00002212 |        0.00012383 
CartGrid3D      | Set up spatial 3D Cartesian coordinates |          0.00599000 |       0.00403800 |   0.00598966 |        0.00059897 |        0.00034867 |        0.00038774 |        0.00081653 
SphericalSurface| Set surface resolution automatically    |          0.00060100 |       0.00001500 |   0.00060126 |        0.00006013 |        0.00055595 |        0.00000122 |        0.00058755 
AHFinderDirect  | setup data structures                   |          0.00966500 |       0.00863000 |   0.00966447 |        0.00096645 |        0.00915657 |        0.00000108 |        0.00965313 
Dissipation     | Ensure that there are enough ghost zones|          0.00111800 |       0.00073800 |   0.00111531 |        0.00011153 |        0.00006751 |        0.00007807 |        0.00014687 
LeanBSSNMoL     | Register symmetries of the BSSN grid fun|          0.00026900 |       0.00021600 |   0.00027168 |        0.00002717 |        0.00024534 |        0.00000113 |        0.00025992 
LeanBSSNMoL     | Set all rhs functions to zero to prevent|          0.01506300 |       0.00605000 |   0.01506077 |        0.00150608 |        0.00142920 |        0.00064681 |        0.00247560 
MagScalarBase   | Register symmetries of the grid function|          0.00007900 |       0.00000900 |   0.00008068 |        0.00000807 |        0.00006284 |        0.00000117 |        0.00006768 
MagScalarEvolve | Schedule symmetries                     |          0.00061700 |       0.00033300 |   0.00061827 |        0.00006183 |        0.00057267 |        0.00000112 |        0.00060511 
MagScalarEvolve | set all rhs functions to zero to prevent|          0.01162800 |       0.00208100 |   0.01162783 |        0.00116278 |        0.00099839 |        0.00049879 |        0.00178832 
NPScalars_Proca | Set symmetries for grid functions       |          0.00019500 |       0.00015500 |   0.00019546 |        0.00001955 |        0.00017330 |        0.00000108 |        0.00018395 
NaNChecker      | Reset the NaNChecker::NaNsFound counter |          0.00002900 |       0.00002100 |   0.00002735 |        0.00000273 |        0.00001446 |        0.00000099 |        0.00001644 
SpaceMask       | Initialise mask to zero                 |          0.00088400 |       0.00053700 |   0.00088540 |        0.00008854 |        0.00008171 |        0.00005453 |        0.00014483 
SpaceMask       | Set old style mask to one               |          0.00100500 |       0.00065600 |   0.00100452 |        0.00010045 |        0.00007724 |        0.00005817 |        0.00015468 
SphericalSurface| Calculate surface coordinate descriptors|          0.00002700 |       0.00002100 |   0.00002782 |        0.00000278 |        0.00001558 |        0.00000104 |        0.00001756 
CarpetReduce    | Allocate the weight function            |          0.00017100 |       0.00014500 |   0.00017121 |        0.00001712 |        0.00015147 |        0.00000101 |        0.00016082 
CarpetReduce    | Initialise the weight function          |          0.00121700 |       0.00120500 |   0.00121545 |        0.00012155 |        0.00114292 |        0.00000098 |        0.00120581 
CarpetReduce    | Set up the outer boundaries of the weigh|          0.00076900 |       0.00076200 |   0.00076947 |        0.00007695 |        0.00071800 |        0.00000107 |        0.00075810 
CarpetReduce    | Set up the weight function for the restr|          0.00099100 |       0.00089000 |   0.00098877 |        0.00009888 |        0.00092630 |        0.00000107 |        0.00097765 
CarpetMask      | Set up the weight function for the exclu|          0.00028900 |       0.00000900 |   0.00028998 |        0.00002900 |        0.00026041 |        0.00000123 |        0.00027604 
CarpetMask      | Set up the weight function for the exclu|          0.00029100 |       0.00000900 |   0.00029112 |        0.00002911 |        0.00026248 |        0.00000124 |        0.00027812 
CarpetReduce    | Set the weight function                 |          0.00200700 |       0.00073700 |   0.00200639 |        0.00020064 |        0.00189031 |        0.00000117 |        0.00199395 
CarpetReduce    | Test the weight function                |          0.00932500 |       0.00917700 |   0.00932379 |        0.00093238 |        0.00883417 |        0.00000105 |        0.00931321 
SphericalSurface| Set surface radii to be used for initial|          0.00003100 |       0.00002600 |   0.00002974 |        0.00000297 |        0.00001519 |        0.00000120 |        0.00001738 
SphericalSurface| Test the state of the spherical surfaces|          0.00002400 |       0.00001700 |   0.00002084 |        0.00000208 |        0.00000963 |        0.00000098 |        0.00001122 
SymBase         | Check whether the driver set up the grid|          0.00031300 |       0.00021900 |   0.00031221 |        0.00003122 |        0.00002050 |        0.00002537 |        0.00004968 
TerminationTrigg| Clear trigger state                     |          0.00024900 |       0.00017100 |   0.00024753 |        0.00002475 |        0.00001149 |        0.00002120 |        0.00003482 
TerminationTrigg| Start timer                             |          0.00036800 |       0.00027200 |   0.00036929 |        0.00003693 |        0.00003008 |        0.00002741 |        0.00005932 
TerminationTrigg| Create termination file                 |          0.02446000 |       0.00195200 |   0.02446011 |        0.00244601 |        0.00543635 |        0.00068257 |        0.00607264 
Time            | Initialise Time variables               |          0.00003400 |       0.00002400 |   0.00003310 |        0.00000331 |        0.00001240 |        0.00000176 |        0.00001506 
Time            | Set timestep based on Courant condition |          0.00014900 |       0.00008300 |   0.00014921 |        0.00001492 |        0.00001798 |        0.00001079 |        0.00002967 
--------------------------------------------------------------------------------------------------------------------------------------------------------------------------------------------------
                | Total time for CCTK_BASEGRID            |          0.09054700 |       0.04177900 |   0.09053018 |        0.00905302 |        0.03380898 |        0.00270994 |        0.03863613 
==================================================================================================================================================================================================
StaticConformal | Set the conformal_state variable to 0   |          0.00039100 |       0.00019100 |   0.00038941 |        0.00003894 |        0.00002000 |        0.00003037 |        0.00004930 
MagScalarInit   | Initial data for a static scalar cloud s|          0.60867600 |       0.15830000 |   0.60864904 |        0.06086490 |        0.06544090 |        0.03033458 |        0.09960191 
ADMBase         | Set the shift to 0 at all points        |          0.00708800 |       0.00374000 |   0.00708673 |        0.00070867 |        0.00055611 |        0.00056118 |        0.00114621 
ADMBase         | Set the dtlapse to 0 at all points      |          0.00215600 |       0.00075900 |   0.00215440 |        0.00021544 |        0.00015327 |        0.00016410 |        0.00032933 
ADMBase         | Set the dtshift to 0 at all points      |          0.00560400 |       0.00093300 |   0.00560200 |        0.00056020 |        0.00037205 |        0.00045418 |        0.00089636 
CarpetIOASCII   | Initialisation routine                  |          0.00003900 |       0.00002600 |   0.00004067 |        0.00000407 |        0.00002518 |        0.00000128 |        0.00002795 
CarpetIOBasic   | Initialisation routine                  |          0.00002600 |       0.00001500 |   0.00002660 |        0.00000266 |        0.00001233 |        0.00000108 |        0.00001432 
CarpetIOHDF5    | Initialisation routine                  |          0.00004500 |       0.00002300 |   0.00004495 |        0.00000449 |        0.00003101 |        0.00000106 |        0.00003391 
CarpetIOScalar  | Initialisation routine                  |          0.00002600 |       0.00001400 |   0.00002415 |        0.00000241 |        0.00001074 |        0.00000109 |        0.00001258 
LeanBSSNMoL     | Convert initial data into BSSN variables|          0.04108400 |       0.02897100 |   0.04108216 |        0.00410822 |        0.00135149 |        0.00303812 |        0.00452235 
LeanBSSNMoL     | Boundary enforcement                    |          0.70840900 |       0.66865100 |   0.70837792 |        0.07083779 |        0.12291542 |        0.02328069 |        0.12511599 
MoL             | Initialise the step size control        |          0.00008400 |       0.00008200 |   0.00008273 |        0.00000827 |        0.00000462 |        0.00000569 |        0.00001023 
PunctureTracker | Calculate initial location of punctures |          0.00004800 |       0.00004400 |   0.00004485 |        0.00000448 |        0.00002870 |        0.00000127 |        0.00003171 
QuasiLocalMeasur| Initialise quasi-local calculations     |          0.00014900 |       0.00014700 |   0.00014721 |        0.00001472 |        0.00012702 |        0.00000114 |        0.00013522 
Boundary        | Apply all requested local physical bound|          0.00161100 |       0.00156700 |   0.00161179 |        0.00016118 |        0.00010346 |        0.00011894 |        0.00020230 
CartGrid3D      | Apply symmetry boundary conditions      |          0.00031200 |       0.00030500 |   0.00030987 |        0.00003099 |        0.00001042 |        0.00002800 |        0.00004024 
ReflectionSymmet| Apply reflection symmetries             |          0.00111700 |       0.00109400 |   0.00111708 |        0.00011171 |        0.00003321 |        0.00010066 |        0.00013652 
Boundary        | Unselect all grid variables for boundary|          0.00005100 |       0.00005000 |   0.00005121 |        0.00000512 |        0.00000339 |        0.00000417 |        0.00000820 
--------------------------------------------------------------------------------------------------------------------------------------------------------------------------------------------------
                | Total time for CCTK_INITIAL             |          1.37691600 |       0.86491200 |   1.37684275 |        0.13768427 |        0.19119931 |        0.05812761 |        0.23231462 
==================================================================================================================================================================================================
CarpetIOHDF5    | Close all filereader input files        |          0.00008500 |       0.00008600 |   0.00008291 |        0.00000829 |        0.00006375 |        0.00000123 |        0.00006877 
LeanBSSNMoL     | Remove trace of A                       |          0.00763000 |       0.00754400 |   0.00762669 |        0.00076267 |        0.00028675 |        0.00049301 |        0.00081396 
LeanBSSNMoL     | Make sure conformal factor does not drop|          0.00070700 |       0.00070700 |   0.00070583 |        0.00007058 |        0.00001146 |        0.00006102 |        0.00007334 
LeanBSSNMoL     | MoL boundary enforcement                |          0.47969800 |       0.41533300 |   0.47967702 |        0.04796770 |        0.11101356 |        0.00843340 |        0.10564826 
Boundary        | Apply all requested local physical bound|          0.00686100 |       0.00573800 |   0.00685230 |        0.00022841 |        0.00066732 |        0.00004171 |        0.00064157 
CartGrid3D      | Apply symmetry boundary conditions      |          0.00090700 |       0.00078400 |   0.00090849 |        0.00003028 |        0.00002858 |        0.00002584 |        0.00005587 
ReflectionSymmet| Apply reflection symmetries             |          0.00315000 |       0.00282800 |   0.00314665 |        0.00010489 |        0.00015018 |        0.00005579 |        0.00016135 
Boundary        | Unselect all grid variables for boundary|          0.00016900 |       0.00014600 |   0.00016648 |        0.00000555 |        0.00000574 |        0.00000416 |        0.00000857 
LeanBSSNMoL     | Convert variables back to the ADM ones  |          0.00658600 |       0.00652800 |   0.00658589 |        0.00065859 |        0.00046127 |        0.00052064 |        0.00100072 
MagScalarEvolve | MoL boundary enforcement for MagScalar v|          0.23609200 |       0.23201100 |   0.23608301 |        0.02360830 |        0.03925973 |        0.00402555 |        0.05341399 
TmunuBase       | Initialise the stress-energy tensor to z|          0.00656700 |       0.00276800 |   0.00656574 |        0.00065657 |        0.00031808 |        0.00048073 |        0.00085503 
MagScalarEvolve | Compute the energy-momentum tensor      |          0.04798600 |       0.04520700 |   0.04798295 |        0.00479830 |        0.00246746 |        0.00270118 |        0.00569795 
NPScalars_Proca | calculate grid functions                |          0.20287200 |       0.19894400 |   0.20286456 |        0.02028646 |        0.00982283 |        0.01102792 |        0.02193715 
NPScalars_Proca | Symmetry boundary conditions            |          0.30723500 |       0.30070800 |   0.30722411 |        0.03072241 |        0.03380796 |        0.01673733 |        0.05307449 
--------------------------------------------------------------------------------------------------------------------------------------------------------------------------------------------------
                | Total time for CCTK_POSTINITIAL         |          1.30654500 |       1.21933200 |   1.30647266 |        0.12990900 |        0.19836468 |        0.04460951 |        0.24345103 
==================================================================================================================================================================================================
LeanBSSNMoL     | Remove trace of A                       |          0.02767800 |       0.00923900 |   0.02767541 |        0.00276754 |        0.00487271 |        0.00105526 |        0.00521804 
LeanBSSNMoL     | Make sure conformal factor does not drop|          0.00270600 |       0.00137100 |   0.00270642 |        0.00027064 |        0.00051117 |        0.00009618 |        0.00056722 
LeanBSSNMoL     | MoL boundary enforcement                |          0.39958000 |       0.37482500 |   0.39956313 |        0.03995631 |        0.07307062 |        0.00714044 |        0.07312557 
Boundary        | Apply all requested local physical bound|          0.00702700 |       0.00644000 |   0.00702388 |        0.00023413 |        0.00053959 |        0.00007577 |        0.00056468 
CartGrid3D      | Apply symmetry boundary conditions      |          0.00090400 |       0.00082600 |   0.00090223 |        0.00003007 |        0.00001413 |        0.00002684 |        0.00003662 
ReflectionSymmet| Apply reflection symmetries             |          0.00409200 |       0.00380900 |   0.00409212 |        0.00013640 |        0.00025767 |        0.00006816 |        0.00026334 
Boundary        | Unselect all grid variables for boundary|          0.00021400 |       0.00017800 |   0.00020913 |        0.00000697 |        0.00002308 |        0.00000430 |        0.00002577 
LeanBSSNMoL     | Convert variables back to the ADM ones  |          0.03718500 |       0.00938200 |   0.03718404 |        0.00371840 |        0.00840034 |        0.00065300 |        0.00785688 
MagScalarEvolve | MoL boundary enforcement for MagScalar v|          0.14234600 |       0.10927500 |   0.14233996 |        0.01423400 |        0.01702718 |        0.00863292 |        0.02419795 
TmunuBase       | Initialise the stress-energy tensor to z|          0.01515400 |       0.00388200 |   0.01515330 |        0.00151533 |        0.00415436 |        0.00034632 |        0.00447719 
MagScalarEvolve | Compute the energy-momentum tensor      |          0.05311300 |       0.05173300 |   0.05310976 |        0.00531098 |        0.00312119 |        0.00289086 |        0.00683820 
NPScalars_Proca | Symmetry boundary conditions            |          0.15856600 |       0.14443400 |   0.15855986 |        0.01585599 |        0.02291379 |        0.00623341 |        0.02775471 
--------------------------------------------------------------------------------------------------------------------------------------------------------------------------------------------------
                | Total time for CCTK_POSTRESTRICTINITIAL |          0.84856500 |       0.71539400 |   0.84851923 |        0.08403677 |        0.13490584 |        0.02722346 |        0.15092614 
==================================================================================================================================================================================================
CarpetIOHDF5    | Initial data checkpoint routine         |          0.00021400 |       0.00016700 |   0.00021080 |        0.00002108 |        0.00016688 |        0.00000218 |        0.00017935 
--------------------------------------------------------------------------------------------------------------------------------------------------------------------------------------------------
                | Total time for CCTK_CPINITIAL           |          0.00021400 |       0.00016700 |   0.00021080 |        0.00002108 |        0.00016688 |        0.00000218 |        0.00017935 
==================================================================================================================================================================================================
AHFinderDirect  | import the excision mask                |          0.00673900 |       0.00096800 |   0.00674078 |        0.00067408 |        0.00638244 |        0.00000122 |        0.00672899 
AHFinderDirect  | find apparent horizon(s) after this time|          5.54617200 |       5.39522200 |   5.54592506 |        0.55459251 |        5.26131568 |        0.00000113 |        5.54591481 
AHFinderDirect  | store apparent horizon(s) into spherical|          0.00639700 |       0.00633900 |   0.00639814 |        0.00063981 |        0.00605819 |        0.00000111 |        0.00638712 
AHFinderDirect  | save apparent horizon(s) into Cactus var|          0.00012300 |       0.00012000 |   0.00012132 |        0.00001213 |        0.00010418 |        0.00000108 |        0.00011096 
AHFinderDirect  | set mask(s) based on apparent horizon po|          0.00203200 |       0.00183500 |   0.00203160 |        0.00020316 |        0.00034276 |        0.00011973 |        0.00051526 
SphericalSurface| Set surface radii                       |          0.00005400 |       0.00005200 |   0.00005497 |        0.00000550 |        0.00004009 |        0.00000112 |        0.00004353 
SphericalSurface| Test the state of the spherical surfaces|          0.00002500 |       0.00002300 |   0.00002482 |        0.00000248 |        0.00001249 |        0.00000107 |        0.00001433 
NaNChecker      | Prepare data structures to check for NaN|          0.00005300 |       0.00002800 |   0.00005257 |        0.00000526 |        0.00001731 |        0.00000323 |        0.00002168 
NaNChecker      | Check for NaNs                          |          0.01148400 |       0.00894100 |   0.01148307 |        0.00114831 |        0.00039857 |        0.00077227 |        0.00120968 
NaNChecker      | Count NaNs in NaNChecker::NaNsFound     |          0.25752300 |       0.25597500 |   0.25751028 |        0.02575103 |        0.02576804 |        0.02013480 |        0.04995817 
NaNChecker      | Output NaNChecker::NaNmask and take acti|          0.00012100 |       0.00012100 |   0.00012194 |        0.00001219 |        0.00010423 |        0.00000118 |        0.00011107 
PunctureTracker | Copy puncture positions to spherical sur|          0.00002700 |       0.00002700 |   0.00002585 |        0.00000258 |        0.00001294 |        0.00000114 |        0.00001486 
SpaceMask       | Ensure that all mask values are legal   |          0.00121000 |       0.00121300 |   0.00120897 |        0.00012090 |        0.00004956 |        0.00008864 |        0.00014828 
Dissipation     | Setup spatially varying dissipation     |          0.00992100 |       0.00961500 |   0.00992123 |        0.00099212 |        0.00138512 |        0.00035013 |        0.00180606 
CarpetReduce    | Allocate the weight function            |          0.00008700 |       0.00008600 |   0.00008870 |        0.00000887 |        0.00007159 |        0.00000124 |        0.00007679 
CarpetReduce    | Initialise the weight function          |          0.00116700 |       0.00033600 |   0.00116588 |        0.00011659 |        0.00109479 |        0.00000114 |        0.00115520 
CarpetReduce    | Set up the outer boundaries of the weigh|          0.00085700 |       0.00071600 |   0.00085701 |        0.00008570 |        0.00080197 |        0.00000113 |        0.00084651 
CarpetReduce    | Set up the weight function for the restr|          0.00112200 |       0.00110900 |   0.00112287 |        0.00011229 |        0.00105397 |        0.00000114 |        0.00111217 
CarpetMask      | Set up the weight function for the exclu|          0.00035800 |       0.00035000 |   0.00035824 |        0.00003582 |        0.00032905 |        0.00000112 |        0.00034799 
CarpetMask      | Set up the weight function for the exclu|          0.01924900 |       0.01521200 |   0.01924929 |        0.00192493 |        0.01825081 |        0.00000112 |        0.01923917 
CarpetReduce    | Set the weight function                 |          0.00288200 |       0.00279600 |   0.00288268 |        0.00028827 |        0.00272290 |        0.00000113 |        0.00287144 
CarpetReduce    | Test the weight function                |          0.05625500 |       0.05591300 |   0.05625369 |        0.00562537 |        0.05335620 |        0.00000112 |        0.05624350 
--------------------------------------------------------------------------------------------------------------------------------------------------------------------------------------------------
                | Total time for CCTK_POSTSTEP            |          5.92385800 |       5.75699700 |   5.92359897 |        0.59235990 |        5.37967288 |        0.02148700 |        5.69487758 
==================================================================================================================================================================================================
CarpetLib       | Print timing statistics if desired      |          0.00012800 |       0.00011900 |   0.00012813 |        0.00001281 |        0.00010078 |        0.00000145 |        0.00010828 
CarpetLib       | Print memory statistics if desired      |          0.00003200 |       0.00003100 |   0.00003246 |        0.00000325 |        0.00001909 |        0.00000115 |        0.00002136 
LeanBSSNMoL     | Compute constraints                     |          0.16989000 |       0.16034800 |   0.16988150 |        0.01698815 |        0.00828880 |        0.00924741 |        0.01912159 
LeanBSSNMoL     | Enforce symmetry BCs in constraint compu|          0.00999400 |       0.00963500 |   0.00999181 |        0.00099918 |        0.00071797 |        0.00037202 |        0.00124987 
Boundary        | Apply all requested local physical bound|          0.00256100 |       0.00230000 |   0.00256295 |        0.00008543 |        0.00026213 |        0.00003418 |        0.00020701 
CartGrid3D      | Apply symmetry boundary conditions      |          0.00087400 |       0.00077400 |   0.00086962 |        0.00002899 |        0.00001937 |        0.00002445 |        0.00003957 
ReflectionSymmet| Apply reflection symmetries             |          0.00125600 |       0.00111300 |   0.00125349 |        0.00004178 |        0.00007144 |        0.00002618 |        0.00006309 
Boundary        | Unselect all grid variables for boundary|          0.00012900 |       0.00011400 |   0.00012850 |        0.00000428 |        0.00000616 |        0.00000338 |        0.00000954 
LoopControl     | Output LoopControl statistics           |          0.00015000 |       0.00014400 |   0.00015022 |        0.00001502 |        0.00013045 |        0.00000121 |        0.00013878 
MagScalarEvolve | Compute constraints                     |          0.00758600 |       0.00599600 |   0.00758634 |        0.00075863 |        0.00032133 |        0.00045832 |        0.00081922 
MagScalarEvolve | Enforce symmetry BCs in constraints comp|          0.03087700 |       0.03004300 |   0.03087603 |        0.00308760 |        0.00958806 |        0.00040342 |        0.01186715 
MagScalarEvolve | Compute analysis quantities             |          0.04737400 |       0.04229000 |   0.04737105 |        0.00473710 |        0.01251757 |        0.00188536 |        0.01401315 
MagScalarEvolve | Compute integrals of analysis quantities|          0.01631600 |       0.01617900 |   0.01631703 |        0.00163170 |        0.01546581 |        0.00000133 |        0.01630386 
Multipole       | Calculate Multipoles                    |          5.82416100 |       2.86012000 |   5.82390428 |        0.58239043 |        5.52502078 |        0.00000127 |        5.82388536 
NPScalars_Proca | calculate grid functions                |          0.20192500 |       0.19478200 |   0.20191532 |        0.02019153 |        0.00961302 |        0.01115021 |        0.02218114 
NPScalars_Proca | Symmetry boundary conditions            |          0.11849800 |       0.11036300 |   0.11849189 |        0.01184919 |        0.01606033 |        0.00280708 |        0.02245749 
QuasiLocalMeasur| Calculate quasi-local quantities        |          1.76326200 |       1.50075400 |   1.76318437 |        1.76318437 |        0.00000000 |        1.76318437 |        1.76318437 
SystemStatistics| Collect system statistics               |          0.00034400 |       0.00028300 |   0.00033942 |        0.00003394 |        0.00030944 |        0.00000123 |        0.00032750 
TerminationTrigg| Check elapsed job walltime              |          0.00066700 |       0.00059400 |   0.00066751 |        0.00006675 |        0.00033478 |        0.00002813 |        0.00038423 
TerminationTrigg| Check if we received a termination signa|          0.00031700 |       0.00030800 |   0.00031527 |        0.00003153 |        0.00002872 |        0.00002520 |        0.00005431 
TerminationTrigg| Check termination file                  |          0.01945300 |       0.00315900 |   0.01945213 |        0.00194521 |        0.00188301 |        0.00127853 |        0.00347729 
TimerReport     | Print the timer report                  |          0.00004300 |       0.00001400 |   0.00004340 |        0.00000434 |        0.00002358 |        0.00000169 |        0.00002670 
--------------------------------------------------------------------------------------------------------------------------------------------------------------------------------------------------
                | Total time for CCTK_ANALYSIS            |          8.21583700 |       4.93946300 |   8.21546272 |        2.40809123 |        5.60078263 |        1.79093757 |        7.69994084 
==================================================================================================================================================================================================
CarpetIOHDF5    | Termination checkpoint routine          |          0.00066200 |       0.00042400 |   0.00066200 |        0.00006620 |        0.00060318 |        0.00000139 |        0.00063835 
LoopControl     | Output LoopControl statistics           |          0.00011000 |       0.00009200 |   0.00010883 |        0.00001088 |        0.00009181 |        0.00000113 |        0.00009798 
MoL             | Free the MoL bookkeeping index arrays   |          0.00083300 |       0.00080900 |   0.00083447 |        0.00008345 |        0.00011863 |        0.00005992 |        0.00019363 
TimerReport     | Print the timer report                  |          1.25114400 |       1.02804300 |   1.25109123 |        0.12510912 |        1.18687731 |        0.00000117 |        1.25107980 
--------------------------------------------------------------------------------------------------------------------------------------------------------------------------------------------------
                | Total time for CCTK_TERMINATE           |          1.25274900 |       1.02936800 |   1.25269654 |        0.12526965 |        1.18769092 |        0.00006361 |        1.25200977 
==================================================================================================================================================================================================
Timers          | Prepare hierarchical timers             |          0.00034400 |       0.00034400 |   0.00034419 |        0.00034419 |        0.00000000 |        0.00034419 |        0.00034419 
--------------------------------------------------------------------------------------------------------------------------------------------------------------------------------------------------
                | Total time for CCTK_SHUTDOWN            |          0.00034400 |       0.00034400 |   0.00034419 |        0.00034419 |        0.00000000 |        0.00034419 |        0.00034419 
==================================================================================================================================================================================================
--------------------------------------------------------------------------------------------------------------------------------------------------------------------------------------------------
                | Total time for simulation               |         36.85818400 |      25.09249400 |  36.85655581 |       36.85655581 |        0.00000000 |       36.85655581 |       36.85655581 
==================================================================================================================================================================================================
--------------------------------------------------------------------------------
Done.
