--------------------------------------------------------------------------------

       10                                  
  1   0101       ************************  
  01  1010 10      The Cactus Code V4.16.0    
 1010 1101 011      www.cactuscode.org     
  1001 100101    ************************  
    00010101                               
     100011     (c) Copyright The Authors  
      0100      GNU Licensed. No Warranty  
      0101                                 
--------------------------------------------------------------------------------

Cactus version:    4.16.0
Compile date:      May 06 2025 (14:33:57)
Run date:          May 15 2025 (14:38:17+0100)
Run host:          cnx030.localdomain (pid=887329)
Working directory: /projects/F202407872CPCAA2/jpmferreira/learn-cactus/simulations/cloud-stat_alpha=0.1-q=0.3385-mu=1-gamma=3.97887-rh=0.20000-w=0.700_h=8/output-0000
Executable:        /projects/F202407872CPCAA2/jpmferreira/projects/cactus/exe/cactus_base_x86
Parameter file:    cloud-stat.par
--------------------------------------------------------------------------------

Activating thorn Cactus...Success -> active implementation Cactus
Activation requested for 
--->ADMBase ADMMacros AHFinderDirect AEILocalInterp Boundary Carpet CarpetInterp CarpetLib CarpetMask CarpetReduce CarpetRegrid2 CarpetSlab CarpetTracker CartGrid3D CoordBase CoordGauge Dissipation GenericFD InitBase LeanBSSNMoL LocalInterp LoopControl MoL Multipole NaNChecker NewRad PunctureTracker ReflectionSymmetry SpaceMask SphericalSurface StaticConformal SymBase Time TmunuBase Fortran GSL HDF5 MagScalarBase MagScalarInit MagScalarEvolve NPScalars_Proca QuasiLocalMeasures SystemStatistics TerminationTrigger TimerReport CarpetIOASCII CarpetIOBasic CarpetIOHDF5 CarpetIOScalar IOUtil<---
Thorn Carpet requests automatic activation of MPI
Thorn Carpet requests automatic activation of Timers
Thorn CarpetLib requests automatic activation of Vectors
Thorn CarpetLib requests automatic activation of Boost
Thorn CarpetLib requests automatic activation of CycleClock
Thorn HDF5 requests automatic activation of zlib
Thorn LoopControl requests automatic activation of hwloc
Thorn QuasiLocalMeasures requests automatic activation of LAPACK
Thorn QuasiLocalMeasures requests automatic activation of TGRtensor
Thorn LAPACK requests automatic activation of BLAS
Activating thorn ADMBase...Success -> active implementation ADMBase
Activating thorn ADMMacros...Success -> active implementation ADMMacros
Activating thorn AEILocalInterp...Success -> active implementation AEILocalInterp
Activating thorn AHFinderDirect...Success -> active implementation AHFinderDirect
Activating thorn BLAS...Success -> active implementation BLAS
Activating thorn Boost...Success -> active implementation Boost
Activating thorn Boundary...Success -> active implementation boundary
Activating thorn Carpet...Success -> active implementation Driver
Activating thorn CarpetInterp...Success -> active implementation interp
Activating thorn CarpetIOASCII...Success -> active implementation IOASCII
Activating thorn CarpetIOBasic...Success -> active implementation IOBasic
Activating thorn CarpetIOHDF5...Success -> active implementation IOHDF5
Activating thorn CarpetIOScalar...Success -> active implementation IOScalar
Activating thorn CarpetLib...Success -> active implementation CarpetLib
Activating thorn CarpetMask...Success -> active implementation CarpetMask
Activating thorn CarpetReduce...Success -> active implementation reduce
Activating thorn CarpetRegrid2...Success -> active implementation CarpetRegrid2
Activating thorn CarpetSlab...Success -> active implementation Hyperslab
Activating thorn CarpetTracker...Success -> active implementation CarpetTracker
Activating thorn CartGrid3D...Success -> active implementation grid
Activating thorn CoordBase...Success -> active implementation CoordBase
Activating thorn CoordGauge...Success -> active implementation CoordGauge
Activating thorn CycleClock...Success -> active implementation CycleClock
Activating thorn Dissipation...Success -> active implementation Dissipation
Activating thorn Fortran...Success -> active implementation Fortran
Activating thorn GenericFD...Success -> active implementation GenericFD
Activating thorn GSL...Success -> active implementation GSL
Activating thorn HDF5...Success -> active implementation HDF5
Activating thorn hwloc...Success -> active implementation hwloc
Activating thorn InitBase...Success -> active implementation InitBase
Activating thorn IOUtil...Success -> active implementation IO
Activating thorn LAPACK...Success -> active implementation LAPACK
Activating thorn LeanBSSNMoL...Success -> active implementation LeanBSSNMoL
Activating thorn LocalInterp...Success -> active implementation LocalInterp
Activating thorn LoopControl...Success -> active implementation LoopControl
Activating thorn MagScalarBase...Success -> active implementation MagScalarBase
Activating thorn MagScalarEvolve...Success -> active implementation MagScalarEvolve
Activating thorn MagScalarInit...Success -> active implementation MagScalarInit
Activating thorn MoL...Success -> active implementation MethodOfLines
Activating thorn MPI...Success -> active implementation MPI
Activating thorn Multipole...Success -> active implementation multipole
Activating thorn NaNChecker...Success -> active implementation NaNChecker
Activating thorn NewRad...Success -> active implementation NewRad
Activating thorn NPScalars_Proca...Success -> active implementation NPScalars_Proca
Activating thorn PunctureTracker...Success -> active implementation PunctureTracker
Activating thorn QuasiLocalMeasures...Success -> active implementation QuasiLocalMeasures
Activating thorn ReflectionSymmetry...Success -> active implementation ReflectionSymmetry
Activating thorn SpaceMask...Success -> active implementation SpaceMask
Activating thorn SphericalSurface...Success -> active implementation SphericalSurface
Activating thorn StaticConformal...Success -> active implementation StaticConformal
Activating thorn SymBase...Success -> active implementation SymBase
Activating thorn SystemStatistics...Success -> active implementation SystemStatistics
Activating thorn TerminationTrigger...Success -> active implementation TerminationTrigger
Activating thorn TGRtensor...Success -> active implementation TGRtensor
Activating thorn Time...Success -> active implementation time
Activating thorn TimerReport...Success -> active implementation timerreport
Activating thorn Timers...Success -> active implementation Timers
Activating thorn TmunuBase...Success -> active implementation TmunuBase
Activating thorn Vectors...Success -> active implementation Vectors
Activating thorn zlib...Success -> active implementation zlib
--------------------------------------------------------------------------------
  if (recover initial data)
    Recover parameters
  endif

  Startup routines
    [CCTK_STARTUP]
      Carpet::MultiModel_Startup: Multi-model Startup routine
      CycleClock::CycleClock_Setup: Set up CycleClock
      LoopControl::LC_setup: Set up LoopControl
      Timers::Timer_Startup: Prepare hierarchical timers
      Carpet::Driver_Startup: Startup routine
      IOUtil::IOUtil_Startup: Startup routine
      CarpetIOScalar::CarpetIOScalarStartup: [global] Startup routine
      CarpetInterp::CarpetInterpStartup: Startup routine
      CarpetReduce::CarpetReduceStartup: Startup routine
      CartGrid3D::SymmetryStartup: Register GH Extension for GridSymmetry
      CoordBase::CoordBase_Startup: Register a GH extension to store the coordinate system handles
      AEILocalInterp::AEILocalInterp_U_Startup: register CCTK_InterpLocalUniform() interpolation operators
      CarpetIOASCII::CarpetIOASCIIStartup: [global] Startup routine
      LeanBSSNMoL::LeanBSSN_RegisterSlicing: [meta] Register slicing
      LocalInterp::LocalInterp_Startup: register LocalInterp's interpolation operators
      CarpetIOBasic::CarpetIOBasicStartup: [global] Startup routine
      MagScalarEvolve::MagScalar_Analysis_RegisterMask: Register the masks for excision
      MoL::MoL_Startup: Startup banner
      SymBase::SymBase_Startup: Register GH Extension for SymBase
      TerminationTrigger::TerminationTrigger_StartSignalHandler: Start signal handler
      CarpetIOHDF5::CarpetIOHDF5_Startup: Startup routine
      Vectors::Vectors_Startup: Print startup message
      GROUP hwloc_startup: hwloc startup group
        hwloc::hwloc_version: Output hwloc version

  Startup routines which need an existing grid hierarchy
    [CCTK_WRAGH]
      ADMBase::Einstein_InitSymBound: [global] Set up GF symmetries
      Boundary::Boundary_RegisterBCs: [global] Register boundary conditions that this thorn provides
      CarpetRegrid2::CarpetRegrid2_Initialise: [global] Initialise locations of refined regions
      CartGrid3D::RegisterCartGrid3DCoords: [meta] Register coordinates for the Cartesian grid
      CoordGauge::Einstein_ActivateSlicing: Initialize slicing, setup priorities for mixed slicings
      CoordGauge::Einstein_SetNextSlicing: Identify the slicing for the next iteration
      MoL::MoL_SetupIndexArrays: Set up the MoL bookkeeping index arrays
      MoL::MoL_SetScheduleStatus: [global] Set the flag so it is ok to register with MoL
      TmunuBase::TmunuBase_SetStressEnergyState: [global] Set the stress_energy_state variable
      GROUP MoL_Register: The group where physics thorns register variables with MoL
        LeanBSSNMoL::LeanBSSN_RegisterVars: [meta] Register variables for MoL
        MagScalarEvolve::MagScalar_RegisterVars: [meta] Register variables for MoL
      SpaceMask::MaskSym: [global] Set grid symmetries for mask
      SpaceMask::MaskSym_emask: [global] Set grid symmetries for emask (compatibility mode)
      GROUP SymBase_Wrapper: Wrapper group for SymBase
        GROUP SymmetryRegister: Register your symmetries here
          CartGrid3D::CartGrid3D_RegisterSymmetryBoundaries: [meta] Register symmetry boundaries
          ReflectionSymmetry::ReflectionSymmetry_Register: Register reflection symmetry boundaries
        SymBase::SymBase_Statistics: Print symmetry boundary face descriptions
      MoL::MoL_ReportNumberVariables: [meta] Report how many of each type of variable there are
  Parameter checking routines
    [CCTK_PARAMCHECK]
      ADMBase::ADMBase_ParamCheck: [global] Check consistency of parameters
      Boundary::Boundary_Check: Check dimension of grid variables
      Carpet::CarpetParamCheck: Parameter checking routine
      CarpetLib::CarpetLib_test_prolongate_3d_rf2: [global] Test prolongation operators
      CarpetMask::CarpetSurfaceParamCheck: [global] Check parameters
      CarpetRegrid2::CarpetRegrid2_ParamCheck: Check parameters
      CartGrid3D::ParamCheck_CartGrid3D: Check coordinates for CartGrid3D
      Dissipation::dissipation_paramcheck: Check dissipation parameters for consistency
      Fortran::CheckFortranParameters: Test whether Fortran parameters work correctly
      LeanBSSNMoL::Lean_ParamCheck: Check Lean parameters for consistency
      MoL::MoL_ParamCheck: Basic parameter checking
      Multipole::Multipole_ParamCheck: [global] Check Multipole parameters
      QuasiLocalMeasures::qlm_paramcheck: [global] Check quasi-local parameter settings
      SphericalSurface::SphericalSurface_ParamCheck: [global] Check that all surface names are unique
      TerminationTrigger::TerminationTrigger_ParamCheck: Check consitency of parameters
      TmunuBase::TmunuBase_ParamCheck: [global] Check that no deprecated parameters are used.
      Vectors::Vectors_Test: Run correctness tests.

  Initialisation
    if (NOT (recover initial data AND recovery_mode is 'strict'))
      [CCTK_PREREGRIDINITIAL]
      Set up grid hierarchy
      [CCTK_POSTREGRIDINITIAL]
        SpaceMask::MaskZero: Initialise mask to zero
        CartGrid3D::SpatialCoordinates: Set Coordinates after regridding
        GROUP MaskBase_SetupMask: Set up the weight function
          GROUP MaskBase_SetupMaskAll: Set up the weight function
            CarpetReduce::MaskBase_AllocateMask: [global] Allocate the weight function
            CarpetReduce::MaskBase_InitMask: [global] [loop-local] Initialise the weight function
            GROUP SetupIMaskInternal: Set up the integer weight function (schedule other routines in here)
              CarpetReduce::CoordBase_SetupMask: [global] [loop-local] Set up the outer boundaries of the weight function
              CarpetReduce::CarpetMaskSetup: [global] [loop-singlemap] Set up the weight function for the restriction regions
            GROUP SetupIMask: Set up the integer weight function (schedule other routines in here)
              CarpetMask::CarpetExcludedSetup: [global] [loop-local] Set up the weight function for the excluded regions
              CarpetMask::CarpetSurfaceSetup: [global] [loop-local] Set up the weight function for the excluded spherical surfaces
            CarpetReduce::MaskBase_SetMask: [global] [loop-local] Set the weight function
            GROUP SetupMask: Set up the real weight function (schedule other routines in here)
            CarpetReduce::MaskBase_TestMask: [global] Test the weight function
        Dissipation::setup_epsdis: Setup spatially varying dissipation
        GROUP MoL_PseudoEvolutionBoundaries: Apply boundary conditions to pseudo-evolved quantities
        GROUP CalcNPProcaScalars_BC: Boundary conditions
          NPScalars_Proca::NPProca_Boundaries: [level] Symmetry boundary conditions
          GROUP ApplyBCs_NPProca: Apply boundary conditions
            GROUP BoundaryConditions: Execute all boundary conditions
              Boundary::Boundary_ApplyPhysicalBCs: Apply all requested local physical boundary conditions
              CartGrid3D::CartGrid3D_ApplyBC: Apply symmetry boundary conditions
              ReflectionSymmetry::ReflectionSymmetry_Apply: Apply reflection symmetries
            Boundary::Boundary_ClearSelection: [level] Unselect all grid variables for boundary conditions
        SpaceMask::MaskOne: Set mask to one
        AHFinderDirect::AHFinderDirect_maybe_do_masks: set mask(s) based on apparent horizon position(s)
      [CCTK_BASEGRID]
        ADMBase::ADMBase_SetShiftStateOn: Set the shift_state variable to 1
        ADMBase::ADMBase_SetDtLapseStateOn: Set the dtlapse_state variable to 1
        ADMBase::ADMBase_SetDtShiftStateOn: Set the dtshift_state variable to 1
        ADMMacros::ADMMacros_SetLocalSpatialOrder: Initialize the local_spatial_order
        CartGrid3D::SpatialSpacings: Set up ranges for spatial 3D Cartesian coordinates (on all grids)
        CartGrid3D::SpatialCoordinates: Set up spatial 3D Cartesian coordinates on the GH
        SphericalSurface::SphericalSurface_SetupRes: [global] [loop-local] Set surface resolution automatically
        AHFinderDirect::AHFinderDirect_setup: [global] setup data structures
        Dissipation::dissipation_basegrid: Ensure that there are enough ghost zones
        LeanBSSNMoL::LeanBSSN_symmetries: [global] Register symmetries of the BSSN grid functions
        LeanBSSNMoL::LeanBSSN_zero_rhs: Set all rhs functions to zero to prevent spurious nans
        MagScalarBase::MagScalar_symmetries: [global] Register symmetries of the grid functions
        MagScalarEvolve::MagScalar_InitSymBound: [meta] Schedule symmetries
        MagScalarEvolve::MagScalar_zero_rhs: set all rhs functions to zero to prevent spurious nans
        NPScalars_Proca::NPProca_symmetries: [meta] Set symmetries for grid functions
        NaNChecker::NaNChecker_ResetCounter: [global] Reset the NaNChecker::NaNsFound counter
        SpaceMask::MaskZero: Initialise mask to zero
        SpaceMask::MaskOne: Set old style mask to one
        SphericalSurface::SphericalSurface_Setup: [global] Calculate surface coordinate descriptors
        GROUP MaskBase_SetupMask: Set up the weight function
          GROUP MaskBase_SetupMaskAll: Set up the weight function
            CarpetReduce::MaskBase_AllocateMask: [global] Allocate the weight function
            CarpetReduce::MaskBase_InitMask: [global] [loop-local] Initialise the weight function
            GROUP SetupIMaskInternal: Set up the integer weight function (schedule other routines in here)
              CarpetReduce::CoordBase_SetupMask: [global] [loop-local] Set up the outer boundaries of the weight function
              CarpetReduce::CarpetMaskSetup: [global] [loop-singlemap] Set up the weight function for the restriction regions
            GROUP SetupIMask: Set up the integer weight function (schedule other routines in here)
              CarpetMask::CarpetExcludedSetup: [global] [loop-local] Set up the weight function for the excluded regions
              CarpetMask::CarpetSurfaceSetup: [global] [loop-local] Set up the weight function for the excluded spherical surfaces
            CarpetReduce::MaskBase_SetMask: [global] [loop-local] Set the weight function
            GROUP SetupMask: Set up the real weight function (schedule other routines in here)
            CarpetReduce::MaskBase_TestMask: [global] Test the weight function
        SphericalSurface::SphericalSurface_Set: [global] Set surface radii to be used for initial setup in other thorns
        GROUP SphericalSurface_HasBeenSet: Set the spherical surfaces before this group, and use it afterwards
          SphericalSurface::SphericalSurface_CheckState: [global] Test the state of the spherical surfaces
        SymBase::SymBase_Check: Check whether the driver set up the grid consistently
        TerminationTrigger::TerminationTrigger_ResetTrigger: Clear trigger state
        TerminationTrigger::TerminationTrigger_StartTimer: Start timer
        TerminationTrigger::TerminationTrigger_CreateFile: Create termination file
        Time::Time_Initialise: [global] Initialise Time variables
        Time::TemporalSpacings: [singlemap] Set timestep based on Courant condition (courant_static)
      [CCTK_INITIAL]
        StaticConformal::StaticConformal_InitialiseState: Set the conformal_state variable to 0
        GROUP ADMBase_InitialData: Schedule group for calculating ADM initial data
          MagScalarInit::MagScalar_InitStatCloud: [local] Initial data for a static scalar cloud surrounding a charged BH
        GROUP ADMBase_InitialGauge: Schedule group for the ADM initial gauge condition
          ADMBase::ADMBase_ShiftZero: Set the shift to 0 at all points
          ADMBase::ADMBase_DtLapseZero: Set the dtlapse to 0 at all points
          ADMBase::ADMBase_DtShiftZero: Set the dtshift to 0 at all points
        CarpetIOASCII::CarpetIOASCIIInit: [global] Initialisation routine
        CarpetIOBasic::CarpetIOBasicInit: [global] Initialisation routine
        CarpetIOHDF5::CarpetIOHDF5_Init: [global] Initialisation routine
        CarpetIOScalar::CarpetIOScalarInit: [global] Initialisation routine
        GROUP MagScalarBase_Initial: MagScalarBase initial data group
        GROUP ADMBase_PostInitial: Schedule group for modifying the ADM initial data, such as e.g. adding noise
        LeanBSSNMoL::LeanBSSN_adm2bssn: [local] Convert initial data into BSSN variables
        LeanBSSNMoL::LeanBSSN_Boundaries: [level] Boundary enforcement
        MoL::MoL_StartLoop: [level] Initialise the step size control
        PunctureTracker::PunctureTracker_Init: [global] Calculate initial location of punctures
        QuasiLocalMeasures::qlm_init: [global] Initialise quasi-local calculations
        GROUP LeanBSSN_ApplyBCs: Apply boundary conditions
          GROUP BoundaryConditions: Execute all boundary conditions
            Boundary::Boundary_ApplyPhysicalBCs: Apply all requested local physical boundary conditions
            CartGrid3D::CartGrid3D_ApplyBC: Apply symmetry boundary conditions
            ReflectionSymmetry::ReflectionSymmetry_Apply: Apply reflection symmetries
          Boundary::Boundary_ClearSelection: [level] Unselect all grid variables for boundary conditions
      [CCTK_POSTINITIAL]
        CarpetIOHDF5::CarpetIOHDF5_CloseFiles: [global] Close all filereader input files
        GROUP MoL_PostStepModify: The group for physics thorns to schedule enforcing constraints
        GROUP MoL_PostStep: Ensure that everything is correct after the initial data have been set up
          LeanBSSNMoL::LeanBSSN_remove_trA: Remove trace of A
          LeanBSSNMoL::LeanBSSN_impose_conf_fac_floor: Make sure conformal factor does not drop below specified value
          LeanBSSNMoL::LeanBSSN_Boundaries: [level] MoL boundary enforcement
          GROUP LeanBSSN_ApplyBCs: Apply boundary conditions
            GROUP BoundaryConditions: Execute all boundary conditions
              Boundary::Boundary_ApplyPhysicalBCs: Apply all requested local physical boundary conditions
              CartGrid3D::CartGrid3D_ApplyBC: Apply symmetry boundary conditions
              ReflectionSymmetry::ReflectionSymmetry_Apply: Apply reflection symmetries
            Boundary::Boundary_ClearSelection: [level] Unselect all grid variables for boundary conditions
          LeanBSSNMoL::LeanBSSN_bssn2adm: [local] Convert variables back to the ADM ones
          GROUP ADMBase_SetADMVars: Set the ADM variables before this group, and use them afterwards
          MagScalarEvolve::MagScalar_Boundaries: [level] MoL boundary enforcement for MagScalar variables
          GROUP MagScalar_ApplyBCs: Apply boundary conditions
            GROUP BoundaryConditions: Execute all boundary conditions
              Boundary::Boundary_ApplyPhysicalBCs: Apply all requested local physical boundary conditions
              CartGrid3D::CartGrid3D_ApplyBC: Apply symmetry boundary conditions
              ReflectionSymmetry::ReflectionSymmetry_Apply: Apply reflection symmetries
            Boundary::Boundary_ClearSelection: [level] Unselect all grid variables for boundary conditions
          GROUP SetTmunu: Group for calculating the stress-energy tensor
            TmunuBase::TmunuBase_ZeroTmunu: Initialise the stress-energy tensor to zero
            GROUP AddToTmunu: Add to the stress-energy tensor here
              MagScalarEvolve::MagScalar_AddToTmunu: Compute the energy-momentum tensor
        GROUP MoL_PseudoEvolution: Calculate pseudo-evolved quantities
          GROUP ADMBase_SetADMVars: Set the ADM variables before this group, and use them afterwards
        GROUP CalcNPProcaScalars: Calculate NPScalars
          NPScalars_Proca::NPProca_calcPsiGF: [local] calculate grid functions
          GROUP CalcNPProcaScalars_BC: Boundary conditions
            NPScalars_Proca::NPProca_Boundaries: [level] Symmetry boundary conditions
            GROUP ApplyBCs_NPProca: Apply boundary conditions
              GROUP BoundaryConditions: Execute all boundary conditions
                Boundary::Boundary_ApplyPhysicalBCs: Apply all requested local physical boundary conditions
                CartGrid3D::CartGrid3D_ApplyBC: Apply symmetry boundary conditions
                ReflectionSymmetry::ReflectionSymmetry_Apply: Apply reflection symmetries
              Boundary::Boundary_ClearSelection: [level] Unselect all grid variables for boundary conditions
      Initialise finer grids recursively
      Restrict from finer grids
      [CCTK_POSTRESTRICTINITIAL]
        GROUP MoL_PostStep: Ensure that everything is correct after restriction
          LeanBSSNMoL::LeanBSSN_remove_trA: Remove trace of A
          LeanBSSNMoL::LeanBSSN_impose_conf_fac_floor: Make sure conformal factor does not drop below specified value
          LeanBSSNMoL::LeanBSSN_Boundaries: [level] MoL boundary enforcement
          GROUP LeanBSSN_ApplyBCs: Apply boundary conditions
            GROUP BoundaryConditions: Execute all boundary conditions
              Boundary::Boundary_ApplyPhysicalBCs: Apply all requested local physical boundary conditions
              CartGrid3D::CartGrid3D_ApplyBC: Apply symmetry boundary conditions
              ReflectionSymmetry::ReflectionSymmetry_Apply: Apply reflection symmetries
            Boundary::Boundary_ClearSelection: [level] Unselect all grid variables for boundary conditions
          LeanBSSNMoL::LeanBSSN_bssn2adm: [local] Convert variables back to the ADM ones
          GROUP ADMBase_SetADMVars: Set the ADM variables before this group, and use them afterwards
          MagScalarEvolve::MagScalar_Boundaries: [level] MoL boundary enforcement for MagScalar variables
          GROUP MagScalar_ApplyBCs: Apply boundary conditions
            GROUP BoundaryConditions: Execute all boundary conditions
              Boundary::Boundary_ApplyPhysicalBCs: Apply all requested local physical boundary conditions
              CartGrid3D::CartGrid3D_ApplyBC: Apply symmetry boundary conditions
              ReflectionSymmetry::ReflectionSymmetry_Apply: Apply reflection symmetries
            Boundary::Boundary_ClearSelection: [level] Unselect all grid variables for boundary conditions
          GROUP SetTmunu: Group for calculating the stress-energy tensor
            TmunuBase::TmunuBase_ZeroTmunu: Initialise the stress-energy tensor to zero
            GROUP AddToTmunu: Add to the stress-energy tensor here
              MagScalarEvolve::MagScalar_AddToTmunu: Compute the energy-momentum tensor
        GROUP MoL_PseudoEvolutionBoundaries: Apply boundary conditions to pseudo-evolved quantities
        GROUP CalcNPProcaScalars_BC: Boundary conditions
          NPScalars_Proca::NPProca_Boundaries: [level] Symmetry boundary conditions
          GROUP ApplyBCs_NPProca: Apply boundary conditions
            GROUP BoundaryConditions: Execute all boundary conditions
              Boundary::Boundary_ApplyPhysicalBCs: Apply all requested local physical boundary conditions
              CartGrid3D::CartGrid3D_ApplyBC: Apply symmetry boundary conditions
              ReflectionSymmetry::ReflectionSymmetry_Apply: Apply reflection symmetries
            Boundary::Boundary_ClearSelection: [level] Unselect all grid variables for boundary conditions
      [CCTK_POSTPOSTINITIAL]
      [CCTK_POSTSTEP]
        AHFinderDirect::AHFinderDirect_import_mask: [global] [loop-local] import the excision mask
        AHFinderDirect::AHFinderDirect_find_horizons: [global] find apparent horizon(s) after this time step
        AHFinderDirect::AHFinderDirect_store: [global] store apparent horizon(s) into spherical surface(s)
        AHFinderDirect::AHFinderDirect_save: [global] save apparent horizon(s) into Cactus variables
        AHFinderDirect::AHFinderDirect_maybe_do_masks: set mask(s) based on apparent horizon position(s)
        SphericalSurface::SphericalSurface_Set: [global] Set surface radii
        GROUP SphericalSurface_HasBeenSet: Set the spherical surfaces before this group, and use it afterwards
          SphericalSurface::SphericalSurface_CheckState: [global] Test the state of the spherical surfaces
        GROUP zzz_NaNChecker_NaNCheck: Check for NaNs and count them in NaNChecker::NaNsFound
          NaNChecker::NaNChecker_NaNCheck_Prepare: [level] Prepare data structures to check for NaNs
          NaNChecker::NaNChecker_NaNCheck_Check: [local] Check for NaNs
          NaNChecker::NaNChecker_NaNCheck_Finish: [level] Count NaNs in NaNChecker::NaNsFound
        NaNChecker::NaNChecker_TakeAction: [global] [loop-level] Output NaNChecker::NaNmask and take action according to NaNChecker::action_if_found
        PunctureTracker::PunctureTracker_SetPositions: [global] Copy puncture positions to spherical surfaces
        SpaceMask::CheckMask: Ensure that all mask values are legal
        Dissipation::setup_epsdis: Setup spatially varying dissipation
        GROUP MaskBase_SetupMask: Set up the weight function
          GROUP MaskBase_SetupMaskAll: Set up the weight function
            CarpetReduce::MaskBase_AllocateMask: [global] Allocate the weight function
            CarpetReduce::MaskBase_InitMask: [global] [loop-local] Initialise the weight function
            GROUP SetupIMaskInternal: Set up the integer weight function (schedule other routines in here)
              CarpetReduce::CoordBase_SetupMask: [global] [loop-local] Set up the outer boundaries of the weight function
              CarpetReduce::CarpetMaskSetup: [global] [loop-singlemap] Set up the weight function for the restriction regions
            GROUP SetupIMask: Set up the integer weight function (schedule other routines in here)
              CarpetMask::CarpetExcludedSetup: [global] [loop-local] Set up the weight function for the excluded regions
              CarpetMask::CarpetSurfaceSetup: [global] [loop-local] Set up the weight function for the excluded spherical surfaces
            CarpetReduce::MaskBase_SetMask: [global] [loop-local] Set the weight function
            GROUP SetupMask: Set up the real weight function (schedule other routines in here)
            CarpetReduce::MaskBase_TestMask: [global] Test the weight function
    endif
    if (recover initial data)
      [CCTK_BASEGRID]
        ADMBase::ADMBase_SetShiftStateOn: Set the shift_state variable to 1
        ADMBase::ADMBase_SetDtLapseStateOn: Set the dtlapse_state variable to 1
        ADMBase::ADMBase_SetDtShiftStateOn: Set the dtshift_state variable to 1
        ADMMacros::ADMMacros_SetLocalSpatialOrder: Initialize the local_spatial_order
        CartGrid3D::SpatialSpacings: Set up ranges for spatial 3D Cartesian coordinates (on all grids)
        CartGrid3D::SpatialCoordinates: Set up spatial 3D Cartesian coordinates on the GH
        SphericalSurface::SphericalSurface_SetupRes: [global] [loop-local] Set surface resolution automatically
        AHFinderDirect::AHFinderDirect_setup: [global] setup data structures
        Dissipation::dissipation_basegrid: Ensure that there are enough ghost zones
        LeanBSSNMoL::LeanBSSN_symmetries: [global] Register symmetries of the BSSN grid functions
        LeanBSSNMoL::LeanBSSN_zero_rhs: Set all rhs functions to zero to prevent spurious nans
        MagScalarBase::MagScalar_symmetries: [global] Register symmetries of the grid functions
        MagScalarEvolve::MagScalar_InitSymBound: [meta] Schedule symmetries
        MagScalarEvolve::MagScalar_zero_rhs: set all rhs functions to zero to prevent spurious nans
        NPScalars_Proca::NPProca_symmetries: [meta] Set symmetries for grid functions
        NaNChecker::NaNChecker_ResetCounter: [global] Reset the NaNChecker::NaNsFound counter
        SpaceMask::MaskZero: Initialise mask to zero
        SpaceMask::MaskOne: Set old style mask to one
        SphericalSurface::SphericalSurface_Setup: [global] Calculate surface coordinate descriptors
        GROUP MaskBase_SetupMask: Set up the weight function
          GROUP MaskBase_SetupMaskAll: Set up the weight function
            CarpetReduce::MaskBase_AllocateMask: [global] Allocate the weight function
            CarpetReduce::MaskBase_InitMask: [global] [loop-local] Initialise the weight function
            GROUP SetupIMaskInternal: Set up the integer weight function (schedule other routines in here)
              CarpetReduce::CoordBase_SetupMask: [global] [loop-local] Set up the outer boundaries of the weight function
              CarpetReduce::CarpetMaskSetup: [global] [loop-singlemap] Set up the weight function for the restriction regions
            GROUP SetupIMask: Set up the integer weight function (schedule other routines in here)
              CarpetMask::CarpetExcludedSetup: [global] [loop-local] Set up the weight function for the excluded regions
              CarpetMask::CarpetSurfaceSetup: [global] [loop-local] Set up the weight function for the excluded spherical surfaces
            CarpetReduce::MaskBase_SetMask: [global] [loop-local] Set the weight function
            GROUP SetupMask: Set up the real weight function (schedule other routines in here)
            CarpetReduce::MaskBase_TestMask: [global] Test the weight function
        SphericalSurface::SphericalSurface_Set: [global] Set surface radii to be used for initial setup in other thorns
        GROUP SphericalSurface_HasBeenSet: Set the spherical surfaces before this group, and use it afterwards
          SphericalSurface::SphericalSurface_CheckState: [global] Test the state of the spherical surfaces
        SymBase::SymBase_Check: Check whether the driver set up the grid consistently
        TerminationTrigger::TerminationTrigger_ResetTrigger: Clear trigger state
        TerminationTrigger::TerminationTrigger_StartTimer: Start timer
        TerminationTrigger::TerminationTrigger_CreateFile: Create termination file
        Time::Time_Initialise: [global] Initialise Time variables
        Time::TemporalSpacings: [singlemap] Set timestep based on Courant condition (courant_static)
      [CCTK_RECOVER_VARIABLES]
        IOUtil::IOUtil_RecoverGH: [level] Checkpoint recovery routine
      [CCTK_POST_RECOVER_VARIABLES]
        AHFinderDirect::AHFinderDirect_recover: [global] import horizon data from Cactus variables
        CarpetIOHDF5::CarpetIOHDF5_InitCheckpointingIntervals: [global] Initialisation of checkpointing intervals after recovery
        CarpetIOHDF5::CarpetIOHDF5_CloseFiles: [meta] Close all initial data checkpoint files after recovery
        GROUP MaskBase_SetupMask: Set up the weight function
          GROUP MaskBase_SetupMaskAll: Set up the weight function
            CarpetReduce::MaskBase_AllocateMask: [global] Allocate the weight function
            CarpetReduce::MaskBase_InitMask: [global] [loop-local] Initialise the weight function
            GROUP SetupIMaskInternal: Set up the integer weight function (schedule other routines in here)
              CarpetReduce::CoordBase_SetupMask: [global] [loop-local] Set up the outer boundaries of the weight function
              CarpetReduce::CarpetMaskSetup: [global] [loop-singlemap] Set up the weight function for the restriction regions
            GROUP SetupIMask: Set up the integer weight function (schedule other routines in here)
              CarpetMask::CarpetExcludedSetup: [global] [loop-local] Set up the weight function for the excluded regions
              CarpetMask::CarpetSurfaceSetup: [global] [loop-local] Set up the weight function for the excluded spherical surfaces
            CarpetReduce::MaskBase_SetMask: [global] [loop-local] Set the weight function
            GROUP SetupMask: Set up the real weight function (schedule other routines in here)
            CarpetReduce::MaskBase_TestMask: [global] Test the weight function
        GROUP MoL_PostStep: Ensure that everything is correct after recovery
          LeanBSSNMoL::LeanBSSN_remove_trA: Remove trace of A
          LeanBSSNMoL::LeanBSSN_impose_conf_fac_floor: Make sure conformal factor does not drop below specified value
          LeanBSSNMoL::LeanBSSN_Boundaries: [level] MoL boundary enforcement
          GROUP LeanBSSN_ApplyBCs: Apply boundary conditions
            GROUP BoundaryConditions: Execute all boundary conditions
              Boundary::Boundary_ApplyPhysicalBCs: Apply all requested local physical boundary conditions
              CartGrid3D::CartGrid3D_ApplyBC: Apply symmetry boundary conditions
              ReflectionSymmetry::ReflectionSymmetry_Apply: Apply reflection symmetries
            Boundary::Boundary_ClearSelection: [level] Unselect all grid variables for boundary conditions
          LeanBSSNMoL::LeanBSSN_bssn2adm: [local] Convert variables back to the ADM ones
          GROUP ADMBase_SetADMVars: Set the ADM variables before this group, and use them afterwards
          MagScalarEvolve::MagScalar_Boundaries: [level] MoL boundary enforcement for MagScalar variables
          GROUP MagScalar_ApplyBCs: Apply boundary conditions
            GROUP BoundaryConditions: Execute all boundary conditions
              Boundary::Boundary_ApplyPhysicalBCs: Apply all requested local physical boundary conditions
              CartGrid3D::CartGrid3D_ApplyBC: Apply symmetry boundary conditions
              ReflectionSymmetry::ReflectionSymmetry_Apply: Apply reflection symmetries
            Boundary::Boundary_ClearSelection: [level] Unselect all grid variables for boundary conditions
          GROUP SetTmunu: Group for calculating the stress-energy tensor
            TmunuBase::TmunuBase_ZeroTmunu: Initialise the stress-energy tensor to zero
            GROUP AddToTmunu: Add to the stress-energy tensor here
              MagScalarEvolve::MagScalar_AddToTmunu: Compute the energy-momentum tensor
        GROUP zzz_NaNChecker_NaNCheck: Check for NaNs and count them in NaNChecker::NaNsFound
          NaNChecker::NaNChecker_NaNCheck_Prepare: [level] Prepare data structures to check for NaNs
          NaNChecker::NaNChecker_NaNCheck_Check: [local] Check for NaNs
          NaNChecker::NaNChecker_NaNCheck_Finish: [level] Count NaNs in NaNChecker::NaNsFound
        NaNChecker::NaNChecker_TakeAction: [global] [loop-level] Output NaNChecker::NaNmask and take action according to NaNChecker::action_if_found
        TerminationTrigger::TerminationTrigger_ResetMinutes: [global] Reset Watchtime
    endif
    if (checkpoint initial data)
      [CCTK_CPINITIAL]
        CarpetIOHDF5::CarpetIOHDF5_InitialDataCheckpoint: [meta] Initial data checkpoint routine
    endif
    if (analysis)
      [CCTK_ANALYSIS]
        CarpetLib::CarpetLib_printtimestats: [global] Print timing statistics if desired
        CarpetLib::CarpetLib_printmemstats: [global] Print memory statistics if desired
        GROUP LeanBSSN_constraints: Compute constraints
          LeanBSSNMoL::LeanBSSN_bssn_constraints: Compute constraints
          LeanBSSNMoL::LeanBSSN_Constraints_Boundaries: [level] Enforce symmetry BCs in constraint computation
          GROUP LeanBSSN_Constraints_ApplyBCs: Apply boundary conditions
            GROUP BoundaryConditions: Execute all boundary conditions
              Boundary::Boundary_ApplyPhysicalBCs: Apply all requested local physical boundary conditions
              CartGrid3D::CartGrid3D_ApplyBC: Apply symmetry boundary conditions
              ReflectionSymmetry::ReflectionSymmetry_Apply: Apply reflection symmetries
            Boundary::Boundary_ClearSelection: [level] Unselect all grid variables for boundary conditions
        LoopControl::LC_statistics_analysis: [meta] Output LoopControl statistics
        GROUP MagScalar_constraints: Compute EMG constraints
          MagScalarEvolve::MagScalar_constraints: Compute constraints
          MagScalarEvolve::MagScalar_constraints_boundaries: [level] Enforce symmetry BCs in constraints computation
          GROUP MagScalar_constraints_ApplyBCs: Apply boundary conditions
            GROUP BoundaryConditions: Execute all boundary conditions
              Boundary::Boundary_ApplyPhysicalBCs: Apply all requested local physical boundary conditions
              CartGrid3D::CartGrid3D_ApplyBC: Apply symmetry boundary conditions
              ReflectionSymmetry::ReflectionSymmetry_Apply: Apply reflection symmetries
            Boundary::Boundary_ClearSelection: [level] Unselect all grid variables for boundary conditions
        MagScalarEvolve::MagScalar_analysis: Compute analysis quantities
        MagScalarEvolve::MagScalar_analysis_integrate: [global] Compute integrals of analysis quantities
        Multipole::Multipole_Calc: [global] Calculate Multipoles
        GROUP CalcNPProcaScalars: Calculate NPScalars
          NPScalars_Proca::NPProca_calcPsiGF: [local] calculate grid functions
          GROUP CalcNPProcaScalars_BC: Boundary conditions
            NPScalars_Proca::NPProca_Boundaries: [level] Symmetry boundary conditions
            GROUP ApplyBCs_NPProca: Apply boundary conditions
              GROUP BoundaryConditions: Execute all boundary conditions
                Boundary::Boundary_ApplyPhysicalBCs: Apply all requested local physical boundary conditions
                CartGrid3D::CartGrid3D_ApplyBC: Apply symmetry boundary conditions
                ReflectionSymmetry::ReflectionSymmetry_Apply: Apply reflection symmetries
              Boundary::Boundary_ClearSelection: [level] Unselect all grid variables for boundary conditions
        QuasiLocalMeasures::qlm_calculate: [global] Calculate quasi-local quantities
        SystemStatistics::SystemStatistics_Collect: [global] Collect system statistics
        TerminationTrigger::TerminationTrigger_CheckWalltime: Check elapsed job walltime
        TerminationTrigger::TerminationTrigger_CheckSignal: Check if we received a termination signal
        TerminationTrigger::TerminationTrigger_CheckFile: Check termination file
        TimerReport::zzz_TimerReport_Output: [global] Print the timer report
  endif
  Output grid variables

  do loop over timesteps
    [CCTK_PREREGRID]
      CarpetTracker::CarpetTracker_SetPositions: [global] Set positions of refined regions
    Change grid hierarchy
    [CCTK_POSTREGRID]
      SpaceMask::MaskZero: Initialise mask to zero
      CartGrid3D::SpatialCoordinates: Set Coordinates after regridding
      GROUP MaskBase_SetupMask: Set up the weight function
        GROUP MaskBase_SetupMaskAll: Set up the weight function
          CarpetReduce::MaskBase_AllocateMask: [global] Allocate the weight function
          CarpetReduce::MaskBase_InitMask: [global] [loop-local] Initialise the weight function
          GROUP SetupIMaskInternal: Set up the integer weight function (schedule other routines in here)
            CarpetReduce::CoordBase_SetupMask: [global] [loop-local] Set up the outer boundaries of the weight function
            CarpetReduce::CarpetMaskSetup: [global] [loop-singlemap] Set up the weight function for the restriction regions
          GROUP SetupIMask: Set up the integer weight function (schedule other routines in here)
            CarpetMask::CarpetExcludedSetup: [global] [loop-local] Set up the weight function for the excluded regions
            CarpetMask::CarpetSurfaceSetup: [global] [loop-local] Set up the weight function for the excluded spherical surfaces
          CarpetReduce::MaskBase_SetMask: [global] [loop-local] Set the weight function
          GROUP SetupMask: Set up the real weight function (schedule other routines in here)
          CarpetReduce::MaskBase_TestMask: [global] Test the weight function
      Dissipation::setup_epsdis: Setup spatially varying dissipation
      GROUP MoL_PostStep: Ensure that everything is correct after regridding
        LeanBSSNMoL::LeanBSSN_remove_trA: Remove trace of A
        LeanBSSNMoL::LeanBSSN_impose_conf_fac_floor: Make sure conformal factor does not drop below specified value
        LeanBSSNMoL::LeanBSSN_Boundaries: [level] MoL boundary enforcement
        GROUP LeanBSSN_ApplyBCs: Apply boundary conditions
          GROUP BoundaryConditions: Execute all boundary conditions
            Boundary::Boundary_ApplyPhysicalBCs: Apply all requested local physical boundary conditions
            CartGrid3D::CartGrid3D_ApplyBC: Apply symmetry boundary conditions
            ReflectionSymmetry::ReflectionSymmetry_Apply: Apply reflection symmetries
          Boundary::Boundary_ClearSelection: [level] Unselect all grid variables for boundary conditions
        LeanBSSNMoL::LeanBSSN_bssn2adm: [local] Convert variables back to the ADM ones
        GROUP ADMBase_SetADMVars: Set the ADM variables before this group, and use them afterwards
        MagScalarEvolve::MagScalar_Boundaries: [level] MoL boundary enforcement for MagScalar variables
        GROUP MagScalar_ApplyBCs: Apply boundary conditions
          GROUP BoundaryConditions: Execute all boundary conditions
            Boundary::Boundary_ApplyPhysicalBCs: Apply all requested local physical boundary conditions
            CartGrid3D::CartGrid3D_ApplyBC: Apply symmetry boundary conditions
            ReflectionSymmetry::ReflectionSymmetry_Apply: Apply reflection symmetries
          Boundary::Boundary_ClearSelection: [level] Unselect all grid variables for boundary conditions
        GROUP SetTmunu: Group for calculating the stress-energy tensor
          TmunuBase::TmunuBase_ZeroTmunu: Initialise the stress-energy tensor to zero
          GROUP AddToTmunu: Add to the stress-energy tensor here
            MagScalarEvolve::MagScalar_AddToTmunu: Compute the energy-momentum tensor
      GROUP MoL_PseudoEvolutionBoundaries: Apply boundary conditions to pseudo-evolved quantities
      GROUP CalcNPProcaScalars_BC: Boundary conditions
        NPScalars_Proca::NPProca_Boundaries: [level] Symmetry boundary conditions
        GROUP ApplyBCs_NPProca: Apply boundary conditions
          GROUP BoundaryConditions: Execute all boundary conditions
            Boundary::Boundary_ApplyPhysicalBCs: Apply all requested local physical boundary conditions
            CartGrid3D::CartGrid3D_ApplyBC: Apply symmetry boundary conditions
            ReflectionSymmetry::ReflectionSymmetry_Apply: Apply reflection symmetries
          Boundary::Boundary_ClearSelection: [level] Unselect all grid variables for boundary conditions
      SpaceMask::MaskOne: Set mask to one
      AHFinderDirect::AHFinderDirect_maybe_do_masks: set mask(s) based on apparent horizon position(s)
    Rotate timelevels
    iteration = iteration+1
    t = t+dt
    [CCTK_PRESTEP]
      CoordGauge::Einstein_SetNextSlicing: Identify the slicing for the next iteration
      LoopControl::LC_steer: [meta] Update LoopControl algorithm preferences
      NaNChecker::NaNChecker_ResetCounter: [global] Reset the NaNChecker::NaNsFound counter
    [CCTK_EVOL]
      MoL::MoL_StartLoop: [level] Initialise the step size control
      while (MoL::MoL_Stepsize_Bad)
        GROUP MoL_Evolution: A single Cactus evolution step using MoL
          GROUP MoL_StartStep: MoL internal setup for the evolution step
            MoL::MoL_SetCounter: [level] Set the counter for the ODE method to loop over
            MoL::MoL_SetTime: [level] Ensure the correct time and timestep are used
            MoL::MoL_AllocateScratchSpace: [level] Allocate storage for scratch levels
          GROUP MoL_PreStep: Physics thorns can schedule preloop setup routines in here
          MoL::MoL_AllocateScratch: Allocate sufficient space for array scratch variables
          MoL::MoL_InitialCopy: Ensure the data is in the correct timelevel
          while (MoL::MoL_Intermediate_Step)
            GROUP MoL_Step: The loop over the intermediate steps for the ODE integrator
              MoL::MoL_InitRHS: Initialise the RHS functions
              GROUP MoL_CalcRHS: Physics thorns schedule the calculation of the discrete spatial operator in here
                LeanBSSNMoL::LeanBSSN_CalcRHS: MoL RHS calculation
                LeanBSSNMoL::LeanBSSN_CalcRHS_Bdry: MoL boundary RHS calculation
                MagScalarEvolve::MagScalar_CalcRHS: MoL RHS calculation for MagScalar variables
                MagScalarEvolve::MagScalar_CalcRHS_Bdry: MoL boundary RHS calculation for MagScalar variables
              GROUP MoL_PostRHS: Modify RHS functions
                Dissipation::dissipation_add: Add Kreiss-Oliger dissipation to the right hand sides
              GROUP MoL_RHSBoundaries: Any 'final' modifications to the RHS functions (boundaries etc.)
              MoL::MoL_Add: Updates calculated with the efficient Runge-Kutta 4 method
              MoL::MoL_DecrementCounter: [level] Alter the counter number
              MoL::MoL_ResetTime: [level] If necessary, change the time
              GROUP MoL_PostStepModify: The group for physics thorns to schedule enforcing constraints
              GROUP MoL_PostStep: The group for physics thorns to schedule boundary calls etc.
                LeanBSSNMoL::LeanBSSN_remove_trA: Remove trace of A
                LeanBSSNMoL::LeanBSSN_impose_conf_fac_floor: Make sure conformal factor does not drop below specified value
                LeanBSSNMoL::LeanBSSN_Boundaries: [level] MoL boundary enforcement
                GROUP LeanBSSN_ApplyBCs: Apply boundary conditions
                  GROUP BoundaryConditions: Execute all boundary conditions
                    Boundary::Boundary_ApplyPhysicalBCs: Apply all requested local physical boundary conditions
                    CartGrid3D::CartGrid3D_ApplyBC: Apply symmetry boundary conditions
                    ReflectionSymmetry::ReflectionSymmetry_Apply: Apply reflection symmetries
                  Boundary::Boundary_ClearSelection: [level] Unselect all grid variables for boundary conditions
                LeanBSSNMoL::LeanBSSN_bssn2adm: [local] Convert variables back to the ADM ones
                GROUP ADMBase_SetADMVars: Set the ADM variables before this group, and use them afterwards
                MagScalarEvolve::MagScalar_Boundaries: [level] MoL boundary enforcement for MagScalar variables
                GROUP MagScalar_ApplyBCs: Apply boundary conditions
                  GROUP BoundaryConditions: Execute all boundary conditions
                    Boundary::Boundary_ApplyPhysicalBCs: Apply all requested local physical boundary conditions
                    CartGrid3D::CartGrid3D_ApplyBC: Apply symmetry boundary conditions
                    ReflectionSymmetry::ReflectionSymmetry_Apply: Apply reflection symmetries
                  Boundary::Boundary_ClearSelection: [level] Unselect all grid variables for boundary conditions
                GROUP SetTmunu: Group for calculating the stress-energy tensor
                  TmunuBase::TmunuBase_ZeroTmunu: Initialise the stress-energy tensor to zero
                  GROUP AddToTmunu: Add to the stress-energy tensor here
                    MagScalarEvolve::MagScalar_AddToTmunu: Compute the energy-momentum tensor
              MoL::MoL_ResetDeltaTime: [level] If necessary, change the timestep
          end while
          MoL::MoL_FinishLoop: [level] Control the step size
          MoL::MoL_RestoreSandR: Restoring the Save and Restore variables to the original state
          MoL::MoL_FreeScratchSpace: [level] Free storage for scratch levels
      end while
      GROUP MoL_PseudoEvolution: Calculate pseudo-evolved quantities
        GROUP ADMBase_SetADMVars: Set the ADM variables before this group, and use them afterwards
      PunctureTracker::PunctureTracker_Track: [global] Calculate new location of punctures
    Evolve finer grids recursively
    Restrict from finer grids
    [CCTK_POSTRESTRICT]
      GROUP MoL_PostStep: Ensure that everything is correct after restriction
        LeanBSSNMoL::LeanBSSN_remove_trA: Remove trace of A
        LeanBSSNMoL::LeanBSSN_impose_conf_fac_floor: Make sure conformal factor does not drop below specified value
        LeanBSSNMoL::LeanBSSN_Boundaries: [level] MoL boundary enforcement
        GROUP LeanBSSN_ApplyBCs: Apply boundary conditions
          GROUP BoundaryConditions: Execute all boundary conditions
            Boundary::Boundary_ApplyPhysicalBCs: Apply all requested local physical boundary conditions
            CartGrid3D::CartGrid3D_ApplyBC: Apply symmetry boundary conditions
            ReflectionSymmetry::ReflectionSymmetry_Apply: Apply reflection symmetries
          Boundary::Boundary_ClearSelection: [level] Unselect all grid variables for boundary conditions
        LeanBSSNMoL::LeanBSSN_bssn2adm: [local] Convert variables back to the ADM ones
        GROUP ADMBase_SetADMVars: Set the ADM variables before this group, and use them afterwards
        MagScalarEvolve::MagScalar_Boundaries: [level] MoL boundary enforcement for MagScalar variables
        GROUP MagScalar_ApplyBCs: Apply boundary conditions
          GROUP BoundaryConditions: Execute all boundary conditions
            Boundary::Boundary_ApplyPhysicalBCs: Apply all requested local physical boundary conditions
            CartGrid3D::CartGrid3D_ApplyBC: Apply symmetry boundary conditions
            ReflectionSymmetry::ReflectionSymmetry_Apply: Apply reflection symmetries
          Boundary::Boundary_ClearSelection: [level] Unselect all grid variables for boundary conditions
        GROUP SetTmunu: Group for calculating the stress-energy tensor
          TmunuBase::TmunuBase_ZeroTmunu: Initialise the stress-energy tensor to zero
          GROUP AddToTmunu: Add to the stress-energy tensor here
            MagScalarEvolve::MagScalar_AddToTmunu: Compute the energy-momentum tensor
      GROUP MoL_PseudoEvolutionBoundaries: Apply boundary conditions to pseudo-evolved quantities
      GROUP CalcNPProcaScalars_BC: Boundary conditions
        NPScalars_Proca::NPProca_Boundaries: [level] Symmetry boundary conditions
        GROUP ApplyBCs_NPProca: Apply boundary conditions
          GROUP BoundaryConditions: Execute all boundary conditions
            Boundary::Boundary_ApplyPhysicalBCs: Apply all requested local physical boundary conditions
            CartGrid3D::CartGrid3D_ApplyBC: Apply symmetry boundary conditions
            ReflectionSymmetry::ReflectionSymmetry_Apply: Apply reflection symmetries
          Boundary::Boundary_ClearSelection: [level] Unselect all grid variables for boundary conditions
    [CCTK_POSTSTEP]
      AHFinderDirect::AHFinderDirect_import_mask: [global] [loop-local] import the excision mask
      AHFinderDirect::AHFinderDirect_find_horizons: [global] find apparent horizon(s) after this time step
      AHFinderDirect::AHFinderDirect_store: [global] store apparent horizon(s) into spherical surface(s)
      AHFinderDirect::AHFinderDirect_save: [global] save apparent horizon(s) into Cactus variables
      AHFinderDirect::AHFinderDirect_maybe_do_masks: set mask(s) based on apparent horizon position(s)
      SphericalSurface::SphericalSurface_Set: [global] Set surface radii
      GROUP SphericalSurface_HasBeenSet: Set the spherical surfaces before this group, and use it afterwards
        SphericalSurface::SphericalSurface_CheckState: [global] Test the state of the spherical surfaces
      GROUP zzz_NaNChecker_NaNCheck: Check for NaNs and count them in NaNChecker::NaNsFound
        NaNChecker::NaNChecker_NaNCheck_Prepare: [level] Prepare data structures to check for NaNs
        NaNChecker::NaNChecker_NaNCheck_Check: [local] Check for NaNs
        NaNChecker::NaNChecker_NaNCheck_Finish: [level] Count NaNs in NaNChecker::NaNsFound
      NaNChecker::NaNChecker_TakeAction: [global] [loop-level] Output NaNChecker::NaNmask and take action according to NaNChecker::action_if_found
      PunctureTracker::PunctureTracker_SetPositions: [global] Copy puncture positions to spherical surfaces
      SpaceMask::CheckMask: Ensure that all mask values are legal
      Dissipation::setup_epsdis: Setup spatially varying dissipation
      GROUP MaskBase_SetupMask: Set up the weight function
        GROUP MaskBase_SetupMaskAll: Set up the weight function
          CarpetReduce::MaskBase_AllocateMask: [global] Allocate the weight function
          CarpetReduce::MaskBase_InitMask: [global] [loop-local] Initialise the weight function
          GROUP SetupIMaskInternal: Set up the integer weight function (schedule other routines in here)
            CarpetReduce::CoordBase_SetupMask: [global] [loop-local] Set up the outer boundaries of the weight function
            CarpetReduce::CarpetMaskSetup: [global] [loop-singlemap] Set up the weight function for the restriction regions
          GROUP SetupIMask: Set up the integer weight function (schedule other routines in here)
            CarpetMask::CarpetExcludedSetup: [global] [loop-local] Set up the weight function for the excluded regions
            CarpetMask::CarpetSurfaceSetup: [global] [loop-local] Set up the weight function for the excluded spherical surfaces
          CarpetReduce::MaskBase_SetMask: [global] [loop-local] Set the weight function
          GROUP SetupMask: Set up the real weight function (schedule other routines in here)
          CarpetReduce::MaskBase_TestMask: [global] Test the weight function
    if (checkpoint)
      [CCTK_CHECKPOINT]
      CarpetIOHDF5::CarpetIOHDF5_EvolutionCheckpoint: [meta] Evolution checkpoint routine
      TimerReport::zzz_TimerReport_Checkpoint: [global] Print the timer report
    endif
    if (analysis)
      [CCTK_ANALYSIS]
      CarpetLib::CarpetLib_printtimestats: [global] Print timing statistics if desired
      CarpetLib::CarpetLib_printmemstats: [global] Print memory statistics if desired
      GROUP LeanBSSN_constraints: Compute constraints
        LeanBSSNMoL::LeanBSSN_bssn_constraints: Compute constraints
        LeanBSSNMoL::LeanBSSN_Constraints_Boundaries: [level] Enforce symmetry BCs in constraint computation
        GROUP LeanBSSN_Constraints_ApplyBCs: Apply boundary conditions
          GROUP BoundaryConditions: Execute all boundary conditions
            Boundary::Boundary_ApplyPhysicalBCs: Apply all requested local physical boundary conditions
            CartGrid3D::CartGrid3D_ApplyBC: Apply symmetry boundary conditions
            ReflectionSymmetry::ReflectionSymmetry_Apply: Apply reflection symmetries
          Boundary::Boundary_ClearSelection: [level] Unselect all grid variables for boundary conditions
      LoopControl::LC_statistics_analysis: [meta] Output LoopControl statistics
      GROUP MagScalar_constraints: Compute EMG constraints
        MagScalarEvolve::MagScalar_constraints: Compute constraints
        MagScalarEvolve::MagScalar_constraints_boundaries: [level] Enforce symmetry BCs in constraints computation
        GROUP MagScalar_constraints_ApplyBCs: Apply boundary conditions
          GROUP BoundaryConditions: Execute all boundary conditions
            Boundary::Boundary_ApplyPhysicalBCs: Apply all requested local physical boundary conditions
            CartGrid3D::CartGrid3D_ApplyBC: Apply symmetry boundary conditions
            ReflectionSymmetry::ReflectionSymmetry_Apply: Apply reflection symmetries
          Boundary::Boundary_ClearSelection: [level] Unselect all grid variables for boundary conditions
      MagScalarEvolve::MagScalar_analysis: Compute analysis quantities
      MagScalarEvolve::MagScalar_analysis_integrate: [global] Compute integrals of analysis quantities
      Multipole::Multipole_Calc: [global] Calculate Multipoles
      GROUP CalcNPProcaScalars: Calculate NPScalars
        NPScalars_Proca::NPProca_calcPsiGF: [local] calculate grid functions
        GROUP CalcNPProcaScalars_BC: Boundary conditions
          NPScalars_Proca::NPProca_Boundaries: [level] Symmetry boundary conditions
          GROUP ApplyBCs_NPProca: Apply boundary conditions
            GROUP BoundaryConditions: Execute all boundary conditions
              Boundary::Boundary_ApplyPhysicalBCs: Apply all requested local physical boundary conditions
              CartGrid3D::CartGrid3D_ApplyBC: Apply symmetry boundary conditions
              ReflectionSymmetry::ReflectionSymmetry_Apply: Apply reflection symmetries
            Boundary::Boundary_ClearSelection: [level] Unselect all grid variables for boundary conditions
      QuasiLocalMeasures::qlm_calculate: [global] Calculate quasi-local quantities
      SystemStatistics::SystemStatistics_Collect: [global] Collect system statistics
      TerminationTrigger::TerminationTrigger_CheckWalltime: Check elapsed job walltime
      TerminationTrigger::TerminationTrigger_CheckSignal: Check if we received a termination signal
      TerminationTrigger::TerminationTrigger_CheckFile: Check termination file
      TimerReport::zzz_TimerReport_Output: [global] Print the timer report
    endif
    Output grid variables
    enddo

  Termination routines
    [CCTK_TERMINATE]
      CarpetIOHDF5::CarpetIOHDF5_TerminationCheckpoint: [meta] Termination checkpoint routine
      LoopControl::LC_statistics_terminate: [meta] Output LoopControl statistics
      MoL::MoL_FreeIndexArrays: Free the MoL bookkeeping index arrays
      TimerReport::zzz_TimerReport_Output: [global] Print the timer report

  Shutdown routines
    [CCTK_SHUTDOWN]
      Timers::Timer_Shutdown: Prepare hierarchical timers

  Routines run after changing the grid hierarchy:
    [CCTK_POSTREGRID]
      SpaceMask::MaskZero: Initialise mask to zero
      CartGrid3D::SpatialCoordinates: Set Coordinates after regridding
      GROUP MaskBase_SetupMask: Set up the weight function
        GROUP MaskBase_SetupMaskAll: Set up the weight function
          CarpetReduce::MaskBase_AllocateMask: [global] Allocate the weight function
          CarpetReduce::MaskBase_InitMask: [global] [loop-local] Initialise the weight function
          GROUP SetupIMaskInternal: Set up the integer weight function (schedule other routines in here)
            CarpetReduce::CoordBase_SetupMask: [global] [loop-local] Set up the outer boundaries of the weight function
            CarpetReduce::CarpetMaskSetup: [global] [loop-singlemap] Set up the weight function for the restriction regions
          GROUP SetupIMask: Set up the integer weight function (schedule other routines in here)
            CarpetMask::CarpetExcludedSetup: [global] [loop-local] Set up the weight function for the excluded regions
            CarpetMask::CarpetSurfaceSetup: [global] [loop-local] Set up the weight function for the excluded spherical surfaces
          CarpetReduce::MaskBase_SetMask: [global] [loop-local] Set the weight function
          GROUP SetupMask: Set up the real weight function (schedule other routines in here)
          CarpetReduce::MaskBase_TestMask: [global] Test the weight function
      Dissipation::setup_epsdis: Setup spatially varying dissipation
      GROUP MoL_PostStep: Ensure that everything is correct after regridding
        LeanBSSNMoL::LeanBSSN_remove_trA: Remove trace of A
        LeanBSSNMoL::LeanBSSN_impose_conf_fac_floor: Make sure conformal factor does not drop below specified value
        LeanBSSNMoL::LeanBSSN_Boundaries: [level] MoL boundary enforcement
        GROUP LeanBSSN_ApplyBCs: Apply boundary conditions
          GROUP BoundaryConditions: Execute all boundary conditions
            Boundary::Boundary_ApplyPhysicalBCs: Apply all requested local physical boundary conditions
            CartGrid3D::CartGrid3D_ApplyBC: Apply symmetry boundary conditions
            ReflectionSymmetry::ReflectionSymmetry_Apply: Apply reflection symmetries
          Boundary::Boundary_ClearSelection: [level] Unselect all grid variables for boundary conditions
        LeanBSSNMoL::LeanBSSN_bssn2adm: [local] Convert variables back to the ADM ones
        GROUP ADMBase_SetADMVars: Set the ADM variables before this group, and use them afterwards
        MagScalarEvolve::MagScalar_Boundaries: [level] MoL boundary enforcement for MagScalar variables
        GROUP MagScalar_ApplyBCs: Apply boundary conditions
          GROUP BoundaryConditions: Execute all boundary conditions
            Boundary::Boundary_ApplyPhysicalBCs: Apply all requested local physical boundary conditions
            CartGrid3D::CartGrid3D_ApplyBC: Apply symmetry boundary conditions
            ReflectionSymmetry::ReflectionSymmetry_Apply: Apply reflection symmetries
          Boundary::Boundary_ClearSelection: [level] Unselect all grid variables for boundary conditions
        GROUP SetTmunu: Group for calculating the stress-energy tensor
          TmunuBase::TmunuBase_ZeroTmunu: Initialise the stress-energy tensor to zero
          GROUP AddToTmunu: Add to the stress-energy tensor here
            MagScalarEvolve::MagScalar_AddToTmunu: Compute the energy-momentum tensor
      GROUP MoL_PseudoEvolutionBoundaries: Apply boundary conditions to pseudo-evolved quantities
      GROUP CalcNPProcaScalars_BC: Boundary conditions
        NPScalars_Proca::NPProca_Boundaries: [level] Symmetry boundary conditions
        GROUP ApplyBCs_NPProca: Apply boundary conditions
          GROUP BoundaryConditions: Execute all boundary conditions
            Boundary::Boundary_ApplyPhysicalBCs: Apply all requested local physical boundary conditions
            CartGrid3D::CartGrid3D_ApplyBC: Apply symmetry boundary conditions
            ReflectionSymmetry::ReflectionSymmetry_Apply: Apply reflection symmetries
          Boundary::Boundary_ClearSelection: [level] Unselect all grid variables for boundary conditions
      SpaceMask::MaskOne: Set mask to one
      AHFinderDirect::AHFinderDirect_maybe_do_masks: set mask(s) based on apparent horizon position(s)
--------------------------------------------------------------------------------
INFO (Carpet): Multi-Model listing:
   model 0: "world"
INFO (Carpet): Multi-Model process distribution:
   processes 0-127: model 0 "world"
INFO (Carpet): Multi-Model: This is process 0, model 0 "world"
INFO (CarpetLib): Process startup time was 9.79 seconds
Current core file size limit: hard=[unlimited], soft=0 MB
Current addres space size limit: hard=[unlimited], soft=[unlimited]
Current data segment size limit: hard=[unlimited], soft=[unlimited]
Current resident set size limit: hard=247808 MB, soft=247808 MB
INFO (CycleClock): Measuring CycleClock tick via OpenMP...
INFO (CycleClock): Calibrated CycleClock: 0.444421 ns per clock tick (2.25012 GHz)
INFO (Vectors): Using vector size 1 for architecture scalar (no vectorisation, 64-bit precision)
INFO (hwloc): library version 2.10.0, API version 0x20800
--------------------------------------------------------------------------------
AMR driver provided by Carpet
--------------------------------------------------------------------------------
AMR scalar I/O provided by CarpetIOScalar
--------------------------------------------------------------------------------
AMR 0D ASCII I/O provided by CarpetIOASCII
--------------------------------------------------------------------------------
AMR 1D ASCII I/O provided by CarpetIOASCII
--------------------------------------------------------------------------------
AMR 2D ASCII I/O provided by CarpetIOASCII
--------------------------------------------------------------------------------
AMR 3D ASCII I/O provided by CarpetIOASCII
--------------------------------------------------------------------------------
AMR info I/O provided by CarpetIOBasic
--------------------------------------------------------------------------------
MoL: Generalized time integration.
--------------------------------------------------------------------------------
AMR HDF5 I/O provided by CarpetIOHDF5
--------------------------------------------------------------------------------
AMR 0D HDF5 I/O provided by CarpetIOHDF5
--------------------------------------------------------------------------------
AMR 1D HDF5 I/O provided by CarpetIOHDF5
--------------------------------------------------------------------------------
AMR 2D HDF5 I/O provided by CarpetIOHDF5
--------------------------------------------------------------------------------
AMR 3D HDF5 I/O provided by CarpetIOHDF5
--------------------------------------------------------------------------------

INFO (Carpet): MPI is enabled
INFO (Carpet): Carpet is running on 128 processes
INFO (Carpet): This is process 0
INFO (Carpet): OpenMP is enabled
INFO (Carpet): This process contains 1 threads, this is thread 0
INFO (Carpet): There are 128 threads in total
INFO (Carpet): There are 1 threads per process
INFO (Carpet): This process runs on host cnx030, pid=887329
INFO (Carpet): This process runs on 128 cores: 0-127
INFO (Carpet): Thread 0 runs on 128 cores: 0-127
INFO (Carpet): This simulation is running in 3 dimensions
INFO (Carpet): Boundary specification for map 0:
   nboundaryzones: [[3,3,3],[3,3,3]]
   is_internal   : [[0,0,0],[0,0,0]]
   is_staggered  : [[0,0,0],[0,0,0]]
   shiftout      : [[0,0,1],[0,0,0]]
INFO (Carpet): CoordBase domain specification for map 0:
   physical extent: [-256,-256,0] : [256,256,256]   ([512,512,256])
   interior extent: [-248,-248,0] : [248,248,248]   ([496,496,248])
   exterior extent: [-272,-272,-24] : [272,272,272]   ([544,544,296])
   base_spacing   : [8,8,8]
INFO (Carpet): Adapted domain specification for map 0:
   convergence factor: 2
   convergence level : 0
   physical extent   : [-256,-256,0] : [256,256,256]   ([512,512,256])
   interior extent   : [-248,-248,0] : [248,248,248]   ([496,496,248])
   exterior extent   : [-272,-272,-24] : [272,272,272]   ([544,544,296])
   spacing           : [8,8,8]
INFO (Carpet): Base grid specification for map 0:
   number of grid points             : [69,69,38]
   number of coarse grid ghost points: [[3,3,3],[3,3,3]]
INFO (Carpet): Buffer zone counts (excluding ghosts):
   [0]: [[0,0,0],[0,0,0]]
   [1]: [[9,9,9],[9,9,9]]
   [2]: [[9,9,9],[9,9,9]]
   [3]: [[9,9,9],[9,9,9]]
   [4]: [[9,9,9],[9,9,9]]
   [5]: [[9,9,9],[9,9,9]]
   [6]: [[9,9,9],[9,9,9]]
   [7]: [[9,9,9],[9,9,9]]
   [8]: [[9,9,9],[9,9,9]]
   [9]: [[9,9,9],[9,9,9]]
INFO (Carpet): Overlap zone counts:
   [0]: [[0,0,0],[0,0,0]]
   [1]: [[0,0,0],[0,0,0]]
   [2]: [[0,0,0],[0,0,0]]
   [3]: [[0,0,0],[0,0,0]]
   [4]: [[0,0,0],[0,0,0]]
   [5]: [[0,0,0],[0,0,0]]
   [6]: [[0,0,0],[0,0,0]]
   [7]: [[0,0,0],[0,0,0]]
   [8]: [[0,0,0],[0,0,0]]
   [9]: [[0,0,0],[0,0,0]]
INFO (Carpet): Group and variable statistics:
INFO (Carpet):    There are 747 grid functions in 72 groups
INFO (Carpet):    There are 1144 grid scalars in 70 groups
INFO (Carpet):    There are 111 1-dimensional grid arrays in 10 groups
INFO (Carpet):    There are 416 2-dimensional grid arrays in 18 groups
INFO (Carpet):    There are 6 3-dimensional grid arrays in 1 groups
INFO (Carpet):    (The number of variables counts all time levels)
INFO (CarpetIOScalar): Periodic scalar output requested for:
   LEANBSSNMOL::hc
   LEANBSSNMOL::mcx
   LEANBSSNMOL::mcy
   LEANBSSNMOL::mcz
   MAGSCALARBASE::phi1
   MAGSCALARBASE::phi2
   MAGSCALARBASE::Kphi1
   MAGSCALARBASE::Kphi2
   MAGSCALAREVOLVE::gc
INFO (CarpetIOASCII): I/O Method 'IOASCII_0D' registered: 0D AMR output of grid variables to ASCII files
INFO (CarpetIOASCII): Periodic 0D AMR output requested for:
   MAGSCALAREVOLVE::Q_phi
   MAGSCALAREVOLVE::E_phi
   QUASILOCALMEASURES::qlm_time[0]
   QUASILOCALMEASURES::qlm_time[1]
   QUASILOCALMEASURES::qlm_time[2]
   QUASILOCALMEASURES::qlm_time[3]
   QUASILOCALMEASURES::qlm_time[4]
   QUASILOCALMEASURES::qlm_time[5]
   QUASILOCALMEASURES::qlm_equatorial_circumference[0]
   QUASILOCALMEASURES::qlm_equatorial_circumference[1]
   QUASILOCALMEASURES::qlm_equatorial_circumference[2]
   QUASILOCALMEASURES::qlm_equatorial_circumference[3]
   QUASILOCALMEASURES::qlm_equatorial_circumference[4]
   QUASILOCALMEASURES::qlm_equatorial_circumference[5]
   QUASILOCALMEASURES::qlm_polar_circumference_0[0]
   QUASILOCALMEASURES::qlm_polar_circumference_0[1]
   QUASILOCALMEASURES::qlm_polar_circumference_0[2]
   QUASILOCALMEASURES::qlm_polar_circumference_0[3]
   QUASILOCALMEASURES::qlm_polar_circumference_0[4]
   QUASILOCALMEASURES::qlm_polar_circumference_0[5]
   QUASILOCALMEASURES::qlm_polar_circumference_pi_2[0]
   QUASILOCALMEASURES::qlm_polar_circumference_pi_2[1]
   QUASILOCALMEASURES::qlm_polar_circumference_pi_2[2]
   QUASILOCALMEASURES::qlm_polar_circumference_pi_2[3]
   QUASILOCALMEASURES::qlm_polar_circumference_pi_2[4]
   QUASILOCALMEASURES::qlm_polar_circumference_pi_2[5]
   QUASILOCALMEASURES::qlm_area[0]
   QUASILOCALMEASURES::qlm_area[1]
   QUASILOCALMEASURES::qlm_area[2]
   QUASILOCALMEASURES::qlm_area[3]
   QUASILOCALMEASURES::qlm_area[4]
   QUASILOCALMEASURES::qlm_area[5]
   QUASILOCALMEASURES::qlm_irreducible_mass[0]
   QUASILOCALMEASURES::qlm_irreducible_mass[1]
   QUASILOCALMEASURES::qlm_irreducible_mass[2]
   QUASILOCALMEASURES::qlm_irreducible_mass[3]
   QUASILOCALMEASURES::qlm_irreducible_mass[4]
   QUASILOCALMEASURES::qlm_irreducible_mass[5]
   QUASILOCALMEASURES::qlm_radius[0]
   QUASILOCALMEASURES::qlm_radius[1]
   QUASILOCALMEASURES::qlm_radius[2]
   QUASILOCALMEASURES::qlm_radius[3]
   QUASILOCALMEASURES::qlm_radius[4]
   QUASILOCALMEASURES::qlm_radius[5]
   QUASILOCALMEASURES::qlm_spin_guess[0]
   QUASILOCALMEASURES::qlm_spin_guess[1]
   QUASILOCALMEASURES::qlm_spin_guess[2]
   QUASILOCALMEASURES::qlm_spin_guess[3]
   QUASILOCALMEASURES::qlm_spin_guess[4]
   QUASILOCALMEASURES::qlm_spin_guess[5]
   QUASILOCALMEASURES::qlm_mass_guess[0]
   QUASILOCALMEASURES::qlm_mass_guess[1]
   QUASILOCALMEASURES::qlm_mass_guess[2]
   QUASILOCALMEASURES::qlm_mass_guess[3]
   QUASILOCALMEASURES::qlm_mass_guess[4]
   QUASILOCALMEASURES::qlm_mass_guess[5]
   QUASILOCALMEASURES::qlm_killing_eigenvalue_re[0]
   QUASILOCALMEASURES::qlm_killing_eigenvalue_re[1]
   QUASILOCALMEASURES::qlm_killing_eigenvalue_re[2]
   QUASILOCALMEASURES::qlm_killing_eigenvalue_re[3]
   QUASILOCALMEASURES::qlm_killing_eigenvalue_re[4]
   QUASILOCALMEASURES::qlm_killing_eigenvalue_re[5]
   QUASILOCALMEASURES::qlm_killing_eigenvalue_im[0]
   QUASILOCALMEASURES::qlm_killing_eigenvalue_im[1]
   QUASILOCALMEASURES::qlm_killing_eigenvalue_im[2]
   QUASILOCALMEASURES::qlm_killing_eigenvalue_im[3]
   QUASILOCALMEASURES::qlm_killing_eigenvalue_im[4]
   QUASILOCALMEASURES::qlm_killing_eigenvalue_im[5]
   QUASILOCALMEASURES::qlm_spin[0]
   QUASILOCALMEASURES::qlm_spin[1]
   QUASILOCALMEASURES::qlm_spin[2]
   QUASILOCALMEASURES::qlm_spin[3]
   QUASILOCALMEASURES::qlm_spin[4]
   QUASILOCALMEASURES::qlm_spin[5]
   QUASILOCALMEASURES::qlm_npspin[0]
   QUASILOCALMEASURES::qlm_npspin[1]
   QUASILOCALMEASURES::qlm_npspin[2]
   QUASILOCALMEASURES::qlm_npspin[3]
   QUASILOCALMEASURES::qlm_npspin[4]
   QUASILOCALMEASURES::qlm_npspin[5]
   QUASILOCALMEASURES::qlm_wsspin[0]
   QUASILOCALMEASURES::qlm_wsspin[1]
   QUASILOCALMEASURES::qlm_wsspin[2]
   QUASILOCALMEASURES::qlm_wsspin[3]
   QUASILOCALMEASURES::qlm_wsspin[4]
   QUASILOCALMEASURES::qlm_wsspin[5]
   QUASILOCALMEASURES::qlm_cvspin[0]
   QUASILOCALMEASURES::qlm_cvspin[1]
   QUASILOCALMEASURES::qlm_cvspin[2]
   QUASILOCALMEASURES::qlm_cvspin[3]
   QUASILOCALMEASURES::qlm_cvspin[4]
   QUASILOCALMEASURES::qlm_cvspin[5]
   QUASILOCALMEASURES::qlm_coordspinx[0]
   QUASILOCALMEASURES::qlm_coordspinx[1]
   QUASILOCALMEASURES::qlm_coordspinx[2]
   QUASILOCALMEASURES::qlm_coordspinx[3]
   QUASILOCALMEASURES::qlm_coordspinx[4]
   QUASILOCALMEASURES::qlm_coordspinx[5]
   QUASILOCALMEASURES::qlm_coordspiny[0]
   QUASILOCALMEASURES::qlm_coordspiny[1]
   QUASILOCALMEASURES::qlm_coordspiny[2]
   QUASILOCALMEASURES::qlm_coordspiny[3]
   QUASILOCALMEASURES::qlm_coordspiny[4]
   QUASILOCALMEASURES::qlm_coordspiny[5]
   QUASILOCALMEASURES::qlm_coordspinz[0]
   QUASILOCALMEASURES::qlm_coordspinz[1]
   QUASILOCALMEASURES::qlm_coordspinz[2]
   QUASILOCALMEASURES::qlm_coordspinz[3]
   QUASILOCALMEASURES::qlm_coordspinz[4]
   QUASILOCALMEASURES::qlm_coordspinz[5]
   QUASILOCALMEASURES::qlm_mass[0]
   QUASILOCALMEASURES::qlm_mass[1]
   QUASILOCALMEASURES::qlm_mass[2]
   QUASILOCALMEASURES::qlm_mass[3]
   QUASILOCALMEASURES::qlm_mass[4]
   QUASILOCALMEASURES::qlm_mass[5]
   QUASILOCALMEASURES::qlm_adm_energy[0]
   QUASILOCALMEASURES::qlm_adm_energy[1]
   QUASILOCALMEASURES::qlm_adm_energy[2]
   QUASILOCALMEASURES::qlm_adm_energy[3]
   QUASILOCALMEASURES::qlm_adm_energy[4]
   QUASILOCALMEASURES::qlm_adm_energy[5]
   QUASILOCALMEASURES::qlm_adm_momentum_x[0]
   QUASILOCALMEASURES::qlm_adm_momentum_x[1]
   QUASILOCALMEASURES::qlm_adm_momentum_x[2]
   QUASILOCALMEASURES::qlm_adm_momentum_x[3]
   QUASILOCALMEASURES::qlm_adm_momentum_x[4]
   QUASILOCALMEASURES::qlm_adm_momentum_x[5]
   QUASILOCALMEASURES::qlm_adm_momentum_y[0]
   QUASILOCALMEASURES::qlm_adm_momentum_y[1]
   QUASILOCALMEASURES::qlm_adm_momentum_y[2]
   QUASILOCALMEASURES::qlm_adm_momentum_y[3]
   QUASILOCALMEASURES::qlm_adm_momentum_y[4]
   QUASILOCALMEASURES::qlm_adm_momentum_y[5]
   QUASILOCALMEASURES::qlm_adm_momentum_z[0]
   QUASILOCALMEASURES::qlm_adm_momentum_z[1]
   QUASILOCALMEASURES::qlm_adm_momentum_z[2]
   QUASILOCALMEASURES::qlm_adm_momentum_z[3]
   QUASILOCALMEASURES::qlm_adm_momentum_z[4]
   QUASILOCALMEASURES::qlm_adm_momentum_z[5]
   QUASILOCALMEASURES::qlm_adm_angular_momentum_x[0]
   QUASILOCALMEASURES::qlm_adm_angular_momentum_x[1]
   QUASILOCALMEASURES::qlm_adm_angular_momentum_x[2]
   QUASILOCALMEASURES::qlm_adm_angular_momentum_x[3]
   QUASILOCALMEASURES::qlm_adm_angular_momentum_x[4]
   QUASILOCALMEASURES::qlm_adm_angular_momentum_x[5]
   QUASILOCALMEASURES::qlm_adm_angular_momentum_y[0]
   QUASILOCALMEASURES::qlm_adm_angular_momentum_y[1]
   QUASILOCALMEASURES::qlm_adm_angular_momentum_y[2]
   QUASILOCALMEASURES::qlm_adm_angular_momentum_y[3]
   QUASILOCALMEASURES::qlm_adm_angular_momentum_y[4]
   QUASILOCALMEASURES::qlm_adm_angular_momentum_y[5]
   QUASILOCALMEASURES::qlm_adm_angular_momentum_z[0]
   QUASILOCALMEASURES::qlm_adm_angular_momentum_z[1]
   QUASILOCALMEASURES::qlm_adm_angular_momentum_z[2]
   QUASILOCALMEASURES::qlm_adm_angular_momentum_z[3]
   QUASILOCALMEASURES::qlm_adm_angular_momentum_z[4]
   QUASILOCALMEASURES::qlm_adm_angular_momentum_z[5]
   QUASILOCALMEASURES::qlm_w_energy[0]
   QUASILOCALMEASURES::qlm_w_energy[1]
   QUASILOCALMEASURES::qlm_w_energy[2]
   QUASILOCALMEASURES::qlm_w_energy[3]
   QUASILOCALMEASURES::qlm_w_energy[4]
   QUASILOCALMEASURES::qlm_w_energy[5]
   QUASILOCALMEASURES::qlm_w_momentum_x[0]
   QUASILOCALMEASURES::qlm_w_momentum_x[1]
   QUASILOCALMEASURES::qlm_w_momentum_x[2]
   QUASILOCALMEASURES::qlm_w_momentum_x[3]
   QUASILOCALMEASURES::qlm_w_momentum_x[4]
   QUASILOCALMEASURES::qlm_w_momentum_x[5]
   QUASILOCALMEASURES::qlm_w_momentum_y[0]
   QUASILOCALMEASURES::qlm_w_momentum_y[1]
   QUASILOCALMEASURES::qlm_w_momentum_y[2]
   QUASILOCALMEASURES::qlm_w_momentum_y[3]
   QUASILOCALMEASURES::qlm_w_momentum_y[4]
   QUASILOCALMEASURES::qlm_w_momentum_y[5]
   QUASILOCALMEASURES::qlm_w_momentum_z[0]
   QUASILOCALMEASURES::qlm_w_momentum_z[1]
   QUASILOCALMEASURES::qlm_w_momentum_z[2]
   QUASILOCALMEASURES::qlm_w_momentum_z[3]
   QUASILOCALMEASURES::qlm_w_momentum_z[4]
   QUASILOCALMEASURES::qlm_w_momentum_z[5]
   QUASILOCALMEASURES::qlm_w_angular_momentum_x[0]
   QUASILOCALMEASURES::qlm_w_angular_momentum_x[1]
   QUASILOCALMEASURES::qlm_w_angular_momentum_x[2]
   QUASILOCALMEASURES::qlm_w_angular_momentum_x[3]
   QUASILOCALMEASURES::qlm_w_angular_momentum_x[4]
   QUASILOCALMEASURES::qlm_w_angular_momentum_x[5]
   QUASILOCALMEASURES::qlm_w_angular_momentum_y[0]
   QUASILOCALMEASURES::qlm_w_angular_momentum_y[1]
   QUASILOCALMEASURES::qlm_w_angular_momentum_y[2]
   QUASILOCALMEASURES::qlm_w_angular_momentum_y[3]
   QUASILOCALMEASURES::qlm_w_angular_momentum_y[4]
   QUASILOCALMEASURES::qlm_w_angular_momentum_y[5]
   QUASILOCALMEASURES::qlm_w_angular_momentum_z[0]
   QUASILOCALMEASURES::qlm_w_angular_momentum_z[1]
   QUASILOCALMEASURES::qlm_w_angular_momentum_z[2]
   QUASILOCALMEASURES::qlm_w_angular_momentum_z[3]
   QUASILOCALMEASURES::qlm_w_angular_momentum_z[4]
   QUASILOCALMEASURES::qlm_w_angular_momentum_z[5]
   SPHERICALSURFACE::sf_area[0]
   SPHERICALSURFACE::sf_area[1]
   SPHERICALSURFACE::sf_area[2]
   SPHERICALSURFACE::sf_area[3]
   SPHERICALSURFACE::sf_area[4]
   SPHERICALSURFACE::sf_area[5]
   SPHERICALSURFACE::sf_mean_radius[0]
   SPHERICALSURFACE::sf_mean_radius[1]
   SPHERICALSURFACE::sf_mean_radius[2]
   SPHERICALSURFACE::sf_mean_radius[3]
   SPHERICALSURFACE::sf_mean_radius[4]
   SPHERICALSURFACE::sf_mean_radius[5]
   SPHERICALSURFACE::sf_centroid_x[0]
   SPHERICALSURFACE::sf_centroid_x[1]
   SPHERICALSURFACE::sf_centroid_x[2]
   SPHERICALSURFACE::sf_centroid_x[3]
   SPHERICALSURFACE::sf_centroid_x[4]
   SPHERICALSURFACE::sf_centroid_x[5]
   SPHERICALSURFACE::sf_centroid_y[0]
   SPHERICALSURFACE::sf_centroid_y[1]
   SPHERICALSURFACE::sf_centroid_y[2]
   SPHERICALSURFACE::sf_centroid_y[3]
   SPHERICALSURFACE::sf_centroid_y[4]
   SPHERICALSURFACE::sf_centroid_y[5]
   SPHERICALSURFACE::sf_centroid_z[0]
   SPHERICALSURFACE::sf_centroid_z[1]
   SPHERICALSURFACE::sf_centroid_z[2]
   SPHERICALSURFACE::sf_centroid_z[3]
   SPHERICALSURFACE::sf_centroid_z[4]
   SPHERICALSURFACE::sf_centroid_z[5]
   SPHERICALSURFACE::sf_quadrupole_xx[0]
   SPHERICALSURFACE::sf_quadrupole_xx[1]
   SPHERICALSURFACE::sf_quadrupole_xx[2]
   SPHERICALSURFACE::sf_quadrupole_xx[3]
   SPHERICALSURFACE::sf_quadrupole_xx[4]
   SPHERICALSURFACE::sf_quadrupole_xx[5]
   SPHERICALSURFACE::sf_quadrupole_xy[0]
   SPHERICALSURFACE::sf_quadrupole_xy[1]
   SPHERICALSURFACE::sf_quadrupole_xy[2]
   SPHERICALSURFACE::sf_quadrupole_xy[3]
   SPHERICALSURFACE::sf_quadrupole_xy[4]
   SPHERICALSURFACE::sf_quadrupole_xy[5]
   SPHERICALSURFACE::sf_quadrupole_xz[0]
   SPHERICALSURFACE::sf_quadrupole_xz[1]
   SPHERICALSURFACE::sf_quadrupole_xz[2]
   SPHERICALSURFACE::sf_quadrupole_xz[3]
   SPHERICALSURFACE::sf_quadrupole_xz[4]
   SPHERICALSURFACE::sf_quadrupole_xz[5]
   SPHERICALSURFACE::sf_quadrupole_yy[0]
   SPHERICALSURFACE::sf_quadrupole_yy[1]
   SPHERICALSURFACE::sf_quadrupole_yy[2]
   SPHERICALSURFACE::sf_quadrupole_yy[3]
   SPHERICALSURFACE::sf_quadrupole_yy[4]
   SPHERICALSURFACE::sf_quadrupole_yy[5]
   SPHERICALSURFACE::sf_quadrupole_yz[0]
   SPHERICALSURFACE::sf_quadrupole_yz[1]
   SPHERICALSURFACE::sf_quadrupole_yz[2]
   SPHERICALSURFACE::sf_quadrupole_yz[3]
   SPHERICALSURFACE::sf_quadrupole_yz[4]
   SPHERICALSURFACE::sf_quadrupole_yz[5]
   SPHERICALSURFACE::sf_quadrupole_zz[0]
   SPHERICALSURFACE::sf_quadrupole_zz[1]
   SPHERICALSURFACE::sf_quadrupole_zz[2]
   SPHERICALSURFACE::sf_quadrupole_zz[3]
   SPHERICALSURFACE::sf_quadrupole_zz[4]
   SPHERICALSURFACE::sf_quadrupole_zz[5]
WARNING[L1,P0] (Cactus): Attempt to create a directory with an empty or NULL string
WARNING[L1,P0] (Cactus): Attempt to create a directory with an empty or NULL string
WARNING[L1,P0] (CarpetIOHDF5): Problem creating HDF5 output directory ''
WARNING[L1,P5] (Cactus): Attempt to create a directory with an empty or NULL string
WARNING[L1,P5] (CarpetIOHDF5): Problem creating HDF5 output directory ''
WARNING[L1,P20] (Cactus): Attempt to create a directory with an empty or NULL string
WARNING[L1,P20] (CarpetIOHDF5): Problem creating HDF5 output directory ''
WARNING[L1,P25] (Cactus): Attempt to create a directory with an empty or NULL string
WARNING[L1,P25] (CarpetIOHDF5): Problem creating HDF5 output directory ''
WARNING[L1,P29] (Cactus): Attempt to create a directory with an empty or NULL string
WARNING[L1,P29] (CarpetIOHDF5): Problem creating HDF5 output directory ''
WARNING[L1,P55] (Cactus): Attempt to create a directory with an empty or NULL string
WARNING[L1,P55] (CarpetIOHDF5): Problem creating HDF5 output directory ''
WARNING[L1,P67] (Cactus): Attempt to create a directory with an empty or NULL string
WARNING[L1,P67] (CarpetIOHDF5): Problem creating HDF5 output directory ''
WARNING[L1,P69] (Cactus): Attempt to create a directory with an empty or NULL string
WARNING[L1,P69] (CarpetIOHDF5): Problem creating HDF5 output directory ''
WARNING[L1,P70] (Cactus): Attempt to create a directory with an empty or NULL string
WARNING[L1,P70] (CarpetIOHDF5): Problem creating HDF5 output directory ''
WARNING[L1,P89] (Cactus): Attempt to create a directory with an empty or NULL string
WARNING[L1,P90] (Cactus): Attempt to create a directory with an empty or NULL string
WARNING[L1,P90] (CarpetIOHDF5): Problem creating HDF5 output directory ''
WARNING[L1,P104] (Cactus): Attempt to create a directory with an empty or NULL string
WARNING[L1,P104] (CarpetIOHDF5): Problem creating HDF5 output directory ''
WARNING[L1,P111] (Cactus): Attempt to create a directory with an empty or NULL string
WARNING[L1,P111] (CarpetIOHDF5): Problem creating HDF5 output directory ''
WARNING[L1,P113] (Cactus): Attempt to create a directory with an empty or NULL string
WARNING[L1,P113] (CarpetIOHDF5): Problem creating HDF5 output directory ''
WARNING[L1,P116] (Cactus): Attempt to create a directory with an empty or NULL string
WARNING[L1,P116] (CarpetIOHDF5): Problem creating HDF5 output directory ''
WARNING[L1,P119] (Cactus): Attempt to create a directory with an empty or NULL string
WARNING[L1,P119] (CarpetIOHDF5): Problem creating HDF5 output directory ''
WARNING[L1,P9] (Cactus): Attempt to create a directory with an empty or NULL string
WARNING[L1,P9] (CarpetIOHDF5): Problem creating HDF5 output directory ''
WARNING[L1,P15] (Cactus): Attempt to create a directory with an empty or NULL string
WARNING[L1,P15] (CarpetIOHDF5): Problem creating HDF5 output directory ''
WARNING[L1,P48] (Cactus): Attempt to create a directory with an empty or NULL string
WARNING[L1,P48] (CarpetIOHDF5): Problem creating HDF5 output directory ''
WARNING[L1,P49] (Cactus): Attempt to create a directory with an empty or NULL string
WARNING[L1,P49] (CarpetIOHDF5): Problem creating HDF5 output directory ''
WARNING[L1,P51] (Cactus): Attempt to create a directory with an empty or NULL string
WARNING[L1,P51] (CarpetIOHDF5): Problem creating HDF5 output directory ''
WARNING[L1,P53] (Cactus): Attempt to create a directory with an empty or NULL string
WARNING[L1,P53] (CarpetIOHDF5): Problem creating HDF5 output directory ''
WARNING[L1,P89] (CarpetIOHDF5): Problem creating HDF5 output directory ''
WARNING[L1,P92] (Cactus): Attempt to create a directory with an empty or NULL string
WARNING[L1,P92] (CarpetIOHDF5): Problem creating HDF5 output directory ''
WARNING[L1,P7] (Cactus): Attempt to create a directory with an empty or NULL string
WARNING[L1,P7] (CarpetIOHDF5): Problem creating HDF5 output directory ''
WARNING[L1,P16] (Cactus): Attempt to create a directory with an empty or NULL string
WARNING[L1,P16] (CarpetIOHDF5): Problem creating HDF5 output directory ''
WARNING[L1,P115] (Cactus): Attempt to create a directory with an empty or NULL string
WARNING[L1,P115] (CarpetIOHDF5): Problem creating HDF5 output directory ''
WARNING[L1,P12] (Cactus): Attempt to create a directory with an empty or NULL string
WARNING[L1,P12] (CarpetIOHDF5): Problem creating HDF5 output directory ''
WARNING[L1,P96] (Cactus): Attempt to create a directory with an empty or NULL string
WARNING[L1,P96] (CarpetIOHDF5): Problem creating HDF5 output directory ''
WARNING[L1,P112] (Cactus): Attempt to create a directory with an empty or NULL string
WARNING[L1,P112] (CarpetIOHDF5): Problem creating HDF5 output directory ''
WARNING[L1,P17] (Cactus): Attempt to create a directory with an empty or NULL string
WARNING[L1,P17] (CarpetIOHDF5): Problem creating HDF5 output directory ''
WARNING[L1,P24] (Cactus): Attempt to create a directory with an empty or NULL string
WARNING[L1,P24] (CarpetIOHDF5): Problem creating HDF5 output directory ''
WARNING[L1,P40] (Cactus): Attempt to create a directory with an empty or NULL string
WARNING[L1,P40] (CarpetIOHDF5): Problem creating HDF5 output directory ''
WARNING[L1,P41] (Cactus): Attempt to create a directory with an empty or NULL string
WARNING[L1,P41] (CarpetIOHDF5): Problem creating HDF5 output directory ''
WARNING[L1,P43] (Cactus): Attempt to create a directory with an empty or NULL string
WARNING[L1,P43] (CarpetIOHDF5): Problem creating HDF5 output directory ''
WARNING[L1,P47] (Cactus): Attempt to create a directory with an empty or NULL string
WARNING[L1,P47] (CarpetIOHDF5): Problem creating HDF5 output directory ''
WARNING[L1,P57] (Cactus): Attempt to create a directory with an empty or NULL string
WARNING[L1,P57] (CarpetIOHDF5): Problem creating HDF5 output directory ''
WARNING[L1,P63] (Cactus): Attempt to create a directory with an empty or NULL string
WARNING[L1,P63] (CarpetIOHDF5): Problem creating HDF5 output directory ''
WARNING[L1,P71] (Cactus): Attempt to create a directory with an empty or NULL string
WARNING[L1,P71] (CarpetIOHDF5): Problem creating HDF5 output directory ''
WARNING[L1,P74] (Cactus): Attempt to create a directory with an empty or NULL string
WARNING[L1,P74] (CarpetIOHDF5): Problem creating HDF5 output directory ''
WARNING[L1,P75] (Cactus): Attempt to create a directory with an empty or NULL string
WARNING[L1,P75] (CarpetIOHDF5): Problem creating HDF5 output directory ''
WARNING[L1,P80] (Cactus): Attempt to create a directory with an empty or NULL string
WARNING[L1,P80] (CarpetIOHDF5): Problem creating HDF5 output directory ''
WARNING[L1,P84] (Cactus): Attempt to create a directory with an empty or NULL string
WARNING[L1,P84] (CarpetIOHDF5): Problem creating HDF5 output directory ''
WARNING[L1,P85] (Cactus): Attempt to create a directory with an empty or NULL string
WARNING[L1,P85] (CarpetIOHDF5): Problem creating HDF5 output directory ''
WARNING[L1,P100] (Cactus): Attempt to create a directory with an empty or NULL string
WARNING[L1,P100] (CarpetIOHDF5): Problem creating HDF5 output directory ''
WARNING[L1,P102] (Cactus): Attempt to create a directory with an empty or NULL string
WARNING[L1,P102] (CarpetIOHDF5): Problem creating HDF5 output directory ''
WARNING[L1,P103] (Cactus): Attempt to create a directory with an empty or NULL string
WARNING[L1,P103] (CarpetIOHDF5): Problem creating HDF5 output directory ''
WARNING[L1,P105] (Cactus): Attempt to create a directory with an empty or NULL string
WARNING[L1,P105] (CarpetIOHDF5): Problem creating HDF5 output directory ''
WARNING[L1,P107] (Cactus): Attempt to create a directory with an empty or NULL string
WARNING[L1,P107] (CarpetIOHDF5): Problem creating HDF5 output directory ''
WARNING[L1,P117] (Cactus): Attempt to create a directory with an empty or NULL string
WARNING[L1,P117] (CarpetIOHDF5): Problem creating HDF5 output directory ''
WARNING[L1,P124] (Cactus): Attempt to create a directory with an empty or NULL string
WARNING[L1,P124] (CarpetIOHDF5): Problem creating HDF5 output directory ''
WARNING[L1,P127] (Cactus): Attempt to create a directory with an empty or NULL string
WARNING[L1,P127] (CarpetIOHDF5): Problem creating HDF5 output directory ''
WARNING[L1,P1] (Cactus): Attempt to create a directory with an empty or NULL string
WARNING[L1,P1] (CarpetIOHDF5): Problem creating HDF5 output directory ''
WARNING[L1,P2] (Cactus): Attempt to create a directory with an empty or NULL string
WARNING[L1,P2] (CarpetIOHDF5): Problem creating HDF5 output directory ''
WARNING[L1,P3] (Cactus): Attempt to create a directory with an empty or NULL string
WARNING[L1,P3] (CarpetIOHDF5): Problem creating HDF5 output directory ''
WARNING[L1,P4] (Cactus): Attempt to create a directory with an empty or NULL string
WARNING[L1,P4] (CarpetIOHDF5): Problem creating HDF5 output directory ''
WARNING[L1,P6] (Cactus): Attempt to create a directory with an empty or NULL string
WARNING[L1,P6] (CarpetIOHDF5): Problem creating HDF5 output directory ''
WARNING[L1,P8] (Cactus): Attempt to create a directory with an empty or NULL string
WARNING[L1,P8] (CarpetIOHDF5): Problem creating HDF5 output directory ''
WARNING[L1,P10] (Cactus): Attempt to create a directory with an empty or NULL string
WARNING[L1,P10] (CarpetIOHDF5): Problem creating HDF5 output directory ''
WARNING[L1,P11] (Cactus): Attempt to create a directory with an empty or NULL string
WARNING[L1,P11] (CarpetIOHDF5): Problem creating HDF5 output directory ''
WARNING[L1,P13] (Cactus): Attempt to create a directory with an empty or NULL string
WARNING[L1,P13] (CarpetIOHDF5): Problem creating HDF5 output directory ''
WARNING[L1,P18] (Cactus): Attempt to create a directory with an empty or NULL string
WARNING[L1,P18] (CarpetIOHDF5): Problem creating HDF5 output directory ''
WARNING[L1,P19] (Cactus): Attempt to create a directory with an empty or NULL string
WARNING[L1,P19] (CarpetIOHDF5): Problem creating HDF5 output directory ''
WARNING[L1,P21] (Cactus): Attempt to create a directory with an empty or NULL string
WARNING[L1,P21] (CarpetIOHDF5): Problem creating HDF5 output directory ''
WARNING[L1,P23] (Cactus): Attempt to create a directory with an empty or NULL string
WARNING[L1,P23] (CarpetIOHDF5): Problem creating HDF5 output directory ''
WARNING[L1,P26] (Cactus): Attempt to create a directory with an empty or NULL string
WARNING[L1,P26] (CarpetIOHDF5): Problem creating HDF5 output directory ''
WARNING[L1,P27] (Cactus): Attempt to create a directory with an empty or NULL string
WARNING[L1,P27] (CarpetIOHDF5): Problem creating HDF5 output directory ''
WARNING[L1,P28] (Cactus): Attempt to create a directory with an empty or NULL string
WARNING[L1,P28] (CarpetIOHDF5): Problem creating HDF5 output directory ''
WARNING[L1,P31] (Cactus): Attempt to create a directory with an empty or NULL string
WARNING[L1,P31] (CarpetIOHDF5): Problem creating HDF5 output directory ''
WARNING[L1,P32] (Cactus): Attempt to create a directory with an empty or NULL string
WARNING[L1,P32] (CarpetIOHDF5): Problem creating HDF5 output directory ''
WARNING[L1,P33] (Cactus): Attempt to create a directory with an empty or NULL string
WARNING[L1,P33] (CarpetIOHDF5): Problem creating HDF5 output directory ''
WARNING[L1,P34] (Cactus): Attempt to create a directory with an empty or NULL string
WARNING[L1,P34] (CarpetIOHDF5): Problem creating HDF5 output directory ''
WARNING[L1,P35] (Cactus): Attempt to create a directory with an empty or NULL string
WARNING[L1,P35] (CarpetIOHDF5): Problem creating HDF5 output directory ''
WARNING[L1,P36] (Cactus): Attempt to create a directory with an empty or NULL string
WARNING[L1,P36] (CarpetIOHDF5): Problem creating HDF5 output directory ''
WARNING[L1,P37] (Cactus): Attempt to create a directory with an empty or NULL string
WARNING[L1,P37] (CarpetIOHDF5): Problem creating HDF5 output directory ''
WARNING[L1,P38] (Cactus): Attempt to create a directory with an empty or NULL string
WARNING[L1,P38] (CarpetIOHDF5): Problem creating HDF5 output directory ''
WARNING[L1,P39] (Cactus): Attempt to create a directory with an empty or NULL string
WARNING[L1,P39] (CarpetIOHDF5): Problem creating HDF5 output directory ''
WARNING[L1,P42] (Cactus): Attempt to create a directory with an empty or NULL string
WARNING[L1,P42] (CarpetIOHDF5): Problem creating HDF5 output directory ''
WARNING[L1,P44] (Cactus): Attempt to create a directory with an empty or NULL string
WARNING[L1,P44] (CarpetIOHDF5): Problem creating HDF5 output directory ''
WARNING[L1,P45] (Cactus): Attempt to create a directory with an empty or NULL string
WARNING[L1,P45] (CarpetIOHDF5): Problem creating HDF5 output directory ''
WARNING[L1,P50] (Cactus): Attempt to create a directory with an empty or NULL string
WARNING[L1,P50] (CarpetIOHDF5): Problem creating HDF5 output directory ''
WARNING[L1,P52] (Cactus): Attempt to create a directory with an empty or NULL string
WARNING[L1,P52] (CarpetIOHDF5): Problem creating HDF5 output directory ''
WARNING[L1,P54] (Cactus): Attempt to create a directory with an empty or NULL string
WARNING[L1,P54] (CarpetIOHDF5): Problem creating HDF5 output directory ''
WARNING[L1,P56] (Cactus): Attempt to create a directory with an empty or NULL string
WARNING[L1,P56] (CarpetIOHDF5): Problem creating HDF5 output directory ''
WARNING[L1,P58] (Cactus): Attempt to create a directory with an empty or NULL string
WARNING[L1,P58] (CarpetIOHDF5): Problem creating HDF5 output directory ''
WARNING[L1,P59] (Cactus): Attempt to create a directory with an empty or NULL string
WARNING[L1,P59] (CarpetIOHDF5): Problem creating HDF5 output directory ''
WARNING[L1,P60] (Cactus): Attempt to create a directory with an empty or NULL string
WARNING[L1,P60] (CarpetIOHDF5): Problem creating HDF5 output directory ''
WARNING[L1,P61] (Cactus): Attempt to create a directory with an empty or NULL string
WARNING[L1,P61] (CarpetIOHDF5): Problem creating HDF5 output directory ''
WARNING[L1,P64] (Cactus): Attempt to create a directory with an empty or NULL string
WARNING[L1,P64] (CarpetIOHDF5): Problem creating HDF5 output directory ''
WARNING[L1,P65] (Cactus): Attempt to create a directory with an empty or NULL string
WARNING[L1,P65] (CarpetIOHDF5): Problem creating HDF5 output directory ''
WARNING[L1,P66] (Cactus): Attempt to create a directory with an empty or NULL string
WARNING[L1,P66] (CarpetIOHDF5): Problem creating HDF5 output directory ''
WARNING[L1,P68] (Cactus): Attempt to create a directory with an empty or NULL string
WARNING[L1,P68] (CarpetIOHDF5): Problem creating HDF5 output directory ''
WARNING[L1,P72] (Cactus): Attempt to create a directory with an empty or NULL string
WARNING[L1,P72] (CarpetIOHDF5): Problem creating HDF5 output directory ''
WARNING[L1,P73] (Cactus): Attempt to create a directory with an empty or NULL string
WARNING[L1,P73] (CarpetIOHDF5): Problem creating HDF5 output directory ''
WARNING[L1,P76] (Cactus): Attempt to create a directory with an empty or NULL string
WARNING[L1,P76] (CarpetIOHDF5): Problem creating HDF5 output directory ''
WARNING[L1,P77] (Cactus): Attempt to create a directory with an empty or NULL string
WARNING[L1,P77] (CarpetIOHDF5): Problem creating HDF5 output directory ''
WARNING[L1,P79] (Cactus): Attempt to create a directory with an empty or NULL string
WARNING[L1,P79] (CarpetIOHDF5): Problem creating HDF5 output directory ''
WARNING[L1,P81] (Cactus): Attempt to create a directory with an empty or NULL string
WARNING[L1,P81] (CarpetIOHDF5): Problem creating HDF5 output directory ''
WARNING[L1,P82] (Cactus): Attempt to create a directory with an empty or NULL string
WARNING[L1,P82] (CarpetIOHDF5): Problem creating HDF5 output directory ''
WARNING[L1,P83] (Cactus): Attempt to create a directory with an empty or NULL string
WARNING[L1,P83] (CarpetIOHDF5): Problem creating HDF5 output directory ''
WARNING[L1,P86] (Cactus): Attempt to create a directory with an empty or NULL string
WARNING[L1,P86] (CarpetIOHDF5): Problem creating HDF5 output directory ''
WARNING[L1,P87] (Cactus): Attempt to create a directory with an empty or NULL string
WARNING[L1,P87] (CarpetIOHDF5): Problem creating HDF5 output directory ''
WARNING[L1,P88] (Cactus): Attempt to create a directory with an empty or NULL string
WARNING[L1,P88] (CarpetIOHDF5): Problem creating HDF5 output directory ''
WARNING[L1,P91] (Cactus): Attempt to create a directory with an empty or NULL string
WARNING[L1,P91] (CarpetIOHDF5): Problem creating HDF5 output directory ''
WARNING[L1,P93] (Cactus): Attempt to create a directory with an empty or NULL string
WARNING[L1,P93] (CarpetIOHDF5): Problem creating HDF5 output directory ''
WARNING[L1,P95] (Cactus): Attempt to create a directory with an empty or NULL string
WARNING[L1,P95] (CarpetIOHDF5): Problem creating HDF5 output directory ''
WARNING[L1,P97] (Cactus): Attempt to create a directory with an empty or NULL string
WARNING[L1,P97] (CarpetIOHDF5): Problem creating HDF5 output directory ''
WARNING[L1,P98] (Cactus): Attempt to create a directory with an empty or NULL string
WARNING[L1,P98] (CarpetIOHDF5): Problem creating HDF5 output directory ''
WARNING[L1,P99] (Cactus): Attempt to create a directory with an empty or NULL string
WARNING[L1,P99] (CarpetIOHDF5): Problem creating HDF5 output directory ''
WARNING[L1,P101] (Cactus): Attempt to create a directory with an empty or NULL string
WARNING[L1,P101] (CarpetIOHDF5): Problem creating HDF5 output directory ''
WARNING[L1,P106] (Cactus): Attempt to create a directory with an empty or NULL string
WARNING[L1,P106] (CarpetIOHDF5): Problem creating HDF5 output directory ''
WARNING[L1,P108] (Cactus): Attempt to create a directory with an empty or NULL string
WARNING[L1,P108] (CarpetIOHDF5): Problem creating HDF5 output directory ''
WARNING[L1,P109] (Cactus): Attempt to create a directory with an empty or NULL string
WARNING[L1,P109] (CarpetIOHDF5): Problem creating HDF5 output directory ''
WARNING[L1,P114] (Cactus): Attempt to create a directory with an empty or NULL string
WARNING[L1,P114] (CarpetIOHDF5): Problem creating HDF5 output directory ''
WARNING[L1,P118] (Cactus): Attempt to create a directory with an empty or NULL string
WARNING[L1,P118] (CarpetIOHDF5): Problem creating HDF5 output directory ''
WARNING[L1,P120] (Cactus): Attempt to create a directory with an empty or NULL string
WARNING[L1,P120] (CarpetIOHDF5): Problem creating HDF5 output directory ''
WARNING[L1,P121] (Cactus): Attempt to create a directory with an empty or NULL string
WARNING[L1,P121] (CarpetIOHDF5): Problem creating HDF5 output directory ''
WARNING[L1,P122] (Cactus): Attempt to create a directory with an empty or NULL string
WARNING[L1,P122] (CarpetIOHDF5): Problem creating HDF5 output directory ''
WARNING[L1,P123] (Cactus): Attempt to create a directory with an empty or NULL string
WARNING[L1,P123] (CarpetIOHDF5): Problem creating HDF5 output directory ''
WARNING[L1,P125] (Cactus): Attempt to create a directory with an empty or NULL string
WARNING[L1,P125] (CarpetIOHDF5): Problem creating HDF5 output directory ''
WARNING[L1,P14] (Cactus): Attempt to create a directory with an empty or NULL string
WARNING[L1,P14] (CarpetIOHDF5): Problem creating HDF5 output directory ''
WARNING[L1,P30] (Cactus): Attempt to create a directory with an empty or NULL string
WARNING[L1,P30] (CarpetIOHDF5): Problem creating HDF5 output directory ''
WARNING[L1,P46] (Cactus): Attempt to create a directory with an empty or NULL string
WARNING[L1,P46] (CarpetIOHDF5): Problem creating HDF5 output directory ''
WARNING[L1,P62] (Cactus): Attempt to create a directory with an empty or NULL string
WARNING[L1,P62] (CarpetIOHDF5): Problem creating HDF5 output directory ''
WARNING[L1,P78] (Cactus): Attempt to create a directory with an empty or NULL string
WARNING[L1,P78] (CarpetIOHDF5): Problem creating HDF5 output directory ''
WARNING[L1,P94] (Cactus): Attempt to create a directory with an empty or NULL string
WARNING[L1,P94] (CarpetIOHDF5): Problem creating HDF5 output directory ''
WARNING[L1,P110] (Cactus): Attempt to create a directory with an empty or NULL string
WARNING[L1,P110] (CarpetIOHDF5): Problem creating HDF5 output directory ''
WARNING[L1,P126] (Cactus): Attempt to create a directory with an empty or NULL string
WARNING[L1,P126] (CarpetIOHDF5): Problem creating HDF5 output directory ''
WARNING[L1,P22] (Cactus): Attempt to create a directory with an empty or NULL string
WARNING[L1,P22] (CarpetIOHDF5): Problem creating HDF5 output directory ''
   SPHERICALSURFACE::sf_min_radius[0]
   SPHERICALSURFACE::sf_min_radius[1]
   SPHERICALSURFACE::sf_min_radius[2]
   SPHERICALSURFACE::sf_min_radius[3]
   SPHERICALSURFACE::sf_min_radius[4]
   SPHERICALSURFACE::sf_min_radius[5]
   SPHERICALSURFACE::sf_max_radius[0]
   SPHERICALSURFACE::sf_max_radius[1]
   SPHERICALSURFACE::sf_max_radius[2]
   SPHERICALSURFACE::sf_max_radius[3]
   SPHERICALSURFACE::sf_max_radius[4]
   SPHERICALSURFACE::sf_max_radius[5]
   SPHERICALSURFACE::sf_min_x[0]
   SPHERICALSURFACE::sf_min_x[1]
   SPHERICALSURFACE::sf_min_x[2]
   SPHERICALSURFACE::sf_min_x[3]
   SPHERICALSURFACE::sf_min_x[4]
   SPHERICALSURFACE::sf_min_x[5]
   SPHERICALSURFACE::sf_min_y[0]
   SPHERICALSURFACE::sf_min_y[1]
   SPHERICALSURFACE::sf_min_y[2]
   SPHERICALSURFACE::sf_min_y[3]
   SPHERICALSURFACE::sf_min_y[4]
   SPHERICALSURFACE::sf_min_y[5]
   SPHERICALSURFACE::sf_min_z[0]
   SPHERICALSURFACE::sf_min_z[1]
   SPHERICALSURFACE::sf_min_z[2]
   SPHERICALSURFACE::sf_min_z[3]
   SPHERICALSURFACE::sf_min_z[4]
   SPHERICALSURFACE::sf_min_z[5]
   SPHERICALSURFACE::sf_max_x[0]
   SPHERICALSURFACE::sf_max_x[1]
   SPHERICALSURFACE::sf_max_x[2]
   SPHERICALSURFACE::sf_max_x[3]
   SPHERICALSURFACE::sf_max_x[4]
   SPHERICALSURFACE::sf_max_x[5]
   SPHERICALSURFACE::sf_max_y[0]
   SPHERICALSURFACE::sf_max_y[1]
   SPHERICALSURFACE::sf_max_y[2]
   SPHERICALSURFACE::sf_max_y[3]
   SPHERICALSURFACE::sf_max_y[4]
   SPHERICALSURFACE::sf_max_y[5]
   SPHERICALSURFACE::sf_max_z[0]
   SPHERICALSURFACE::sf_max_z[1]
   SPHERICALSURFACE::sf_max_z[2]
   SPHERICALSURFACE::sf_max_z[3]
   SPHERICALSURFACE::sf_max_z[4]
   SPHERICALSURFACE::sf_max_z[5]
INFO (CarpetIOASCII): I/O Method 'IOASCII_1D' registered: 1D AMR output of grid variables to ASCII files
INFO (CarpetIOASCII): Periodic 1D AMR output requested for:
   ADMBASE::alp
   ADMBASE::betax
   ADMBASE::betay
   ADMBASE::betaz
   LEANBSSNMOL::hc
   LEANBSSNMOL::mcx
   LEANBSSNMOL::mcy
   LEANBSSNMOL::mcz
   MAGSCALARBASE::Ex
   MAGSCALARBASE::Ey
   MAGSCALARBASE::Ez
   MAGSCALARBASE::Ax
   MAGSCALARBASE::Ay
   MAGSCALARBASE::Az
   MAGSCALARBASE::Aphi
   MAGSCALARBASE::phi1
   MAGSCALARBASE::phi2
   MAGSCALARBASE::Kphi1
   MAGSCALARBASE::Kphi2
   MAGSCALAREVOLVE::gc
   MAGSCALAREVOLVE::rho_e
   MAGSCALAREVOLVE::rho_phi
INFO (CarpetIOASCII): I/O Method 'IOASCII_2D' registered: 2D AMR output of grid variables to ASCII files
INFO (CarpetIOASCII): I/O Method 'IOASCII_3D' registered: 3D AMR output of grid variables to ASCII files
INFO (CarpetIOHDF5): I/O Method 'IOHDF5' registered: AMR output of grid variables to HDF5 files
INFO (CarpetIOHDF5): I/O Method 'IOHDF5_0D' registered: 0D AMR output of grid variables to HDF5 files
INFO (CarpetIOHDF5): I/O Method 'IOHDF5_1D' registered: 1D AMR output of grid variables to HDF5 files
INFO (CarpetIOHDF5): I/O Method 'IOHDF5_2D' registered: 2D AMR output of grid variables to HDF5 files
INFO (CarpetIOHDF5): Periodic 2D AMR output requested for:
   MAGSCALAREVOLVE::rho_e
   MAGSCALAREVOLVE::rho_phi
   SPACEMASK::space_mask
INFO (CarpetIOHDF5): I/O Method 'IOHDF5_3D' registered: 3D AMR output of grid variables to HDF5 files
INFO (MoL): Using Runge-Kutta 4 as the time integrator.
INFO (SymBase): Symmetry on lower z-face: reflection_symmetry
INFO (MoL): The maximum number of evolved variables is 1862. 37 are registered.
INFO (MoL): The maximum number of slow evolved variables is 1862. 0 are registered.
INFO (MoL): The maximum number of constrained variables is 1862. 12 are registered.
INFO (MoL): The maximum number of SandR variables is 1862. 0 are registered.
INFO (MoL): The maximum number of evolved array variables is 1862. 0 are registered.
INFO (MoL): The maximum number of constrained array variables is 1862. 0 are registered.
INFO (MoL): The maximum number of SandR array variables is 1862. 0 are registered.
INFO (MoL): The maximum size of any array variables is 0.
INFO (Vectors): Testing vectorisation... [errors may result in segfaults]
INFO (Vectors): 101/101 tests passed 
INFO (CarpetRegrid2): Enforcing grid structure properties, iteration 0
INFO (CarpetRegrid2): Enforcing grid structure properties, iteration 1
INFO (CarpetRegrid2): Enforcing grid structure properties, iteration 0
INFO (CarpetRegrid2): Enforcing grid structure properties, iteration 1
INFO (CarpetRegrid2): Enforcing grid structure properties, iteration 0
INFO (CarpetRegrid2): Enforcing grid structure properties, iteration 1
INFO (CarpetRegrid2): Enforcing grid structure properties, iteration 0
INFO (CarpetRegrid2): Enforcing grid structure properties, iteration 1
INFO (CarpetRegrid2): Enforcing grid structure properties, iteration 0
INFO (CarpetRegrid2): Enforcing grid structure properties, iteration 1
INFO (CarpetRegrid2): Enforcing grid structure properties, iteration 0
INFO (CarpetRegrid2): Enforcing grid structure properties, iteration 1
INFO (CarpetRegrid2): Enforcing grid structure properties, iteration 0
INFO (CarpetRegrid2): Enforcing grid structure properties, iteration 1
INFO (CarpetRegrid2): Enforcing grid structure properties, iteration 0
INFO (CarpetRegrid2): Enforcing grid structure properties, iteration 1
INFO (CarpetRegrid2): Enforcing grid structure properties, iteration 0
INFO (CarpetRegrid2): Enforcing grid structure properties, iteration 1
INFO (Carpet): Grid structure (superregions, grid points):
   [0][0][0]   exterior: [0,0,0] : [68,68,37]   ([69,69,38] + PADDING) 180918
   [1][0][0]   exterior: [27,27,3] : [109,109,47]   ([83,83,45] + PADDING) 310005
   [2][0][0]   exterior: [95,95,9] : [177,177,53]   ([83,83,45] + PADDING) 310005
   [3][0][0]   exterior: [231,231,21] : [313,313,65]   ([83,83,45] + PADDING) 310005
   [4][0][0]   exterior: [503,503,45] : [585,585,89]   ([83,83,45] + PADDING) 310005
   [5][0][0]   exterior: [1047,1047,93] : [1129,1129,137]   ([83,83,45] + PADDING) 310005
   [6][0][0]   exterior: [2135,2135,189] : [2217,2217,233]   ([83,83,45] + PADDING) 310005
   [7][0][0]   exterior: [4311,4311,381] : [4393,4393,425]   ([83,83,45] + PADDING) 310005
   [8][0][0]   exterior: [8663,8663,765] : [8745,8745,809]   ([83,83,45] + PADDING) 310005
   [9][0][0]   exterior: [17367,17367,1533] : [17449,17449,1577]   ([83,83,45] + PADDING) 310005
INFO (Carpet): Grid structure (superregions, coordinates):
   [0][0][0]   exterior: [-272,-272,-24] : [272,272,272] : [8,8,8]
   [1][0][0]   exterior: [-164,-164,-12] : [164,164,164] : [4,4,4]
   [2][0][0]   exterior: [-82,-82,-6] : [82,82,82] : [2,2,2]
   [3][0][0]   exterior: [-41,-41,-3] : [41,41,41] : [1,1,1]
   [4][0][0]   exterior: [-20.5,-20.5,-1.5] : [20.5,20.5,20.5] : [0.5,0.5,0.5]
   [5][0][0]   exterior: [-10.25,-10.25,-0.75] : [10.25,10.25,10.25] : [0.25,0.25,0.25]
   [6][0][0]   exterior: [-5.125,-5.125,-0.375] : [5.125,5.125,5.125] : [0.125,0.125,0.125]
   [7][0][0]   exterior: [-2.5625,-2.5625,-0.1875] : [2.5625,2.5625,2.5625] : [0.0625,0.0625,0.0625]
   [8][0][0]   exterior: [-1.28125,-1.28125,-0.09375] : [1.28125,1.28125,1.28125] : [0.03125,0.03125,0.03125]
   [9][0][0]   exterior: [-0.640625,-0.640625,-0.046875] : [0.640625,0.640625,0.640625] : [0.015625,0.015625,0.015625]
INFO (Carpet): Global grid structure statistics:
INFO (Carpet): GF: rhs: 139k active, 289k owned (+107%), 897k total (+210%), 1.02e+03 steps/time
INFO (Carpet): GF: vars: 278, pts: 384M active, 759M owned (+98%), 2391M total (+215%), 1.0 comp/proc
INFO (Carpet): GA: vars: 1658, pts: 436M active, 436M total (+0%)
INFO (Carpet): Total required memory: 23.801 GByte (for GAs and currently active GFs)
INFO (Carpet): Load balance:  min     avg     max     sdv     max/avg-1
INFO (Carpet): Level  0:       0M      0M      0M      0M owned     57%
INFO (Carpet): Level  1:       0M      1M      1M      0M owned     11%
INFO (Carpet): Level  2:       0M      1M      1M      0M owned     11%
INFO (Carpet): Level  3:       0M      1M      1M      0M owned     11%
INFO (Carpet): Level  4:       0M      1M      1M      0M owned     11%
INFO (Carpet): Level  5:       0M      1M      1M      0M owned     11%
INFO (Carpet): Level  6:       0M      1M      1M      0M owned     11%
INFO (Carpet): Level  7:       0M      1M      1M      0M owned     11%
INFO (Carpet): Level  8:       0M      1M      1M      0M owned     11%
INFO (Carpet): Level  9:       0M      1M      1M      0M owned     11%
INFO (CartGrid3D): Grid Spacings:
INFO (CartGrid3D): dx=>8.0000000e+00  dy=>8.0000000e+00  dz=>8.0000000e+00
INFO (CartGrid3D): Computational Coordinates:
INFO (CartGrid3D): x=>[-272.000,272.000]  y=>[-272.000,272.000]  z=>[-24.000,272.000]
INFO (CartGrid3D): Indices of Physical Coordinates:
INFO (CartGrid3D): x=>[0,68]  y=>[0,68]  z=>[0,37]
INFO (AHFinderDirect): setting up AHFinderDirect data structures
INFO (AHFinderDirect):            to search for 6 horizons on 128 processors
INFO (AHFinderDirect):       constructing full sphere patch system
INFO (AHFinderDirect):                    at origin (0,0,0)
INFO (AHFinderDirect):                    with 18 angular zones per right angle
INFO (AHFinderDirect):       ==> 2166 nominal, 3174 ghosted angular grid points
INFO (AHFinderDirect):       constructing full sphere patch system
INFO (AHFinderDirect):                    at origin (0,0,0)
INFO (AHFinderDirect):                    with 18 angular zones per right angle
INFO (AHFinderDirect):       ==> 2166 nominal, 3174 ghosted angular grid points
INFO (AHFinderDirect):       constructing full sphere patch system
INFO (AHFinderDirect):                    at origin (0,0,0)
INFO (AHFinderDirect):                    with 18 angular zones per right angle
INFO (AHFinderDirect):       ==> 2166 nominal, 3174 ghosted angular grid points
INFO (AHFinderDirect):       constructing full sphere patch system
INFO (AHFinderDirect):                    at origin (0,0,0)
INFO (AHFinderDirect):                    with 18 angular zones per right angle
INFO (AHFinderDirect):       ==> 2166 nominal, 3174 ghosted angular grid points
INFO (AHFinderDirect):       constructing full sphere patch system
INFO (AHFinderDirect):                    at origin (0,0,0)
INFO (AHFinderDirect):                    with 18 angular zones per right angle
INFO (AHFinderDirect):       ==> 2166 nominal, 3174 ghosted angular grid points
INFO (AHFinderDirect):       constructing full sphere patch system
INFO (AHFinderDirect):                    at origin (0,0,0)
INFO (AHFinderDirect):                    with 18 angular zones per right angle
INFO (AHFinderDirect):       ==> 2166 nominal, 3174 ghosted angular grid points
INFO (TerminationTrigger): Reminding you every 0 minutes about remaining walltime
INFO (Time): Timestep set to 3.2 (courant_static)
INFO (MagScalarInit): Step size in input file, h=0.00166667
INFO (QuasiLocalMeasures): Initialising Quasi-Local Measure calculations
INFO (TerminationTrigger): Reminding you every 0 minutes about remaining walltime
INFO (Time): Timestep set to 1.6 (courant_static)
INFO (MagScalarInit): Step size in input file, h=0.00166667
INFO (TerminationTrigger): Reminding you every 0 minutes about remaining walltime
INFO (Time): Timestep set to 0.8 (courant_static)
INFO (MagScalarInit): Step size in input file, h=0.00166667
INFO (TerminationTrigger): Reminding you every 0 minutes about remaining walltime
INFO (Time): Timestep set to 0.4 (courant_static)
INFO (MagScalarInit): Step size in input file, h=0.00166667
INFO (TerminationTrigger): Reminding you every 0 minutes about remaining walltime
INFO (Time): Timestep set to 0.2 (courant_static)
INFO (MagScalarInit): Step size in input file, h=0.00166667
INFO (TerminationTrigger): Reminding you every 0 minutes about remaining walltime
INFO (Time): Timestep set to 0.1 (courant_static)
INFO (MagScalarInit): Step size in input file, h=0.00166667
INFO (TerminationTrigger): Reminding you every 0 minutes about remaining walltime
INFO (Time): Timestep set to 0.05 (courant_static)
INFO (MagScalarInit): Step size in input file, h=0.00166667
INFO (TerminationTrigger): Reminding you every 0 minutes about remaining walltime
INFO (Time): Timestep set to 0.025 (courant_static)
INFO (MagScalarInit): Step size in input file, h=0.00166667
INFO (TerminationTrigger): Reminding you every 0 minutes about remaining walltime
INFO (Time): Timestep set to 0.0125 (courant_static)
INFO (MagScalarInit): Step size in input file, h=0.00166667
INFO (TerminationTrigger): Reminding you every 0 minutes about remaining walltime
INFO (Time): Timestep set to 0.00625 (courant_static)
INFO (MagScalarInit): Step size in input file, h=0.00166667
INFO (AHFinderDirect): proc 0: searching for horizon 1/6
INFO (AHFinderDirect): AH 6/6: r=239.528 at (-0.001008,0.000019,-0.000051)
INFO (AHFinderDirect): AH 6/6: area=723827.2407 m_irreducible=120.0003559
INFO (AHFinderDirect): AH 1/6: r=0.199972 at (-0.001000,-0.000000,0.000000)
INFO (AHFinderDirect): AH 1/6: area=8.579818044 m_irreducible=0.4131465316
INFO (AHFinderDirect): AH 2/6: r=29.5261 at (-0.001000,-0.000000,0.000000)
INFO (AHFinderDirect): AH 2/6: area=11309.81666 m_irreducible=15.00005511
INFO (AHFinderDirect): AH 3/6: r=79.5266 at (-0.001000,0.000000,-0.000000)
INFO (AHFinderDirect): AH 3/6: area=80424.80014 m_irreducible=40.00000701
INFO (AHFinderDirect): AH 4/6: r=99.5266 at (-0.001000,-0.000000,0.000000)
INFO (AHFinderDirect): AH 4/6: area=125663.7277 m_irreducible=50.00000429
INFO (AHFinderDirect): AH 5/6: r=179.527 at (-0.001000,-0.000000,0.000000)
INFO (AHFinderDirect): AH 5/6: area=407150.4183 m_irreducible=90.00000115
INFO (QuasiLocalMeasures): Calculating quasi-local quantities for surface    0
INFO (QuasiLocalMeasures): Importing from spherical surface    0
INFO (QuasiLocalMeasures): Geometric quantities for surface    0:
INFO (QuasiLocalMeasures):    Area A:                            8.57980
INFO (QuasiLocalMeasures):    Irreducible mass M = R/2:         0.413146
INFO (QuasiLocalMeasures):    Areal radius R = sqrt(A/4pi):     0.826292
INFO (QuasiLocalMeasures): Coordinate-dependent quantities for surface    0:
INFO (QuasiLocalMeasures):    Equatorial circumference:             5.19174
INFO (QuasiLocalMeasures):    Polar circumference at phi=0:         5.17521
INFO (QuasiLocalMeasures):    Polar circumference at phi=pi/2:      5.19030
INFO (QuasiLocalMeasures):    No valid spin guess from distortion.
INFO (QuasiLocalMeasures):    (Spin guess is imaginary.)
INFO (QuasiLocalMeasures):    Magnitude of invalid spin guess:     0.574445E-03
INFO (QuasiLocalMeasures):    Mass guess M from distortion:        0.413146
INFO (QuasiLocalMeasures): Isolated Horizon quantities for surface    0:
INFO (QuasiLocalMeasures):    Killing vector field eigenvalue norm:      1.00000
INFO (QuasiLocalMeasures):    Spin J:                                    0.00000
INFO (QuasiLocalMeasures):    Kerr spin parameter a = J/M:               0.00000
INFO (QuasiLocalMeasures):    Dimensionless spin parameter a = J/M^2:    0.00000
INFO (QuasiLocalMeasures):    Spin J from NP:                           0.415348E-18
INFO (QuasiLocalMeasures):    Spin J from phi-coordinate-vector:         0.00000
INFO (QuasiLocalMeasures):    Mass M:                                   0.413146
INFO (QuasiLocalMeasures): Global quantities for surface    0:
INFO (QuasiLocalMeasures):    ADM energy:                 -6.98359
INFO (QuasiLocalMeasures):    ADM momentum x:              0.00000
INFO (QuasiLocalMeasures):    ADM momentum y:              0.00000
INFO (QuasiLocalMeasures):    ADM momentum z:              0.00000
INFO (QuasiLocalMeasures):    ADM angular momentum x:      0.00000
INFO (QuasiLocalMeasures):    ADM angular momentum y:      0.00000
INFO (QuasiLocalMeasures):    ADM angular momentum z:      0.00000
INFO (QuasiLocalMeasures):    Weinberg energy:                  14.1082
INFO (QuasiLocalMeasures):    Weinberg momentum x:              0.00000
INFO (QuasiLocalMeasures):    Weinberg momentum y:              0.00000
INFO (QuasiLocalMeasures):    Weinberg momentum z:              0.00000
INFO (QuasiLocalMeasures):    Weinberg angular momentum x:      0.00000
INFO (QuasiLocalMeasures):    Weinberg angular momentum y:      0.00000
INFO (QuasiLocalMeasures):    Weinberg angular momentum z:      0.00000
------------------------------------------------------------------------------------
Iteration      Time | *me_per_hour |     LEANBSSNMOL::conf_fac | *TISTICS::maxrss_mb
                    |              |      minimum      maximum |   minimum   maximum
------------------------------------------------------------------------------------
        0     0.000 |    0.0000000 |    0.2421482    0.9989338 |       394       448
        1     0.006 |   11.7750553 |    0.2421482    0.9989338 |       408       466
        2     0.013 |   18.8141402 |    0.2421480    0.9989338 |       409       468
        3     0.019 |   23.6608410 |    0.2421476    0.9989338 |       409       469
        4     0.025 |   25.8115886 |    0.2421472    0.9989338 |       409       471
        5     0.031 |   26.3539427 |    0.2421466    0.9989338 |       409       473
        6     0.038 |   27.7956222 |    0.2421460    0.9989338 |       409       474
        7     0.044 |   29.6063263 |    0.2421453    0.9989338 |       409       475
        8     0.050 |   29.5812866 |    0.2421445    0.9989338 |       410       477
        9     0.056 |   28.9417647 |    0.2421437    0.9989338 |       410       478
       10     0.062 |   29.5978828 |    0.2421429    0.9989338 |       410       479
       11     0.069 |   30.5562763 |    0.2421421    0.9989338 |       410       479
       12     0.075 |   30.9035544 |    0.2421414    0.9989338 |       411       481
       13     0.081 |   31.2106034 |    0.2421407    0.9989338 |       411       481
       14     0.088 |   32.1566152 |    0.2421401    0.9989338 |       411       482
       15     0.094 |   32.9757073 |    0.2421397    0.9989338 |       411       483
       16     0.100 |   32.9039910 |    0.2421394    0.9989338 |       412       485
       17     0.106 |   31.7143089 |    0.2421393    0.9989338 |       412       485
       18     0.113 |   32.4680246 |    0.2421394    0.9989338 |       412       486
       19     0.119 |   33.2121278 |    0.2421398    0.9989338 |       412       487
------------------------------------------------------------------------------------
Iteration      Time | *me_per_hour |     LEANBSSNMOL::conf_fac | *TISTICS::maxrss_mb
                    |              |      minimum      maximum |   minimum   maximum
------------------------------------------------------------------------------------
       20     0.125 |   33.7816253 |    0.2421405    0.9989338 |       412       488
       21     0.131 |   34.3978889 |    0.2421415    0.9989338 |       412       488
       22     0.138 |   35.2341605 |    0.2421428    0.9989338 |       412       489
       23     0.144 |   35.7909263 |    0.2421445    0.9989338 |       412       489
       24     0.150 |   36.1958970 |    0.2421466    0.9989338 |       413       490
       25     0.156 |   36.3739946 |    0.2421492    0.9989338 |       413       490
       26     0.163 |   36.9695627 |    0.2421521    0.9989338 |       413       491
       27     0.169 |   37.7005764 |    0.2421556    0.9989338 |       413       491
       28     0.175 |   38.4221171 |    0.2421595    0.9989338 |       413       492
       29     0.181 |   38.8166313 |    0.2421639    0.9989338 |       413       492
       30     0.188 |   39.5479162 |    0.2421689    0.9989338 |       413       493
       31     0.194 |   40.1874422 |    0.2421744    0.9989338 |       413       493
       32     0.200 |   40.5501257 |    0.2421805    0.9989338 |       414       495
       33     0.206 |   40.0402831 |    0.2421872    0.9989338 |       414       495
       34     0.213 |   40.7085131 |    0.2421944    0.9989338 |       414       495
       35     0.219 |   41.2750560 |    0.2422023    0.9989338 |       414       495
       36     0.225 |   41.6949392 |    0.2422108    0.9989338 |       414       496
       37     0.231 |   41.9335658 |    0.2422200    0.9989338 |       414       496
       38     0.238 |   42.4490340 |    0.2422298    0.9989338 |       414       497
       39     0.244 |   42.6471752 |    0.2422403    0.9989338 |       414       497
------------------------------------------------------------------------------------
Iteration      Time | *me_per_hour |     LEANBSSNMOL::conf_fac | *TISTICS::maxrss_mb
                    |              |      minimum      maximum |   minimum   maximum
------------------------------------------------------------------------------------
       40     0.250 |   42.6119939 |    0.2422514    0.9989338 |       414       498
       41     0.256 |   41.9588816 |    0.2422632    0.9989338 |       415       498
       42     0.263 |   42.0713175 |    0.2422756    0.9989338 |       415       498
       43     0.269 |   42.2726254 |    0.2422887    0.9989338 |       415       498
       44     0.275 |   42.2301423 |    0.2423024    0.9989338 |       415       499
       45     0.281 |   42.4264476 |    0.2423168    0.9989338 |       415       499
       46     0.288 |   42.9249802 |    0.2423318    0.9989338 |       415       499
       47     0.294 |   43.3387481 |    0.2423474    0.9989338 |       415       500
       48     0.300 |   43.3825364 |    0.2423637    0.9989338 |       415       500
       49     0.306 |   42.9134232 |    0.2423806    0.9989338 |       415       500
       50     0.312 |   43.2828683 |    0.2423981    0.9989338 |       415       501
       51     0.319 |   43.5900317 |    0.2424162    0.9989338 |       415       501
       52     0.325 |   43.9286412 |    0.2424349    0.9989338 |       415       501
       53     0.331 |   44.0896468 |    0.2424542    0.9989338 |       416       502
       54     0.338 |   44.5118418 |    0.2424740    0.9989338 |       416       502
       55     0.344 |   44.8640260 |    0.2424945    0.9989338 |       416       502
       56     0.350 |   45.1195328 |    0.2425154    0.9989338 |       416       502
       57     0.356 |   45.0556082 |    0.2425370    0.9989338 |       416       503
       58     0.363 |   45.4548511 |    0.2425590    0.9989338 |       416       503
       59     0.369 |   45.7809120 |    0.2425817    0.9989338 |       416       503
------------------------------------------------------------------------------------
Iteration      Time | *me_per_hour |     LEANBSSNMOL::conf_fac | *TISTICS::maxrss_mb
                    |              |      minimum      maximum |   minimum   maximum
------------------------------------------------------------------------------------
       60     0.375 |   46.0141221 |    0.2426048    0.9989338 |       416       504
       61     0.381 |   46.1363040 |    0.2426285    0.9989338 |       416       504
       62     0.388 |   46.5094350 |    0.2426526    0.9989338 |       416       504
       63     0.394 |   46.7716601 |    0.2426773    0.9989338 |       416       504
       64     0.400 |   46.7656336 |    0.2427025    0.9989338 |       416       505
       65     0.406 |   45.7806632 |    0.2427282    0.9989338 |       416       505
       66     0.413 |   46.1311884 |    0.2427544    0.9989338 |       416       505
       67     0.419 |   46.4063120 |    0.2427811    0.9989338 |       416       505
       68     0.425 |   46.6935390 |    0.2428083    0.9989338 |       416       505
       69     0.431 |   46.7905127 |    0.2428360    0.9989338 |       416       506
       70     0.438 |   47.1023628 |    0.2428641    0.9989338 |       416       506
       71     0.444 |   47.3686824 |    0.2428928    0.9989338 |       416       506
       72     0.450 |   47.5547843 |    0.2429219    0.9989338 |       416       506
       73     0.456 |   47.4713673 |    0.2429515    0.9989338 |       416       506
       74     0.463 |   47.7839141 |    0.2429816    0.9989338 |       417       507
       75     0.469 |   48.0329024 |    0.2430121    0.9989338 |       417       507
       76     0.475 |   48.2821643 |    0.2430432    0.9989338 |       417       507
       77     0.481 |   48.3347108 |    0.2430747    0.9989338 |       417       507
       78     0.488 |   48.6084642 |    0.2431067    0.9989338 |       417       507
       79     0.494 |   48.7669424 |    0.2431391    0.9989338 |       417       507
------------------------------------------------------------------------------------
Iteration      Time | *me_per_hour |     LEANBSSNMOL::conf_fac | *TISTICS::maxrss_mb
                    |              |      minimum      maximum |   minimum   maximum
------------------------------------------------------------------------------------
       80     0.500 |   48.3626464 |    0.2431720    0.9989338 |       417       508
       81     0.506 |   47.9161470 |    0.2432054    0.9989338 |       417       508
       82     0.513 |   48.1968663 |    0.2432393    0.9989338 |       417       508
       83     0.519 |   48.1978359 |    0.2432737    0.9989338 |       417       508
       84     0.525 |   48.4245097 |    0.2433085    0.9989338 |       417       508
       85     0.531 |   48.4879258 |    0.2433438    0.9989338 |       417       508
       86     0.537 |   48.7505941 |    0.2433796    0.9989338 |       417       508
       87     0.544 |   48.9615523 |    0.2434158    0.9989338 |       417       509
       88     0.550 |   49.0696396 |    0.2434526    0.9989338 |       417       509
       89     0.556 |   48.9754553 |    0.2434898    0.9989338 |       417       509
       90     0.562 |   49.2307735 |    0.2435274    0.9989338 |       417       509
       91     0.569 |   49.4328560 |    0.2435656    0.9989338 |       417       509
       92     0.575 |   49.6391701 |    0.2436043    0.9989338 |       417       509
       93     0.581 |   49.4564413 |    0.2436434    0.9989338 |       417       509
       94     0.588 |   49.6597625 |    0.2436830    0.9989338 |       417       510
       95     0.594 |   49.8521253 |    0.2437231    0.9989338 |       417       510
       96     0.600 |   49.9147244 |    0.2437637    0.9989338 |       418       510
       97     0.606 |   49.5270536 |    0.2438048    0.9989338 |       418       510
       98     0.613 |   49.7587334 |    0.2438464    0.9989338 |       418       510
       99     0.619 |   49.9419127 |    0.2438885    0.9989338 |       418       510
------------------------------------------------------------------------------------
Iteration      Time | *me_per_hour |     LEANBSSNMOL::conf_fac | *TISTICS::maxrss_mb
                    |              |      minimum      maximum |   minimum   maximum
------------------------------------------------------------------------------------
      100     0.625 |   50.1294230 |    0.2439310    0.9989338 |       418       510
      101     0.631 |   49.9517596 |    0.2439741    0.9989338 |       418       510
      102     0.638 |   50.0678294 |    0.2440177    0.9989338 |       418       511
      103     0.644 |   50.2435679 |    0.2440618    0.9989338 |       418       511
      104     0.650 |   50.3758480 |    0.2441063    0.9989338 |       418       511
      105     0.656 |   50.2757687 |    0.2441514    0.9989338 |       418       511
      106     0.663 |   50.4924207 |    0.2441970    0.9989338 |       418       511
      107     0.669 |   50.6593278 |    0.2442431    0.9989338 |       418       511
      108     0.675 |   50.8263984 |    0.2442897    0.9989338 |       418       511
      109     0.681 |   50.8576634 |    0.2443368    0.9989338 |       418       511
      110     0.688 |   51.0658790 |    0.2443845    0.9989338 |       418       511
      111     0.694 |   51.2246633 |    0.2444326    0.9989338 |       418       511
      112     0.700 |   51.3104329 |    0.2444813    0.9989338 |       418       512
      113     0.706 |   51.0759427 |    0.2445305    0.9989338 |       418       512
      114     0.713 |   51.2560777 |    0.2445802    0.9989338 |       418       512
      115     0.719 |   51.4098447 |    0.2446305    0.9989338 |       418       512
      116     0.725 |   51.5476053 |    0.2446813    0.9989338 |       418       512
      117     0.731 |   51.5592072 |    0.2447326    0.9989338 |       418       512
      118     0.738 |   51.6237677 |    0.2447844    0.9989338 |       418       512
      119     0.744 |   51.6056995 |    0.2448368    0.9989338 |       418       512
------------------------------------------------------------------------------------
Iteration      Time | *me_per_hour |     LEANBSSNMOL::conf_fac | *TISTICS::maxrss_mb
                    |              |      minimum      maximum |   minimum   maximum
------------------------------------------------------------------------------------
      120     0.750 |   51.4640188 |    0.2448898    0.9989338 |       418       512
      121     0.756 |   51.1336714 |    0.2449432    0.9989338 |       418       512
      122     0.763 |   51.3200854 |    0.2449972    0.9989338 |       418       512
      123     0.769 |   51.4646217 |    0.2450518    0.9989338 |       418       512
      124     0.775 |   51.5460537 |    0.2451069    0.9989338 |       418       513
      125     0.781 |   51.4583901 |    0.2451626    0.9989338 |       418       513
      126     0.788 |   51.6319577 |    0.2452188    0.9989338 |       418       513
      127     0.794 |   51.7683469 |    0.2452755    0.9989338 |       418       513
      128     0.800 |   51.6139770 |    0.2453329    0.9989338 |       418       513
      129     0.806 |   50.9999460 |    0.2453908    0.9989338 |       418       513
      130     0.812 |   51.1740903 |    0.2454492    0.9989338 |       418       513
      131     0.819 |   51.2931548 |    0.2455082    0.9989338 |       418       513
      132     0.825 |   51.4296205 |    0.2455678    0.9989338 |       418       513
      133     0.831 |   51.4503983 |    0.2456280    0.9989338 |       418       513
      134     0.838 |   51.5686181 |    0.2456887    0.9989338 |       418       513
      135     0.844 |   51.5578884 |    0.2457500    0.9989338 |       418       513
      136     0.850 |   51.6579353 |    0.2458119    0.9989338 |       418       513
      137     0.856 |   51.5720041 |    0.2458744    0.9989338 |       418       514
      138     0.863 |   51.7379028 |    0.2459374    0.9989338 |       418       514
      139     0.869 |   51.8624000 |    0.2460011    0.9989338 |       418       514
------------------------------------------------------------------------------------
Iteration      Time | *me_per_hour |     LEANBSSNMOL::conf_fac | *TISTICS::maxrss_mb
                    |              |      minimum      maximum |   minimum   maximum
------------------------------------------------------------------------------------
      140     0.875 |   51.9906631 |    0.2460653    0.9989338 |       418       514
      141     0.881 |   52.0058069 |    0.2461301    0.9989338 |       418       514
      142     0.888 |   52.1651330 |    0.2461955    0.9989338 |       419       514
      143     0.894 |   52.2848564 |    0.2462615    0.9989338 |       419       514
      144     0.900 |   52.3477065 |    0.2463282    0.9989338 |       419       514
      145     0.906 |   52.1525994 |    0.2463954    0.9989338 |       419       514
      146     0.913 |   52.3074878 |    0.2464632    0.9989338 |       419       514
      147     0.919 |   52.4244149 |    0.2465316    0.9989338 |       419       514
      148     0.925 |   52.5470261 |    0.2466006    0.9989338 |       419       514
      149     0.931 |   52.5587166 |    0.2466702    0.9989338 |       419       514
      150     0.938 |   52.6613116 |    0.2467405    0.9989338 |       419       514
      151     0.944 |   52.7522720 |    0.2468113    0.9989338 |       419       514
      152     0.950 |   52.8382775 |    0.2468828    0.9989338 |       419       514
      153     0.956 |   52.7474503 |    0.2469549    0.9989338 |       419       514
      154     0.963 |   52.8936328 |    0.2470276    0.9989338 |       419       514
      155     0.969 |   52.9791276 |    0.2471010    0.9989338 |       419       514
      156     0.975 |   53.0934755 |    0.2471749    0.9989338 |       419       514
      157     0.981 |   53.0350213 |    0.2472495    0.9989338 |       419       514
      158     0.988 |   53.1582283 |    0.2473248    0.9989338 |       419       515
      159     0.994 |   53.2652816 |    0.2474006    0.9989338 |       419       515
------------------------------------------------------------------------------------
Iteration      Time | *me_per_hour |     LEANBSSNMOL::conf_fac | *TISTICS::maxrss_mb
                    |              |      minimum      maximum |   minimum   maximum
------------------------------------------------------------------------------------
      160     1.000 |   53.2750670 |    0.2474771    0.9989338 |       419       515
      161     1.006 |   52.9897155 |    0.2475543    0.9989338 |       419       515
      162     1.012 |   53.1265027 |    0.2476321    0.9989338 |       419       515
      163     1.019 |   53.2317686 |    0.2477105    0.9989338 |       419       515
      164     1.025 |   53.3392449 |    0.2477896    0.9989338 |       419       515
      165     1.031 |   53.3479054 |    0.2478693    0.9989338 |       419       515
      166     1.038 |   53.4802834 |    0.2479496    0.9989338 |       419       515
      167     1.044 |   53.5830351 |    0.2480307    0.9989338 |       419       515
      168     1.050 |   53.6601952 |    0.2481123    0.9989338 |       419       515
      169     1.056 |   53.5700662 |    0.2481947    0.9989338 |       419       515
      170     1.062 |   53.7016845 |    0.2482776    0.9989338 |       419       515
      171     1.069 |   53.7992972 |    0.2483613    0.9989338 |       419       515
      172     1.075 |   53.9013596 |    0.2484456    0.9989338 |       419       515
      173     1.081 |   53.9054249 |    0.2485306    0.9989338 |       419       515
      174     1.088 |   54.0321748 |    0.2486162    0.9989338 |       419       515
      175     1.094 |   54.1275594 |    0.2487025    0.9989338 |       419       515
      176     1.100 |   54.1710105 |    0.2487895    0.9989338 |       419       515
      177     1.106 |   53.9880318 |    0.2488771    0.9989338 |       419       515
      178     1.113 |   54.1129818 |    0.2489655    0.9989338 |       419       515
      179     1.119 |   54.2075212 |    0.2490545    0.9989338 |       419       515
------------------------------------------------------------------------------------
Iteration      Time | *me_per_hour |     LEANBSSNMOL::conf_fac | *TISTICS::maxrss_mb
                    |              |      minimum      maximum |   minimum   maximum
------------------------------------------------------------------------------------
      180     1.125 |   54.3035081 |    0.2491441    0.9989338 |       419       516
      181     1.131 |   54.3026216 |    0.2492345    0.9989338 |       419       516
      182     1.137 |   54.4238077 |    0.2493255    0.9989338 |       419       516
      183     1.144 |   54.5120206 |    0.2494172    0.9989338 |       419       516
      184     1.150 |   54.5782713 |    0.2495097    0.9989338 |       419       516
      185     1.156 |   54.4866842 |    0.2496027    0.9989338 |       419       516
      186     1.163 |   54.5733184 |    0.2496965    0.9989338 |       419       516
      187     1.169 |   54.5551989 |    0.2497910    0.9989338 |       419       516
      188     1.175 |   54.5813410 |    0.2498861    0.9989338 |       419       516
      189     1.181 |   54.5445339 |    0.2499820    0.9989338 |       419       516
      190     1.188 |   54.6585508 |    0.2500785    0.9989338 |       419       516
      191     1.194 |   54.7453603 |    0.2501758    0.9989338 |       419       516
      192     1.200 |   54.7278649 |    0.2502737    0.9989338 |       419       516
      193     1.206 |   54.3416045 |    0.2503723    0.9989338 |       419       516
      194     1.213 |   54.3499916 |    0.2504717    0.9989338 |       419       516
      195     1.219 |   54.2925121 |    0.2505717    0.9989338 |       419       516
      196     1.225 |   54.2078367 |    0.2506724    0.9989338 |       419       516
      197     1.231 |   54.0325988 |    0.2507739    0.9989338 |       419       516
      198     1.238 |   54.0102815 |    0.2508760    0.9989338 |       419       516
      199     1.244 |   53.9951275 |    0.2509788    0.9989338 |       419       516
------------------------------------------------------------------------------------
Iteration      Time | *me_per_hour |     LEANBSSNMOL::conf_fac | *TISTICS::maxrss_mb
                    |              |      minimum      maximum |   minimum   maximum
------------------------------------------------------------------------------------
      200     1.250 |   53.9039588 |    0.2510824    0.9989338 |       419       516
      201     1.256 |   53.8118577 |    0.2511866    0.9989338 |       419       516
      202     1.263 |   53.9179012 |    0.2512916    0.9989338 |       419       517
      203     1.269 |   53.9894817 |    0.2513973    0.9989338 |       419       517
      204     1.275 |   54.0734916 |    0.2515036    0.9989338 |       419       517
      205     1.281 |   54.0651127 |    0.2516107    0.9989338 |       419       517
      206     1.288 |   54.1542750 |    0.2517185    0.9989338 |       419       517
      207     1.294 |   54.0803762 |    0.2518270    0.9989338 |       419       517
      208     1.300 |   53.9347944 |    0.2519363    0.9989338 |       419       517
      209     1.306 |   53.5905393 |    0.2520462    0.9989338 |       419       517
      210     1.312 |   53.6092297 |    0.2521568    0.9989338 |       419       517
      211     1.319 |   53.5654893 |    0.2522682    0.9989338 |       419       517
      212     1.325 |   53.4916416 |    0.2523803    0.9989338 |       419       517
      213     1.331 |   53.3716619 |    0.2524930    0.9989338 |       419       517
      214     1.338 |   53.3454116 |    0.2526065    0.9989338 |       419       517
      215     1.344 |   53.4259962 |    0.2527207    0.9989338 |       419       517
      216     1.350 |   53.4666146 |    0.2528357    0.9989338 |       419       517
      217     1.356 |   53.3916906 |    0.2529513    0.9989338 |       419       517
      218     1.363 |   53.4926519 |    0.2530676    0.9989338 |       419       517
      219     1.369 |   53.5680478 |    0.2531847    0.9989338 |       419       517
------------------------------------------------------------------------------------
Iteration      Time | *me_per_hour |     LEANBSSNMOL::conf_fac | *TISTICS::maxrss_mb
                    |              |      minimum      maximum |   minimum   maximum
------------------------------------------------------------------------------------
      220     1.375 |   53.6441000 |    0.2533025    0.9989338 |       419       517
      221     1.381 |   53.6449282 |    0.2534210    0.9989338 |       419       517
      222     1.388 |   53.7438839 |    0.2535402    0.9989338 |       419       517
      223     1.394 |   53.8197782 |    0.2536601    0.9989338 |       419       517
      224     1.400 |   53.8335875 |    0.2537807    0.9989338 |       419       517
      225     1.406 |   53.4664358 |    0.2539020    0.9989338 |       419       517
      226     1.413 |   53.5636366 |    0.2540241    0.9989338 |       419       517
      227     1.419 |   53.6384772 |    0.2541468    0.9989338 |       419       517
      228     1.425 |   53.7140040 |    0.2542703    0.9989338 |       419       517
      229     1.431 |   53.6977025 |    0.2543944    0.9989338 |       419       517
      230     1.438 |   53.7931610 |    0.2545193    0.9989338 |       419       517
      231     1.444 |   53.8635537 |    0.2546449    0.9989338 |       419       517
      232     1.450 |   53.9172994 |    0.2547712    0.9989338 |       419       517
      233     1.456 |   53.8389083 |    0.2548981    0.9989338 |       419       517
      234     1.463 |   53.9342792 |    0.2550258    0.9989338 |       419       517
      235     1.469 |   54.0054298 |    0.2551542    0.9989338 |       419       517
      236     1.475 |   54.0756282 |    0.2552833    0.9989338 |       419       517
      237     1.481 |   54.0764946 |    0.2554131    0.9989338 |       419       517
      238     1.488 |   54.1665174 |    0.2555435    0.9989338 |       419       517
      239     1.494 |   54.2361077 |    0.2556747    0.9989338 |       419       517
------------------------------------------------------------------------------------
Iteration      Time | *me_per_hour |     LEANBSSNMOL::conf_fac | *TISTICS::maxrss_mb
                    |              |      minimum      maximum |   minimum   maximum
------------------------------------------------------------------------------------
      240     1.500 |   54.2679360 |    0.2558066    0.9989338 |       419       517
      241     1.506 |   53.8722344 |    0.2559391    0.9989338 |       419       518
      242     1.513 |   53.8928551 |    0.2560724    0.9989338 |       419       518
      243     1.519 |   53.9016126 |    0.2562063    0.9989338 |       419       518
      244     1.525 |   53.8672089 |    0.2563409    0.9989338 |       419       518
      245     1.531 |   53.8688306 |    0.2564762    0.9989338 |       419       518
      246     1.538 |   53.9464036 |    0.2566122    0.9989338 |       419       518
      247     1.544 |   54.0146213 |    0.2567488    0.9989338 |       419       518
      248     1.550 |   54.0656564 |    0.2568861    0.9989338 |       419       518
      249     1.556 |   54.0021809 |    0.2570241    0.9989338 |       419       518
      250     1.562 |   54.0918358 |    0.2571628    0.9989338 |       419       518
      251     1.569 |   54.1571675 |    0.2573021    0.9989338 |       419       518
      252     1.575 |   54.2267603 |    0.2574421    0.9989338 |       419       518
      253     1.581 |   54.2154082 |    0.2575828    0.9989338 |       419       518
      254     1.588 |   54.3029949 |    0.2577241    0.9989338 |       419       518
      255     1.594 |   54.3664091 |    0.2578660    0.9989338 |       419       518
      256     1.600 |   54.3155844 |    0.2580086    0.9989338 |       419       518
      257     1.606 |   53.9101385 |    0.2581519    0.9989338 |       420       518
      258     1.613 |   53.9955753 |    0.2582958    0.9989338 |       420       518
      259     1.619 |   54.0585303 |    0.2584403    0.9989338 |       420       518
------------------------------------------------------------------------------------
Iteration      Time | *me_per_hour |     LEANBSSNMOL::conf_fac | *TISTICS::maxrss_mb
                    |              |      minimum      maximum |   minimum   maximum
------------------------------------------------------------------------------------
      260     1.625 |   54.1236454 |    0.2585855    0.9989338 |       420       518
      261     1.631 |   54.1245038 |    0.2587313    0.9989338 |       420       518
      262     1.638 |   54.2079842 |    0.2588778    0.9989338 |       420       518
      263     1.644 |   54.2711595 |    0.2590248    0.9989338 |       420       518
      264     1.650 |   54.2848141 |    0.2591725    0.9989338 |       420       518
      265     1.656 |   54.2223836 |    0.2593208    0.9989338 |       420       518
      266     1.663 |   54.3059614 |    0.2594697    0.9989338 |       420       518
      267     1.669 |   54.2869871 |    0.2596192    0.9989338 |       420       518
      268     1.675 |   54.3459319 |    0.2597694    0.9989338 |       420       518
      269     1.681 |   54.3464533 |    0.2599201    0.9989338 |       420       518
      270     1.688 |   54.4179394 |    0.2600714    0.9989338 |       420       518
      271     1.694 |   54.4785393 |    0.2602233    0.9989338 |       420       518
      272     1.700 |   54.4886920 |    0.2603758    0.9989338 |       420       518
      273     1.706 |   54.3671597 |    0.2605289    0.9989338 |       420       518
      274     1.713 |   54.4477568 |    0.2606825    0.9989338 |       420       518
      275     1.719 |   54.5073433 |    0.2608367    0.9989338 |       420       518
      276     1.725 |   54.5698511 |    0.2609915    0.9989338 |       420       518
      277     1.731 |   54.5687009 |    0.2611468    0.9989338 |       420       518
      278     1.738 |   54.6487670 |    0.2613027    0.9989338 |       420       518
      279     1.744 |   54.6314023 |    0.2614592    0.9989338 |       420       518
------------------------------------------------------------------------------------
Iteration      Time | *me_per_hour |     LEANBSSNMOL::conf_fac | *TISTICS::maxrss_mb
                    |              |      minimum      maximum |   minimum   maximum
------------------------------------------------------------------------------------
      280     1.750 |   54.6738216 |    0.2616161    0.9989338 |       420       518
      281     1.756 |   54.6150442 |    0.2617736    0.9989338 |       420       518
      282     1.763 |   54.6917652 |    0.2619317    0.9989338 |       420       518
      283     1.769 |   54.7500174 |    0.2620903    0.9989338 |       420       518
      284     1.775 |   54.8075365 |    0.2622493    0.9989338 |       420       518
      285     1.781 |   54.8063793 |    0.2624089    0.9989338 |       420       518
      286     1.788 |   54.8828092 |    0.2625690    0.9989338 |       420       518
      287     1.794 |   54.8592399 |    0.2627296    0.9989338 |       420       518
      288     1.800 |   54.8136089 |    0.2628907    0.9989338 |       420       518
      289     1.806 |   54.6383433 |    0.2630523    0.9989338 |       420       518
      290     1.812 |   54.7147517 |    0.2632144    0.9989338 |       420       518
      291     1.819 |   54.7715969 |    0.2633769    0.9989338 |       420       518
      292     1.825 |   54.7847765 |    0.2635399    0.9989338 |       420       518
      293     1.831 |   54.7837289 |    0.2637033    0.9989338 |       420       518
      294     1.838 |   54.8509837 |    0.2638673    0.9989338 |       420       518
      295     1.844 |   54.9071902 |    0.2640316    0.9989338 |       420       518
      296     1.850 |   54.9483111 |    0.2641964    0.9989338 |       420       518
      297     1.856 |   54.8914212 |    0.2643616    0.9989338 |       420       518
      298     1.863 |   54.9640501 |    0.2645272    0.9989338 |       420       518
      299     1.869 |   55.0186095 |    0.2646933    0.9989338 |       420       518
------------------------------------------------------------------------------------
Iteration      Time | *me_per_hour |     LEANBSSNMOL::conf_fac | *TISTICS::maxrss_mb
                    |              |      minimum      maximum |   minimum   maximum
------------------------------------------------------------------------------------
      300     1.875 |   55.0751407 |    0.2648598    0.9989338 |       420       518
      301     1.881 |   55.0731499 |    0.2650266    0.9989338 |       420       518
      302     1.888 |   55.1435192 |    0.2651939    0.9989338 |       420       518
      303     1.894 |   55.1969265 |    0.2653615    0.9989338 |       420       518
      304     1.900 |   55.2045556 |    0.2655295    0.9989338 |       420       518
      305     1.906 |   55.0922420 |    0.2656979    0.9989338 |       420       519
      306     1.913 |   55.1640024 |    0.2658666    0.9989338 |       420       519
      307     1.919 |   55.1995737 |    0.2660357    0.9989338 |       420       519
      308     1.925 |   55.2553071 |    0.2662051    0.9989338 |       420       519
      309     1.931 |   55.1970567 |    0.2663749    0.9989338 |       420       519
      310     1.938 |   55.1401685 |    0.2665450    0.9989338 |       420       519
      311     1.944 |   55.1104510 |    0.2667154    0.9989338 |       420       519
      312     1.950 |   55.0048700 |    0.2668861    0.9989338 |       420       519
      313     1.956 |   54.9470676 |    0.2670571    0.9989338 |       420       519
      314     1.963 |   55.0170135 |    0.2672284    0.9989338 |       420       519
      315     1.969 |   55.0691573 |    0.2674000    0.9989338 |       420       519
      316     1.975 |   55.0852238 |    0.2675719    0.9989338 |       420       519
      317     1.981 |   55.0802739 |    0.2677440    0.9989338 |       420       519
      318     1.988 |   55.1501189 |    0.2679164    0.9989338 |       420       519
      319     1.994 |   55.2005790 |    0.2680891    0.9989338 |       420       519
------------------------------------------------------------------------------------
Iteration      Time | *me_per_hour |     LEANBSSNMOL::conf_fac | *TISTICS::maxrss_mb
                    |              |      minimum      maximum |   minimum   maximum
------------------------------------------------------------------------------------
      320     2.000 |   55.1541276 |    0.2682619    0.9989338 |       420       519
      321     2.006 |   54.9309897 |    0.2684350    0.9989338 |       420       519
      322     2.013 |   54.9985247 |    0.2686084    0.9989338 |       420       519
      323     2.019 |   55.0485592 |    0.2687819    0.9989338 |       420       519
      324     2.025 |   55.1008701 |    0.2689556    0.9989338 |       420       519
      325     2.031 |   55.0981075 |    0.2691295    0.9989338 |       420       519
      326     2.038 |   55.1645573 |    0.2693036    0.9989338 |       420       519
      327     2.044 |   55.2145955 |    0.2694779    0.9989338 |       420       519
      328     2.050 |   55.2288488 |    0.2696523    0.9989338 |       420       519
      329     2.056 |   55.1744191 |    0.2698269    0.9989338 |       420       519
      330     2.062 |   55.1777295 |    0.2700016    0.9989338 |       420       519
      331     2.069 |   55.2227848 |    0.2701765    0.9989338 |       420       519
      332     2.075 |   55.2740382 |    0.2703514    0.9989338 |       420       519
      333     2.081 |   55.2712152 |    0.2705265    0.9989338 |       420       519
      334     2.087 |   55.3221086 |    0.2707017    0.9989338 |       420       519
      335     2.094 |   55.3699476 |    0.2708770    0.9989338 |       420       519
      336     2.100 |   55.3899681 |    0.2710523    0.9989338 |       420       519
      337     2.106 |   55.2854554 |    0.2712277    0.9989338 |       420       519
      338     2.113 |   55.3501148 |    0.2714032    0.9989338 |       420       519
      339     2.119 |   55.3974660 |    0.2715788    0.9989338 |       420       519
------------------------------------------------------------------------------------
Iteration      Time | *me_per_hour |     LEANBSSNMOL::conf_fac | *TISTICS::maxrss_mb
                    |              |      minimum      maximum |   minimum   maximum
------------------------------------------------------------------------------------
      340     2.125 |   55.4232124 |    0.2717543    0.9989338 |       420       519
      341     2.131 |   55.4205934 |    0.2719299    0.9989338 |       420       519
      342     2.138 |   55.4821834 |    0.2721056    0.9989338 |       420       519
      343     2.144 |   55.5276524 |    0.2722812    0.9989338 |       420       519
      344     2.150 |   55.5608129 |    0.2724568    0.9989338 |       420       519
      345     2.156 |   55.5067676 |    0.2726325    0.9989338 |       420       519
      346     2.163 |   55.5691138 |    0.2728081    0.9989338 |       420       519
      347     2.169 |   55.6142019 |    0.2729836    0.9989338 |       420       519
      348     2.175 |   55.6462478 |    0.2731592    0.9989338 |       420       519
      349     2.181 |   55.6410521 |    0.2733347    0.9989338 |       420       519
      350     2.188 |   55.6935361 |    0.2735101    0.9989338 |       420       519
      351     2.194 |   55.7395287 |    0.2736854    0.9989338 |       420       519
      352     2.200 |   55.7437137 |    0.2738607    0.9989338 |       420       519
      353     2.206 |   55.5914052 |    0.2740358    0.9989338 |       420       519
      354     2.212 |   55.6522796 |    0.2742109    0.9989338 |       420       519
      355     2.219 |   55.6981882 |    0.2743858    0.9989338 |       420       519
      356     2.225 |   55.7369317 |    0.2745606    0.9989338 |       420       519
      357     2.231 |   55.7333298 |    0.2747353    0.9989338 |       420       519
      358     2.238 |   55.7946003 |    0.2749098    0.9989338 |       420       519
      359     2.244 |   55.8386704 |    0.2750842    0.9989338 |       420       519
------------------------------------------------------------------------------------
Iteration      Time | *me_per_hour |     LEANBSSNMOL::conf_fac | *TISTICS::maxrss_mb
                    |              |      minimum      maximum |   minimum   maximum
------------------------------------------------------------------------------------
      360     2.250 |   55.8679193 |    0.2752584    0.9989338 |       420       519
      361     2.256 |   55.8056368 |    0.2754324    0.9989338 |       420       519
      362     2.263 |   55.8658037 |    0.2756063    0.9989338 |       420       519
      363     2.269 |   55.9024202 |    0.2757799    0.9989338 |       420       519
      364     2.275 |   55.8637090 |    0.2759533    0.9989338 |       420       519
      365     2.281 |   55.7396183 |    0.2761265    0.9989338 |       420       519
      366     2.288 |   55.7240441 |    0.2762995    0.9989338 |       420       519
      367     2.294 |   55.7232092 |    0.2764723    0.9989338 |       420       519
      368     2.300 |   55.5839733 |    0.2766447    0.9989338 |       420       519
      369     2.306 |   55.3629845 |    0.2768170    0.9989338 |       420       519
      370     2.312 |   55.3182544 |    0.2769889    0.9989338 |       420       519
      371     2.319 |   55.2898497 |    0.2771606    0.9989338 |       420       519
      372     2.325 |   55.2121642 |    0.2773320    0.9989338 |       420       519
      373     2.331 |   55.1125353 |    0.2775031    0.9989338 |       420       519
      374     2.337 |   55.0697204 |    0.2776738    0.9989338 |       420       519
      375     2.344 |   55.0177430 |    0.2778443    0.9989338 |       420       519
      376     2.350 |   54.9237235 |    0.2780144    0.9989338 |       420       519
      377     2.356 |   54.7431805 |    0.2781842    0.9989338 |       420       519
      378     2.363 |   54.7259261 |    0.2783536    0.9989338 |       420       519
      379     2.369 |   54.6782492 |    0.2785227    0.9989338 |       420       519
------------------------------------------------------------------------------------
Iteration      Time | *me_per_hour |     LEANBSSNMOL::conf_fac | *TISTICS::maxrss_mb
                    |              |      minimum      maximum |   minimum   maximum
------------------------------------------------------------------------------------
      380     2.375 |   54.5904500 |    0.2786914    0.9989338 |       420       519
      381     2.381 |   54.4981876 |    0.2788597    0.9989338 |       420       519
      382     2.388 |   54.5102366 |    0.2790276    0.9989338 |       420       519
      383     2.394 |   54.5536317 |    0.2791951    0.9989338 |       420       519
      384     2.400 |   54.5345039 |    0.2793622    0.9989338 |       420       519
      385     2.406 |   54.3223308 |    0.2795289    0.9989338 |       420       519
      386     2.413 |   54.3773913 |    0.2796952    0.9989338 |       420       519
      387     2.419 |   54.4205791 |    0.2798610    0.9989338 |       420       519
      388     2.425 |   54.4645313 |    0.2800263    0.9989338 |       420       519
      389     2.431 |   54.4650806 |    0.2801913    0.9989338 |       420       519
      390     2.438 |   54.4683294 |    0.2803557    0.9989338 |       420       519
      391     2.444 |   54.4632151 |    0.2805197    0.9989338 |       420       519
      392     2.450 |   54.4838619 |    0.2806832    0.9989338 |       420       519
      393     2.456 |   54.4415772 |    0.2808462    0.9989338 |       420       519
      394     2.463 |   54.4978994 |    0.2810087    0.9989338 |       420       519
      395     2.469 |   54.5403325 |    0.2811706    0.9989338 |       420       519
      396     2.475 |   54.5715771 |    0.2813321    0.9989338 |       420       519
      397     2.481 |   54.5716759 |    0.2814930    0.9989338 |       420       519
      398     2.488 |   54.6270396 |    0.2816534    0.9989338 |       420       519
      399     2.494 |   54.6602488 |    0.2818133    0.9989338 |       420       519
------------------------------------------------------------------------------------
Iteration      Time | *me_per_hour |     LEANBSSNMOL::conf_fac | *TISTICS::maxrss_mb
                    |              |      minimum      maximum |   minimum   maximum
------------------------------------------------------------------------------------
      400     2.500 |   54.6505110 |    0.2819726    0.9989338 |       420       519
      401     2.506 |   54.5681161 |    0.2821313    0.9989338 |       420       519
      402     2.513 |   54.6159944 |    0.2822895    0.9989338 |       420       519
      403     2.519 |   54.6574699 |    0.2824471    0.9989338 |       420       519
      404     2.525 |   54.6978096 |    0.2826041    0.9989338 |       420       519
      405     2.531 |   54.6979244 |    0.2827605    0.9989338 |       420       519
      406     2.538 |   54.7524645 |    0.2829163    0.9989338 |       420       519
      407     2.544 |   54.7924131 |    0.2830715    0.9989338 |       420       519
      408     2.550 |   54.8223992 |    0.2832261    0.9989338 |       420       519
      409     2.556 |   54.7735762 |    0.2833800    0.9989338 |       420       519
      410     2.562 |   54.8216910 |    0.2835334    0.9989338 |       420       519
      411     2.569 |   54.8608580 |    0.2836860    0.9989338 |       420       519
      412     2.575 |   54.9021642 |    0.2838381    0.9989338 |       420       519
      413     2.581 |   54.8939847 |    0.2839895    0.9989338 |       420       519
      414     2.588 |   54.9211441 |    0.2841402    0.9989338 |       420       519
      415     2.594 |   54.9601524 |    0.2842903    0.9989338 |       420       519
      416     2.600 |   54.9634925 |    0.2844396    0.9989338 |       420       519
      417     2.606 |   54.8389773 |    0.2845884    0.9989338 |       420       519
      418     2.613 |   54.8870774 |    0.2847364    0.9989338 |       420       519
      419     2.619 |   54.9186884 |    0.2848837    0.9989338 |       420       519
------------------------------------------------------------------------------------
Iteration      Time | *me_per_hour |     LEANBSSNMOL::conf_fac | *TISTICS::maxrss_mb
                    |              |      minimum      maximum |   minimum   maximum
------------------------------------------------------------------------------------
      420     2.625 |   54.9601338 |    0.2850303    0.9989338 |       420       519
      421     2.631 |   54.9599417 |    0.2851762    0.9989338 |       420       519
      422     2.638 |   55.0122871 |    0.2853214    0.9989338 |       420       519
      423     2.644 |   55.0504678 |    0.2854659    0.9989338 |       420       519
      424     2.650 |   55.0789437 |    0.2856097    0.9989338 |       420       519
      425     2.656 |   55.0276241 |    0.2857527    0.9989338 |       420       519
      426     2.663 |   55.0783566 |    0.2858950    0.9989338 |       420       519
      427     2.669 |   55.1164014 |    0.2860365    0.9989338 |       420       519
      428     2.675 |   55.0956938 |    0.2861773    0.9989338 |       420       519
      429     2.681 |   55.0948369 |    0.2863174    0.9989338 |       420       519
      430     2.688 |   55.1395777 |    0.2864567    0.9989338 |       420       519
      431     2.694 |   55.1775538 |    0.2865952    0.9989338 |       420       519
      432     2.700 |   55.1934247 |    0.2867329    0.9989338 |       420       519
      433     2.706 |   55.1077833 |    0.2868699    0.9989338 |       420       519
      434     2.713 |   55.1502316 |    0.2870061    0.9989338 |       420       519
      435     2.719 |   55.1806675 |    0.2871415    0.9989338 |       420       519
      436     2.725 |   55.2051495 |    0.2872762    0.9989338 |       420       519
      437     2.731 |   55.2031539 |    0.2874100    0.9989338 |       420       519
      438     2.738 |   55.2537887 |    0.2875430    0.9989338 |       420       519
      439     2.744 |   55.2894225 |    0.2876753    0.9989338 |       420       519
------------------------------------------------------------------------------------
Iteration      Time | *me_per_hour |     LEANBSSNMOL::conf_fac | *TISTICS::maxrss_mb
                    |              |      minimum      maximum |   minimum   maximum
------------------------------------------------------------------------------------
      440     2.750 |   55.3082491 |    0.2878067    0.9989338 |       420       519
      441     2.756 |   55.2684486 |    0.2879373    0.9989338 |       420       519
      442     2.763 |   55.3179787 |    0.2880671    0.9989338 |       420       519
      443     2.769 |   55.3544466 |    0.2881961    0.9989338 |       420       519
      444     2.775 |   55.3926573 |    0.2883243    0.9989338 |       420       519
      445     2.781 |   55.3911864 |    0.2884517    0.9989338 |       420       519
      446     2.788 |   55.4405171 |    0.2885782    0.9989338 |       420       519
      447     2.794 |   55.4760743 |    0.2887039    0.9989338 |       420       519
      448     2.800 |   55.4678757 |    0.2888287    0.9989338 |       420       519
      449     2.806 |   55.3146980 |    0.2889527    0.9989338 |       420       519
      450     2.812 |   55.3636238 |    0.2890759    0.9989338 |       420       519
      451     2.819 |   55.3997148 |    0.2891982    0.9989338 |       420       519
      452     2.825 |   55.4375078 |    0.2893197    0.9989338 |       420       519
      453     2.831 |   55.4344470 |    0.2894403    0.9989338 |       420       519
      454     2.838 |   55.4828590 |    0.2895601    0.9989338 |       420       519
      455     2.844 |   55.5104294 |    0.2896791    0.9989338 |       420       519
      456     2.850 |   55.5357668 |    0.2897971    0.9989338 |       420       519
      457     2.856 |   55.4962429 |    0.2899143    0.9989338 |       420       519
      458     2.863 |   55.5425543 |    0.2900307    0.9989338 |       420       519
      459     2.869 |   55.5738470 |    0.2901462    0.9989338 |       420       519
------------------------------------------------------------------------------------
Iteration      Time | *me_per_hour |     LEANBSSNMOL::conf_fac | *TISTICS::maxrss_mb
                    |              |      minimum      maximum |   minimum   maximum
------------------------------------------------------------------------------------
      460     2.875 |   55.6096423 |    0.2902608    0.9989338 |       420       519
      461     2.881 |   55.6071097 |    0.2903745    0.9989338 |       420       519
      462     2.888 |   55.6475064 |    0.2904874    0.9989338 |       420       519
      463     2.894 |   55.6824107 |    0.2905994    0.9989338 |       420       519
      464     2.900 |   55.6963932 |    0.2907106    0.9989338 |       420       519
      465     2.906 |   55.6205881 |    0.2908208    0.9989338 |       420       519
      466     2.913 |   55.6676657 |    0.2909302    0.9989338 |       420       519
      467     2.919 |   55.6929625 |    0.2910387    0.9989338 |       420       519
      468     2.925 |   55.7286410 |    0.2911464    0.9989338 |       420       519
      469     2.931 |   55.7263617 |    0.2912531    0.9989338 |       420       519
      470     2.938 |   55.7727281 |    0.2913590    0.9989338 |       420       519
      471     2.944 |   55.8063328 |    0.2914640    0.9989338 |       420       519
      472     2.950 |   55.8221968 |    0.2915682    0.9989338 |       420       519
      473     2.956 |   55.7809900 |    0.2916714    0.9989338 |       420       519
      474     2.963 |   55.8257701 |    0.2917738    0.9989338 |       420       519
      475     2.969 |   55.8595976 |    0.2918752    0.9989338 |       420       519
      476     2.975 |   55.8878144 |    0.2919758    0.9989338 |       420       519
      477     2.981 |   55.8851051 |    0.2920756    0.9989338 |       420       519
      478     2.988 |   55.9305625 |    0.2921744    0.9989338 |       420       519
      479     2.994 |   55.9641017 |    0.2922723    0.9989338 |       420       519
------------------------------------------------------------------------------------
Iteration      Time | *me_per_hour |     LEANBSSNMOL::conf_fac | *TISTICS::maxrss_mb
                    |              |      minimum      maximum |   minimum   maximum
------------------------------------------------------------------------------------
      480     3.000 |   55.9668726 |    0.2923694    0.9989338 |       420       519
      481     3.006 |   55.8566799 |    0.2924656    0.9989338 |       420       519
      482     3.013 |   55.9020287 |    0.2925609    0.9989338 |       420       519
      483     3.019 |   55.9350584 |    0.2926553    0.9989338 |       420       519
      484     3.025 |   55.9696318 |    0.2927489    0.9989338 |       420       519
      485     3.031 |   55.9670477 |    0.2928415    0.9989338 |       420       519
      486     3.038 |   56.0113901 |    0.2929333    0.9989338 |       420       519
      487     3.044 |   56.0440608 |    0.2930242    0.9989338 |       420       519
      488     3.050 |   56.0673497 |    0.2931142    0.9989338 |       420       519
      489     3.056 |   56.0294902 |    0.2932033    0.9989338 |       420       519
      490     3.062 |   56.0729665 |    0.2932916    0.9989338 |       420       519
      491     3.069 |   56.1057918 |    0.2933790    0.9989338 |       420       519
      492     3.075 |   56.1288285 |    0.2934655    0.9989338 |       420       519
      493     3.081 |   56.1262482 |    0.2935511    0.9989338 |       420       519
      494     3.088 |   56.1701174 |    0.2936358    0.9989338 |       420       519
      495     3.094 |   56.2023387 |    0.2937197    0.9989338 |       420       519
      496     3.100 |   56.1860541 |    0.2938027    0.9989338 |       420       519
      497     3.106 |   56.1128757 |    0.2938849    0.9989338 |       420       519
      498     3.113 |   56.1570210 |    0.2939662    0.9989338 |       420       519
      499     3.119 |   56.1872780 |    0.2940466    0.9989338 |       420       519
------------------------------------------------------------------------------------
Iteration      Time | *me_per_hour |     LEANBSSNMOL::conf_fac | *TISTICS::maxrss_mb
                    |              |      minimum      maximum |   minimum   maximum
------------------------------------------------------------------------------------
      500     3.125 |   56.2205365 |    0.2941261    0.9989338 |       420       519
      501     3.131 |   56.2166725 |    0.2942048    0.9989338 |       420       519
      502     3.138 |   56.2567766 |    0.2942826    0.9989338 |       420       519
      503     3.144 |   56.2885114 |    0.2943596    0.9989338 |       420       519
      504     3.150 |   56.3042339 |    0.2944357    0.9989338 |       420       519
      505     3.156 |   56.2659297 |    0.2945110    0.9989338 |       420       519
      506     3.163 |   56.3092571 |    0.2945854    0.9989338 |       420       519
      507     3.169 |   56.3161440 |    0.2946590    0.9989338 |       420       519
      508     3.175 |   56.3351653 |    0.2947317    0.9989338 |       420       519
      509     3.181 |   56.3316712 |    0.2948035    0.9989338 |       420       519
      510     3.188 |   56.3741306 |    0.2948746    0.9989338 |       420       519
      511     3.194 |   56.4054162 |    0.2949447    0.9989338 |       420       519
INFO (AHFinderDirect): proc 0: searching for horizon 1/6
INFO (AHFinderDirect): AH 2/6: r=29.526 at (-0.001000,-0.000000,-0.000000)
INFO (AHFinderDirect): AH 2/6: area=11309.73472 m_irreducible=15.00000077
INFO (AHFinderDirect): AH 3/6: r=79.5265 at (-0.001000,-0.000000,0.000000)
INFO (AHFinderDirect): AH 3/6: area=80424.77208 m_irreducible=40.00000004
INFO (AHFinderDirect): AH 4/6: r=99.5266 at (-0.001000,0.000000,0.000000)
INFO (AHFinderDirect): AH 4/6: area=125663.7062 m_irreducible=50.00000002
INFO (AHFinderDirect): AH 5/6: r=179.527 at (-0.001000,0.000000,0.000000)
INFO (AHFinderDirect): AH 5/6: area=407150.4079 m_irreducible=90
INFO (AHFinderDirect): AH 6/6: r=239.527 at (-0.001000,-0.000000,-0.000000)
INFO (AHFinderDirect): AH 6/6: area=723822.9539 m_irreducible=120.0000005
INFO (AHFinderDirect): AH 1/6: r=0.373775 at (-0.001000,-0.000000,0.000000)
INFO (AHFinderDirect): AH 1/6: area=8.57984533 m_irreducible=0.4131471886
INFO (QuasiLocalMeasures): Calculating quasi-local quantities for surface    0
INFO (QuasiLocalMeasures): Importing from spherical surface    0
INFO (QuasiLocalMeasures): Geometric quantities for surface    0:
INFO (QuasiLocalMeasures):    Area A:                            8.57983
INFO (QuasiLocalMeasures):    Irreducible mass M = R/2:         0.413147
INFO (QuasiLocalMeasures):    Areal radius R = sqrt(A/4pi):     0.826294
INFO (QuasiLocalMeasures): Coordinate-dependent quantities for surface    0:
INFO (QuasiLocalMeasures):    Equatorial circumference:             5.19175
INFO (QuasiLocalMeasures):    Polar circumference at phi=0:         5.19137
INFO (QuasiLocalMeasures):    Polar circumference at phi=pi/2:      5.19172
INFO (QuasiLocalMeasures):    No valid spin guess from distortion.
INFO (QuasiLocalMeasures):    (Spin guess is imaginary.)
INFO (QuasiLocalMeasures):    Magnitude of invalid spin guess:     0.642924E-03
INFO (QuasiLocalMeasures):    Mass guess M from distortion:        0.413146
INFO (QuasiLocalMeasures): Isolated Horizon quantities for surface    0:
INFO (QuasiLocalMeasures):    Killing vector field eigenvalue norm:      1.00000
INFO (QuasiLocalMeasures):    Spin J:                                   0.169721E-15
INFO (QuasiLocalMeasures):    Kerr spin parameter a = J/M:              0.410801E-15
INFO (QuasiLocalMeasures):    Dimensionless spin parameter a = J/M^2:   0.994322E-15
INFO (QuasiLocalMeasures):    Spin J from NP:                           0.360711E-15
INFO (QuasiLocalMeasures):    Spin J from phi-coordinate-vector:         0.00000
INFO (QuasiLocalMeasures):    Mass M:                                   0.413147
INFO (QuasiLocalMeasures): Global quantities for surface    0:
INFO (QuasiLocalMeasures):    ADM energy:                -0.950190
INFO (QuasiLocalMeasures):    ADM momentum x:            -0.953339E-07
INFO (QuasiLocalMeasures):    ADM momentum y:             0.126838E-15
INFO (QuasiLocalMeasures):    ADM momentum z:            -0.216797E-15
INFO (QuasiLocalMeasures):    ADM angular momentum x:     0.328216E-19
INFO (QuasiLocalMeasures):    ADM angular momentum y:    -0.234732E-18
INFO (QuasiLocalMeasures):    ADM angular momentum z:     0.326151E-16
INFO (QuasiLocalMeasures):    Weinberg energy:                  2.45503
INFO (QuasiLocalMeasures):    Weinberg momentum x:            -0.611650E-06
INFO (QuasiLocalMeasures):    Weinberg momentum y:            -0.294750E-15
INFO (QuasiLocalMeasures):    Weinberg momentum z:             0.106826E-15
INFO (QuasiLocalMeasures):    Weinberg angular momentum x:     0.284127E-18
INFO (QuasiLocalMeasures):    Weinberg angular momentum y:    -0.735625E-18
INFO (QuasiLocalMeasures):    Weinberg angular momentum z:     0.168642E-15
      512     3.200 |   53.4941288 |    0.4496141    0.9989338 |       420       520
      513     3.206 |   53.0009459 |    0.4496825    0.9989338 |       420       520
      514     3.213 |   52.9809907 |    0.4497502    0.9989338 |       420       520
      515     3.219 |   52.9596029 |    0.4498172    0.9989338 |       420       520
      516     3.225 |   52.9438753 |    0.4498837    0.9989338 |       420       520
      517     3.231 |   52.8892222 |    0.4499494    0.9989338 |       420       520
      518     3.238 |   52.8742110 |    0.4500145    0.9989338 |       420       520
      519     3.244 |   52.8580584 |    0.4500790    0.9989338 |       420       520
------------------------------------------------------------------------------------
Iteration      Time | *me_per_hour |     LEANBSSNMOL::conf_fac | *TISTICS::maxrss_mb
                    |              |      minimum      maximum |   minimum   maximum
------------------------------------------------------------------------------------
      520     3.250 |   52.7862086 |    0.4501428    0.9989338 |       420       520
      521     3.256 |   52.6930147 |    0.4502060    0.9989338 |       420       520
      522     3.263 |   52.6998764 |    0.4502685    0.9989338 |       420       520
      523     3.269 |   52.7017357 |    0.4503304    0.9989338 |       420       520
      524     3.275 |   52.7271879 |    0.4503917    0.9989338 |       420       520
      525     3.281 |   52.7083025 |    0.4504523    0.9989338 |       420       520
      526     3.288 |   52.6929328 |    0.4505123    0.9989338 |       420       520
      527     3.294 |   52.6774442 |    0.4505716    0.9989338 |       420       520
      528     3.300 |   52.6528523 |    0.4506303    0.9989338 |       420       520
      529     3.306 |   52.5966192 |    0.4506883    0.9989338 |       420       520
      530     3.312 |   52.6353391 |    0.4507457    0.9989338 |       420       520
      531     3.319 |   52.6667723 |    0.4508025    0.9989338 |       420       520
      532     3.325 |   52.6971961 |    0.4508586    0.9989338 |       420       520
      533     3.331 |   52.7000771 |    0.4509141    0.9989338 |       420       520
      534     3.338 |   52.7378871 |    0.4509690    0.9989338 |       420       520
      535     3.344 |   52.7690150 |    0.4510233    0.9989338 |       420       520
      536     3.350 |   52.7908204 |    0.4510769    0.9989338 |       420       520
      537     3.356 |   52.7640061 |    0.4511298    0.9989338 |       420       520
      538     3.363 |   52.7683083 |    0.4511822    0.9989338 |       420       520
      539     3.369 |   52.7995012 |    0.4512339    0.9989338 |       420       520
------------------------------------------------------------------------------------
Iteration      Time | *me_per_hour |     LEANBSSNMOL::conf_fac | *TISTICS::maxrss_mb
                    |              |      minimum      maximum |   minimum   maximum
------------------------------------------------------------------------------------
      540     3.375 |   52.8274786 |    0.4512850    0.9989338 |       420       520
      541     3.381 |   52.8297826 |    0.4513355    0.9989338 |       420       520
      542     3.388 |   52.8659395 |    0.4513854    0.9989338 |       420       520
      543     3.394 |   52.8914847 |    0.4514346    0.9989338 |       420       520
      544     3.400 |   52.8911195 |    0.4514832    0.9989338 |       420       520
      545     3.406 |   52.8057903 |    0.4515312    0.9989338 |       420       520
      546     3.413 |   52.8446285 |    0.4515786    0.9989338 |       420       520
      547     3.419 |   52.8684378 |    0.4516254    0.9989338 |       420       520
      548     3.425 |   52.8982247 |    0.4516716    0.9989338 |       420       520
      549     3.431 |   52.9007544 |    0.4517171    0.9989338 |       420       520
      550     3.438 |   52.9384898 |    0.4517621    0.9989338 |       420       520
      551     3.444 |   52.9691876 |    0.4518064    0.9989338 |       420       520
      552     3.450 |   52.9901680 |    0.4518502    0.9989338 |       420       520
      553     3.456 |   52.9637524 |    0.4518933    0.9989338 |       420       520
      554     3.463 |   53.0022214 |    0.4519358    0.9989338 |       420       520
      555     3.469 |   53.0313648 |    0.4519778    0.9989338 |       420       520
      556     3.475 |   53.0608387 |    0.4520191    0.9989338 |       420       520
      557     3.481 |   53.0627109 |    0.4520599    0.9989338 |       420       520
      558     3.488 |   53.1006304 |    0.4521000    0.9989338 |       420       520
      559     3.494 |   53.1301849 |    0.4521396    0.9989338 |       420       520
------------------------------------------------------------------------------------
Iteration      Time | *me_per_hour |     LEANBSSNMOL::conf_fac | *TISTICS::maxrss_mb
                    |              |      minimum      maximum |   minimum   maximum
------------------------------------------------------------------------------------
      560     3.500 |   53.1424018 |    0.4521786    0.9989338 |       420       520
      561     3.506 |   53.0839332 |    0.4522170    0.9989338 |       420       520
      562     3.513 |   53.1168171 |    0.4522548    0.9989338 |       420       520
      563     3.519 |   53.1205999 |    0.4522921    0.9989338 |       420       520
      564     3.525 |   53.1487573 |    0.4523287    0.9989338 |       420       520
      565     3.531 |   53.1509292 |    0.4523648    0.9989338 |       420       520
      566     3.538 |   53.1808678 |    0.4524003    0.9989338 |       420       520
      567     3.544 |   53.2101676 |    0.4524353    0.9989338 |       420       520
      568     3.550 |   53.2300585 |    0.4524697    0.9989338 |       420       520
      569     3.556 |   53.1990466 |    0.4525035    0.9989338 |       420       520
      570     3.562 |   53.2358950 |    0.4525367    0.9989338 |       420       520
      571     3.569 |   53.2643057 |    0.4525694    0.9989338 |       420       520
      572     3.575 |   53.2926294 |    0.4526016    0.9989338 |       420       520
      573     3.581 |   53.2931143 |    0.4526331    0.9989338 |       420       520
      574     3.588 |   53.3288037 |    0.4526642    0.9989338 |       420       520
      575     3.594 |   53.3575785 |    0.4526946    0.9989338 |       420       520
      576     3.600 |   53.3195477 |    0.4527246    0.9989338 |       420       520
      577     3.606 |   53.2122409 |    0.4527540    0.9989338 |       420       520
      578     3.613 |   53.2487067 |    0.4527828    0.9989338 |       420       520
      579     3.619 |   53.2772373 |    0.4528112    0.9989338 |       420       520
------------------------------------------------------------------------------------
Iteration      Time | *me_per_hour |     LEANBSSNMOL::conf_fac | *TISTICS::maxrss_mb
                    |              |      minimum      maximum |   minimum   maximum
------------------------------------------------------------------------------------
      580     3.625 |   53.3051638 |    0.4528389    0.9989338 |       420       520
      581     3.631 |   53.3063741 |    0.4528662    0.9989338 |       420       520
      582     3.638 |   53.3329947 |    0.4528929    0.9989338 |       420       520
      583     3.644 |   53.3589904 |    0.4529191    0.9989338 |       420       520
      584     3.650 |   53.3599729 |    0.4529448    0.9989338 |       420       520
      585     3.656 |   53.3293902 |    0.4529699    0.9989338 |       420       520
      586     3.663 |   53.3645542 |    0.4529946    0.9989338 |       420       520
      587     3.669 |   53.3921538 |    0.4530187    0.9989338 |       420       520
      588     3.675 |   53.4194033 |    0.4530423    0.9989338 |       420       520
      589     3.681 |   53.4205232 |    0.4530654    0.9989338 |       420       520
      590     3.688 |   53.4555659 |    0.4530880    0.9989338 |       420       520
      591     3.694 |   53.4755988 |    0.4531101    0.9989338 |       420       520
      592     3.700 |   53.4866474 |    0.4531317    0.9989338 |       420       520
      593     3.706 |   53.4340334 |    0.4531528    0.9989338 |       420       520
      594     3.713 |   53.4384515 |    0.4531735    0.9989338 |       420       520
      595     3.719 |   53.4563851 |    0.4531936    0.9989338 |       420       520
      596     3.725 |   53.4825862 |    0.4532132    0.9989338 |       420       520
      597     3.731 |   53.4835889 |    0.4532324    0.9989338 |       420       520
      598     3.738 |   53.5186306 |    0.4532511    0.9989338 |       420       520
      599     3.744 |   53.5235960 |    0.4532693    0.9989338 |       420       520
------------------------------------------------------------------------------------
Iteration      Time | *me_per_hour |     LEANBSSNMOL::conf_fac | *TISTICS::maxrss_mb
                    |              |      minimum      maximum |   minimum   maximum
------------------------------------------------------------------------------------
      600     3.750 |   53.5423179 |    0.4532870    0.9989338 |       420       520
      601     3.756 |   53.5167697 |    0.4533043    0.9989338 |       420       520
      602     3.763 |   53.5507521 |    0.4533211    0.9989338 |       420       520
      603     3.769 |   53.5283453 |    0.4533374    0.9989338 |       420       520
      604     3.775 |   53.5073516 |    0.4533533    0.9989338 |       420       520
      605     3.781 |   53.5021955 |    0.4533687    0.9989338 |       420       520
      606     3.788 |   53.5361089 |    0.4533836    0.9989338 |       420       520
      607     3.794 |   53.5563431 |    0.4533981    0.9989338 |       420       520
      608     3.800 |   53.5588818 |    0.4534122    0.9989338 |       420       520
      609     3.806 |   53.4817679 |    0.4534258    0.9989338 |       420       520
      610     3.812 |   53.5161125 |    0.4534390    0.9989338 |       420       520
      611     3.819 |   53.5430922 |    0.4534517    0.9989338 |       420       520
      612     3.825 |   53.5687370 |    0.4534640    0.9989338 |       420       520
      613     3.831 |   53.5650160 |    0.4534759    0.9989338 |       420       520
      614     3.838 |   53.5974437 |    0.4534873    0.9989338 |       420       520
      615     3.844 |   53.6235740 |    0.4534983    0.9989338 |       420       520
      616     3.850 |   53.6409261 |    0.4535089    0.9989338 |       420       520
      617     3.856 |   53.6161594 |    0.4535191    0.9989338 |       420       520
      618     3.863 |   53.6483576 |    0.4535288    0.9989338 |       420       520
      619     3.869 |   53.6651616 |    0.4535382    0.9989338 |       420       520
------------------------------------------------------------------------------------
Iteration      Time | *me_per_hour |     LEANBSSNMOL::conf_fac | *TISTICS::maxrss_mb
                    |              |      minimum      maximum |   minimum   maximum
------------------------------------------------------------------------------------
      620     3.875 |   53.6782435 |    0.4535471    0.9989338 |       420       520
      621     3.881 |   53.6786911 |    0.4535556    0.9989338 |       420       520
      622     3.888 |   53.7114093 |    0.4535637    0.9989338 |       420       520
      623     3.894 |   53.7367865 |    0.4535714    0.9989338 |       420       520
      624     3.900 |   53.6748920 |    0.4535787    0.9989338 |       420       520
      625     3.906 |   53.5473961 |    0.4535856    0.9989338 |       420       520
      626     3.913 |   53.5549698 |    0.4535921    0.9989338 |       420       520
      627     3.919 |   53.5537750 |    0.4535983    0.9989338 |       420       520
      628     3.925 |   53.5331099 |    0.4536040    0.9989338 |       420       520
      629     3.931 |   53.4846148 |    0.4536093    0.9989338 |       420       520
      630     3.938 |   53.4806989 |    0.4536143    0.9989338 |       420       520
      631     3.944 |   53.4736065 |    0.4536189    0.9989338 |       420       520
      632     3.950 |   53.4566731 |    0.4536231    0.9989338 |       420       520
      633     3.956 |   53.4323892 |    0.4536269    0.9989338 |       420       520
      634     3.963 |   53.4512874 |    0.4536304    0.9989338 |       420       520
      635     3.969 |   53.4776256 |    0.4536335    0.9989338 |       420       520
      636     3.975 |   53.5009642 |    0.4536362    0.9989338 |       420       520
      637     3.981 |   53.5020060 |    0.4536386    0.9989338 |       420       520
      638     3.988 |   53.5344811 |    0.4536406    0.9989338 |       420       520
      639     3.994 |   53.5551036 |    0.4536422    0.9989338 |       420       520
------------------------------------------------------------------------------------
Iteration      Time | *me_per_hour |     LEANBSSNMOL::conf_fac | *TISTICS::maxrss_mb
                    |              |      minimum      maximum |   minimum   maximum
------------------------------------------------------------------------------------
      640     4.000 |   53.5283995 |    0.4536435    0.9989338 |       420       520
      641     4.006 |   53.4010484 |    0.4536445    0.9989338 |       420       520
      642     4.013 |   53.4326321 |    0.4536451    0.9989338 |       420       520
      643     4.019 |   53.4509310 |    0.4536453    0.9989338 |       420       520
      644     4.025 |   53.4714340 |    0.4536452    0.9989338 |       420       520
      645     4.031 |   53.4719829 |    0.4536448    0.9989338 |       420       520
      646     4.038 |   53.5034310 |    0.4536440    0.9989338 |       420       520
      647     4.044 |   53.5283248 |    0.4536429    0.9989338 |       420       520
      648     4.050 |   53.5454936 |    0.4536415    0.9989338 |       420       520
      649     4.056 |   53.5065602 |    0.4536397    0.9989338 |       420       520
      650     4.062 |   53.5385196 |    0.4536376    0.9989338 |       420       520
      651     4.069 |   53.5620645 |    0.4536352    0.9989338 |       420       520
      652     4.075 |   53.5734158 |    0.4536325    0.9989338 |       420       520
      653     4.081 |   53.5242328 |    0.4536294    0.9989338 |       420       520
      654     4.088 |   53.5180821 |    0.4536261    0.9989338 |       420       520
      655     4.094 |   53.5125111 |    0.4536224    0.9989338 |       420       520
      656     4.100 |   53.4848285 |    0.4536184    0.9989338 |       420       520
      657     4.106 |   53.4194323 |    0.4536142    0.9989338 |       420       520
      658     4.112 |   53.4081054 |    0.4536096    0.9989338 |       420       520
      659     4.119 |   53.3901330 |    0.4536047    0.9989338 |       420       520
------------------------------------------------------------------------------------
Iteration      Time | *me_per_hour |     LEANBSSNMOL::conf_fac | *TISTICS::maxrss_mb
                    |              |      minimum      maximum |   minimum   maximum
------------------------------------------------------------------------------------
      660     4.125 |   53.3432327 |    0.4535995    0.9989338 |       420       520
      661     4.131 |   53.2957915 |    0.4535940    0.9989338 |       420       520
      662     4.138 |   53.2825711 |    0.4535883    0.9989338 |       420       520
      663     4.144 |   53.2605211 |    0.4535822    0.9989338 |       420       520
      664     4.150 |   53.2010887 |    0.4535759    0.9989338 |       420       520
      665     4.156 |   53.1095184 |    0.4535693    0.9989338 |       420       520
      666     4.163 |   53.1100721 |    0.4535624    0.9989338 |       420       520
      667     4.169 |   53.1104866 |    0.4535552    0.9989338 |       420       520
      668     4.175 |   53.0754439 |    0.4535477    0.9989338 |       420       520
      669     4.181 |   53.0756170 |    0.4535400    0.9989338 |       420       520
      670     4.188 |   53.1070145 |    0.4535320    0.9989338 |       420       520
      671     4.194 |   53.1310618 |    0.4535238    0.9989338 |       420       520
      672     4.200 |   53.1347686 |    0.4535153    0.9989338 |       420       520
      673     4.206 |   53.0668154 |    0.4535065    0.9989338 |       420       520
      674     4.213 |   53.0980306 |    0.4534974    0.9989338 |       420       520
      675     4.219 |   53.1223134 |    0.4534882    0.9989338 |       420       520
      676     4.225 |   53.1462709 |    0.4534786    0.9989338 |       420       520
      677     4.231 |   53.1158488 |    0.4534688    0.9989338 |       420       520
      678     4.237 |   53.1083797 |    0.4534588    0.9989338 |       420       520
      679     4.244 |   53.1040712 |    0.4534485    0.9989338 |       420       520
------------------------------------------------------------------------------------
Iteration      Time | *me_per_hour |     LEANBSSNMOL::conf_fac | *TISTICS::maxrss_mb
                    |              |      minimum      maximum |   minimum   maximum
------------------------------------------------------------------------------------
      680     4.250 |   53.0934940 |    0.4534379    0.9989338 |       420       520
      681     4.256 |   53.0669914 |    0.4534271    0.9989338 |       420       520
      682     4.263 |   53.0976564 |    0.4534161    0.9989338 |       420       520
      683     4.269 |   53.0976033 |    0.4534049    0.9989338 |       420       520
      684     4.275 |   53.1180512 |    0.4533934    0.9989338 |       420       520
      685     4.281 |   53.1194760 |    0.4533816    0.9989338 |       420       520
      686     4.288 |   53.1502278 |    0.4533697    0.9989338 |       420       520
      687     4.294 |   53.1690199 |    0.4533575    0.9989338 |       420       520
      688     4.300 |   53.1659329 |    0.4533451    0.9989338 |       420       520
      689     4.306 |   53.1173459 |    0.4533324    0.9989338 |       420       520
      690     4.312 |   53.1474562 |    0.4533196    0.9989338 |       420       520
      691     4.319 |   53.1713314 |    0.4533065    0.9989338 |       420       520
      692     4.325 |   53.1942389 |    0.4532932    0.9989338 |       420       520
      693     4.331 |   53.1954190 |    0.4532797    0.9989338 |       420       520
      694     4.338 |   53.2142321 |    0.4532659    0.9989338 |       420       520
      695     4.344 |   53.2364317 |    0.4532520    0.9989338 |       420       520
      696     4.350 |   53.2524808 |    0.4532378    0.9989338 |       420       520
      697     4.356 |   53.2307004 |    0.4532235    0.9989338 |       420       520
      698     4.362 |   53.2604297 |    0.4532089    0.9989338 |       420       520
      699     4.369 |   53.2842324 |    0.4531941    0.9989338 |       420       520
------------------------------------------------------------------------------------
Iteration      Time | *me_per_hour |     LEANBSSNMOL::conf_fac | *TISTICS::maxrss_mb
                    |              |      minimum      maximum |   minimum   maximum
------------------------------------------------------------------------------------
      700     4.375 |   53.3069234 |    0.4531792    0.9989338 |       420       520
      701     4.381 |   53.3076596 |    0.4531640    0.9989338 |       420       520
      702     4.388 |   53.3373737 |    0.4531486    0.9989338 |       420       520
      703     4.394 |   53.3607383 |    0.4531330    0.9989338 |       420       520
      704     4.400 |   53.3563596 |    0.4531173    0.9989338 |       420       520
      705     4.406 |   53.2644809 |    0.4531013    0.9989338 |       420       520
      706     4.413 |   53.2697719 |    0.4530852    0.9989338 |       420       520
      707     4.419 |   53.2730254 |    0.4530688    0.9989338 |       420       520
      708     4.425 |   53.2620763 |    0.4530523    0.9989338 |       420       520
      709     4.431 |   53.2382948 |    0.4530356    0.9989338 |       420       520
      710     4.438 |   53.2672943 |    0.4530187    0.9989338 |       420       520
      711     4.444 |   53.2898628 |    0.4530017    0.9989338 |       420       520
      712     4.450 |   53.3053244 |    0.4529844    0.9989338 |       420       520
      713     4.456 |   53.2844491 |    0.4529670    0.9989338 |       420       520
      714     4.463 |   53.3136747 |    0.4529494    0.9989338 |       420       520
      715     4.469 |   53.3366606 |    0.4529316    0.9989338 |       420       520
      716     4.475 |   53.3590646 |    0.4529137    0.9989338 |       420       520
      717     4.481 |   53.3593622 |    0.4528956    0.9989338 |       420       520
      718     4.487 |   53.3881946 |    0.4528773    0.9989338 |       420       520
      719     4.494 |   53.4105106 |    0.4528589    0.9989338 |       420       520
------------------------------------------------------------------------------------
Iteration      Time | *me_per_hour |     LEANBSSNMOL::conf_fac | *TISTICS::maxrss_mb
                    |              |      minimum      maximum |   minimum   maximum
------------------------------------------------------------------------------------
      720     4.500 |   53.4156675 |    0.4528403    0.9989338 |       420       520
      721     4.506 |   53.3727324 |    0.4528215    0.9989338 |       420       520
      722     4.513 |   53.4013450 |    0.4528026    0.9989338 |       420       520
      723     4.519 |   53.4236762 |    0.4527835    0.9989338 |       420       520
      724     4.525 |   53.4456131 |    0.4527643    0.9989338 |       420       520
      725     4.531 |   53.4468407 |    0.4527449    0.9989338 |       420       520
      726     4.538 |   53.4753546 |    0.4527254    0.9989338 |       420       520
      727     4.544 |   53.4955992 |    0.4527057    0.9989338 |       420       520
      728     4.550 |   53.5051374 |    0.4526859    0.9989338 |       420       520
      729     4.556 |   53.4832490 |    0.4526659    0.9989338 |       420       520
      730     4.562 |   53.5119022 |    0.4526458    0.9989338 |       420       520
      731     4.569 |   53.5342385 |    0.4526255    0.9989338 |       420       520
      732     4.575 |   53.5547380 |    0.4526051    0.9989338 |       420       520
      733     4.581 |   53.5551054 |    0.4525846    0.9989338 |       420       520
      734     4.588 |   53.5832795 |    0.4525639    0.9989338 |       420       520
      735     4.594 |   53.6054968 |    0.4525431    0.9989338 |       420       520
      736     4.600 |   53.6073576 |    0.4525222    0.9989338 |       420       520
      737     4.606 |   53.5425710 |    0.4525011    0.9989338 |       420       520
      738     4.612 |   53.5707673 |    0.4524799    0.9989338 |       420       520
      739     4.619 |   53.5926997 |    0.4524586    0.9989338 |       420       520
------------------------------------------------------------------------------------
Iteration      Time | *me_per_hour |     LEANBSSNMOL::conf_fac | *TISTICS::maxrss_mb
                    |              |      minimum      maximum |   minimum   maximum
------------------------------------------------------------------------------------
      740     4.625 |   53.6142434 |    0.4524371    0.9989338 |       420       520
      741     4.631 |   53.6144405 |    0.4524156    0.9989338 |       420       520
      742     4.638 |   53.6362252 |    0.4523939    0.9989338 |       420       520
      743     4.644 |   53.6400937 |    0.4523720    0.9989338 |       420       520
      744     4.650 |   53.6409613 |    0.4523501    0.9989338 |       420       520
      745     4.656 |   53.6194412 |    0.4523281    0.9989338 |       420       520
      746     4.663 |   53.6471403 |    0.4523059    0.9989338 |       420       520
      747     4.669 |   53.6687933 |    0.4522836    0.9989338 |       420       520
      748     4.675 |   53.6898905 |    0.4522612    0.9989338 |       420       520
      749     4.681 |   53.6906767 |    0.4522387    0.9989338 |       420       520
      750     4.688 |   53.7107611 |    0.4522161    0.9989338 |       420       520
      751     4.694 |   53.7273163 |    0.4521934    0.9989338 |       420       520
      752     4.700 |   53.7351271 |    0.4521705    0.9989338 |       420       520
      753     4.706 |   53.6931902 |    0.4521476    0.9989338 |       420       520
      754     4.713 |   53.7201828 |    0.4521246    0.9989338 |       420       520
      755     4.719 |   53.7416938 |    0.4521014    0.9989338 |       420       520
      756     4.725 |   53.7442568 |    0.4520782    0.9989338 |       420       520
      757     4.731 |   53.7443865 |    0.4520548    0.9989338 |       420       520
      758     4.737 |   53.7717779 |    0.4520314    0.9989338 |       420       520
      759     4.744 |   53.7933636 |    0.4520079    0.9989338 |       420       520
------------------------------------------------------------------------------------
Iteration      Time | *me_per_hour |     LEANBSSNMOL::conf_fac | *TISTICS::maxrss_mb
                    |              |      minimum      maximum |   minimum   maximum
------------------------------------------------------------------------------------
      760     4.750 |   53.8078810 |    0.4519843    0.9989338 |       420       520
      761     4.756 |   53.7836522 |    0.4519605    0.9989338 |       420       520
      762     4.763 |   53.8106957 |    0.4519367    0.9989338 |       420       520
      763     4.769 |   53.8316667 |    0.4519128    0.9989338 |       420       520
      764     4.775 |   53.8503210 |    0.4518888    0.9989338 |       420       520
      765     4.781 |   53.8505169 |    0.4518648    0.9989338 |       420       520
      766     4.788 |   53.8777030 |    0.4518406    0.9989338 |       420       520
      767     4.794 |   53.8987276 |    0.4518164    0.9989338 |       420       520
      768     4.800 |   53.8733992 |    0.4517920    0.9989338 |       420       520
      769     4.806 |   53.7366614 |    0.4517676    0.9989338 |       420       520
      770     4.812 |   53.7607508 |    0.4517431    0.9989338 |       420       520
      771     4.819 |   53.7817227 |    0.4517186    0.9989338 |       420       520
      772     4.825 |   53.8021966 |    0.4516939    0.9989338 |       420       520
      773     4.831 |   53.8001423 |    0.4516692    0.9989338 |       420       520
      774     4.838 |   53.8244495 |    0.4516444    0.9989338 |       420       520
      775     4.844 |   53.8319384 |    0.4516195    0.9989338 |       420       520
      776     4.850 |   53.7730380 |    0.4515946    0.9989338 |       420       520
      777     4.856 |   53.7108125 |    0.4515695    0.9989338 |       420       520
      778     4.863 |   53.7062328 |    0.4515445    0.9989338 |       420       520
      779     4.869 |   53.6952029 |    0.4515193    0.9989338 |       420       520
------------------------------------------------------------------------------------
Iteration      Time | *me_per_hour |     LEANBSSNMOL::conf_fac | *TISTICS::maxrss_mb
                    |              |      minimum      maximum |   minimum   maximum
------------------------------------------------------------------------------------
      780     4.875 |   53.6714250 |    0.4514941    0.9989338 |       420       520
      781     4.881 |   53.6279380 |    0.4514688    0.9989338 |       420       520
      782     4.888 |   53.6516679 |    0.4514435    0.9989338 |       420       520
      783     4.894 |   53.6724853 |    0.4514180    0.9989338 |       420       520
      784     4.900 |   53.6795377 |    0.4513926    0.9989338 |       420       520
      785     4.906 |   53.6358722 |    0.4513670    0.9989338 |       420       520
      786     4.913 |   53.6326626 |    0.4513414    0.9989338 |       420       520
      787     4.919 |   53.6197129 |    0.4513158    0.9989338 |       420       520
      788     4.925 |   53.6028748 |    0.4512901    0.9989338 |       420       520
      789     4.931 |   53.5740770 |    0.4512643    0.9989338 |       420       520
      790     4.938 |   53.5554804 |    0.4512385    0.9989338 |       420       520
      791     4.944 |   53.5508243 |    0.4512126    0.9989338 |       420       520
      792     4.950 |   53.5177572 |    0.4511867    0.9989338 |       420       520
      793     4.956 |   53.4640106 |    0.4511608    0.9989338 |       420       520
      794     4.963 |   53.4595577 |    0.4511348    0.9989338 |       420       520
      795     4.969 |   53.4512248 |    0.4511087    0.9989338 |       420       520
      796     4.975 |   53.4631821 |    0.4510826    0.9989338 |       420       520
      797     4.981 |   53.4636500 |    0.4510564    0.9989338 |       420       520
      798     4.988 |   53.4879611 |    0.4510302    0.9989338 |       420       520
      799     4.994 |   53.5053675 |    0.4510040    0.9989338 |       420       520
------------------------------------------------------------------------------------
Iteration      Time | *me_per_hour |     LEANBSSNMOL::conf_fac | *TISTICS::maxrss_mb
                    |              |      minimum      maximum |   minimum   maximum
------------------------------------------------------------------------------------
      800     5.000 |   53.4584948 |    0.4509777    0.9989338 |       420       520
      801     5.006 |   53.3496051 |    0.4509514    0.9989338 |       420       520
      802     5.013 |   53.3525625 |    0.4509250    0.9989338 |       420       520
      803     5.019 |   53.3455875 |    0.4508986    0.9989338 |       420       520
      804     5.025 |   53.3321843 |    0.4508722    0.9989338 |       420       520
      805     5.031 |   53.3048553 |    0.4508457    0.9989338 |       420       520
      806     5.038 |   53.2942196 |    0.4508192    0.9989338 |       420       520
      807     5.044 |   53.2892437 |    0.4507927    0.9989338 |       420       520
      808     5.050 |   53.2674200 |    0.4507661    0.9989338 |       420       520
      809     5.056 |   53.2094004 |    0.4507395    0.9989338 |       420       520
      810     5.062 |   53.2036315 |    0.4507128    0.9989338 |       420       520
      811     5.069 |   53.2026853 |    0.4506862    0.9989338 |       420       520
      812     5.075 |   53.1926841 |    0.4506595    0.9989338 |       420       520
      813     5.081 |   53.1519522 |    0.4506328    0.9989338 |       420       520
      814     5.088 |   53.1489171 |    0.4506060    0.9989338 |       420       520
      815     5.094 |   53.1445730 |    0.4505792    0.9989338 |       420       520
      816     5.100 |   53.0984744 |    0.4505524    0.9989338 |       420       520
      817     5.106 |   53.0088359 |    0.4505256    0.9989338 |       420       520
      818     5.113 |   53.0029412 |    0.4504987    0.9989338 |       420       520
      819     5.119 |   53.0230735 |    0.4504719    0.9989338 |       420       520
------------------------------------------------------------------------------------
Iteration      Time | *me_per_hour |     LEANBSSNMOL::conf_fac | *TISTICS::maxrss_mb
                    |              |      minimum      maximum |   minimum   maximum
------------------------------------------------------------------------------------
      820     5.125 |   53.0416567 |    0.4504450    0.9989338 |       420       520
      821     5.131 |   53.0426010 |    0.4504181    0.9989338 |       420       520
      822     5.138 |   53.0678940 |    0.4503911    0.9989338 |       420       520
      823     5.144 |   53.0878217 |    0.4503642    0.9989338 |       420       520
      824     5.150 |   53.0946304 |    0.4503372    0.9989338 |       420       520
      825     5.156 |   53.0771442 |    0.4503102    0.9989338 |       420       520
      826     5.163 |   53.1020969 |    0.4502832    0.9989338 |       420       520
      827     5.169 |   53.1206046 |    0.4502562    0.9989338 |       420       520
      828     5.175 |   53.1338603 |    0.4502292    0.9989338 |       420       520
      829     5.181 |   53.1342429 |    0.4502022    0.9989338 |       420       520
      830     5.188 |   53.1594123 |    0.4501751    0.9989338 |       420       520
      831     5.194 |   53.1791120 |    0.4501481    0.9989338 |       420       520
      832     5.200 |   53.1704874 |    0.4501210    0.9989338 |       420       520
      833     5.206 |   53.0961333 |    0.4500940    0.9989338 |       420       520
      834     5.213 |   53.1211486 |    0.4500669    0.9989338 |       420       520
      835     5.219 |   53.1408149 |    0.4500398    0.9989338 |       420       520
      836     5.225 |   53.1600994 |    0.4500127    0.9989338 |       420       520
      837     5.231 |   53.1610377 |    0.4499856    0.9989338 |       420       520
      838     5.238 |   53.1859663 |    0.4499585    0.9989338 |       420       520
      839     5.244 |   53.2054610 |    0.4499314    0.9989338 |       420       520
------------------------------------------------------------------------------------
Iteration      Time | *me_per_hour |     LEANBSSNMOL::conf_fac | *TISTICS::maxrss_mb
                    |              |      minimum      maximum |   minimum   maximum
------------------------------------------------------------------------------------
      840     5.250 |   53.2187656 |    0.4499043    0.9989338 |       420       520
      841     5.256 |   53.2007910 |    0.4498772    0.9989338 |       420       520
      842     5.263 |   53.2257406 |    0.4498501    0.9989338 |       420       520
      843     5.269 |   53.2451223 |    0.4498230    0.9989338 |       420       520
      844     5.275 |   53.2642429 |    0.4497959    0.9989338 |       420       520
      845     5.281 |   53.2651210 |    0.4497688    0.9989338 |       420       520
      846     5.288 |   53.2621545 |    0.4497417    0.9989338 |       420       520
      847     5.294 |   53.2668946 |    0.4497146    0.9989338 |       420       520
      848     5.300 |   53.2595194 |    0.4496875    0.9989338 |       420       520
      849     5.306 |   53.2230849 |    0.4496604    0.9989338 |       420       520
      850     5.312 |   53.2476459 |    0.4496333    0.9989338 |       420       520
      851     5.319 |   53.2669856 |    0.4496062    0.9989338 |       420       520
      852     5.325 |   53.2853871 |    0.4495792    0.9989338 |       420       520
      853     5.331 |   53.2820398 |    0.4495521    0.9989338 |       420       520
      854     5.338 |   53.2992275 |    0.4495250    0.9989338 |       420       520
      855     5.344 |   53.2886081 |    0.4494980    0.9989338 |       420       520
      856     5.350 |   53.2542753 |    0.4494710    0.9989338 |       420       520
      857     5.356 |   53.1809050 |    0.4494440    0.9989338 |       420       520
      858     5.363 |   53.1773826 |    0.4494169    0.9989338 |       420       520
      859     5.369 |   53.1650335 |    0.4493899    0.9989338 |       420       520
------------------------------------------------------------------------------------
Iteration      Time | *me_per_hour |     LEANBSSNMOL::conf_fac | *TISTICS::maxrss_mb
                    |              |      minimum      maximum |   minimum   maximum
------------------------------------------------------------------------------------
      860     5.375 |   53.1463726 |    0.4493630    0.9989338 |       420       520
      861     5.381 |   53.1171357 |    0.4493360    0.9989338 |       420       520
      862     5.388 |   53.1091516 |    0.4493090    0.9989338 |       420       520
      863     5.394 |   53.1018673 |    0.4492821    0.9989338 |       420       520
      864     5.400 |   53.0912809 |    0.4492552    0.9989338 |       420       520
      865     5.406 |   53.0374324 |    0.4492283    0.9989338 |       420       520
      866     5.413 |   53.0615851 |    0.4492014    0.9989338 |       420       520
      867     5.419 |   53.0806496 |    0.4491745    0.9989338 |       420       520
      868     5.425 |   53.0988149 |    0.4491477    0.9989338 |       420       520
      869     5.431 |   53.0987715 |    0.4491209    0.9989338 |       421       520
      870     5.438 |   53.1229483 |    0.4490940    0.9989338 |       421       520
      871     5.444 |   53.1417546 |    0.4490673    0.9989338 |       421       520
      872     5.450 |   53.1542647 |    0.4490405    0.9989338 |       421       520
      873     5.456 |   53.1365501 |    0.4490137    0.9989338 |       421       520
      874     5.463 |   53.1604577 |    0.4489870    0.9989338 |       421       520
      875     5.469 |   53.1790179 |    0.4489603    0.9989338 |       421       520
      876     5.475 |   53.1964017 |    0.4489336    0.9989338 |       421       520
      877     5.481 |   53.1968225 |    0.4489070    0.9989338 |       421       520
      878     5.488 |   53.2206058 |    0.4488804    0.9989338 |       421       520
      879     5.494 |   53.2391990 |    0.4488538    0.9989338 |       421       520
------------------------------------------------------------------------------------
Iteration      Time | *me_per_hour |     LEANBSSNMOL::conf_fac | *TISTICS::maxrss_mb
                    |              |      minimum      maximum |   minimum   maximum
------------------------------------------------------------------------------------
      880     5.500 |   53.2349911 |    0.4488272    0.9989338 |       421       520
      881     5.506 |   53.1997965 |    0.4488006    0.9989338 |       421       520
      882     5.513 |   53.2209036 |    0.4487741    0.9989338 |       421       520
      883     5.519 |   53.2392674 |    0.4487476    0.9989338 |       421       520
      884     5.525 |   53.2568893 |    0.4487212    0.9989338 |       421       520
      885     5.531 |   53.2575280 |    0.4486947    0.9989338 |       421       520
      886     5.538 |   53.2810383 |    0.4486683    0.9989338 |       421       520
      887     5.544 |   53.2994790 |    0.4486420    0.9989338 |       421       520
      888     5.550 |   53.3029474 |    0.4486156    0.9989338 |       421       520
      889     5.556 |   53.2827662 |    0.4485893    0.9989338 |       421       520
      890     5.562 |   53.3006338 |    0.4485630    0.9989338 |       421       520
      891     5.569 |   53.3108988 |    0.4485368    0.9989338 |       421       520
      892     5.575 |   53.3286116 |    0.4485106    0.9989338 |       421       520
      893     5.581 |   53.3291543 |    0.4484844    0.9989338 |       421       520
      894     5.588 |   53.3407528 |    0.4484583    0.9989338 |       421       520
      895     5.594 |   53.3593789 |    0.4484322    0.9989338 |       421       520
      896     5.600 |   53.3490240 |    0.4484061    0.9989338 |       421       520
      897     5.606 |   53.2608451 |    0.4483801    0.9989338 |       421       520
      898     5.613 |   53.2804440 |    0.4483541    0.9989338 |       421       520
      899     5.619 |   53.2984567 |    0.4483281    0.9989338 |       421       520
------------------------------------------------------------------------------------
Iteration      Time | *me_per_hour |     LEANBSSNMOL::conf_fac | *TISTICS::maxrss_mb
                    |              |      minimum      maximum |   minimum   maximum
------------------------------------------------------------------------------------
      900     5.625 |   53.3158777 |    0.4483022    0.9989338 |       421       520
      901     5.631 |   53.3163002 |    0.4482763    0.9989338 |       421       520
      902     5.638 |   53.3391403 |    0.4482505    0.9989338 |       421       520
      903     5.644 |   53.3549450 |    0.4482247    0.9989338 |       421       520
      904     5.650 |   53.3673622 |    0.4481989    0.9989338 |       421       520
      905     5.656 |   53.3502505 |    0.4481732    0.9989338 |       421       520
      906     5.663 |   53.3732629 |    0.4481475    0.9989338 |       421       520
      907     5.669 |   53.3912131 |    0.4481218    0.9989338 |       421       520
      908     5.675 |   53.4073202 |    0.4480962    0.9989338 |       421       520
      909     5.681 |   53.4073642 |    0.4480707    0.9989338 |       421       520
      910     5.688 |   53.4302594 |    0.4480452    0.9989338 |       421       520
      911     5.694 |   53.4482364 |    0.4480197    0.9989338 |       421       520
      912     5.700 |   53.4545825 |    0.4479943    0.9989338 |       421       520
      913     5.706 |   53.4141910 |    0.4479689    0.9989338 |       421       520
      914     5.713 |   53.4367922 |    0.4479435    0.9989338 |       421       520
      915     5.719 |   53.4540608 |    0.4479182    0.9989338 |       421       520
      916     5.725 |   53.4713463 |    0.4478930    0.9989338 |       421       520
      917     5.731 |   53.4572229 |    0.4478677    0.9989338 |       421       520
      918     5.738 |   53.4604831 |    0.4478426    0.9989338 |       421       520
      919     5.744 |   53.4477484 |    0.4478174    0.9989338 |       421       520
------------------------------------------------------------------------------------
Iteration      Time | *me_per_hour |     LEANBSSNMOL::conf_fac | *TISTICS::maxrss_mb
                    |              |      minimum      maximum |   minimum   maximum
------------------------------------------------------------------------------------
      920     5.750 |   53.4138687 |    0.4477924    0.9989338 |       421       520
      921     5.756 |   53.3649313 |    0.4477673    0.9989338 |       421       520
      922     5.763 |   53.3536270 |    0.4477424    0.9989338 |       421       520
      923     5.769 |   53.3502988 |    0.4477174    0.9989338 |       421       520
      924     5.775 |   53.3301444 |    0.4476925    0.9989338 |       421       520
      925     5.781 |   53.2953069 |    0.4476677    0.9989338 |       421       520
      926     5.788 |   53.2919241 |    0.4476429    0.9989338 |       421       520
      927     5.794 |   53.2877307 |    0.4476182    0.9989338 |       421       520
      928     5.800 |   53.2805165 |    0.4475935    0.9989338 |       421       520
      929     5.806 |   53.2294434 |    0.4475688    0.9989338 |       421       520
      930     5.812 |   53.2516142 |    0.4475442    0.9989338 |       421       520
      931     5.819 |   53.2690216 |    0.4475197    0.9989338 |       421       520
      932     5.825 |   53.2858208 |    0.4474952    0.9989338 |       421       520
      933     5.831 |   53.2862981 |    0.4474707    0.9989338 |       421       520
      934     5.838 |   53.3018286 |    0.4474464    0.9989338 |       421       520
      935     5.844 |   53.3126946 |    0.4474220    0.9989338 |       421       520
      936     5.850 |   53.3125442 |    0.4473977    0.9989338 |       421       520
      937     5.856 |   53.2945132 |    0.4473735    0.9989338 |       421       520
      938     5.863 |   53.3156764 |    0.4473493    0.9989338 |       421       520
      939     5.869 |   53.3328351 |    0.4473252    0.9989338 |       421       520
------------------------------------------------------------------------------------
Iteration      Time | *me_per_hour |     LEANBSSNMOL::conf_fac | *TISTICS::maxrss_mb
                    |              |      minimum      maximum |   minimum   maximum
------------------------------------------------------------------------------------
      940     5.875 |   53.3000948 |    0.4473011    0.9989338 |       421       520
      941     5.881 |   53.2738268 |    0.4472771    0.9989338 |       421       520
      942     5.888 |   53.2681067 |    0.4472531    0.9989338 |       421       520
      943     5.894 |   53.2688360 |    0.4472292    0.9989338 |       421       520
      944     5.900 |   53.2289734 |    0.4472054    0.9989338 |       421       520
      945     5.906 |   53.1241359 |    0.4471816    0.9989338 |       421       520
      946     5.913 |   53.1228816 |    0.4471578    0.9989338 |       421       520
      947     5.919 |   53.0988589 |    0.4471342    0.9989338 |       421       520
      948     5.925 |   53.0815146 |    0.4471105    0.9989338 |       421       520
      949     5.931 |   53.0523501 |    0.4470870    0.9989338 |       421       520
      950     5.938 |   53.0394617 |    0.4470635    0.9989338 |       421       520
      951     5.944 |   53.0358111 |    0.4470400    0.9989338 |       421       520
      952     5.950 |   53.0052620 |    0.4470166    0.9989338 |       421       520
      953     5.956 |   52.9570370 |    0.4469933    0.9989338 |       421       520
      954     5.963 |   52.9462757 |    0.4469700    0.9989338 |       421       520
      955     5.969 |   52.9361045 |    0.4469468    0.9989338 |       421       520
      956     5.975 |   52.9109545 |    0.4469236    0.9989338 |       421       520
      957     5.981 |   52.8825623 |    0.4469005    0.9989338 |       421       520
      958     5.988 |   52.8779533 |    0.4468775    0.9989338 |       421       520
      959     5.994 |   52.8638974 |    0.4468545    0.9989338 |       421       520
------------------------------------------------------------------------------------
Iteration      Time | *me_per_hour |     LEANBSSNMOL::conf_fac | *TISTICS::maxrss_mb
                    |              |      minimum      maximum |   minimum   maximum
------------------------------------------------------------------------------------
      960     6.000 |   52.8341093 |    0.4468316    0.9989338 |       421       520
      961     6.006 |   52.7705051 |    0.4468087    0.9989338 |       421       520
      962     6.013 |   52.7920616 |    0.4467859    0.9989338 |       421       520
      963     6.019 |   52.8092023 |    0.4467632    0.9989338 |       421       520
      964     6.025 |   52.8137096 |    0.4467405    0.9989338 |       421       520
      965     6.031 |   52.7775004 |    0.4467179    0.9989338 |       421       520
      966     6.038 |   52.7883186 |    0.4466953    0.9989338 |       421       520
      967     6.044 |   52.8053873 |    0.4466729    0.9989338 |       421       520
      968     6.050 |   52.8170158 |    0.4466504    0.9989338 |       421       520
      969     6.056 |   52.8018322 |    0.4466281    0.9989338 |       421       520
      970     6.062 |   52.8231535 |    0.4466058    0.9989338 |       421       520
      971     6.069 |   52.8401118 |    0.4465835    0.9989338 |       421       520
      972     6.075 |   52.8474284 |    0.4465614    0.9989338 |       421       520
      973     6.081 |   52.8486718 |    0.4465392    0.9989338 |       421       520
      974     6.088 |   52.8703148 |    0.4465172    0.9989338 |       421       520
      975     6.094 |   52.8841489 |    0.4464952    0.9989338 |       421       520
      976     6.100 |   52.8899400 |    0.4464733    0.9989338 |       421       520
      977     6.106 |   52.8594726 |    0.4464514    0.9989338 |       421       520
      978     6.113 |   52.8808624 |    0.4464296    0.9989338 |       421       520
      979     6.119 |   52.8835348 |    0.4464079    0.9989338 |       421       520
------------------------------------------------------------------------------------
Iteration      Time | *me_per_hour |     LEANBSSNMOL::conf_fac | *TISTICS::maxrss_mb
                    |              |      minimum      maximum |   minimum   maximum
------------------------------------------------------------------------------------
      980     6.125 |   52.8868608 |    0.4463862    0.9989338 |       421       520
      981     6.131 |   52.8589770 |    0.4463647    0.9989338 |       421       520
      982     6.138 |   52.8583264 |    0.4463431    0.9989338 |       421       520
      983     6.144 |   52.8498019 |    0.4463217    0.9989338 |       421       520
      984     6.150 |   52.8257417 |    0.4463002    0.9989338 |       421       520
      985     6.156 |   52.7961625 |    0.4462789    0.9989338 |       421       520
      986     6.163 |   52.8175291 |    0.4462576    0.9989338 |       421       520
      987     6.169 |   52.8340152 |    0.4462364    0.9989338 |       421       520
      988     6.175 |   52.8500753 |    0.4462153    0.9989338 |       421       520
      989     6.181 |   52.8512316 |    0.4461942    0.9989338 |       421       520
      990     6.188 |   52.8626747 |    0.4461732    0.9989338 |       421       520
      991     6.194 |   52.8793005 |    0.4461523    0.9989338 |       421       520
      992     6.200 |   52.8752312 |    0.4461314    0.9989338 |       421       520
      993     6.206 |   52.8287895 |    0.4461106    0.9989338 |       421       520
      994     6.213 |   52.8498754 |    0.4460899    0.9989338 |       421       520
      995     6.219 |   52.8660662 |    0.4460692    0.9989338 |       421       520
      996     6.225 |   52.8809852 |    0.4460486    0.9989338 |       421       520
      997     6.231 |   52.8820434 |    0.4460281    0.9989338 |       421       520
      998     6.238 |   52.9025356 |    0.4460076    0.9989338 |       421       520
      999     6.244 |   52.9191391 |    0.4459872    0.9989338 |       421       520
------------------------------------------------------------------------------------
Iteration      Time | *me_per_hour |     LEANBSSNMOL::conf_fac | *TISTICS::maxrss_mb
                    |              |      minimum      maximum |   minimum   maximum
------------------------------------------------------------------------------------
     1000     6.250 |   52.9301787 |    0.4459668    0.9989338 |       421       520
     1001     6.256 |   52.9139606 |    0.4459466    0.9989338 |       421       520
     1002     6.263 |   52.9337266 |    0.4459264    0.9989338 |       421       520
     1003     6.269 |   52.9472825 |    0.4459062    0.9989338 |       421       520
     1004     6.275 |   52.9434332 |    0.4458862    0.9989338 |       421       520
     1005     6.281 |   52.9247197 |    0.4458662    0.9989338 |       421       520
     1006     6.288 |   52.9284324 |    0.4458462    0.9989338 |       421       520
     1007     6.294 |   52.9402103 |    0.4458264    0.9989338 |       421       520
     1008     6.300 |   52.9468856 |    0.4458066    0.9989338 |       421       520
     1009     6.306 |   52.9160257 |    0.4457869    0.9989338 |       421       520
     1010     6.312 |   52.9365119 |    0.4457672    0.9989338 |       421       520
     1011     6.319 |   52.9528446 |    0.4457476    0.9989338 |       421       520
     1012     6.325 |   52.9579410 |    0.4457281    0.9989338 |       421       520
     1013     6.331 |   52.9243573 |    0.4457086    0.9989338 |       421       520
     1014     6.338 |   52.9270722 |    0.4456893    0.9989338 |       421       520
     1015     6.344 |   52.9418140 |    0.4456699    0.9989338 |       421       520
     1016     6.350 |   52.9245589 |    0.4456507    0.9989338 |       421       520
     1017     6.356 |   52.8694786 |    0.4456315    0.9989338 |       421       520
     1018     6.363 |   52.8684901 |    0.4456124    0.9989338 |       421       520
     1019     6.369 |   52.8652719 |    0.4455934    0.9989338 |       421       520
------------------------------------------------------------------------------------
Iteration      Time | *me_per_hour |     LEANBSSNMOL::conf_fac | *TISTICS::maxrss_mb
                    |              |      minimum      maximum |   minimum   maximum
------------------------------------------------------------------------------------
     1020     6.375 |   52.8352245 |    0.4455744    0.9989338 |       421       520
     1021     6.381 |   52.7887842 |    0.4455555    0.9989338 |       421       520
     1022     6.388 |   52.7916139 |    0.4455367    0.9989338 |       421       520
     1023     6.394 |   52.7864318 |    0.4455180    0.9989338 |       421       520
INFO (AHFinderDirect): proc 0: searching for horizon 1/6
INFO (AHFinderDirect): AH 2/6: r=29.526 at (-0.001000,-0.000000,-0.000000)
INFO (AHFinderDirect): AH 2/6: area=11309.73321 m_irreducible=14.99999977
INFO (AHFinderDirect): AH 3/6: r=79.5265 at (-0.001000,0.000000,0.000000)
INFO (AHFinderDirect): AH 3/6: area=80424.77192 m_irreducible=40
INFO (AHFinderDirect): AH 4/6: r=99.5266 at (-0.001000,0.000000,0.000000)
INFO (AHFinderDirect): AH 4/6: area=125663.7061 m_irreducible=50
INFO (AHFinderDirect): AH 5/6: r=179.527 at (-0.001000,0.000000,0.000000)
INFO (AHFinderDirect): AH 5/6: area=407150.4079 m_irreducible=90
INFO (AHFinderDirect): AH 6/6: r=239.527 at (-0.001000,-0.000000,0.000000)
INFO (AHFinderDirect): AH 6/6: area=723822.9474 m_irreducible=120
INFO (AHFinderDirect): AH 1/6: r=0.36271 at (-0.001000,0.000000,-0.000000)
INFO (AHFinderDirect): AH 1/6: area=8.579814931 m_irreducible=0.4131464566
INFO (QuasiLocalMeasures): Calculating quasi-local quantities for surface    0
INFO (QuasiLocalMeasures): Importing from spherical surface    0
INFO (QuasiLocalMeasures): Geometric quantities for surface    0:
INFO (QuasiLocalMeasures):    Area A:                            8.57980
INFO (QuasiLocalMeasures):    Irreducible mass M = R/2:         0.413146
INFO (QuasiLocalMeasures):    Areal radius R = sqrt(A/4pi):     0.826292
INFO (QuasiLocalMeasures): Coordinate-dependent quantities for surface    0:
INFO (QuasiLocalMeasures):    Equatorial circumference:             5.19174
INFO (QuasiLocalMeasures):    Polar circumference at phi=0:         5.19174
INFO (QuasiLocalMeasures):    Polar circumference at phi=pi/2:      5.19174
INFO (QuasiLocalMeasures):    No valid spin guess from distortion.
INFO (QuasiLocalMeasures):    (Spin guess is imaginary.)
INFO (QuasiLocalMeasures):    Magnitude of invalid spin guess:     0.560664E-03
INFO (QuasiLocalMeasures):    Mass guess M from distortion:        0.413146
INFO (QuasiLocalMeasures): Isolated Horizon quantities for surface    0:
INFO (QuasiLocalMeasures):    Killing vector field eigenvalue norm:      1.00000
INFO (QuasiLocalMeasures):    Spin J:                                   0.334165E-15
INFO (QuasiLocalMeasures):    Kerr spin parameter a = J/M:              0.808831E-15
INFO (QuasiLocalMeasures):    Dimensionless spin parameter a = J/M^2:   0.195774E-14
INFO (QuasiLocalMeasures):    Spin J from NP:                           0.107258E-14
INFO (QuasiLocalMeasures):    Spin J from phi-coordinate-vector:         0.00000
INFO (QuasiLocalMeasures):    Mass M:                                   0.413146
INFO (QuasiLocalMeasures): Global quantities for surface    0:
INFO (QuasiLocalMeasures):    ADM energy:                 -1.12214
INFO (QuasiLocalMeasures):    ADM momentum x:            -0.245967E-07
INFO (QuasiLocalMeasures):    ADM momentum y:             0.495384E-16
INFO (QuasiLocalMeasures):    ADM momentum z:             0.189816E-16
INFO (QuasiLocalMeasures):    ADM angular momentum x:     0.625994E-19
INFO (QuasiLocalMeasures):    ADM angular momentum y:    -0.981706E-19
INFO (QuasiLocalMeasures):    ADM angular momentum z:     0.604186E-16
INFO (QuasiLocalMeasures):    Weinberg energy:                  2.69762
INFO (QuasiLocalMeasures):    Weinberg momentum x:            -0.109204E-06
INFO (QuasiLocalMeasures):    Weinberg momentum y:            -0.900157E-15
INFO (QuasiLocalMeasures):    Weinberg momentum z:            -0.450029E-16
INFO (QuasiLocalMeasures):    Weinberg angular momentum x:     0.113123E-17
INFO (QuasiLocalMeasures):    Weinberg angular momentum y:     0.103012E-18
INFO (QuasiLocalMeasures):    Weinberg angular momentum z:     0.333837E-15
     1024     6.400 |   51.4198699 |    0.4373318    0.9989338 |       421       520
     1025     6.406 |   51.2450090 |    0.4373132    0.9989338 |       421       520
     1026     6.413 |   51.2652595 |    0.4372947    0.9989338 |       421       520
     1027     6.419 |   51.2818616 |    0.4372763    0.9989338 |       421       520
     1028     6.425 |   51.2937723 |    0.4372579    0.9989338 |       421       520
     1029     6.431 |   51.2961328 |    0.4372396    0.9989338 |       421       520
     1030     6.438 |   51.3164093 |    0.4372214    0.9989338 |       421       520
     1031     6.444 |   51.3330541 |    0.4372032    0.9989338 |       421       520
     1032     6.450 |   51.3447267 |    0.4371852    0.9989338 |       421       520
     1033     6.456 |   51.3330118 |    0.4371671    0.9989338 |       421       520
     1034     6.463 |   51.3535541 |    0.4371492    0.9989338 |       421       520
     1035     6.469 |   51.3699967 |    0.4371314    0.9989338 |       421       520
     1036     6.475 |   51.3860757 |    0.4371136    0.9989338 |       421       520
     1037     6.481 |   51.3875325 |    0.4370958    0.9989338 |       421       520
     1038     6.488 |   51.4078774 |    0.4370782    0.9989338 |       421       520
     1039     6.494 |   51.4237845 |    0.4370606    0.9989338 |       421       520
------------------------------------------------------------------------------------
Iteration      Time | *me_per_hour |     LEANBSSNMOL::conf_fac | *TISTICS::maxrss_mb
                    |              |      minimum      maximum |   minimum   maximum
------------------------------------------------------------------------------------
     1040     6.500 |   51.4218752 |    0.4370431    0.9989338 |       421       520
     1041     6.506 |   51.3931032 |    0.4370257    0.9989338 |       421       520
     1042     6.513 |   51.4122410 |    0.4370083    0.9989338 |       421       520
     1043     6.519 |   51.4286494 |    0.4369910    0.9989338 |       421       520
     1044     6.525 |   51.4437492 |    0.4369738    0.9989338 |       421       520
     1045     6.531 |   51.4455283 |    0.4369566    0.9989338 |       421       520
     1046     6.538 |   51.4641300 |    0.4369395    0.9989338 |       421       520
     1047     6.544 |   51.4765222 |    0.4369225    0.9989338 |       421       520
     1048     6.550 |   51.4798435 |    0.4369056    0.9989338 |       421       520
     1049     6.556 |   51.4648690 |    0.4368887    0.9989338 |       421       520
     1050     6.562 |   51.4850793 |    0.4368719    0.9989338 |       421       520
     1051     6.569 |   51.5012276 |    0.4368552    0.9989338 |       421       520
     1052     6.575 |   51.5157864 |    0.4368385    0.9989338 |       421       520
     1053     6.581 |   51.5178865 |    0.4368219    0.9989338 |       421       520
     1054     6.588 |   51.5377868 |    0.4368054    0.9989338 |       421       520
     1055     6.594 |   51.5538583 |    0.4367890    0.9989338 |       421       520
     1056     6.600 |   51.5487286 |    0.4367726    0.9989338 |       421       520
     1057     6.606 |   51.5086212 |    0.4367563    0.9989338 |       421       520
     1058     6.613 |   51.5285546 |    0.4367401    0.9989338 |       421       520
     1059     6.619 |   51.5446847 |    0.4367240    0.9989338 |       421       520
------------------------------------------------------------------------------------
Iteration      Time | *me_per_hour |     LEANBSSNMOL::conf_fac | *TISTICS::maxrss_mb
                    |              |      minimum      maximum |   minimum   maximum
------------------------------------------------------------------------------------
     1060     6.625 |   51.5593365 |    0.4367079    0.9989338 |       421       520
     1061     6.631 |   51.5613855 |    0.4366920    0.9989338 |       421       520
     1062     6.638 |   51.5813526 |    0.4366761    0.9989338 |       421       520
     1063     6.644 |   51.5972871 |    0.4366603    0.9989338 |       421       520
     1064     6.650 |   51.6081803 |    0.4366445    0.9989338 |       421       520
     1065     6.656 |   51.5960783 |    0.4366289    0.9989338 |       421       520
     1066     6.663 |   51.6157398 |    0.4366133    0.9989338 |       421       520
     1067     6.669 |   51.6313859 |    0.4365978    0.9989338 |       421       520
     1068     6.675 |   51.6465122 |    0.4365823    0.9989338 |       421       520
     1069     6.681 |   51.6487429 |    0.4365670    0.9989338 |       421       520
     1070     6.688 |   51.6678646 |    0.4365517    0.9989338 |       421       520
     1071     6.694 |   51.6812290 |    0.4365365    0.9989338 |       421       520
     1072     6.700 |   51.6865845 |    0.4365214    0.9989338 |       421       520
     1073     6.706 |   51.6607381 |    0.4365064    0.9989338 |       421       520
     1074     6.713 |   51.6685311 |    0.4364914    0.9989338 |       421       520
     1075     6.719 |   51.6706791 |    0.4364765    0.9989338 |       421       520
     1076     6.725 |   51.6669686 |    0.4364617    0.9989338 |       421       520
     1077     6.731 |   51.6622951 |    0.4364469    0.9989338 |       421       520
     1078     6.738 |   51.6818382 |    0.4364323    0.9989338 |       421       520
     1079     6.744 |   51.6967343 |    0.4364177    0.9989338 |       421       520
------------------------------------------------------------------------------------
Iteration      Time | *me_per_hour |     LEANBSSNMOL::conf_fac | *TISTICS::maxrss_mb
                    |              |      minimum      maximum |   minimum   maximum
------------------------------------------------------------------------------------
     1080     6.750 |   51.7078530 |    0.4364031    0.9989338 |       421       520
     1081     6.756 |   51.6948605 |    0.4363887    0.9989338 |       421       520
     1082     6.763 |   51.7125130 |    0.4363743    0.9989338 |       421       520
     1083     6.769 |   51.7280014 |    0.4363600    0.9989338 |       421       520
     1084     6.775 |   51.7433622 |    0.4363458    0.9989338 |       421       520
     1085     6.781 |   51.7445504 |    0.4363316    0.9989338 |       421       520
     1086     6.788 |   51.7637148 |    0.4363175    0.9989338 |       421       520
     1087     6.794 |   51.7791307 |    0.4363035    0.9989338 |       421       520
     1088     6.800 |   51.7769999 |    0.4362895    0.9989338 |       421       520
     1089     6.806 |   51.7238315 |    0.4362756    0.9989338 |       421       520
     1090     6.812 |   51.7428171 |    0.4362618    0.9989338 |       421       520
     1091     6.819 |   51.7582937 |    0.4362481    0.9989338 |       421       520
     1092     6.825 |   51.7709097 |    0.4362345    0.9989338 |       421       520
     1093     6.831 |   51.7730505 |    0.4362209    0.9989338 |       421       520
     1094     6.838 |   51.7923974 |    0.4362074    0.9989338 |       421       520
     1095     6.844 |   51.8079089 |    0.4361939    0.9989338 |       421       520
     1096     6.850 |   51.8185012 |    0.4361806    0.9989338 |       421       520
     1097     6.856 |   51.8068853 |    0.4361673    0.9989338 |       421       520
     1098     6.863 |   51.8260466 |    0.4361541    0.9989338 |       421       520
     1099     6.869 |   51.8413825 |    0.4361410    0.9989338 |       421       520
------------------------------------------------------------------------------------
Iteration      Time | *me_per_hour |     LEANBSSNMOL::conf_fac | *TISTICS::maxrss_mb
                    |              |      minimum      maximum |   minimum   maximum
------------------------------------------------------------------------------------
     1100     6.875 |   51.8525685 |    0.4361279    0.9989338 |       421       520
     1101     6.881 |   51.8541893 |    0.4361149    0.9989338 |       421       520
     1102     6.888 |   51.8733828 |    0.4361020    0.9989338 |       421       520
     1103     6.894 |   51.8886994 |    0.4360892    0.9989338 |       421       520
     1104     6.900 |   51.8909919 |    0.4360765    0.9989338 |       421       520
     1105     6.906 |   51.8647526 |    0.4360638    0.9989338 |       421       520
     1106     6.913 |   51.8811870 |    0.4360512    0.9989338 |       421       520
     1107     6.919 |   51.8965921 |    0.4360387    0.9989338 |       421       520
     1108     6.925 |   51.9112404 |    0.4360262    0.9989338 |       421       520
     1109     6.931 |   51.9128548 |    0.4360139    0.9989338 |       421       520
     1110     6.938 |   51.9174831 |    0.4360016    0.9989338 |       421       520
     1111     6.944 |   51.9324093 |    0.4359893    0.9989338 |       421       520
     1112     6.950 |   51.9426790 |    0.4359772    0.9989338 |       421       520
     1113     6.956 |   51.9300957 |    0.4359651    0.9989338 |       421       520
     1114     6.963 |   51.9490672 |    0.4359531    0.9989338 |       421       520
     1115     6.969 |   51.9642536 |    0.4359412    0.9989338 |       421       520
     1116     6.975 |   51.9786655 |    0.4359293    0.9989338 |       421       520
     1117     6.981 |   51.9800497 |    0.4359175    0.9989338 |       421       520
     1118     6.988 |   51.9989454 |    0.4359058    0.9989338 |       421       520
     1119     6.994 |   52.0141034 |    0.4358941    0.9989338 |       421       520
------------------------------------------------------------------------------------
Iteration      Time | *me_per_hour |     LEANBSSNMOL::conf_fac | *TISTICS::maxrss_mb
                    |              |      minimum      maximum |   minimum   maximum
------------------------------------------------------------------------------------
     1120     7.000 |   52.0158398 |    0.4358826    0.9989338 |       421       520
     1121     7.006 |   51.9769894 |    0.4358710    0.9989338 |       421       520
     1122     7.013 |   51.9950687 |    0.4358596    0.9989338 |       421       520
     1123     7.019 |   52.0088460 |    0.4358482    0.9989338 |       421       520
     1124     7.025 |   52.0220703 |    0.4358369    0.9989338 |       421       520
     1125     7.031 |   52.0103680 |    0.4358257    0.9989338 |       421       520
     1126     7.038 |   52.0069024 |    0.4358146    0.9989338 |       421       520
     1127     7.044 |   52.0072972 |    0.4358035    0.9989338 |       421       520
     1128     7.050 |   51.9943108 |    0.4357925    0.9989338 |       421       520
     1129     7.056 |   51.9574356 |    0.4357815    0.9989338 |       421       520
     1130     7.062 |   51.9599875 |    0.4357707    0.9989338 |       421       520
     1131     7.069 |   51.9600970 |    0.4357599    0.9989338 |       421       520
     1132     7.075 |   51.9514098 |    0.4357491    0.9989338 |       421       520
     1133     7.081 |   51.9291967 |    0.4357385    0.9989338 |       421       520
     1134     7.088 |   51.9321347 |    0.4357279    0.9989338 |       421       520
     1135     7.094 |   51.9267215 |    0.4357174    0.9989338 |       421       520
     1136     7.100 |   51.9012921 |    0.4357070    0.9989338 |       421       520
     1137     7.106 |   51.8447045 |    0.4356967    0.9989338 |       421       520
     1138     7.113 |   51.8364116 |    0.4356864    0.9989338 |       421       520
     1139     7.119 |   51.8254651 |    0.4356762    0.9989338 |       421       520
------------------------------------------------------------------------------------
Iteration      Time | *me_per_hour |     LEANBSSNMOL::conf_fac | *TISTICS::maxrss_mb
                    |              |      minimum      maximum |   minimum   maximum
------------------------------------------------------------------------------------
     1140     7.125 |   51.8131782 |    0.4356661    0.9989338 |       421       520
     1141     7.131 |   51.7918793 |    0.4356560    0.9989338 |       421       520
     1142     7.138 |   51.7942225 |    0.4356460    0.9989338 |       421       520
     1143     7.144 |   51.7954124 |    0.4356361    0.9989338 |       421       520
     1144     7.150 |   51.7786802 |    0.4356263    0.9989338 |       421       520
     1145     7.156 |   51.7423377 |    0.4356166    0.9989338 |       421       520
     1146     7.163 |   51.7411802 |    0.4356069    0.9989338 |       421       520
     1147     7.169 |   51.7372238 |    0.4355973    0.9989338 |       421       520
     1148     7.175 |   51.7260941 |    0.4355877    0.9989338 |       421       520
     1149     7.181 |   51.7276768 |    0.4355783    0.9989338 |       421       520
     1150     7.188 |   51.7458800 |    0.4355689    0.9989338 |       421       520
     1151     7.194 |   51.7602358 |    0.4355596    0.9989338 |       421       520
     1152     7.200 |   51.7515249 |    0.4355503    0.9989338 |       421       520
     1153     7.206 |   51.6880884 |    0.4355411    0.9989338 |       421       520
     1154     7.213 |   51.7064400 |    0.4355320    0.9989338 |       421       520
     1155     7.219 |   51.7209661 |    0.4355230    0.9989338 |       421       520
     1156     7.225 |   51.7351651 |    0.4355140    0.9989338 |       421       520
     1157     7.231 |   51.7368529 |    0.4355051    0.9989338 |       421       520
     1158     7.238 |   51.7542511 |    0.4354963    0.9989338 |       421       520
     1159     7.244 |   51.7664233 |    0.4354875    0.9989338 |       421       520
------------------------------------------------------------------------------------
Iteration      Time | *me_per_hour |     LEANBSSNMOL::conf_fac | *TISTICS::maxrss_mb
                    |              |      minimum      maximum |   minimum   maximum
------------------------------------------------------------------------------------
     1160     7.250 |   51.7757667 |    0.4354788    0.9989338 |       421       520
     1161     7.256 |   51.7642327 |    0.4354702    0.9989338 |       421       520
     1162     7.263 |   51.7823444 |    0.4354616    0.9989338 |       421       520
     1163     7.269 |   51.7969540 |    0.4354531    0.9989338 |       421       520
     1164     7.275 |   51.8107183 |    0.4354447    0.9989338 |       421       520
     1165     7.281 |   51.8123903 |    0.4354363    0.9989338 |       421       520
     1166     7.288 |   51.8255171 |    0.4354280    0.9989338 |       421       520
     1167     7.294 |   51.8397443 |    0.4354198    0.9989338 |       421       520
     1168     7.300 |   51.8429827 |    0.4354117    0.9989338 |       421       520
     1169     7.306 |   51.8173882 |    0.4354036    0.9989338 |       421       520
     1170     7.312 |   51.8343546 |    0.4353956    0.9989338 |       421       520
     1171     7.319 |   51.8460925 |    0.4353876    0.9989338 |       421       520
     1172     7.325 |   51.8537744 |    0.4353797    0.9989338 |       421       520
     1173     7.331 |   51.8298569 |    0.4353719    0.9989338 |       421       520
     1174     7.338 |   51.8253343 |    0.4353642    0.9989338 |       421       520
     1175     7.344 |   51.8223015 |    0.4353565    0.9989338 |       421       520
     1176     7.350 |   51.8087234 |    0.4353489    0.9989338 |       421       520
     1177     7.356 |   51.7919328 |    0.4353414    0.9989338 |       421       520
     1178     7.363 |   51.7859068 |    0.4353340    0.9989338 |       421       520
     1179     7.369 |   51.7838739 |    0.4353266    0.9989338 |       421       520
------------------------------------------------------------------------------------
Iteration      Time | *me_per_hour |     LEANBSSNMOL::conf_fac | *TISTICS::maxrss_mb
                    |              |      minimum      maximum |   minimum   maximum
------------------------------------------------------------------------------------
     1180     7.375 |   51.7764882 |    0.4353192    0.9989338 |       421       520
     1181     7.381 |   51.7496048 |    0.4353120    0.9989338 |       421       520
     1182     7.388 |   51.7412233 |    0.4353048    0.9989338 |       421       520
     1183     7.394 |   51.7389219 |    0.4352977    0.9989338 |       421       520
     1184     7.400 |   51.7039210 |    0.4352907    0.9989338 |       421       520
     1185     7.406 |   51.6497701 |    0.4352837    0.9989338 |       421       520
     1186     7.413 |   51.6674729 |    0.4352768    0.9989338 |       421       520
     1187     7.419 |   51.6815181 |    0.4352699    0.9989338 |       421       520
     1188     7.425 |   51.6921482 |    0.4352632    0.9989338 |       421       520
     1189     7.431 |   51.6735010 |    0.4352565    0.9989338 |       421       520
     1190     7.438 |   51.6732435 |    0.4352498    0.9989338 |       421       520
     1191     7.444 |   51.6781894 |    0.4352433    0.9989338 |       421       520
     1192     7.450 |   51.6650640 |    0.4352368    0.9989338 |       421       520
     1193     7.456 |   51.6236381 |    0.4352303    0.9989338 |       421       520
     1194     7.463 |   51.6232902 |    0.4352240    0.9989338 |       421       520
     1195     7.469 |   51.6247456 |    0.4352176    0.9989338 |       421       520
     1196     7.475 |   51.6144328 |    0.4352114    0.9989338 |       421       520
     1197     7.481 |   51.5943432 |    0.4352052    0.9989338 |       421       520
     1198     7.488 |   51.5927789 |    0.4351991    0.9989338 |       421       520
     1199     7.494 |   51.5881105 |    0.4351931    0.9989338 |       421       520
------------------------------------------------------------------------------------
Iteration      Time | *me_per_hour |     LEANBSSNMOL::conf_fac | *TISTICS::maxrss_mb
                    |              |      minimum      maximum |   minimum   maximum
------------------------------------------------------------------------------------
     1200     7.500 |   51.5556788 |    0.4351871    0.9989338 |       421       520
     1201     7.506 |   51.4923460 |    0.4351812    0.9989338 |       421       520
     1202     7.513 |   51.4886593 |    0.4351753    0.9989338 |       421       520
     1203     7.519 |   51.4852269 |    0.4351695    0.9989338 |       421       520
     1204     7.525 |   51.4812345 |    0.4351638    0.9989338 |       421       520
     1205     7.531 |   51.4653248 |    0.4351581    0.9989338 |       421       520
     1206     7.538 |   51.4645255 |    0.4351525    0.9989338 |       421       520
     1207     7.544 |   51.4633045 |    0.4351470    0.9989338 |       421       520
     1208     7.550 |   51.4482261 |    0.4351415    0.9989338 |       421       520
     1209     7.556 |   51.4029997 |    0.4351361    0.9989338 |       421       520
     1210     7.562 |   51.3974335 |    0.4351308    0.9989338 |       421       520
     1211     7.569 |   51.3963811 |    0.4351255    0.9989338 |       421       520
     1212     7.575 |   51.3910644 |    0.4351203    0.9989338 |       421       520
     1213     7.581 |   51.3837546 |    0.4351151    0.9989338 |       421       520
     1214     7.588 |   51.4010179 |    0.4351100    0.9989338 |       421       520
     1215     7.594 |   51.4148579 |    0.4351050    0.9989338 |       421       520
     1216     7.600 |   51.3950479 |    0.4351001    0.9989338 |       421       520
     1217     7.606 |   51.3321324 |    0.4350952    0.9989338 |       421       520
     1218     7.613 |   51.3494753 |    0.4350903    0.9989338 |       421       520
     1219     7.619 |   51.3634363 |    0.4350856    0.9989338 |       421       520
------------------------------------------------------------------------------------
Iteration      Time | *me_per_hour |     LEANBSSNMOL::conf_fac | *TISTICS::maxrss_mb
                    |              |      minimum      maximum |   minimum   maximum
------------------------------------------------------------------------------------
     1220     7.625 |   51.3768032 |    0.4350808    0.9989338 |       421       520
     1221     7.631 |   51.3788512 |    0.4350762    0.9989338 |       421       520
     1222     7.638 |   51.3961037 |    0.4350716    0.9989338 |       421       520
     1223     7.644 |   51.4100571 |    0.4350671    0.9989338 |       421       520
     1224     7.650 |   51.4000496 |    0.4350626    0.9989338 |       421       520
     1225     7.656 |   51.3875000 |    0.4350582    0.9989338 |       421       520
     1226     7.663 |   51.4048480 |    0.4350539    0.9989338 |       421       520
     1227     7.669 |   51.4187077 |    0.4350496    0.9989338 |       421       520
     1228     7.675 |   51.4320727 |    0.4350454    0.9989338 |       421       520
     1229     7.681 |   51.4319688 |    0.4350413    0.9989338 |       421       520
     1230     7.688 |   51.4491453 |    0.4350372    0.9989338 |       421       520
     1231     7.694 |   51.4628973 |    0.4350332    0.9989338 |       421       520
     1232     7.700 |   51.4555463 |    0.4350292    0.9989338 |       421       520
     1233     7.706 |   51.4014320 |    0.4350253    0.9989338 |       421       520
     1234     7.713 |   51.4070006 |    0.4350214    0.9989338 |       421       520
     1235     7.719 |   51.4050722 |    0.4350177    0.9989338 |       421       520
     1236     7.725 |   51.3965444 |    0.4350139    0.9989338 |       421       520
     1237     7.731 |   51.3703101 |    0.4350103    0.9989338 |       421       520
     1238     7.738 |   51.3769126 |    0.4350067    0.9989338 |       421       520
     1239     7.744 |   51.3797843 |    0.4350031    0.9989338 |       421       520
------------------------------------------------------------------------------------
Iteration      Time | *me_per_hour |     LEANBSSNMOL::conf_fac | *TISTICS::maxrss_mb
                    |              |      minimum      maximum |   minimum   maximum
------------------------------------------------------------------------------------
     1240     7.750 |   51.3843242 |    0.4349996    0.9989338 |       421       520
     1241     7.756 |   51.3742733 |    0.4349962    0.9989338 |       421       520
     1242     7.763 |   51.3911899 |    0.4349928    0.9989338 |       421       520
     1243     7.769 |   51.4049346 |    0.4349895    0.9989338 |       421       520
     1244     7.775 |   51.4119608 |    0.4349863    0.9989338 |       421       520
     1245     7.781 |   51.4014536 |    0.4349831    0.9989338 |       421       520
     1246     7.788 |   51.4087010 |    0.4349799    0.9989338 |       421       520
     1247     7.794 |   51.4125952 |    0.4349769    0.9989338 |       421       520
     1248     7.800 |   51.3631279 |    0.4349738    0.9989338 |       421       520
     1249     7.806 |   51.2978534 |    0.4349709    0.9989338 |       421       520
     1250     7.812 |   51.2927621 |    0.4349680    0.9989338 |       421       520
     1251     7.819 |   51.2865312 |    0.4349651    0.9989338 |       421       520
     1252     7.825 |   51.2722965 |    0.4349624    0.9989338 |       421       520
     1253     7.831 |   51.2480841 |    0.4349596    0.9989338 |       421       520
     1254     7.838 |   51.2515158 |    0.4349570    0.9989338 |       421       520
     1255     7.844 |   51.2481332 |    0.4349543    0.9989338 |       421       520
     1256     7.850 |   51.2333250 |    0.4349518    0.9989338 |       421       520
     1257     7.856 |   51.1904009 |    0.4349493    0.9989338 |       421       520
     1258     7.863 |   51.1797111 |    0.4349468    0.9989338 |       421       520
     1259     7.869 |   51.1787410 |    0.4349444    0.9989338 |       421       520
------------------------------------------------------------------------------------
Iteration      Time | *me_per_hour |     LEANBSSNMOL::conf_fac | *TISTICS::maxrss_mb
                    |              |      minimum      maximum |   minimum   maximum
------------------------------------------------------------------------------------
     1260     7.875 |   51.1696177 |    0.4349421    0.9989338 |       421       520
     1261     7.881 |   51.1710061 |    0.4349398    0.9989338 |       421       520
     1262     7.888 |   51.1855851 |    0.4349376    0.9989338 |       421       520
     1263     7.894 |   51.1930472 |    0.4349354    0.9989338 |       421       520
     1264     7.900 |   51.1816869 |    0.4349333    0.9989338 |       421       520
     1265     7.906 |   51.1579890 |    0.4349313    0.9989338 |       421       520
     1266     7.913 |   51.1747230 |    0.4349293    0.9989338 |       421       520
     1267     7.919 |   51.1881495 |    0.4349273    0.9989338 |       421       520
     1268     7.925 |   51.2010580 |    0.4349254    0.9989338 |       421       520
     1269     7.931 |   51.2029891 |    0.4349236    0.9989338 |       421       520
     1270     7.938 |   51.2197238 |    0.4349218    0.9989338 |       421       520
     1271     7.944 |   51.2331618 |    0.4349201    0.9989338 |       421       520
     1272     7.950 |   51.2427710 |    0.4349184    0.9989338 |       421       520
     1273     7.956 |   51.2309239 |    0.4349168    0.9989338 |       421       520
     1274     7.963 |   51.2278901 |    0.4349152    0.9989338 |       421       520
     1275     7.969 |   51.2185466 |    0.4349137    0.9989338 |       421       520
     1276     7.975 |   51.1991882 |    0.4349122    0.9989338 |       421       520
     1277     7.981 |   51.1743972 |    0.4349108    0.9989338 |       421       520
     1278     7.988 |   51.1664579 |    0.4349094    0.9989338 |       421       520
     1279     7.994 |   51.1589021 |    0.4349081    0.9989338 |       421       520
------------------------------------------------------------------------------------
Iteration      Time | *me_per_hour |     LEANBSSNMOL::conf_fac | *TISTICS::maxrss_mb
                    |              |      minimum      maximum |   minimum   maximum
------------------------------------------------------------------------------------
     1280     8.000 |   51.0744573 |    0.4349069    0.9989338 |       421       520
     1281     8.006 |   50.9562863 |    0.4349057    0.9989338 |       421       520
     1282     8.013 |   50.9565308 |    0.4349045    0.9989338 |       421       520
     1283     8.019 |   50.9698892 |    0.4349034    0.9989338 |       421       520
     1284     8.025 |   50.9824259 |    0.4349024    0.9989338 |       421       520
     1285     8.031 |   50.9848999 |    0.4349014    0.9989338 |       421       520
     1286     8.037 |   50.9993338 |    0.4349004    0.9989338 |       421       520
     1287     8.044 |   51.0126862 |    0.4348996    0.9989338 |       421       520
     1288     8.050 |   51.0223799 |    0.4348987    0.9989338 |       421       520
     1289     8.056 |   51.0131980 |    0.4348979    0.9989338 |       421       520
     1290     8.062 |   51.0296598 |    0.4348972    0.9989338 |       421       520
     1291     8.069 |   51.0429456 |    0.4348965    0.9989338 |       421       520
     1292     8.075 |   51.0559479 |    0.4348958    0.9989338 |       421       520
     1293     8.081 |   51.0579694 |    0.4348953    0.9989338 |       421       520
     1294     8.088 |   51.0742906 |    0.4348947    0.9989338 |       421       520
     1295     8.094 |   51.0871615 |    0.4348942    0.9989338 |       421       520
     1296     8.100 |   51.0932267 |    0.4348938    0.9989338 |       421       520
     1297     8.106 |   51.0725500 |    0.4348934    0.9989338 |       421       520
     1298     8.113 |   51.0888300 |    0.4348930    0.9989338 |       421       520
     1299     8.119 |   51.1020681 |    0.4348927    0.9989338 |       421       520
------------------------------------------------------------------------------------
Iteration      Time | *me_per_hour |     LEANBSSNMOL::conf_fac | *TISTICS::maxrss_mb
                    |              |      minimum      maximum |   minimum   maximum
------------------------------------------------------------------------------------
     1300     8.125 |   51.1149140 |    0.4348925    0.9989338 |       421       520
     1301     8.131 |   51.1169530 |    0.4348923    0.9989338 |       421       520
     1302     8.138 |   51.1332845 |    0.4348922    0.9989338 |       421       520
     1303     8.144 |   51.1464108 |    0.4348921    0.9989338 |       421       520
     1304     8.150 |   51.1556679 |    0.4348920    0.9989338 |       421       520
     1305     8.156 |   51.1465449 |    0.4348920    0.9989338 |       421       520
     1306     8.162 |   51.1628756 |    0.4348920    0.9989338 |       421       520
     1307     8.169 |   51.1760488 |    0.4348921    0.9989338 |       421       520
     1308     8.175 |   51.1888762 |    0.4348923    0.9989338 |       421       520
     1309     8.181 |   51.1907829 |    0.4348924    0.9989338 |       421       520
     1310     8.188 |   51.2061907 |    0.4348927    0.9989338 |       421       520
     1311     8.194 |   51.2191286 |    0.4348930    0.9989338 |       421       520
     1312     8.200 |   51.2173813 |    0.4348933    0.9989338 |       421       520
     1313     8.206 |   51.1739561 |    0.4348937    0.9989338 |       421       520
     1314     8.213 |   51.1901984 |    0.4348941    0.9989338 |       421       520
     1315     8.219 |   51.2031497 |    0.4348945    0.9989338 |       421       520
     1316     8.225 |   51.2158639 |    0.4348950    0.9989338 |       421       520
     1317     8.231 |   51.2177257 |    0.4348956    0.9989338 |       421       520
     1318     8.238 |   51.2338224 |    0.4348962    0.9989338 |       421       520
     1319     8.244 |   51.2468742 |    0.4348968    0.9989338 |       421       520
------------------------------------------------------------------------------------
Iteration      Time | *me_per_hour |     LEANBSSNMOL::conf_fac | *TISTICS::maxrss_mb
                    |              |      minimum      maximum |   minimum   maximum
------------------------------------------------------------------------------------
     1320     8.250 |   51.2562281 |    0.4348975    0.9989338 |       421       520
     1321     8.256 |   51.2468997 |    0.4348983    0.9989338 |       421       520
     1322     8.263 |   51.2630771 |    0.4348990    0.9989338 |       421       520
     1323     8.269 |   51.2758762 |    0.4348999    0.9989338 |       421       520
     1324     8.275 |   51.2884184 |    0.4349007    0.9989338 |       421       520
     1325     8.281 |   51.2903105 |    0.4349016    0.9989338 |       421       520
     1326     8.287 |   51.3064167 |    0.4349026    0.9989338 |       421       520
     1327     8.294 |   51.3192991 |    0.4349036    0.9989338 |       421       520
     1328     8.300 |   51.3253843 |    0.4349046    0.9989338 |       421       520
     1329     8.306 |   51.3053231 |    0.4349057    0.9989338 |       421       520
     1330     8.312 |   51.3213307 |    0.4349068    0.9989338 |       421       520
     1331     8.319 |   51.3339235 |    0.4349080    0.9989338 |       421       520
     1332     8.325 |   51.3464696 |    0.4349092    0.9989338 |       421       520
     1333     8.331 |   51.3482680 |    0.4349105    0.9989338 |       421       520
     1334     8.338 |   51.3641451 |    0.4349118    0.9989338 |       421       520
     1335     8.344 |   51.3771005 |    0.4349131    0.9989338 |       421       520
     1336     8.350 |   51.3862757 |    0.4349145    0.9989338 |       421       520
     1337     8.356 |   51.3766975 |    0.4349159    0.9989338 |       421       520
     1338     8.363 |   51.3925759 |    0.4349174    0.9989338 |       421       520
     1339     8.369 |   51.4053742 |    0.4349189    0.9989338 |       421       520
------------------------------------------------------------------------------------
Iteration      Time | *me_per_hour |     LEANBSSNMOL::conf_fac | *TISTICS::maxrss_mb
                    |              |      minimum      maximum |   minimum   maximum
------------------------------------------------------------------------------------
     1340     8.375 |   51.4177395 |    0.4349204    0.9989338 |       421       520
     1341     8.381 |   51.4194892 |    0.4349220    0.9989338 |       421       520
     1342     8.388 |   51.4353015 |    0.4349236    0.9989338 |       421       520
     1343     8.394 |   51.4481132 |    0.4349253    0.9989338 |       421       520
     1344     8.400 |   51.4471885 |    0.4349270    0.9989338 |       421       520
     1345     8.406 |   51.4051668 |    0.4349287    0.9989338 |       421       520
     1346     8.412 |   51.4201429 |    0.4349305    0.9989338 |       421       520
     1347     8.419 |   51.4327598 |    0.4349323    0.9989338 |       421       520
     1348     8.425 |   51.4450456 |    0.4349342    0.9989338 |       421       520
     1349     8.431 |   51.4467373 |    0.4349361    0.9989338 |       421       520
     1350     8.438 |   51.4623490 |    0.4349380    0.9989338 |       421       520
     1351     8.444 |   51.4736924 |    0.4349400    0.9989338 |       421       520
     1352     8.450 |   51.4817513 |    0.4349420    0.9989338 |       421       520
     1353     8.456 |   51.4727924 |    0.4349441    0.9989338 |       421       520
     1354     8.463 |   51.4884036 |    0.4349461    0.9989338 |       421       520
     1355     8.469 |   51.5005617 |    0.4349483    0.9989338 |       421       520
     1356     8.475 |   51.5128448 |    0.4349504    0.9989338 |       421       520
     1357     8.481 |   51.5144481 |    0.4349526    0.9989338 |       421       520
     1358     8.488 |   51.5301308 |    0.4349549    0.9989338 |       421       520
     1359     8.494 |   51.5426892 |    0.4349571    0.9989338 |       421       520
------------------------------------------------------------------------------------
Iteration      Time | *me_per_hour |     LEANBSSNMOL::conf_fac | *TISTICS::maxrss_mb
                    |              |      minimum      maximum |   minimum   maximum
------------------------------------------------------------------------------------
     1360     8.500 |   51.5478651 |    0.4349594    0.9989338 |       421       520
     1361     8.506 |   51.5277545 |    0.4349618    0.9989338 |       421       520
     1362     8.513 |   51.5433270 |    0.4349642    0.9989338 |       421       520
     1363     8.519 |   51.5556978 |    0.4349666    0.9989338 |       421       520
     1364     8.525 |   51.5679085 |    0.4349690    0.9989338 |       421       520
     1365     8.531 |   51.5694858 |    0.4349715    0.9989338 |       421       520
     1366     8.537 |   51.5849604 |    0.4349740    0.9989338 |       421       520
     1367     8.544 |   51.5973389 |    0.4349766    0.9989338 |       421       520
     1368     8.550 |   51.6062479 |    0.4349792    0.9989338 |       421       520
     1369     8.556 |   51.5969959 |    0.4349818    0.9989338 |       421       520
     1370     8.562 |   51.6125569 |    0.4349845    0.9989338 |       421       520
     1371     8.569 |   51.6230226 |    0.4349872    0.9989338 |       421       520
     1372     8.575 |   51.6351020 |    0.4349899    0.9989338 |       421       520
     1373     8.581 |   51.6366793 |    0.4349926    0.9989338 |       421       520
     1374     8.588 |   51.6519217 |    0.4349954    0.9989338 |       421       520
     1375     8.594 |   51.6641708 |    0.4349983    0.9989338 |       421       520
     1376     8.600 |   51.6665908 |    0.4350011    0.9989338 |       421       520
     1377     8.606 |   51.6358563 |    0.4350040    0.9989338 |       421       520
     1378     8.613 |   51.6511651 |    0.4350069    0.9989338 |       421       520
     1379     8.619 |   51.6633149 |    0.4350099    0.9989338 |       421       520
------------------------------------------------------------------------------------
Iteration      Time | *me_per_hour |     LEANBSSNMOL::conf_fac | *TISTICS::maxrss_mb
                    |              |      minimum      maximum |   minimum   maximum
------------------------------------------------------------------------------------
     1380     8.625 |   51.6750748 |    0.4350129    0.9989338 |       421       520
     1381     8.631 |   51.6766470 |    0.4350159    0.9989338 |       421       520
     1382     8.638 |   51.6919990 |    0.4350190    0.9989338 |       421       520
     1383     8.644 |   51.7043013 |    0.4350221    0.9989338 |       421       520
     1384     8.650 |   51.7127878 |    0.4350252    0.9989338 |       421       520
     1385     8.656 |   51.7036151 |    0.4350283    0.9989338 |       421       520
     1386     8.662 |   51.7188833 |    0.4350315    0.9989338 |       421       520
     1387     8.669 |   51.7312018 |    0.4350347    0.9989338 |       421       520
     1388     8.675 |   51.7431310 |    0.4350380    0.9989338 |       421       520
     1389     8.681 |   51.7441555 |    0.4350413    0.9989338 |       421       520
     1390     8.688 |   51.7591881 |    0.4350446    0.9989338 |       421       520
     1391     8.694 |   51.7714539 |    0.4350479    0.9989338 |       421       520
     1392     8.700 |   51.7769401 |    0.4350513    0.9989338 |       421       520
     1393     8.706 |   51.7559415 |    0.4350547    0.9989338 |       421       520
     1394     8.713 |   51.7711013 |    0.4350581    0.9989338 |       421       520
     1395     8.719 |   51.7829816 |    0.4350615    0.9989338 |       421       520
     1396     8.725 |   51.7947910 |    0.4350650    0.9989338 |       421       520
     1397     8.731 |   51.7961050 |    0.4350685    0.9989338 |       421       520
     1398     8.738 |   51.8112426 |    0.4350721    0.9989338 |       421       520
     1399     8.744 |   51.8232612 |    0.4350757    0.9989338 |       421       520
------------------------------------------------------------------------------------
Iteration      Time | *me_per_hour |     LEANBSSNMOL::conf_fac | *TISTICS::maxrss_mb
                    |              |      minimum      maximum |   minimum   maximum
------------------------------------------------------------------------------------
     1400     8.750 |   51.8317144 |    0.4350793    0.9989338 |       421       520
     1401     8.756 |   51.8224721 |    0.4350829    0.9989338 |       421       520
     1402     8.763 |   51.8375906 |    0.4350865    0.9989338 |       421       520
     1403     8.769 |   51.8496789 |    0.4350902    0.9989338 |       421       520
     1404     8.775 |   51.8614375 |    0.4350939    0.9989338 |       421       520
     1405     8.781 |   51.8628249 |    0.4350977    0.9989338 |       421       520
     1406     8.787 |   51.8778081 |    0.4351015    0.9989338 |       421       520
     1407     8.794 |   51.8896849 |    0.4351053    0.9989338 |       421       520
     1408     8.800 |   51.8852349 |    0.4351091    0.9989338 |       421       520
     1409     8.806 |   51.8332064 |    0.4351129    0.9989338 |       421       520
     1410     8.812 |   51.8478585 |    0.4351168    0.9989338 |       421       520
     1411     8.819 |   51.8598402 |    0.4351207    0.9989338 |       421       520
     1412     8.825 |   51.8713161 |    0.4351246    0.9989338 |       421       520
     1413     8.831 |   51.8727522 |    0.4351286    0.9989338 |       421       520
     1414     8.838 |   51.8877669 |    0.4351326    0.9989338 |       421       520
     1415     8.844 |   51.8997057 |    0.4351366    0.9989338 |       421       520
     1416     8.850 |   51.9080328 |    0.4351406    0.9989338 |       421       520
     1417     8.856 |   51.8981032 |    0.4351447    0.9989338 |       421       520
     1418     8.863 |   51.9130624 |    0.4351487    0.9989338 |       421       520
     1419     8.869 |   51.9248672 |    0.4351528    0.9989338 |       421       520
------------------------------------------------------------------------------------
Iteration      Time | *me_per_hour |     LEANBSSNMOL::conf_fac | *TISTICS::maxrss_mb
                    |              |      minimum      maximum |   minimum   maximum
------------------------------------------------------------------------------------
     1420     8.875 |   51.9365409 |    0.4351570    0.9989338 |       421       520
     1421     8.881 |   51.9377403 |    0.4351611    0.9989338 |       421       520
     1422     8.888 |   51.9526474 |    0.4351653    0.9989338 |       421       520
     1423     8.894 |   51.9644213 |    0.4351695    0.9989338 |       421       520
     1424     8.900 |   51.9697027 |    0.4351737    0.9989338 |       421       520
     1425     8.906 |   51.9500711 |    0.4351780    0.9989338 |       421       520
     1426     8.912 |   51.9648515 |    0.4351822    0.9989338 |       421       520
     1427     8.919 |   51.9766867 |    0.4351865    0.9989338 |       421       520
     1428     8.925 |   51.9879700 |    0.4351909    0.9989338 |       421       520
     1429     8.931 |   51.9893907 |    0.4351952    0.9989338 |       421       520
     1430     8.938 |   52.0040507 |    0.4351996    0.9989338 |       421       520
     1431     8.944 |   52.0159064 |    0.4352039    0.9989338 |       421       520
     1432     8.950 |   52.0242617 |    0.4352083    0.9989338 |       421       520
     1433     8.956 |   52.0150754 |    0.4352128    0.9989338 |       421       520
     1434     8.963 |   52.0297283 |    0.4352172    0.9989338 |       421       520
     1435     8.969 |   52.0414441 |    0.4352217    0.9989338 |       421       520
     1436     8.975 |   52.0517792 |    0.4352262    0.9989338 |       421       520
     1437     8.981 |   52.0531001 |    0.4352307    0.9989338 |       421       520
     1438     8.988 |   52.0677837 |    0.4352352    0.9989338 |       421       520
     1439     8.994 |   52.0771905 |    0.4352398    0.9989338 |       421       520
------------------------------------------------------------------------------------
Iteration      Time | *me_per_hour |     LEANBSSNMOL::conf_fac | *TISTICS::maxrss_mb
                    |              |      minimum      maximum |   minimum   maximum
------------------------------------------------------------------------------------
     1440     9.000 |   52.0534382 |    0.4352443    0.9989338 |       421       520
     1441     9.006 |   51.9928728 |    0.4352489    0.9989338 |       421       520
     1442     9.013 |   51.9857361 |    0.4352535    0.9989338 |       421       520
     1443     9.019 |   51.9831418 |    0.4352582    0.9989338 |       421       520
     1444     9.025 |   51.9921020 |    0.4352628    0.9989338 |       421       520
     1445     9.031 |   51.9933761 |    0.4352675    0.9989338 |       421       520
     1446     9.037 |   52.0080779 |    0.4352722    0.9989338 |       421       520
     1447     9.044 |   52.0197309 |    0.4352769    0.9989338 |       421       520
     1448     9.050 |   52.0200527 |    0.4352816    0.9989338 |       421       520
     1449     9.056 |   51.9844352 |    0.4352864    0.9989338 |       421       520
     1450     9.062 |   51.9880060 |    0.4352911    0.9989338 |       421       520
     1451     9.069 |   51.9912634 |    0.4352959    0.9989338 |       421       520
     1452     9.075 |   51.9846702 |    0.4353007    0.9989338 |       421       520
     1453     9.081 |   51.9803647 |    0.4353055    0.9989338 |       421       520
     1454     9.088 |   51.9948787 |    0.4353104    0.9989338 |       421       520
     1455     9.094 |   52.0064173 |    0.4353152    0.9989338 |       421       520
     1456     9.100 |   52.0115575 |    0.4353201    0.9989338 |       421       520
     1457     9.106 |   51.9924326 |    0.4353250    0.9989338 |       421       520
     1458     9.113 |   52.0069644 |    0.4353299    0.9989338 |       421       520
     1459     9.119 |   52.0184010 |    0.4353348    0.9989338 |       421       520
------------------------------------------------------------------------------------
Iteration      Time | *me_per_hour |     LEANBSSNMOL::conf_fac | *TISTICS::maxrss_mb
                    |              |      minimum      maximum |   minimum   maximum
------------------------------------------------------------------------------------
     1460     9.125 |   52.0296552 |    0.4353398    0.9989338 |       421       520
     1461     9.131 |   52.0309420 |    0.4353447    0.9989338 |       421       520
     1462     9.138 |   52.0453201 |    0.4353497    0.9989338 |       421       520
     1463     9.144 |   52.0568733 |    0.4353547    0.9989338 |       421       520
     1464     9.150 |   52.0651243 |    0.4353597    0.9989338 |       421       520
     1465     9.156 |   52.0560140 |    0.4353647    0.9989338 |       421       520
     1466     9.162 |   52.0702533 |    0.4353697    0.9989338 |       421       520
     1467     9.169 |   52.0817809 |    0.4353747    0.9989338 |       421       520
     1468     9.175 |   52.0929900 |    0.4353798    0.9989338 |       421       520
     1469     9.181 |   52.0941369 |    0.4353849    0.9989338 |       421       520
     1470     9.188 |   52.1082433 |    0.4353900    0.9989338 |       421       520
     1471     9.194 |   52.1197298 |    0.4353951    0.9989338 |       421       520
     1472     9.200 |   52.1185782 |    0.4354002    0.9989338 |       421       520
     1473     9.206 |   52.0727269 |    0.4354053    0.9989338 |       421       520
     1474     9.213 |   52.0870226 |    0.4354105    0.9989338 |       421       520
     1475     9.219 |   52.0983446 |    0.4354156    0.9989338 |       421       520
     1476     9.225 |   52.1091598 |    0.4354208    0.9989338 |       421       520
     1477     9.231 |   52.1103601 |    0.4354260    0.9989338 |       421       520
     1478     9.238 |   52.1246962 |    0.4354312    0.9989338 |       421       520
     1479     9.244 |   52.1360003 |    0.4354364    0.9989338 |       421       520
------------------------------------------------------------------------------------
Iteration      Time | *me_per_hour |     LEANBSSNMOL::conf_fac | *TISTICS::maxrss_mb
                    |              |      minimum      maximum |   minimum   maximum
------------------------------------------------------------------------------------
     1480     9.250 |   52.1440176 |    0.4354416    0.9989338 |       421       520
     1481     9.256 |   52.1349756 |    0.4354468    0.9989338 |       421       520
     1482     9.263 |   52.1492109 |    0.4354521    0.9989338 |       421       520
     1483     9.269 |   52.1604880 |    0.4354573    0.9989338 |       421       520
     1484     9.275 |   52.1713167 |    0.4354626    0.9989338 |       421       520
     1485     9.281 |   52.1726654 |    0.4354679    0.9989338 |       421       520
     1486     9.287 |   52.1868159 |    0.4354732    0.9989338 |       421       520
     1487     9.294 |   52.1981259 |    0.4354785    0.9989338 |       421       520
     1488     9.300 |   52.2031116 |    0.4354838    0.9989338 |       421       520
     1489     9.306 |   52.1820551 |    0.4354891    0.9989338 |       421       520
     1490     9.312 |   52.1960304 |    0.4354945    0.9989338 |       421       520
     1491     9.319 |   52.2069299 |    0.4354998    0.9989338 |       421       520
     1492     9.325 |   52.2122128 |    0.4355052    0.9989338 |       421       520
     1493     9.331 |   52.1723875 |    0.4355106    0.9989338 |       421       520
     1494     9.338 |   52.1670261 |    0.4355159    0.9989338 |       421       520
     1495     9.344 |   52.1704005 |    0.4355213    0.9989338 |       421       520
     1496     9.350 |   52.1780929 |    0.4355267    0.9989338 |       421       520
     1497     9.356 |   52.1691638 |    0.4355321    0.9989338 |       421       520
     1498     9.363 |   52.1832220 |    0.4355376    0.9989338 |       421       520
     1499     9.369 |   52.1943549 |    0.4355430    0.9989338 |       421       520
------------------------------------------------------------------------------------
Iteration      Time | *me_per_hour |     LEANBSSNMOL::conf_fac | *TISTICS::maxrss_mb
                    |              |      minimum      maximum |   minimum   maximum
------------------------------------------------------------------------------------
     1500     9.375 |   52.2049980 |    0.4355484    0.9989338 |       421       520
     1501     9.381 |   52.2061985 |    0.4355539    0.9989338 |       421       520
     1502     9.388 |   52.2202261 |    0.4355593    0.9989338 |       421       520
     1503     9.394 |   52.2314122 |    0.4355648    0.9989338 |       421       520
     1504     9.400 |   52.2333079 |    0.4355703    0.9989338 |       421       520
     1505     9.406 |   52.2032705 |    0.4355758    0.9989338 |       421       520
     1506     9.412 |   52.2153906 |    0.4355813    0.9989338 |       421       520
     1507     9.419 |   52.2264619 |    0.4355868    0.9989338 |       421       520
     1508     9.425 |   52.2370531 |    0.4355923    0.9989338 |       421       520
     1509     9.431 |   52.2377349 |    0.4355978    0.9989338 |       421       520
     1510     9.438 |   52.2516209 |    0.4356033    0.9989338 |       421       520
     1511     9.444 |   52.2627330 |    0.4356088    0.9989338 |       421       520
     1512     9.450 |   52.2687574 |    0.4356144    0.9989338 |       421       520
     1513     9.456 |   52.2595291 |    0.4356199    0.9989338 |       421       520
     1514     9.463 |   52.2732585 |    0.4356254    0.9989338 |       421       520
     1515     9.469 |   52.2843757 |    0.4356310    0.9989338 |       421       520
     1516     9.475 |   52.2951299 |    0.4356366    0.9989338 |       421       520
     1517     9.481 |   52.2961177 |    0.4356421    0.9989338 |       421       520
     1518     9.488 |   52.3099987 |    0.4356477    0.9989338 |       421       520
     1519     9.494 |   52.3210099 |    0.4356533    0.9989338 |       421       520
------------------------------------------------------------------------------------
Iteration      Time | *me_per_hour |     LEANBSSNMOL::conf_fac | *TISTICS::maxrss_mb
                    |              |      minimum      maximum |   minimum   maximum
------------------------------------------------------------------------------------
     1520     9.500 |   52.3255997 |    0.4356589    0.9989338 |       421       520
     1521     9.506 |   52.3006537 |    0.4356644    0.9989338 |       421       520
     1522     9.513 |   52.3144746 |    0.4356700    0.9989338 |       421       520
     1523     9.519 |   52.3253385 |    0.4356756    0.9989338 |       421       520
     1524     9.525 |   52.3357003 |    0.4356812    0.9989338 |       421       520
     1525     9.531 |   52.3365473 |    0.4356869    0.9989338 |       421       520
     1526     9.537 |   52.3503287 |    0.4356925    0.9989338 |       421       520
     1527     9.544 |   52.3611905 |    0.4356981    0.9989338 |       421       520
     1528     9.550 |   52.3688213 |    0.4357037    0.9989338 |       421       520
     1529     9.556 |   52.3592339 |    0.4357093    0.9989338 |       421       520
     1530     9.562 |   52.3708745 |    0.4357150    0.9989338 |       421       520
     1531     9.569 |   52.3818152 |    0.4357206    0.9989338 |       421       520
     1532     9.575 |   52.3924743 |    0.4357263    0.9989338 |       421       520
     1533     9.581 |   52.3933571 |    0.4357319    0.9989338 |       421       520
     1534     9.588 |   52.4070459 |    0.4357375    0.9989338 |       421       520
     1535     9.594 |   52.4176212 |    0.4357432    0.9989338 |       421       520
INFO (AHFinderDirect): proc 0: searching for horizon 1/6
INFO (AHFinderDirect): AH 2/6: r=29.526 at (-0.001000,-0.000000,-0.000000)
INFO (AHFinderDirect): AH 2/6: area=11309.73291 m_irreducible=14.99999957
INFO (AHFinderDirect): AH 3/6: r=79.5265 at (-0.001000,0.000000,-0.000000)
INFO (AHFinderDirect): AH 3/6: area=80424.7719 m_irreducible=39.99999999
INFO (AHFinderDirect): AH 4/6: r=99.5266 at (-0.001000,0.000000,-0.000000)
INFO (AHFinderDirect): AH 4/6: area=125663.7061 m_irreducible=50
INFO (AHFinderDirect): AH 5/6: r=179.527 at (-0.001000,-0.000000,0.000000)
INFO (AHFinderDirect): AH 5/6: area=407150.4079 m_irreducible=90
INFO (AHFinderDirect): AH 6/6: r=239.527 at (-0.001000,0.000000,-0.000000)
INFO (AHFinderDirect): AH 6/6: area=723822.9474 m_irreducible=120
INFO (AHFinderDirect): AH 1/6: r=0.359722 at (-0.001000,0.000000,-0.000000)
INFO (AHFinderDirect): AH 1/6: area=8.57990894 m_irreducible=0.4131487201
INFO (QuasiLocalMeasures): Calculating quasi-local quantities for surface    0
INFO (QuasiLocalMeasures): Importing from spherical surface    0
INFO (QuasiLocalMeasures): Geometric quantities for surface    0:
INFO (QuasiLocalMeasures):    Area A:                            8.57989
INFO (QuasiLocalMeasures):    Irreducible mass M = R/2:         0.413148
INFO (QuasiLocalMeasures):    Areal radius R = sqrt(A/4pi):     0.826297
INFO (QuasiLocalMeasures): Coordinate-dependent quantities for surface    0:
INFO (QuasiLocalMeasures):    Equatorial circumference:             5.19174
INFO (QuasiLocalMeasures):    Polar circumference at phi=0:         5.19186
INFO (QuasiLocalMeasures):    Polar circumference at phi=pi/2:      5.19175
INFO (QuasiLocalMeasures):    No valid spin guess from distortion.
INFO (QuasiLocalMeasures):    (Spin guess is imaginary.)
INFO (QuasiLocalMeasures):    Magnitude of invalid spin guess:     0.128043E-02
INFO (QuasiLocalMeasures):    Mass guess M from distortion:        0.413145
INFO (QuasiLocalMeasures): Isolated Horizon quantities for surface    0:
INFO (QuasiLocalMeasures):    Killing vector field eigenvalue norm:      1.00000
INFO (QuasiLocalMeasures):    Spin J:                                   0.355494E-15
INFO (QuasiLocalMeasures):    Kerr spin parameter a = J/M:              0.860451E-15
INFO (QuasiLocalMeasures):    Dimensionless spin parameter a = J/M^2:   0.208267E-14
INFO (QuasiLocalMeasures):    Spin J from NP:                           0.944789E-15
INFO (QuasiLocalMeasures):    Spin J from phi-coordinate-vector:         0.00000
INFO (QuasiLocalMeasures):    Mass M:                                   0.413148
INFO (QuasiLocalMeasures): Global quantities for surface    0:
INFO (QuasiLocalMeasures):    ADM energy:                 -1.14323
INFO (QuasiLocalMeasures):    ADM momentum x:            -0.448027E-07
INFO (QuasiLocalMeasures):    ADM momentum y:            -0.827898E-15
INFO (QuasiLocalMeasures):    ADM momentum z:             0.139498E-14
INFO (QuasiLocalMeasures):    ADM angular momentum x:     0.373412E-18
INFO (QuasiLocalMeasures):    ADM angular momentum y:     0.808552E-18
INFO (QuasiLocalMeasures):    ADM angular momentum z:     0.646696E-16
INFO (QuasiLocalMeasures):    Weinberg energy:                  2.75732
INFO (QuasiLocalMeasures):    Weinberg momentum x:            -0.200088E-06
INFO (QuasiLocalMeasures):    Weinberg momentum y:            -0.135651E-15
INFO (QuasiLocalMeasures):    Weinberg momentum z:            -0.729140E-15
INFO (QuasiLocalMeasures):    Weinberg angular momentum x:     0.454737E-18
INFO (QuasiLocalMeasures):    Weinberg angular momentum y:     0.267092E-17
INFO (QuasiLocalMeasures):    Weinberg angular momentum z:     0.354520E-15
     1536     9.600 |   51.8676535 |    0.4335201    0.9989338 |       421       520
     1537     9.606 |   51.3407481 |    0.4335258    0.9989338 |       421       520
     1538     9.613 |   51.3545371 |    0.4335314    0.9989338 |       421       520
     1539     9.619 |   51.3654486 |    0.4335371    0.9989338 |       421       520
------------------------------------------------------------------------------------
Iteration      Time | *me_per_hour |     LEANBSSNMOL::conf_fac | *TISTICS::maxrss_mb
                    |              |      minimum      maximum |   minimum   maximum
------------------------------------------------------------------------------------
     1540     9.625 |   51.3761756 |    0.4335427    0.9989338 |       421       520
     1541     9.631 |   51.3775148 |    0.4335484    0.9989338 |       421       520
     1542     9.638 |   51.3913019 |    0.4335541    0.9989338 |       421       520
     1543     9.644 |   51.4023473 |    0.4335597    0.9989338 |       421       520
     1544     9.650 |   51.4097227 |    0.4335654    0.9989338 |       421       520
     1545     9.656 |   51.3909275 |    0.4335711    0.9989338 |       421       520
     1546     9.663 |   51.3906451 |    0.4335768    0.9989338 |       421       520
     1547     9.669 |   51.3887543 |    0.4335824    0.9989338 |       421       520
     1548     9.675 |   51.3841305 |    0.4335881    0.9989338 |       421       520
     1549     9.681 |   51.3858196 |    0.4335938    0.9989338 |       421       520
     1550     9.688 |   51.3994714 |    0.4335995    0.9989338 |       421       520
     1551     9.694 |   51.4103388 |    0.4336052    0.9989338 |       421       520
     1552     9.700 |   51.4154119 |    0.4336108    0.9989338 |       421       520
     1553     9.706 |   51.3979136 |    0.4336165    0.9989338 |       421       520
     1554     9.713 |   51.4115146 |    0.4336222    0.9989338 |       421       520
     1555     9.719 |   51.4225096 |    0.4336279    0.9989338 |       421       520
     1556     9.725 |   51.4319157 |    0.4336336    0.9989338 |       421       520
     1557     9.731 |   51.4328641 |    0.4336393    0.9989338 |       421       520
     1558     9.738 |   51.4463991 |    0.4336449    0.9989338 |       421       520
     1559     9.744 |   51.4549998 |    0.4336506    0.9989338 |       421       520
------------------------------------------------------------------------------------
Iteration      Time | *me_per_hour |     LEANBSSNMOL::conf_fac | *TISTICS::maxrss_mb
                    |              |      minimum      maximum |   minimum   maximum
------------------------------------------------------------------------------------
     1560     9.750 |   51.4389659 |    0.4336563    0.9989338 |       421       520
     1561     9.756 |   51.4093530 |    0.4336620    0.9989338 |       421       520
     1562     9.763 |   51.4074170 |    0.4336677    0.9989338 |       421       520
     1563     9.769 |   51.4082810 |    0.4336734    0.9989338 |       421       520
     1564     9.775 |   51.4007978 |    0.4336790    0.9989338 |       421       520
     1565     9.781 |   51.3816496 |    0.4336847    0.9989338 |       421       520
     1566     9.788 |   51.3935944 |    0.4336904    0.9989338 |       421       520
     1567     9.794 |   51.4041889 |    0.4336961    0.9989338 |       421       520
     1568     9.800 |   51.4051828 |    0.4337017    0.9989338 |       421       520
     1569     9.806 |   51.3608226 |    0.4337074    0.9989338 |       421       520
     1570     9.812 |   51.3555367 |    0.4337131    0.9989338 |       421       520
     1571     9.819 |   51.3500267 |    0.4337188    0.9989338 |       421       520
     1572     9.825 |   51.3498156 |    0.4337244    0.9989338 |       421       520
     1573     9.831 |   51.3513929 |    0.4337301    0.9989338 |       421       520
     1574     9.838 |   51.3627933 |    0.4337358    0.9989338 |       421       520
     1575     9.844 |   51.3738894 |    0.4337414    0.9989338 |       421       520
     1576     9.850 |   51.3815824 |    0.4337471    0.9989338 |       421       520
     1577     9.856 |   51.3738706 |    0.4337528    0.9989338 |       421       520
     1578     9.863 |   51.3859848 |    0.4337584    0.9989338 |       421       520
     1579     9.869 |   51.3947238 |    0.4337641    0.9989338 |       421       520
------------------------------------------------------------------------------------
Iteration      Time | *me_per_hour |     LEANBSSNMOL::conf_fac | *TISTICS::maxrss_mb
                    |              |      minimum      maximum |   minimum   maximum
------------------------------------------------------------------------------------
     1580     9.875 |   51.4053748 |    0.4337697    0.9989338 |       421       520
     1581     9.881 |   51.4066315 |    0.4337754    0.9989338 |       421       520
     1582     9.888 |   51.4198812 |    0.4337810    0.9989338 |       421       520
     1583     9.894 |   51.4306361 |    0.4337867    0.9989338 |       421       520
     1584     9.900 |   51.4355719 |    0.4337923    0.9989338 |       421       520
     1585     9.906 |   51.4186039 |    0.4337979    0.9989338 |       421       520
     1586     9.913 |   51.4320080 |    0.4338036    0.9989338 |       421       520
     1587     9.919 |   51.4427741 |    0.4338092    0.9989338 |       421       520
     1588     9.925 |   51.4532554 |    0.4338148    0.9989338 |       421       520
     1589     9.931 |   51.4545384 |    0.4338204    0.9989338 |       421       520
     1590     9.938 |   51.4679370 |    0.4338260    0.9989338 |       421       520
     1591     9.944 |   51.4787393 |    0.4338316    0.9989338 |       421       520
     1592     9.950 |   51.4851728 |    0.4338372    0.9989338 |       421       520
     1593     9.956 |   51.4764477 |    0.4338428    0.9989338 |       421       520
     1594     9.963 |   51.4898003 |    0.4338484    0.9989338 |       421       520
     1595     9.969 |   51.5004567 |    0.4338540    0.9989338 |       421       520
     1596     9.975 |   51.5109317 |    0.4338596    0.9989338 |       421       520
     1597     9.981 |   51.5065069 |    0.4338652    0.9989338 |       421       520
     1598     9.988 |   51.5133306 |    0.4338708    0.9989338 |       421       520
     1599     9.994 |   51.5238933 |    0.4338763    0.9989338 |       421       520
------------------------------------------------------------------------------------
Iteration      Time | *me_per_hour |     LEANBSSNMOL::conf_fac | *TISTICS::maxrss_mb
                    |              |      minimum      maximum |   minimum   maximum
------------------------------------------------------------------------------------
     1600    10.000 |   51.5228128 |    0.4338819    0.9989338 |       421       520
     1601    10.006 |   51.4874345 |    0.4338874    0.9989338 |       421       520
     1602    10.013 |   51.5006975 |    0.4338930    0.9989338 |       421       520
     1603    10.019 |   51.5113699 |    0.4338985    0.9989338 |       421       520
     1604    10.025 |   51.5216428 |    0.4339041    0.9989338 |       421       520
     1605    10.031 |   51.5231809 |    0.4339096    0.9989338 |       421       520
     1606    10.038 |   51.5364431 |    0.4339151    0.9989338 |       421       520
     1607    10.044 |   51.5470405 |    0.4339206    0.9989338 |       421       520
     1608    10.050 |   51.5539849 |    0.4339261    0.9989338 |       421       520
     1609    10.056 |   51.5462208 |    0.4339316    0.9989338 |       421       520
     1610    10.062 |   51.5594315 |    0.4339371    0.9989338 |       421       520
     1611    10.069 |   51.5700564 |    0.4339426    0.9989338 |       421       520
     1612    10.075 |   51.5803728 |    0.4339481    0.9989338 |       421       520
     1613    10.081 |   51.5816994 |    0.4339536    0.9989338 |       421       520
     1614    10.088 |   51.5948419 |    0.4339591    0.9989338 |       421       520
     1615    10.094 |   51.6054406 |    0.4339645    0.9989338 |       421       520
     1616    10.100 |   51.6097704 |    0.4339700    0.9989338 |       421       520
     1617    10.106 |   51.5930873 |    0.4339754    0.9989338 |       421       520
     1618    10.113 |   51.6061889 |    0.4339808    0.9989338 |       421       520
     1619    10.119 |   51.6166665 |    0.4339863    0.9989338 |       421       520
------------------------------------------------------------------------------------
Iteration      Time | *me_per_hour |     LEANBSSNMOL::conf_fac | *TISTICS::maxrss_mb
                    |              |      minimum      maximum |   minimum   maximum
------------------------------------------------------------------------------------
     1620    10.125 |   51.6270480 |    0.4339917    0.9989338 |       421       520
     1621    10.131 |   51.6277339 |    0.4339971    0.9989338 |       421       520
     1622    10.138 |   51.6407821 |    0.4340025    0.9989338 |       421       520
     1623    10.144 |   51.6513167 |    0.4340079    0.9989338 |       421       520
     1624    10.150 |   51.6587068 |    0.4340133    0.9989338 |       421       520
     1625    10.156 |   51.6508538 |    0.4340187    0.9989338 |       421       520
     1626    10.163 |   51.6637815 |    0.4340240    0.9989338 |       421       520
     1627    10.169 |   51.6742744 |    0.4340294    0.9989338 |       421       520
     1628    10.175 |   51.6842583 |    0.4340347    0.9989338 |       421       520
     1629    10.181 |   51.6856611 |    0.4340401    0.9989338 |       421       520
     1630    10.188 |   51.6986479 |    0.4340454    0.9989338 |       421       520
     1631    10.194 |   51.7090601 |    0.4340507    0.9989338 |       421       520
     1632    10.200 |   51.7103451 |    0.4340561    0.9989338 |       421       520
     1633    10.206 |   51.6823678 |    0.4340614    0.9989338 |       421       520
     1634    10.213 |   51.6952231 |    0.4340667    0.9989338 |       421       520
     1635    10.219 |   51.6943788 |    0.4340720    0.9989338 |       421       520
     1636    10.225 |   51.6870299 |    0.4340772    0.9989338 |       421       520
     1637    10.231 |   51.6714523 |    0.4340825    0.9989338 |       421       520
     1638    10.238 |   51.6714835 |    0.4340878    0.9989338 |       421       520
     1639    10.244 |   51.6789690 |    0.4340930    0.9989338 |       421       520
------------------------------------------------------------------------------------
Iteration      Time | *me_per_hour |     LEANBSSNMOL::conf_fac | *TISTICS::maxrss_mb
                    |              |      minimum      maximum |   minimum   maximum
------------------------------------------------------------------------------------
     1640    10.250 |   51.6863076 |    0.4340983    0.9989338 |       421       520
     1641    10.256 |   51.6784572 |    0.4341035    0.9989338 |       421       520
     1642    10.263 |   51.6913903 |    0.4341087    0.9989338 |       421       520
     1643    10.269 |   51.7017285 |    0.4341139    0.9989338 |       421       520
     1644    10.275 |   51.7118511 |    0.4341191    0.9989338 |       421       520
     1645    10.281 |   51.7131312 |    0.4341243    0.9989338 |       421       520
     1646    10.288 |   51.7258526 |    0.4341295    0.9989338 |       421       520
     1647    10.294 |   51.7361492 |    0.4341347    0.9989338 |       421       520
     1648    10.300 |   51.7404539 |    0.4341398    0.9989338 |       421       520
     1649    10.306 |   51.7223852 |    0.4341450    0.9989338 |       421       520
     1650    10.312 |   51.7352499 |    0.4341501    0.9989338 |       421       520
     1651    10.319 |   51.7455004 |    0.4341552    0.9989338 |       421       520
     1652    10.325 |   51.7555077 |    0.4341604    0.9989338 |       421       520
     1653    10.331 |   51.7568779 |    0.4341655    0.9989338 |       421       520
     1654    10.338 |   51.7696790 |    0.4341706    0.9989338 |       421       520
     1655    10.344 |   51.7799515 |    0.4341757    0.9989338 |       421       520
     1656    10.350 |   51.7872693 |    0.4341807    0.9989338 |       421       520
     1657    10.356 |   51.7796458 |    0.4341858    0.9989338 |       421       520
     1658    10.363 |   51.7923104 |    0.4341909    0.9989338 |       421       520
     1659    10.369 |   51.8025319 |    0.4341959    0.9989338 |       421       520
------------------------------------------------------------------------------------
Iteration      Time | *me_per_hour |     LEANBSSNMOL::conf_fac | *TISTICS::maxrss_mb
                    |              |      minimum      maximum |   minimum   maximum
------------------------------------------------------------------------------------
     1660    10.375 |   51.8125666 |    0.4342009    0.9989338 |       421       520
     1661    10.381 |   51.8137871 |    0.4342060    0.9989338 |       421       520
     1662    10.388 |   51.8265555 |    0.4342110    0.9989338 |       421       520
     1663    10.394 |   51.8367625 |    0.4342160    0.9989338 |       421       520
     1664    10.400 |   51.8322861 |    0.4342210    0.9989338 |       421       520
     1665    10.406 |   51.7881843 |    0.4342259    0.9989338 |       421       520
     1666    10.413 |   51.8008842 |    0.4342309    0.9989338 |       421       520
     1667    10.419 |   51.8109623 |    0.4342358    0.9989338 |       421       520
     1668    10.425 |   51.8208236 |    0.4342408    0.9989338 |       421       520
     1669    10.431 |   51.8220507 |    0.4342457    0.9989338 |       421       520
     1670    10.438 |   51.8346873 |    0.4342506    0.9989338 |       421       520
     1671    10.444 |   51.8447835 |    0.4342555    0.9989338 |       421       520
     1672    10.450 |   51.8517227 |    0.4342604    0.9989338 |       421       520
     1673    10.456 |   51.8429578 |    0.4342653    0.9989338 |       421       520
     1674    10.463 |   51.8555914 |    0.4342702    0.9989338 |       421       520
     1675    10.469 |   51.8656959 |    0.4342750    0.9989338 |       421       520
     1676    10.475 |   51.8753156 |    0.4342799    0.9989338 |       421       520
     1677    10.481 |   51.8764227 |    0.4342847    0.9989338 |       421       520
     1678    10.488 |   51.8890577 |    0.4342895    0.9989338 |       421       520
     1679    10.494 |   51.8991997 |    0.4342943    0.9989338 |       421       520
------------------------------------------------------------------------------------
Iteration      Time | *me_per_hour |     LEANBSSNMOL::conf_fac | *TISTICS::maxrss_mb
                    |              |      minimum      maximum |   minimum   maximum
------------------------------------------------------------------------------------
     1680    10.500 |   51.9034908 |    0.4342991    0.9989338 |       421       520
     1681    10.506 |   51.8868658 |    0.4343039    0.9989338 |       421       520
     1682    10.513 |   51.8993738 |    0.4343086    0.9989338 |       421       520
     1683    10.519 |   51.9094075 |    0.4343134    0.9989338 |       421       520
     1684    10.525 |   51.9190557 |    0.4343181    0.9989338 |       421       520
     1685    10.531 |   51.9202873 |    0.4343229    0.9989338 |       421       520
     1686    10.538 |   51.9327942 |    0.4343276    0.9989338 |       421       520
     1687    10.544 |   51.9272681 |    0.4343323    0.9989338 |       421       520
     1688    10.550 |   51.9116790 |    0.4343370    0.9989338 |       421       520
     1689    10.556 |   51.8799583 |    0.4343417    0.9989338 |       421       520
     1690    10.562 |   51.8801717 |    0.4343463    0.9989338 |       421       520
     1691    10.569 |   51.8901799 |    0.4343510    0.9989338 |       421       520
     1692    10.575 |   51.8997095 |    0.4343556    0.9989338 |       421       520
     1693    10.581 |   51.8994788 |    0.4343602    0.9989338 |       421       520
     1694    10.588 |   51.9119246 |    0.4343648    0.9989338 |       421       520
     1695    10.594 |   51.9219359 |    0.4343694    0.9989338 |       421       520
     1696    10.600 |   51.9237894 |    0.4343740    0.9989338 |       421       520
     1697    10.606 |   51.8985598 |    0.4343786    0.9989338 |       421       520
     1698    10.613 |   51.9110070 |    0.4343832    0.9989338 |       421       520
     1699    10.619 |   51.9209980 |    0.4343877    0.9989338 |       421       520
------------------------------------------------------------------------------------
Iteration      Time | *me_per_hour |     LEANBSSNMOL::conf_fac | *TISTICS::maxrss_mb
                    |              |      minimum      maximum |   minimum   maximum
------------------------------------------------------------------------------------
     1700    10.625 |   51.9307779 |    0.4343922    0.9989338 |       421       520
     1701    10.631 |   51.9319948 |    0.4343967    0.9989338 |       421       520
     1702    10.638 |   51.9443728 |    0.4344012    0.9989338 |       421       520
     1703    10.644 |   51.9542935 |    0.4344057    0.9989338 |       421       520
     1704    10.650 |   51.9612965 |    0.4344102    0.9989338 |       421       520
     1705    10.656 |   51.9536169 |    0.4344147    0.9989338 |       421       520
     1706    10.663 |   51.9660517 |    0.4344191    0.9989338 |       421       520
     1707    10.669 |   51.9759826 |    0.4344235    0.9989338 |       421       520
     1708    10.675 |   51.9853747 |    0.4344280    0.9989338 |       421       520
     1709    10.681 |   51.9865628 |    0.4344324    0.9989338 |       421       520
     1710    10.688 |   51.9990099 |    0.4344368    0.9989338 |       421       520
     1711    10.694 |   52.0088627 |    0.4344411    0.9989338 |       421       520
     1712    10.700 |   52.0123185 |    0.4344455    0.9989338 |       421       520
     1713    10.706 |   51.9940110 |    0.4344499    0.9989338 |       421       520
     1714    10.713 |   51.9935053 |    0.4344542    0.9989338 |       421       520
     1715    10.719 |   51.9896443 |    0.4344585    0.9989338 |       421       520
     1716    10.725 |   51.9906800 |    0.4344628    0.9989338 |       421       520
     1717    10.731 |   51.9908110 |    0.4344671    0.9989338 |       421       520
     1718    10.738 |   52.0031074 |    0.4344714    0.9989338 |       421       520
     1719    10.744 |   52.0129239 |    0.4344756    0.9989338 |       421       520
------------------------------------------------------------------------------------
Iteration      Time | *me_per_hour |     LEANBSSNMOL::conf_fac | *TISTICS::maxrss_mb
                    |              |      minimum      maximum |   minimum   maximum
------------------------------------------------------------------------------------
     1720    10.750 |   52.0199012 |    0.4344799    0.9989338 |       421       520
     1721    10.756 |   52.0122968 |    0.4344841    0.9989338 |       421       520
     1722    10.763 |   52.0246277 |    0.4344883    0.9989338 |       421       520
     1723    10.769 |   52.0342159 |    0.4344925    0.9989338 |       421       520
     1724    10.775 |   52.0437913 |    0.4344967    0.9989338 |       421       520
     1725    10.781 |   52.0447696 |    0.4345009    0.9989338 |       421       520
     1726    10.788 |   52.0570443 |    0.4345051    0.9989338 |       421       520
     1727    10.794 |   52.0665049 |    0.4345092    0.9989338 |       421       520
     1728    10.800 |   52.0650410 |    0.4345133    0.9989338 |       421       520
     1729    10.806 |   52.0298325 |    0.4345174    0.9989338 |       421       520
     1730    10.812 |   52.0420691 |    0.4345215    0.9989338 |       421       520
     1731    10.819 |   52.0517865 |    0.4345256    0.9989338 |       421       520
     1732    10.825 |   52.0613269 |    0.4345297    0.9989338 |       421       520
     1733    10.831 |   52.0624170 |    0.4345337    0.9989338 |       421       520
     1734    10.838 |   52.0745529 |    0.4345378    0.9989338 |       421       520
     1735    10.844 |   52.0843221 |    0.4345418    0.9989338 |       421       520
     1736    10.850 |   52.0911820 |    0.4345458    0.9989338 |       421       520
     1737    10.856 |   52.0835023 |    0.4345498    0.9989338 |       421       520
     1738    10.863 |   52.0956526 |    0.4345538    0.9989338 |       421       520
     1739    10.869 |   52.1053695 |    0.4345577    0.9989338 |       421       520
------------------------------------------------------------------------------------
Iteration      Time | *me_per_hour |     LEANBSSNMOL::conf_fac | *TISTICS::maxrss_mb
                    |              |      minimum      maximum |   minimum   maximum
------------------------------------------------------------------------------------
     1740    10.875 |   52.1147777 |    0.4345617    0.9989338 |       421       520
     1741    10.881 |   52.1158246 |    0.4345656    0.9989338 |       421       520
     1742    10.888 |   52.1279905 |    0.4345695    0.9989338 |       421       520
     1743    10.894 |   52.1375352 |    0.4345734    0.9989338 |       421       520
     1744    10.900 |   52.1416230 |    0.4345773    0.9989338 |       421       520
     1745    10.906 |   52.1253160 |    0.4345812    0.9989338 |       421       520
     1746    10.913 |   52.1374891 |    0.4345850    0.9989338 |       421       520
     1747    10.919 |   52.1471328 |    0.4345889    0.9989338 |       421       520
     1748    10.925 |   52.1564699 |    0.4345927    0.9989338 |       421       520
     1749    10.931 |   52.1573899 |    0.4345965    0.9989338 |       421       520
     1750    10.938 |   52.1695118 |    0.4346003    0.9989338 |       421       520
     1751    10.944 |   52.1791335 |    0.4346040    0.9989338 |       421       520
     1752    10.950 |   52.1859244 |    0.4346078    0.9989338 |       421       520
     1753    10.956 |   52.1755043 |    0.4346115    0.9989338 |       421       520
     1754    10.963 |   52.1809682 |    0.4346153    0.9989338 |       421       520
     1755    10.969 |   52.1864353 |    0.4346190    0.9989338 |       421       520
     1756    10.975 |   52.1771553 |    0.4346227    0.9989338 |       421       520
     1757    10.981 |   52.1576459 |    0.4346263    0.9989338 |       421       520
     1758    10.988 |   52.1543485 |    0.4346300    0.9989338 |       421       520
     1759    10.994 |   52.1615056 |    0.4346336    0.9989338 |       421       520
------------------------------------------------------------------------------------
Iteration      Time | *me_per_hour |     LEANBSSNMOL::conf_fac | *TISTICS::maxrss_mb
                    |              |      minimum      maximum |   minimum   maximum
------------------------------------------------------------------------------------
     1760    11.000 |   52.1630147 |    0.4346373    0.9989338 |       421       520
     1761    11.006 |   52.1383033 |    0.4346409    0.9989338 |       421       520
     1762    11.013 |   52.1503694 |    0.4346445    0.9989338 |       421       520
     1763    11.019 |   52.1599733 |    0.4346481    0.9989338 |       421       520
     1764    11.025 |   52.1693625 |    0.4346516    0.9989338 |       421       520
     1765    11.031 |   52.1702245 |    0.4346552    0.9989338 |       421       520
     1766    11.038 |   52.1822171 |    0.4346587    0.9989338 |       421       520
     1767    11.044 |   52.1917859 |    0.4346622    0.9989338 |       421       520
     1768    11.050 |   52.1985755 |    0.4346657    0.9989338 |       421       520
     1769    11.056 |   52.1910693 |    0.4346692    0.9989338 |       421       520
     1770    11.062 |   52.2029958 |    0.4346727    0.9989338 |       421       520
     1771    11.069 |   52.2125334 |    0.4346761    0.9989338 |       421       520
     1772    11.075 |   52.2217967 |    0.4346796    0.9989338 |       421       520
     1773    11.081 |   52.2226533 |    0.4346830    0.9989338 |       421       520
     1774    11.088 |   52.2346003 |    0.4346864    0.9989338 |       421       520
     1775    11.094 |   52.2441164 |    0.4346898    0.9989338 |       421       520
     1776    11.100 |   52.2478167 |    0.4346932    0.9989338 |       421       520
     1777    11.106 |   52.2315895 |    0.4346965    0.9989338 |       421       520
     1778    11.113 |   52.2434969 |    0.4346999    0.9989338 |       421       520
     1779    11.119 |   52.2527284 |    0.4347032    0.9989338 |       421       520
------------------------------------------------------------------------------------
Iteration      Time | *me_per_hour |     LEANBSSNMOL::conf_fac | *TISTICS::maxrss_mb
                    |              |      minimum      maximum |   minimum   maximum
------------------------------------------------------------------------------------
     1780    11.125 |   52.2620073 |    0.4347065    0.9989338 |       421       520
     1781    11.131 |   52.2629548 |    0.4347098    0.9989338 |       421       520
     1782    11.138 |   52.2747379 |    0.4347131    0.9989338 |       421       520
     1783    11.144 |   52.2837864 |    0.4347164    0.9989338 |       421       520
     1784    11.150 |   52.2880900 |    0.4347196    0.9989338 |       421       520
     1785    11.156 |   52.2798587 |    0.4347229    0.9989338 |       421       520
     1786    11.163 |   52.2916147 |    0.4347261    0.9989338 |       421       520
     1787    11.169 |   52.3003337 |    0.4347293    0.9989338 |       421       520
     1788    11.175 |   52.3080842 |    0.4347325    0.9989338 |       421       520
     1789    11.181 |   52.3087516 |    0.4347356    0.9989338 |       421       520
     1790    11.188 |   52.3200986 |    0.4347388    0.9989338 |       421       520
     1791    11.194 |   52.3160505 |    0.4347419    0.9989338 |       421       520
     1792    11.200 |   52.2969256 |    0.4347451    0.9989338 |       421       520
     1793    11.206 |   52.2468235 |    0.4347482    0.9989338 |       421       520
     1794    11.213 |   52.2465700 |    0.4347513    0.9989338 |       421       520
     1795    11.219 |   52.2465024 |    0.4347543    0.9989338 |       421       520
     1796    11.225 |   52.2415027 |    0.4347574    0.9989338 |       421       520
     1797    11.231 |   52.2307517 |    0.4347604    0.9989338 |       421       520
     1798    11.238 |   52.2269668 |    0.4347635    0.9989338 |       421       520
     1799    11.244 |   52.2243432 |    0.4347665    0.9989338 |       421       520
------------------------------------------------------------------------------------
Iteration      Time | *me_per_hour |     LEANBSSNMOL::conf_fac | *TISTICS::maxrss_mb
                    |              |      minimum      maximum |   minimum   maximum
------------------------------------------------------------------------------------
     1800    11.250 |   52.2114713 |    0.4347695    0.9989338 |       421       520
     1801    11.256 |   52.1799262 |    0.4347725    0.9989338 |       421       520
     1802    11.263 |   52.1768096 |    0.4347755    0.9989338 |       421       520
     1803    11.269 |   52.1794878 |    0.4347784    0.9989338 |       421       520
     1804    11.275 |   52.1886843 |    0.4347813    0.9989338 |       421       520
     1805    11.281 |   52.1899211 |    0.4347843    0.9989338 |       421       520
     1806    11.288 |   52.2016561 |    0.4347872    0.9989338 |       421       520
     1807    11.294 |   52.2110255 |    0.4347901    0.9989338 |       421       520
     1808    11.300 |   52.2151361 |    0.4347929    0.9989338 |       421       520
     1809    11.306 |   52.1978384 |    0.4347958    0.9989338 |       421       520
     1810    11.312 |   52.2096476 |    0.4347987    0.9989338 |       421       520
     1811    11.319 |   52.2190559 |    0.4348015    0.9989338 |       421       520
     1812    11.325 |   52.2276799 |    0.4348043    0.9989338 |       421       520
     1813    11.331 |   52.2286959 |    0.4348071    0.9989338 |       421       520
     1814    11.338 |   52.2404249 |    0.4348099    0.9989338 |       421       520
     1815    11.344 |   52.2498092 |    0.4348127    0.9989338 |       421       520
     1816    11.350 |   52.2564508 |    0.4348154    0.9989338 |       421       520
     1817    11.356 |   52.2492966 |    0.4348181    0.9989338 |       421       520
     1818    11.363 |   52.2610062 |    0.4348209    0.9989338 |       421       520
     1819    11.369 |   52.2702978 |    0.4348236    0.9989338 |       421       520
------------------------------------------------------------------------------------
Iteration      Time | *me_per_hour |     LEANBSSNMOL::conf_fac | *TISTICS::maxrss_mb
                    |              |      minimum      maximum |   minimum   maximum
------------------------------------------------------------------------------------
     1820    11.375 |   52.2793890 |    0.4348263    0.9989338 |       421       520
     1821    11.381 |   52.2806188 |    0.4348289    0.9989338 |       421       520
     1822    11.388 |   52.2923115 |    0.4348316    0.9989338 |       421       520
     1823    11.394 |   52.3015974 |    0.4348343    0.9989338 |       421       520
     1824    11.400 |   52.3029369 |    0.4348369    0.9989338 |       421       520
     1825    11.406 |   52.2792961 |    0.4348395    0.9989338 |       421       520
     1826    11.413 |   52.2897257 |    0.4348421    0.9989338 |       421       520
     1827    11.419 |   52.2986767 |    0.4348447    0.9989338 |       421       520
     1828    11.425 |   52.3077531 |    0.4348473    0.9989338 |       421       520
     1829    11.431 |   52.3088793 |    0.4348498    0.9989338 |       421       520
     1830    11.438 |   52.3205134 |    0.4348523    0.9989338 |       421       520
     1831    11.444 |   52.3297527 |    0.4348549    0.9989338 |       421       520
     1832    11.450 |   52.3362496 |    0.4348574    0.9989338 |       421       520
     1833    11.456 |   52.3290707 |    0.4348599    0.9989338 |       421       520
     1834    11.463 |   52.3407096 |    0.4348624    0.9989338 |       421       520
     1835    11.469 |   52.3499174 |    0.4348648    0.9989338 |       421       520
     1836    11.475 |   52.3518828 |    0.4348673    0.9989338 |       421       520
     1837    11.481 |   52.3527186 |    0.4348697    0.9989338 |       421       520
     1838    11.488 |   52.3642902 |    0.4348721    0.9989338 |       421       520
     1839    11.494 |   52.3734593 |    0.4348745    0.9989338 |       421       520
------------------------------------------------------------------------------------
Iteration      Time | *me_per_hour |     LEANBSSNMOL::conf_fac | *TISTICS::maxrss_mb
                    |              |      minimum      maximum |   minimum   maximum
------------------------------------------------------------------------------------
     1840    11.500 |   52.3773439 |    0.4348769    0.9989338 |       421       520
     1841    11.506 |   52.3620027 |    0.4348793    0.9989338 |       421       520
     1842    11.513 |   52.3735182 |    0.4348816    0.9989338 |       421       520
     1843    11.519 |   52.3826433 |    0.4348840    0.9989338 |       421       520
     1844    11.525 |   52.3915132 |    0.4348863    0.9989338 |       421       520
     1845    11.531 |   52.3925776 |    0.4348886    0.9989338 |       421       520
     1846    11.538 |   52.4041386 |    0.4348909    0.9989338 |       421       520
     1847    11.544 |   52.4133637 |    0.4348932    0.9989338 |       421       520
     1848    11.550 |   52.4197815 |    0.4348955    0.9989338 |       421       520
     1849    11.556 |   52.4125543 |    0.4348977    0.9989338 |       421       520
     1850    11.562 |   52.4238738 |    0.4348999    0.9989338 |       421       520
     1851    11.569 |   52.4329079 |    0.4349022    0.9989338 |       421       520
     1852    11.575 |   52.4418918 |    0.4349044    0.9989338 |       421       520
     1853    11.581 |   52.4429171 |    0.4349066    0.9989338 |       421       520
     1854    11.588 |   52.4543396 |    0.4349087    0.9989338 |       421       520
     1855    11.594 |   52.4634778 |    0.4349109    0.9989338 |       421       520
     1856    11.600 |   52.4623599 |    0.4349130    0.9989338 |       421       520
     1857    11.606 |   52.4305595 |    0.4349152    0.9989338 |       421       520
     1858    11.613 |   52.4419478 |    0.4349173    0.9989338 |       421       520
     1859    11.619 |   52.4511093 |    0.4349194    0.9989338 |       421       520
------------------------------------------------------------------------------------
Iteration      Time | *me_per_hour |     LEANBSSNMOL::conf_fac | *TISTICS::maxrss_mb
                    |              |      minimum      maximum |   minimum   maximum
------------------------------------------------------------------------------------
     1860    11.625 |   52.4599561 |    0.4349215    0.9989338 |       421       520
     1861    11.631 |   52.4608437 |    0.4349235    0.9989338 |       421       520
     1862    11.638 |   52.4723367 |    0.4349256    0.9989338 |       421       520
     1863    11.644 |   52.4813974 |    0.4349276    0.9989338 |       421       520
     1864    11.650 |   52.4877028 |    0.4349297    0.9989338 |       421       520
     1865    11.656 |   52.4806373 |    0.4349317    0.9989338 |       421       520
     1866    11.663 |   52.4920009 |    0.4349337    0.9989338 |       421       520
     1867    11.669 |   52.5009214 |    0.4349357    0.9989338 |       421       520
     1868    11.675 |   52.5095963 |    0.4349376    0.9989338 |       421       520
     1869    11.681 |   52.5090804 |    0.4349396    0.9989338 |       421       520
     1870    11.688 |   52.5203347 |    0.4349415    0.9989338 |       421       520
     1871    11.694 |   52.5284556 |    0.4349434    0.9989338 |       421       520
     1872    11.700 |   52.5323242 |    0.4349453    0.9989338 |       421       520
     1873    11.706 |   52.5169391 |    0.4349472    0.9989338 |       421       520
     1874    11.713 |   52.5282720 |    0.4349491    0.9989338 |       421       520
     1875    11.719 |   52.5371741 |    0.4349510    0.9989338 |       421       520
     1876    11.725 |   52.5457572 |    0.4349528    0.9989338 |       421       520
     1877    11.731 |   52.5466519 |    0.4349547    0.9989338 |       421       520
     1878    11.738 |   52.5578873 |    0.4349565    0.9989338 |       421       520
     1879    11.744 |   52.5668785 |    0.4349583    0.9989338 |       421       520
------------------------------------------------------------------------------------
Iteration      Time | *me_per_hour |     LEANBSSNMOL::conf_fac | *TISTICS::maxrss_mb
                    |              |      minimum      maximum |   minimum   maximum
------------------------------------------------------------------------------------
     1880    11.750 |   52.5730085 |    0.4349601    0.9989338 |       421       520
     1881    11.756 |   52.5658462 |    0.4349619    0.9989338 |       421       520
     1882    11.763 |   52.5771694 |    0.4349636    0.9989338 |       421       520
     1883    11.769 |   52.5859300 |    0.4349654    0.9989338 |       421       520
     1884    11.775 |   52.5947148 |    0.4349671    0.9989338 |       421       520
     1885    11.781 |   52.5954068 |    0.4349688    0.9989338 |       421       520
     1886    11.788 |   52.6067023 |    0.4349705    0.9989338 |       421       520
     1887    11.794 |   52.6156127 |    0.4349722    0.9989338 |       421       520
     1888    11.800 |   52.6078785 |    0.4349739    0.9989338 |       421       520
     1889    11.806 |   52.5819081 |    0.4349756    0.9989338 |       421       520
     1890    11.812 |   52.5929993 |    0.4349772    0.9989338 |       421       520
     1891    11.819 |   52.6019918 |    0.4349789    0.9989338 |       421       520
     1892    11.825 |   52.6106101 |    0.4349805    0.9989338 |       421       520
     1893    11.831 |   52.6114809 |    0.4349821    0.9989338 |       421       520
     1894    11.838 |   52.6226905 |    0.4349837    0.9989338 |       421       520
     1895    11.844 |   52.6315355 |    0.4349853    0.9989338 |       421       520
     1896    11.850 |   52.6371717 |    0.4349869    0.9989338 |       421       520
     1897    11.856 |   52.6281756 |    0.4349884    0.9989338 |       421       520
     1898    11.863 |   52.6387472 |    0.4349900    0.9989338 |       421       520
     1899    11.869 |   52.6395975 |    0.4349915    0.9989338 |       421       520
------------------------------------------------------------------------------------
Iteration      Time | *me_per_hour |     LEANBSSNMOL::conf_fac | *TISTICS::maxrss_mb
                    |              |      minimum      maximum |   minimum   maximum
------------------------------------------------------------------------------------
     1900    11.875 |   52.6357065 |    0.4349930    0.9989338 |       421       520
     1901    11.881 |   52.6360642 |    0.4349945    0.9989338 |       421       520
     1902    11.888 |   52.6472010 |    0.4349960    0.9989338 |       421       520
     1903    11.894 |   52.6556126 |    0.4349975    0.9989338 |       421       520
     1904    11.900 |   52.6584809 |    0.4349990    0.9989338 |       421       520
     1905    11.906 |   52.6422941 |    0.4350004    0.9989338 |       421       520
     1906    11.913 |   52.6533353 |    0.4350019    0.9989338 |       421       520
     1907    11.919 |   52.6617324 |    0.4350033    0.9989338 |       421       520
     1908    11.925 |   52.6703109 |    0.4350047    0.9989338 |       421       520
     1909    11.931 |   52.6710916 |    0.4350061    0.9989338 |       421       520
     1910    11.938 |   52.6656052 |    0.4350075    0.9989338 |       421       520
     1911    11.944 |   52.6606396 |    0.4350089    0.9989338 |       421       520
     1912    11.950 |   52.6513208 |    0.4350102    0.9989338 |       421       520
     1913    11.956 |   52.6442014 |    0.4350116    0.9989338 |       421       520
     1914    11.963 |   52.6553602 |    0.4350129    0.9989338 |       421       520
     1915    11.969 |   52.6640316 |    0.4350143    0.9989338 |       421       520
     1916    11.975 |   52.6724956 |    0.4350156    0.9989338 |       421       520
     1917    11.981 |   52.6733385 |    0.4350169    0.9989338 |       421       520
     1918    11.988 |   52.6844108 |    0.4350182    0.9989338 |       421       520
     1919    11.994 |   52.6931707 |    0.4350194    0.9989338 |       421       520
------------------------------------------------------------------------------------
Iteration      Time | *me_per_hour |     LEANBSSNMOL::conf_fac | *TISTICS::maxrss_mb
                    |              |      minimum      maximum |   minimum   maximum
------------------------------------------------------------------------------------
     1920    12.000 |   52.6671186 |    0.4350207    0.9989338 |       421       520
     1921    12.006 |   52.5848051 |    0.4350220    0.9989338 |       421       520
     1922    12.013 |   52.5791819 |    0.4350232    0.9989338 |       421       520
     1923    12.019 |   52.5794121 |    0.4350244    0.9989338 |       421       520
     1924    12.025 |   52.5785292 |    0.4350257    0.9989338 |       421       520
     1925    12.031 |   52.5622039 |    0.4350269    0.9989338 |       421       520
     1926    12.038 |   52.5655393 |    0.4350281    0.9989338 |       421       520
     1927    12.044 |   52.5742599 |    0.4350293    0.9989338 |       421       520
     1928    12.050 |   52.5803150 |    0.4350304    0.9989338 |       421       520
     1929    12.056 |   52.5731411 |    0.4350316    0.9989338 |       421       520
     1930    12.062 |   52.5840142 |    0.4350327    0.9989338 |       421       520
     1931    12.069 |   52.5926692 |    0.4350339    0.9989338 |       421       520
     1932    12.075 |   52.6010986 |    0.4350350    0.9989338 |       421       520
     1933    12.081 |   52.6018072 |    0.4350361    0.9989338 |       421       520
     1934    12.088 |   52.6127237 |    0.4350372    0.9989338 |       421       520
     1935    12.094 |   52.6213314 |    0.4350383    0.9989338 |       421       520
     1936    12.100 |   52.6248945 |    0.4350394    0.9989338 |       421       520
     1937    12.106 |   52.6098283 |    0.4350404    0.9989338 |       421       520
     1938    12.113 |   52.6206201 |    0.4350415    0.9989338 |       421       520
     1939    12.119 |   52.6292470 |    0.4350425    0.9989338 |       421       520
------------------------------------------------------------------------------------
Iteration      Time | *me_per_hour |     LEANBSSNMOL::conf_fac | *TISTICS::maxrss_mb
                    |              |      minimum      maximum |   minimum   maximum
------------------------------------------------------------------------------------
     1940    12.125 |   52.6376824 |    0.4350436    0.9989338 |       421       520
     1941    12.131 |   52.6383161 |    0.4350446    0.9989338 |       421       520
     1942    12.138 |   52.6491352 |    0.4350456    0.9989338 |       421       520
     1943    12.144 |   52.6577212 |    0.4350466    0.9989338 |       421       520
     1944    12.150 |   52.6629325 |    0.4350476    0.9989338 |       421       520
     1945    12.156 |   52.6430611 |    0.4350486    0.9989338 |       421       520
     1946    12.163 |   52.6393933 |    0.4350495    0.9989338 |       421       520
     1947    12.169 |   52.6479220 |    0.4350505    0.9989338 |       421       520
     1948    12.175 |   52.6562998 |    0.4350514    0.9989338 |       421       520
     1949    12.181 |   52.6569847 |    0.4350523    0.9989338 |       421       520
     1950    12.188 |   52.6678047 |    0.4350533    0.9989338 |       421       520
     1951    12.194 |   52.6763646 |    0.4350542    0.9989338 |       421       520
     1952    12.200 |   52.6775848 |    0.4350550    0.9989338 |       421       520
     1953    12.206 |   52.6547710 |    0.4350559    0.9989338 |       421       520
     1954    12.213 |   52.6655394 |    0.4350568    0.9989338 |       421       520
     1955    12.219 |   52.6741102 |    0.4350577    0.9989338 |       421       520
     1956    12.225 |   52.6824430 |    0.4350585    0.9989338 |       421       520
     1957    12.231 |   52.6830510 |    0.4350593    0.9989338 |       421       520
     1958    12.238 |   52.6938514 |    0.4350602    0.9989338 |       421       520
     1959    12.244 |   52.7024044 |    0.4350610    0.9989338 |       421       520
------------------------------------------------------------------------------------
Iteration      Time | *me_per_hour |     LEANBSSNMOL::conf_fac | *TISTICS::maxrss_mb
                    |              |      minimum      maximum |   minimum   maximum
------------------------------------------------------------------------------------
     1960    12.250 |   52.7083745 |    0.4350618    0.9989338 |       421       520
     1961    12.256 |   52.7011476 |    0.4350626    0.9989338 |       421       520
     1962    12.263 |   52.7102844 |    0.4350634    0.9989338 |       421       520
     1963    12.269 |   52.7187893 |    0.4350641    0.9989338 |       421       520
     1964    12.275 |   52.7270530 |    0.4350649    0.9989338 |       421       520
     1965    12.281 |   52.7276496 |    0.4350656    0.9989338 |       421       520
     1966    12.288 |   52.7383855 |    0.4350664    0.9989338 |       421       520
     1967    12.294 |   52.7469029 |    0.4350671    0.9989338 |       421       520
     1968    12.300 |   52.7502625 |    0.4350678    0.9989338 |       421       520
     1969    12.306 |   52.7352059 |    0.4350685    0.9989338 |       421       520
     1970    12.312 |   52.7459040 |    0.4350692    0.9989338 |       421       520
     1971    12.319 |   52.7543511 |    0.4350699    0.9989338 |       421       520
     1972    12.325 |   52.7626173 |    0.4350706    0.9989338 |       421       520
     1973    12.331 |   52.7632258 |    0.4350712    0.9989338 |       421       520
     1974    12.338 |   52.7739034 |    0.4350719    0.9989338 |       421       520
     1975    12.344 |   52.7823280 |    0.4350725    0.9989338 |       421       520
     1976    12.350 |   52.7882276 |    0.4350731    0.9989338 |       421       520
     1977    12.356 |   52.7809335 |    0.4350738    0.9989338 |       421       520
     1978    12.363 |   52.7916625 |    0.4350744    0.9989338 |       421       520
     1979    12.369 |   52.8001531 |    0.4350750    0.9989338 |       421       520
------------------------------------------------------------------------------------
Iteration      Time | *me_per_hour |     LEANBSSNMOL::conf_fac | *TISTICS::maxrss_mb
                    |              |      minimum      maximum |   minimum   maximum
------------------------------------------------------------------------------------
     1980    12.375 |   52.8080665 |    0.4350756    0.9989338 |       421       520
     1981    12.381 |   52.8086585 |    0.4350761    0.9989338 |       421       520
     1982    12.388 |   52.8193341 |    0.4350767    0.9989338 |       421       520
     1983    12.394 |   52.8276685 |    0.4350773    0.9989338 |       421       520
     1984    12.400 |   52.8263621 |    0.4350778    0.9989338 |       421       520
     1985    12.406 |   52.7952898 |    0.4350784    0.9989338 |       421       520
     1986    12.413 |   52.7941510 |    0.4350789    0.9989338 |       421       520
     1987    12.419 |   52.7932018 |    0.4350794    0.9989338 |       421       520
     1988    12.425 |   52.7773248 |    0.4350799    0.9989338 |       421       520
     1989    12.431 |   52.7651656 |    0.4350804    0.9989338 |       421       520
     1990    12.438 |   52.7604355 |    0.4350809    0.9989338 |       421       520
     1991    12.444 |   52.7599512 |    0.4350814    0.9989338 |       421       520
     1992    12.450 |   52.7636255 |    0.4350819    0.9989338 |       421       520
     1993    12.456 |   52.7561546 |    0.4350824    0.9989338 |       421       520
     1994    12.463 |   52.7666479 |    0.4350828    0.9989338 |       421       520
     1995    12.469 |   52.7750169 |    0.4350833    0.9989338 |       421       520
     1996    12.475 |   52.7830287 |    0.4350837    0.9989338 |       421       520
     1997    12.481 |   52.7836783 |    0.4350841    0.9989338 |       421       520
     1998    12.488 |   52.7942360 |    0.4350846    0.9989338 |       421       520
     1999    12.494 |   52.8026141 |    0.4350850    0.9989338 |       421       520
------------------------------------------------------------------------------------
Iteration      Time | *me_per_hour |     LEANBSSNMOL::conf_fac | *TISTICS::maxrss_mb
                    |              |      minimum      maximum |   minimum   maximum
------------------------------------------------------------------------------------
     2000    12.500 |   52.8043508 |    0.4350854    0.9989338 |       421       520
     2001    12.506 |   52.7895294 |    0.4350858    0.9989338 |       421       520
     2002    12.513 |   52.8000818 |    0.4350862    0.9989338 |       421       520
     2003    12.519 |   52.8084171 |    0.4350865    0.9989338 |       421       520
     2004    12.525 |   52.8164641 |    0.4350869    0.9989338 |       421       520
     2005    12.531 |   52.8166936 |    0.4350873    0.9989338 |       421       520
     2006    12.538 |   52.8271729 |    0.4350876    0.9989338 |       421       520
     2007    12.544 |   52.8353424 |    0.4350880    0.9989338 |       421       520
     2008    12.550 |   52.8411307 |    0.4350883    0.9989338 |       421       520
     2009    12.556 |   52.8341180 |    0.4350886    0.9989338 |       421       520
     2010    12.562 |   52.8445933 |    0.4350889    0.9989338 |       421       520
     2011    12.569 |   52.8528925 |    0.4350892    0.9989338 |       421       520
     2012    12.575 |   52.8610161 |    0.4350895    0.9989338 |       421       520
     2013    12.581 |   52.8615975 |    0.4350898    0.9989338 |       421       520
     2014    12.588 |   52.8720569 |    0.4350901    0.9989338 |       421       520
     2015    12.594 |   52.8803334 |    0.4350904    0.9989338 |       421       520
     2016    12.600 |   52.8814603 |    0.4350907    0.9989338 |       421       520
     2017    12.606 |   52.8590861 |    0.4350909    0.9989338 |       421       520
     2018    12.613 |   52.8694421 |    0.4350912    0.9989338 |       421       520
     2019    12.619 |   52.8777271 |    0.4350914    0.9989338 |       421       520
------------------------------------------------------------------------------------
Iteration      Time | *me_per_hour |     LEANBSSNMOL::conf_fac | *TISTICS::maxrss_mb
                    |              |      minimum      maximum |   minimum   maximum
------------------------------------------------------------------------------------
     2020    12.625 |   52.8829276 |    0.4350917    0.9989338 |       421       520
     2021    12.631 |   52.8822404 |    0.4350919    0.9989338 |       421       520
     2022    12.638 |   52.8926348 |    0.4350921    0.9989338 |       421       520
     2023    12.644 |   52.9008213 |    0.4350923    0.9989338 |       421       520
     2024    12.650 |   52.9048285 |    0.4350925    0.9989338 |       421       520
     2025    12.656 |   52.8975502 |    0.4350927    0.9989338 |       421       520
     2026    12.663 |   52.8954324 |    0.4350929    0.9989338 |       421       520
     2027    12.669 |   52.8940821 |    0.4350931    0.9989338 |       421       520
     2028    12.675 |   52.8849756 |    0.4350933    0.9989338 |       421       520
     2029    12.681 |   52.8706784 |    0.4350934    0.9989338 |       421       520
     2030    12.688 |   52.8671928 |    0.4350936    0.9989338 |       421       520
     2031    12.694 |   52.8623091 |    0.4350938    0.9989338 |       421       520
     2032    12.700 |   52.8492265 |    0.4350939    0.9989338 |       421       520
     2033    12.706 |   52.8202900 |    0.4350940    0.9989338 |       421       520
     2034    12.713 |   52.8205874 |    0.4350942    0.9989338 |       421       520
     2035    12.719 |   52.8200445 |    0.4350943    0.9989338 |       421       520
     2036    12.725 |   52.8133536 |    0.4350944    0.9989338 |       421       520
     2037    12.731 |   52.8028071 |    0.4350945    0.9989338 |       421       520
     2038    12.738 |   52.7987756 |    0.4350946    0.9989338 |       421       520
     2039    12.744 |   52.7997712 |    0.4350947    0.9989338 |       421       520
------------------------------------------------------------------------------------
Iteration      Time | *me_per_hour |     LEANBSSNMOL::conf_fac | *TISTICS::maxrss_mb
                    |              |      minimum      maximum |   minimum   maximum
------------------------------------------------------------------------------------
     2040    12.750 |   52.8051687 |    0.4350948    0.9989338 |       421       520
     2041    12.756 |   52.7946882 |    0.4350949    0.9989338 |       421       520
     2042    12.763 |   52.8048060 |    0.4350949    0.9989338 |       421       520
     2043    12.769 |   52.8130004 |    0.4350950    0.9989338 |       421       520
     2044    12.775 |   52.8078005 |    0.4350951    0.9989338 |       421       520
     2045    12.781 |   52.7966527 |    0.4350951    0.9989338 |       421       520
     2046    12.788 |   52.8052785 |    0.4350951    0.9989338 |       421       520
     2047    12.794 |   52.8130963 |    0.4350952    0.9989338 |       421       520
INFO (AHFinderDirect): proc 0: searching for horizon 1/6
INFO (AHFinderDirect): AH 2/6: r=29.5261 at (-0.001000,-0.000000,0.000000)
INFO (AHFinderDirect): AH 2/6: area=11309.73253 m_irreducible=14.99999932
INFO (AHFinderDirect): AH 3/6: r=79.5265 at (-0.001000,0.000000,0.000000)
INFO (AHFinderDirect): AH 3/6: area=80424.77189 m_irreducible=39.99999999
INFO (AHFinderDirect): AH 4/6: r=99.5266 at (-0.001000,0.000000,0.000000)
INFO (AHFinderDirect): AH 4/6: area=125663.7061 m_irreducible=50
INFO (AHFinderDirect): AH 5/6: r=179.527 at (-0.001000,-0.000000,-0.000000)
INFO (AHFinderDirect): AH 5/6: area=407150.4079 m_irreducible=90
INFO (AHFinderDirect): AH 6/6: r=239.527 at (-0.001000,0.000000,-0.000000)
INFO (AHFinderDirect): AH 6/6: area=723822.9474 m_irreducible=120
INFO (AHFinderDirect): AH 1/6: r=0.363125 at (-0.000999,0.000000,0.000000)
INFO (AHFinderDirect): AH 1/6: area=8.579908345 m_irreducible=0.4131487057
INFO (QuasiLocalMeasures): Calculating quasi-local quantities for surface    0
INFO (QuasiLocalMeasures): Importing from spherical surface    0
INFO (QuasiLocalMeasures): Geometric quantities for surface    0:
INFO (QuasiLocalMeasures):    Area A:                            8.57989
INFO (QuasiLocalMeasures):    Irreducible mass M = R/2:         0.413148
INFO (QuasiLocalMeasures):    Areal radius R = sqrt(A/4pi):     0.826297
INFO (QuasiLocalMeasures): Coordinate-dependent quantities for surface    0:
INFO (QuasiLocalMeasures):    Equatorial circumference:             5.19174
INFO (QuasiLocalMeasures):    Polar circumference at phi=0:         5.19104
INFO (QuasiLocalMeasures):    Polar circumference at phi=pi/2:      5.19168
INFO (QuasiLocalMeasures):    No valid spin guess from distortion.
INFO (QuasiLocalMeasures):    (Spin guess is imaginary.)
INFO (QuasiLocalMeasures):    Magnitude of invalid spin guess:     0.125242E-02
INFO (QuasiLocalMeasures):    Mass guess M from distortion:        0.413146
INFO (QuasiLocalMeasures): Isolated Horizon quantities for surface    0:
INFO (QuasiLocalMeasures):    Killing vector field eigenvalue norm:      1.00000
INFO (QuasiLocalMeasures):    Spin J:                                   0.178911E-15
INFO (QuasiLocalMeasures):    Kerr spin parameter a = J/M:              0.433044E-15
INFO (QuasiLocalMeasures):    Dimensionless spin parameter a = J/M^2:   0.104816E-14
INFO (QuasiLocalMeasures):    Spin J from NP:                           0.350305E-15
INFO (QuasiLocalMeasures):    Spin J from phi-coordinate-vector:         0.00000
INFO (QuasiLocalMeasures):    Mass M:                                   0.413148
INFO (QuasiLocalMeasures): Global quantities for surface    0:
INFO (QuasiLocalMeasures):    ADM energy:                 -1.10918
INFO (QuasiLocalMeasures):    ADM momentum x:             0.263776E-06
INFO (QuasiLocalMeasures):    ADM momentum y:             0.148710E-15
INFO (QuasiLocalMeasures):    ADM momentum z:            -0.554447E-16
INFO (QuasiLocalMeasures):    ADM angular momentum x:     0.216976E-19
INFO (QuasiLocalMeasures):    ADM angular momentum y:    -0.211408E-18
INFO (QuasiLocalMeasures):    ADM angular momentum z:     0.369772E-16
INFO (QuasiLocalMeasures):    Weinberg energy:                  2.69003
INFO (QuasiLocalMeasures):    Weinberg momentum x:             0.137600E-05
INFO (QuasiLocalMeasures):    Weinberg momentum y:             0.224638E-16
INFO (QuasiLocalMeasures):    Weinberg momentum z:            -0.894467E-18
INFO (QuasiLocalMeasures):    Weinberg angular momentum x:    -0.468532E-20
INFO (QuasiLocalMeasures):    Weinberg angular momentum y:    -0.417237E-18
INFO (QuasiLocalMeasures):    Weinberg angular momentum z:     0.175860E-15
     2048    12.800 |   52.3197080 |    0.4376433    0.9989338 |       421       520
     2049    12.806 |   52.2089033 |    0.4376433    0.9989338 |       421       520
     2050    12.812 |   52.2193016 |    0.4376434    0.9989338 |       421       520
     2051    12.819 |   52.2275624 |    0.4376434    0.9989338 |       421       520
     2052    12.825 |   52.2356573 |    0.4376434    0.9989338 |       421       520
     2053    12.831 |   52.2362439 |    0.4376434    0.9989338 |       421       520
     2054    12.838 |   52.2465761 |    0.4376434    0.9989338 |       421       520
     2055    12.844 |   52.2547731 |    0.4376434    0.9989338 |       421       520
     2056    12.850 |   52.2604047 |    0.4376434    0.9989338 |       421       520
     2057    12.856 |   52.2540472 |    0.4376434    0.9989338 |       421       520
     2058    12.863 |   52.2642868 |    0.4376434    0.9989338 |       421       520
     2059    12.869 |   52.2723972 |    0.4376434    0.9989338 |       421       520
------------------------------------------------------------------------------------
Iteration      Time | *me_per_hour |     LEANBSSNMOL::conf_fac | *TISTICS::maxrss_mb
                    |              |      minimum      maximum |   minimum   maximum
------------------------------------------------------------------------------------
     2060    12.875 |   52.2804121 |    0.4376433    0.9989338 |       421       520
     2061    12.881 |   52.2813646 |    0.4376433    0.9989338 |       421       520
     2062    12.888 |   52.2916588 |    0.4376432    0.9989338 |       421       520
     2063    12.894 |   52.2999001 |    0.4376432    0.9989338 |       421       520
     2064    12.900 |   52.3034994 |    0.4376431    0.9989338 |       421       520
     2065    12.906 |   52.2897223 |    0.4376431    0.9989338 |       421       520
     2066    12.913 |   52.3000010 |    0.4376430    0.9989338 |       421       520
     2067    12.919 |   52.3080297 |    0.4376429    0.9989338 |       421       520
     2068    12.925 |   52.3159496 |    0.4376428    0.9989338 |       421       520
     2069    12.931 |   52.3168355 |    0.4376428    0.9989338 |       421       520
     2070    12.938 |   52.3270469 |    0.4376427    0.9989338 |       421       520
     2071    12.944 |   52.3351199 |    0.4376426    0.9989338 |       421       520
     2072    12.950 |   52.3405985 |    0.4376425    0.9989338 |       421       520
     2073    12.956 |   52.3337149 |    0.4376424    0.9989338 |       421       520
     2074    12.963 |   52.3438465 |    0.4376422    0.9989338 |       421       520
     2075    12.969 |   52.3518325 |    0.4376421    0.9989338 |       421       520
     2076    12.975 |   52.3592865 |    0.4376420    0.9989338 |       421       520
     2077    12.981 |   52.3601259 |    0.4376419    0.9989338 |       421       520
     2078    12.988 |   52.3701785 |    0.4376417    0.9989338 |       421       520
     2079    12.994 |   52.3782824 |    0.4376416    0.9989338 |       421       520
------------------------------------------------------------------------------------
Iteration      Time | *me_per_hour |     LEANBSSNMOL::conf_fac | *TISTICS::maxrss_mb
                    |              |      minimum      maximum |   minimum   maximum
------------------------------------------------------------------------------------
     2080    13.000 |   52.3795474 |    0.4376414    0.9989338 |       421       520
     2081    13.006 |   52.3585989 |    0.4376413    0.9989338 |       421       520
     2082    13.013 |   52.3688424 |    0.4376411    0.9989338 |       421       520
     2083    13.019 |   52.3767414 |    0.4376410    0.9989338 |       421       520
     2084    13.025 |   52.3846352 |    0.4376408    0.9989338 |       421       520
     2085    13.031 |   52.3855258 |    0.4376406    0.9989338 |       421       520
     2086    13.038 |   52.3950183 |    0.4376405    0.9989338 |       421       520
     2087    13.044 |   52.4031118 |    0.4376403    0.9989338 |       421       520
     2088    13.050 |   52.4086697 |    0.4376401    0.9989338 |       421       520
     2089    13.056 |   52.4022425 |    0.4376399    0.9989338 |       421       520
     2090    13.062 |   52.4123427 |    0.4376397    0.9989338 |       421       520
     2091    13.069 |   52.4189515 |    0.4376395    0.9989338 |       421       520
     2092    13.075 |   52.4266452 |    0.4376393    0.9989338 |       421       520
     2093    13.081 |   52.4274397 |    0.4376391    0.9989338 |       421       520
     2094    13.088 |   52.4375452 |    0.4376389    0.9989338 |       421       520
     2095    13.094 |   52.4456106 |    0.4376387    0.9989338 |       421       520
     2096    13.100 |   52.4491739 |    0.4376384    0.9989338 |       421       520
     2097    13.106 |   52.4354960 |    0.4376382    0.9989338 |       421       520
     2098    13.113 |   52.4455495 |    0.4376380    0.9989338 |       421       520
     2099    13.119 |   52.4535129 |    0.4376377    0.9989338 |       421       520
------------------------------------------------------------------------------------
Iteration      Time | *me_per_hour |     LEANBSSNMOL::conf_fac | *TISTICS::maxrss_mb
                    |              |      minimum      maximum |   minimum   maximum
------------------------------------------------------------------------------------
     2100    13.125 |   52.4613323 |    0.4376375    0.9989338 |       421       520
     2101    13.131 |   52.4616091 |    0.4376372    0.9989338 |       421       520
     2102    13.138 |   52.4716607 |    0.4376370    0.9989338 |       421       520
     2103    13.144 |   52.4796245 |    0.4376367    0.9989338 |       421       520
     2104    13.150 |   52.4852141 |    0.4376365    0.9989338 |       421       520
     2105    13.156 |   52.4787990 |    0.4376362    0.9989338 |       421       520
     2106    13.163 |   52.4888603 |    0.4376359    0.9989338 |       421       520
     2107    13.169 |   52.4968797 |    0.4376356    0.9989338 |       421       520
     2108    13.175 |   52.5046017 |    0.4376354    0.9989338 |       421       520
     2109    13.181 |   52.5053837 |    0.4376351    0.9989338 |       421       520
     2110    13.188 |   52.5153666 |    0.4376348    0.9989338 |       421       520
     2111    13.194 |   52.5232923 |    0.4376345    0.9989338 |       421       520
     2112    13.200 |   52.5224439 |    0.4376342    0.9989338 |       421       520
     2113    13.206 |   52.4933302 |    0.4376339    0.9989338 |       421       520
     2114    13.213 |   52.5026041 |    0.4376336    0.9989338 |       421       520
     2115    13.219 |   52.5105610 |    0.4376333    0.9989338 |       421       520
     2116    13.225 |   52.5182625 |    0.4376330    0.9989338 |       421       520
     2117    13.231 |   52.5190234 |    0.4376327    0.9989338 |       421       520
     2118    13.238 |   52.5289487 |    0.4376323    0.9989338 |       421       520
     2119    13.244 |   52.5368748 |    0.4376320    0.9989338 |       421       520
------------------------------------------------------------------------------------
Iteration      Time | *me_per_hour |     LEANBSSNMOL::conf_fac | *TISTICS::maxrss_mb
                    |              |      minimum      maximum |   minimum   maximum
------------------------------------------------------------------------------------
     2120    13.250 |   52.5424391 |    0.4376317    0.9989338 |       421       520
     2121    13.256 |   52.5361014 |    0.4376314    0.9989338 |       421       520
     2122    13.263 |   52.5460828 |    0.4376310    0.9989338 |       421       520
     2123    13.269 |   52.5540190 |    0.4376307    0.9989338 |       421       520
     2124    13.275 |   52.5616908 |    0.4376303    0.9989338 |       421       520
     2125    13.281 |   52.5623417 |    0.4376300    0.9989338 |       421       520
     2126    13.288 |   52.5722034 |    0.4376296    0.9989338 |       421       520
     2127    13.294 |   52.5800687 |    0.4376293    0.9989338 |       421       520
     2128    13.300 |   52.5832628 |    0.4376289    0.9989338 |       421       520
     2129    13.306 |   52.5698911 |    0.4376286    0.9989338 |       421       520
     2130    13.312 |   52.5798462 |    0.4376282    0.9989338 |       421       520
     2131    13.319 |   52.5876739 |    0.4376278    0.9989338 |       421       520
     2132    13.325 |   52.5954078 |    0.4376275    0.9989338 |       421       520
     2133    13.331 |   52.5961199 |    0.4376271    0.9989338 |       421       520
     2134    13.338 |   52.6060329 |    0.4376267    0.9989338 |       421       520
     2135    13.344 |   52.6137858 |    0.4376263    0.9989338 |       421       520
     2136    13.350 |   52.6193004 |    0.4376260    0.9989338 |       421       520
     2137    13.356 |   52.6129374 |    0.4376256    0.9989338 |       421       520
     2138    13.363 |   52.6228000 |    0.4376252    0.9989338 |       421       520
     2139    13.369 |   52.6306581 |    0.4376248    0.9989338 |       421       520
------------------------------------------------------------------------------------
Iteration      Time | *me_per_hour |     LEANBSSNMOL::conf_fac | *TISTICS::maxrss_mb
                    |              |      minimum      maximum |   minimum   maximum
------------------------------------------------------------------------------------
     2140    13.375 |   52.6383047 |    0.4376244    0.9989338 |       421       520
     2141    13.381 |   52.6389012 |    0.4376240    0.9989338 |       421       520
     2142    13.388 |   52.6487290 |    0.4376236    0.9989338 |       421       520
     2143    13.394 |   52.6562298 |    0.4376232    0.9989338 |       421       520
     2144    13.400 |   52.6570059 |    0.4376228    0.9989338 |       421       520
     2145    13.406 |   52.6361236 |    0.4376224    0.9989338 |       421       520
     2146    13.413 |   52.6459489 |    0.4376220    0.9989338 |       421       520
     2147    13.419 |   52.6536396 |    0.4376216    0.9989338 |       421       520
     2148    13.425 |   52.6611632 |    0.4376212    0.9989338 |       421       520
     2149    13.431 |   52.6618089 |    0.4376208    0.9989338 |       421       520
     2150    13.438 |   52.6716450 |    0.4376203    0.9989338 |       421       520
     2151    13.444 |   52.6794597 |    0.4376199    0.9989338 |       421       520
     2152    13.450 |   52.6849200 |    0.4376195    0.9989338 |       421       520
     2153    13.456 |   52.6716827 |    0.4376191    0.9989338 |       421       520
     2154    13.463 |   52.6780749 |    0.4376186    0.9989338 |       421       520
     2155    13.469 |   52.6858598 |    0.4376182    0.9989338 |       421       520
     2156    13.475 |   52.6929903 |    0.4376178    0.9989338 |       421       520
     2157    13.481 |   52.6929682 |    0.4376173    0.9989338 |       421       520
     2158    13.488 |   52.6893708 |    0.4376169    0.9989338 |       421       520
     2159    13.494 |   52.6889684 |    0.4376165    0.9989338 |       421       520
------------------------------------------------------------------------------------
Iteration      Time | *me_per_hour |     LEANBSSNMOL::conf_fac | *TISTICS::maxrss_mb
                    |              |      minimum      maximum |   minimum   maximum
------------------------------------------------------------------------------------
     2160    13.500 |   52.6666056 |    0.4376160    0.9989338 |       421       520
     2161    13.506 |   52.6310167 |    0.4376156    0.9989338 |       421       520
     2162    13.513 |   52.6330486 |    0.4376151    0.9989338 |       421       520
     2163    13.519 |   52.6294232 |    0.4376147    0.9989338 |       421       520
     2164    13.525 |   52.6221750 |    0.4376142    0.9989338 |       421       520
     2165    13.531 |   52.6115592 |    0.4376138    0.9989338 |       421       520
     2166    13.538 |   52.6022540 |    0.4376133    0.9989338 |       421       520
     2167    13.544 |   52.5980439 |    0.4376129    0.9989338 |       421       520
     2168    13.550 |   52.5761105 |    0.4376124    0.9989338 |       421       520
     2169    13.556 |   52.5532159 |    0.4376119    0.9989338 |       421       520
     2170    13.562 |   52.5546000 |    0.4376115    0.9989338 |       421       520
     2171    13.569 |   52.5496880 |    0.4376110    0.9989338 |       421       520
     2172    13.575 |   52.5433905 |    0.4376106    0.9989338 |       421       520
     2173    13.581 |   52.5303256 |    0.4376101    0.9989338 |       421       520
     2174    13.588 |   52.5290357 |    0.4376096    0.9989338 |       421       520
     2175    13.594 |   52.5267375 |    0.4376091    0.9989338 |       421       520
     2176    13.600 |   52.5183527 |    0.4376087    0.9989338 |       421       520
     2177    13.606 |   52.4841601 |    0.4376082    0.9989338 |       421       520
     2178    13.613 |   52.4938139 |    0.4376077    0.9989338 |       421       520
     2179    13.619 |   52.5015015 |    0.4376073    0.9989338 |       421       520
------------------------------------------------------------------------------------
Iteration      Time | *me_per_hour |     LEANBSSNMOL::conf_fac | *TISTICS::maxrss_mb
                    |              |      minimum      maximum |   minimum   maximum
------------------------------------------------------------------------------------
     2180    13.625 |   52.5087375 |    0.4376068    0.9989338 |       421       520
     2181    13.631 |   52.5094638 |    0.4376063    0.9989338 |       421       520
     2182    13.638 |   52.5191401 |    0.4376058    0.9989338 |       421       520
     2183    13.644 |   52.5268180 |    0.4376053    0.9989338 |       421       520
     2184    13.650 |   52.5322880 |    0.4376049    0.9989338 |       421       520
     2185    13.656 |   52.5239409 |    0.4376044    0.9989338 |       421       520
     2186    13.663 |   52.5310691 |    0.4376039    0.9989338 |       421       520
     2187    13.669 |   52.5302916 |    0.4376034    0.9989338 |       421       520
     2188    13.675 |   52.5315173 |    0.4376029    0.9989338 |       421       520
     2189    13.681 |   52.5323058 |    0.4376024    0.9989338 |       421       520
     2190    13.688 |   52.5419139 |    0.4376019    0.9989338 |       421       520
     2191    13.694 |   52.5488272 |    0.4376014    0.9989338 |       421       520
     2192    13.700 |   52.5521554 |    0.4376009    0.9989338 |       421       520
     2193    13.706 |   52.5389835 |    0.4376005    0.9989338 |       421       520
     2194    13.713 |   52.5485755 |    0.4376000    0.9989338 |       421       520
     2195    13.719 |   52.5561551 |    0.4375995    0.9989338 |       421       520
     2196    13.725 |   52.5636854 |    0.4375990    0.9989338 |       421       520
     2197    13.731 |   52.5644070 |    0.4375985    0.9989338 |       421       520
     2198    13.738 |   52.5739915 |    0.4375980    0.9989338 |       421       520
     2199    13.744 |   52.5816104 |    0.4375975    0.9989338 |       421       520
------------------------------------------------------------------------------------
Iteration      Time | *me_per_hour |     LEANBSSNMOL::conf_fac | *TISTICS::maxrss_mb
                    |              |      minimum      maximum |   minimum   maximum
------------------------------------------------------------------------------------
     2200    13.750 |   52.5870388 |    0.4375970    0.9989338 |       421       520
     2201    13.756 |   52.5806390 |    0.4375965    0.9989338 |       421       520
     2202    13.763 |   52.5902307 |    0.4375960    0.9989338 |       421       520
     2203    13.769 |   52.5978159 |    0.4375955    0.9989338 |       421       520
     2204    13.775 |   52.6053203 |    0.4375950    0.9989338 |       421       520
     2205    13.781 |   52.6059795 |    0.4375945    0.9989338 |       421       520
     2206    13.788 |   52.6156096 |    0.4375940    0.9989338 |       421       520
     2207    13.794 |   52.6232167 |    0.4375935    0.9989338 |       421       520
     2208    13.800 |   52.6244968 |    0.4375930    0.9989338 |       421       520
     2209    13.806 |   52.6044394 |    0.4375925    0.9989338 |       421       520
     2210    13.812 |   52.6139839 |    0.4375919    0.9989338 |       421       520
     2211    13.819 |   52.6215915 |    0.4375914    0.9989338 |       421       520
     2212    13.825 |   52.6290166 |    0.4375909    0.9989338 |       421       520
     2213    13.831 |   52.6297056 |    0.4375904    0.9989338 |       421       520
     2214    13.838 |   52.6392915 |    0.4375899    0.9989338 |       421       520
     2215    13.844 |   52.6468439 |    0.4375894    0.9989338 |       421       520
     2216    13.850 |   52.6521373 |    0.4375889    0.9989338 |       421       520
     2217    13.856 |   52.6459879 |    0.4375884    0.9989338 |       421       520
     2218    13.863 |   52.6555268 |    0.4375879    0.9989338 |       421       520
     2219    13.869 |   52.6630989 |    0.4375874    0.9989338 |       421       520
------------------------------------------------------------------------------------
Iteration      Time | *me_per_hour |     LEANBSSNMOL::conf_fac | *TISTICS::maxrss_mb
                    |              |      minimum      maximum |   minimum   maximum
------------------------------------------------------------------------------------
     2220    13.875 |   52.6705096 |    0.4375869    0.9989338 |       421       520
     2221    13.881 |   52.6709881 |    0.4375864    0.9989338 |       421       520
     2222    13.888 |   52.6801217 |    0.4375859    0.9989338 |       421       520
     2223    13.894 |   52.6876773 |    0.4375854    0.9989338 |       421       520
     2224    13.900 |   52.6906442 |    0.4375849    0.9989338 |       421       520
     2225    13.906 |   52.6774310 |    0.4375843    0.9989338 |       421       520
     2226    13.913 |   52.6863210 |    0.4375838    0.9989338 |       421       520
     2227    13.919 |   52.6930711 |    0.4375833    0.9989338 |       421       520
     2228    13.925 |   52.7004394 |    0.4375828    0.9989338 |       421       520
     2229    13.931 |   52.7011059 |    0.4375823    0.9989338 |       421       520
     2230    13.938 |   52.7105212 |    0.4375818    0.9989338 |       421       520
     2231    13.944 |   52.7178212 |    0.4375813    0.9989338 |       421       520
     2232    13.950 |   52.7227232 |    0.4375808    0.9989338 |       421       520
     2233    13.956 |   52.7165030 |    0.4375803    0.9989338 |       421       520
     2234    13.963 |   52.7259175 |    0.4375798    0.9989338 |       421       520
     2235    13.969 |   52.7333316 |    0.4375793    0.9989338 |       421       520
     2236    13.975 |   52.7405477 |    0.4375788    0.9989338 |       421       520
     2237    13.981 |   52.7412150 |    0.4375783    0.9989338 |       421       520
     2238    13.988 |   52.7503965 |    0.4375778    0.9989338 |       421       520
     2239    13.994 |   52.7578796 |    0.4375772    0.9989338 |       421       520
------------------------------------------------------------------------------------
Iteration      Time | *me_per_hour |     LEANBSSNMOL::conf_fac | *TISTICS::maxrss_mb
                    |              |      minimum      maximum |   minimum   maximum
------------------------------------------------------------------------------------
     2240    14.000 |   52.7569587 |    0.4375767    0.9989338 |       421       520
     2241    14.006 |   52.7298767 |    0.4375762    0.9989338 |       421       520
     2242    14.013 |   52.7392897 |    0.4375757    0.9989338 |       421       520
     2243    14.019 |   52.7466157 |    0.4375752    0.9989338 |       421       520
     2244    14.025 |   52.7538344 |    0.4375747    0.9989338 |       421       520
     2245    14.031 |   52.7536190 |    0.4375742    0.9989338 |       421       520
     2246    14.038 |   52.7630611 |    0.4375737    0.9989338 |       421       520
     2247    14.044 |   52.7705143 |    0.4375732    0.9989338 |       421       520
     2248    14.050 |   52.7757153 |    0.4375727    0.9989338 |       421       520
     2249    14.056 |   52.7694918 |    0.4375722    0.9989338 |       421       520
     2250    14.062 |   52.7787788 |    0.4375717    0.9989338 |       421       520
     2251    14.069 |   52.7862293 |    0.4375712    0.9989338 |       421       520
     2252    14.075 |   52.7934861 |    0.4375707    0.9989338 |       421       520
     2253    14.081 |   52.7940302 |    0.4375702    0.9989338 |       421       520
     2254    14.088 |   52.8034695 |    0.4375697    0.9989338 |       421       520
     2255    14.094 |   52.8108578 |    0.4375692    0.9989338 |       421       520
     2256    14.100 |   52.8140226 |    0.4375687    0.9989338 |       421       520
     2257    14.106 |   52.8009488 |    0.4375682    0.9989338 |       421       520
     2258    14.113 |   52.8102905 |    0.4375677    0.9989338 |       421       520
     2259    14.119 |   52.8175732 |    0.4375672    0.9989338 |       421       520
------------------------------------------------------------------------------------
Iteration      Time | *me_per_hour |     LEANBSSNMOL::conf_fac | *TISTICS::maxrss_mb
                    |              |      minimum      maximum |   minimum   maximum
------------------------------------------------------------------------------------
     2260    14.125 |   52.8247973 |    0.4375667    0.9989338 |       421       520
     2261    14.131 |   52.8206145 |    0.4375662    0.9989338 |       421       520
     2262    14.138 |   52.8178384 |    0.4375657    0.9989338 |       421       520
     2263    14.144 |   52.8154002 |    0.4375652    0.9989338 |       421       520
     2264    14.150 |   52.7995504 |    0.4375647    0.9989338 |       421       520
     2265    14.156 |   52.7786052 |    0.4375642    0.9989338 |       421       520
     2266    14.163 |   52.7760740 |    0.4375638    0.9989338 |       421       520
     2267    14.169 |   52.7694095 |    0.4375633    0.9989338 |       421       520
     2268    14.175 |   52.7548440 |    0.4375628    0.9989338 |       421       520
     2269    14.181 |   52.7359889 |    0.4375623    0.9989338 |       421       520
     2270    14.188 |   52.7312102 |    0.4375618    0.9989338 |       421       520
     2271    14.194 |   52.7218063 |    0.4375613    0.9989338 |       421       520
     2272    14.200 |   52.6912240 |    0.4375608    0.9989338 |       421       520
     2273    14.206 |   52.6483815 |    0.4375604    0.9989338 |       421       520
     2274    14.213 |   52.6476814 |    0.4375599    0.9989338 |       421       520
     2275    14.219 |   52.6463705 |    0.4375594    0.9989338 |       421       520
     2276    14.225 |   52.6433237 |    0.4375589    0.9989338 |       421       520
     2277    14.231 |   52.6339104 |    0.4375584    0.9989338 |       421       520
     2278    14.238 |   52.6354411 |    0.4375580    0.9989338 |       421       520
     2279    14.244 |   52.6353727 |    0.4375575    0.9989338 |       421       520
------------------------------------------------------------------------------------
Iteration      Time | *me_per_hour |     LEANBSSNMOL::conf_fac | *TISTICS::maxrss_mb
                    |              |      minimum      maximum |   minimum   maximum
------------------------------------------------------------------------------------
     2280    14.250 |   52.6280534 |    0.4375570    0.9989338 |       421       520
     2281    14.256 |   52.6100685 |    0.4375565    0.9989338 |       421       520
     2282    14.263 |   52.6079973 |    0.4375561    0.9989338 |       421       520
     2283    14.269 |   52.6058952 |    0.4375556    0.9989338 |       421       520
     2284    14.275 |   52.6005245 |    0.4375551    0.9989338 |       421       520
     2285    14.281 |   52.5871173 |    0.4375547    0.9989338 |       421       520
     2286    14.288 |   52.5835140 |    0.4375542    0.9989338 |       421       520
     2287    14.294 |   52.5801704 |    0.4375537    0.9989338 |       421       520
     2288    14.300 |   52.5651295 |    0.4375533    0.9989338 |       421       520
     2289    14.306 |   52.5340344 |    0.4375528    0.9989338 |       421       520
     2290    14.312 |   52.5335290 |    0.4375524    0.9989338 |       421       520
     2291    14.319 |   52.5314076 |    0.4375519    0.9989338 |       421       520
     2292    14.325 |   52.5256927 |    0.4375515    0.9989338 |       421       520
     2293    14.331 |   52.5196822 |    0.4375510    0.9989338 |       421       520
     2294    14.338 |   52.5205927 |    0.4375506    0.9989338 |       421       520
     2295    14.344 |   52.5205752 |    0.4375501    0.9989338 |       421       520
     2296    14.350 |   52.5113858 |    0.4375497    0.9989338 |       421       520
     2297    14.356 |   52.4895670 |    0.4375492    0.9989338 |       421       520
     2298    14.363 |   52.4856463 |    0.4375488    0.9989338 |       421       520
     2299    14.369 |   52.4789779 |    0.4375483    0.9989338 |       421       520
------------------------------------------------------------------------------------
Iteration      Time | *me_per_hour |     LEANBSSNMOL::conf_fac | *TISTICS::maxrss_mb
                    |              |      minimum      maximum |   minimum   maximum
------------------------------------------------------------------------------------
     2300    14.375 |   52.4697838 |    0.4375479    0.9989338 |       421       520
     2301    14.381 |   52.4557742 |    0.4375475    0.9989338 |       421       520
     2302    14.388 |   52.4528564 |    0.4375470    0.9989338 |       421       520
     2303    14.394 |   52.4505103 |    0.4375466    0.9989338 |       421       520
     2304    14.400 |   52.4402678 |    0.4375462    0.9989338 |       421       520
     2305    14.406 |   52.4015426 |    0.4375457    0.9989338 |       421       520
     2306    14.413 |   52.4106490 |    0.4375453    0.9989338 |       421       520
     2307    14.419 |   52.4178215 |    0.4375449    0.9989338 |       421       520
     2308    14.425 |   52.4249101 |    0.4375444    0.9989338 |       421       520
     2309    14.431 |   52.4246310 |    0.4375440    0.9989338 |       421       520
     2310    14.438 |   52.4337944 |    0.4375436    0.9989338 |       421       520
     2311    14.444 |   52.4410570 |    0.4375432    0.9989338 |       421       520
     2312    14.450 |   52.4462032 |    0.4375428    0.9989338 |       421       520
     2313    14.456 |   52.4403366 |    0.4375424    0.9989338 |       421       520
     2314    14.463 |   52.4494337 |    0.4375419    0.9989338 |       421       520
     2315    14.469 |   52.4566847 |    0.4375415    0.9989338 |       421       520
     2316    14.475 |   52.4637720 |    0.4375411    0.9989338 |       421       520
     2317    14.481 |   52.4643793 |    0.4375407    0.9989338 |       421       520
     2318    14.488 |   52.4734660 |    0.4375403    0.9989338 |       421       520
     2319    14.494 |   52.4805796 |    0.4375399    0.9989338 |       421       520
------------------------------------------------------------------------------------
Iteration      Time | *me_per_hour |     LEANBSSNMOL::conf_fac | *TISTICS::maxrss_mb
                    |              |      minimum      maximum |   minimum   maximum
------------------------------------------------------------------------------------
     2320    14.500 |   52.4837076 |    0.4375395    0.9989338 |       421       520
     2321    14.506 |   52.4712762 |    0.4375391    0.9989338 |       421       520
     2322    14.513 |   52.4797282 |    0.4375387    0.9989338 |       421       520
     2323    14.519 |   52.4864211 |    0.4375383    0.9989338 |       421       520
     2324    14.525 |   52.4787320 |    0.4375379    0.9989338 |       421       520
     2325    14.531 |   52.4676601 |    0.4375376    0.9989338 |       421       520
     2326    14.538 |   52.4766825 |    0.4375372    0.9989338 |       421       520
     2327    14.544 |   52.4837916 |    0.4375368    0.9989338 |       421       520
     2328    14.550 |   52.4887642 |    0.4375364    0.9989338 |       421       520
     2329    14.556 |   52.4828091 |    0.4375360    0.9989338 |       421       520
     2330    14.562 |   52.4919127 |    0.4375356    0.9989338 |       421       520
     2331    14.569 |   52.4989799 |    0.4375353    0.9989338 |       421       520
     2332    14.575 |   52.5059496 |    0.4375349    0.9989338 |       421       520
     2333    14.581 |   52.5065568 |    0.4375345    0.9989338 |       421       520
     2334    14.588 |   52.5155667 |    0.4375341    0.9989338 |       421       520
     2335    14.594 |   52.5226958 |    0.4375338    0.9989338 |       421       520
     2336    14.600 |   52.5236834 |    0.4375334    0.9989338 |       421       520
     2337    14.606 |   52.5047030 |    0.4375330    0.9989338 |       421       520
     2338    14.613 |   52.5136487 |    0.4375327    0.9989338 |       421       520
     2339    14.619 |   52.5207426 |    0.4375323    0.9989338 |       421       520
------------------------------------------------------------------------------------
Iteration      Time | *me_per_hour |     LEANBSSNMOL::conf_fac | *TISTICS::maxrss_mb
                    |              |      minimum      maximum |   minimum   maximum
------------------------------------------------------------------------------------
     2340    14.625 |   52.5276469 |    0.4375320    0.9989338 |       421       520
     2341    14.631 |   52.5281889 |    0.4375316    0.9989338 |       421       520
     2342    14.638 |   52.5371600 |    0.4375313    0.9989338 |       421       520
     2343    14.644 |   52.5440074 |    0.4375309    0.9989338 |       421       520
     2344    14.650 |   52.5490197 |    0.4375306    0.9989338 |       421       520
     2345    14.656 |   52.5430605 |    0.4375302    0.9989338 |       421       520
     2346    14.663 |   52.5520747 |    0.4375299    0.9989338 |       421       520
     2347    14.669 |   52.5590984 |    0.4375295    0.9989338 |       421       520
     2348    14.675 |   52.5660344 |    0.4375292    0.9989338 |       421       520
     2349    14.681 |   52.5665202 |    0.4375288    0.9989338 |       421       520
     2350    14.688 |   52.5754820 |    0.4375285    0.9989338 |       421       520
     2351    14.694 |   52.5825531 |    0.4375282    0.9989338 |       421       520
     2352    14.700 |   52.5855439 |    0.4375278    0.9989338 |       421       520
     2353    14.706 |   52.5730382 |    0.4375275    0.9989338 |       421       520
     2354    14.713 |   52.5819283 |    0.4375272    0.9989338 |       421       520
     2355    14.719 |   52.5889772 |    0.4375269    0.9989338 |       421       520
     2356    14.725 |   52.5958588 |    0.4375265    0.9989338 |       421       520
     2357    14.731 |   52.5964981 |    0.4375262    0.9989338 |       421       520
     2358    14.738 |   52.6053332 |    0.4375259    0.9989338 |       421       520
     2359    14.744 |   52.6122366 |    0.4375256    0.9989338 |       421       520
------------------------------------------------------------------------------------
Iteration      Time | *me_per_hour |     LEANBSSNMOL::conf_fac | *TISTICS::maxrss_mb
                    |              |      minimum      maximum |   minimum   maximum
------------------------------------------------------------------------------------
     2360    14.750 |   52.6167283 |    0.4375253    0.9989338 |       421       520
     2361    14.756 |   52.6108414 |    0.4375250    0.9989338 |       421       520
     2362    14.763 |   52.6197230 |    0.4375247    0.9989338 |       421       520
     2363    14.769 |   52.6267149 |    0.4375244    0.9989338 |       421       520
     2364    14.775 |   52.6326486 |    0.4375240    0.9989338 |       421       520
     2365    14.781 |   52.6285188 |    0.4375237    0.9989338 |       421       520
     2366    14.788 |   52.6294275 |    0.4375234    0.9989338 |       421       520
     2367    14.794 |   52.6290094 |    0.4375232    0.9989338 |       421       520
     2368    14.800 |   52.6280385 |    0.4375229    0.9989338 |       421       520
     2369    14.806 |   52.6024601 |    0.4375226    0.9989338 |       421       520
     2370    14.812 |   52.6113543 |    0.4375223    0.9989338 |       421       520
     2371    14.819 |   52.6182940 |    0.4375220    0.9989338 |       421       520
     2372    14.825 |   52.6251693 |    0.4375217    0.9989338 |       421       520
     2373    14.831 |   52.6257092 |    0.4375214    0.9989338 |       421       520
     2374    14.838 |   52.6345394 |    0.4375212    0.9989338 |       421       520
     2375    14.844 |   52.6414400 |    0.4375209    0.9989338 |       421       520
     2376    14.850 |   52.6463772 |    0.4375206    0.9989338 |       421       520
     2377    14.856 |   52.6404098 |    0.4375203    0.9989338 |       421       520
     2378    14.863 |   52.6491768 |    0.4375201    0.9989338 |       421       520
     2379    14.869 |   52.6560169 |    0.4375198    0.9989338 |       421       520
------------------------------------------------------------------------------------
Iteration      Time | *me_per_hour |     LEANBSSNMOL::conf_fac | *TISTICS::maxrss_mb
                    |              |      minimum      maximum |   minimum   maximum
------------------------------------------------------------------------------------
     2380    14.875 |   52.6627226 |    0.4375195    0.9989338 |       421       520
     2381    14.881 |   52.6618183 |    0.4375193    0.9989338 |       421       520
     2382    14.888 |   52.6706624 |    0.4375190    0.9989338 |       421       520
     2383    14.894 |   52.6775845 |    0.4375188    0.9989338 |       421       520
     2384    14.900 |   52.6805388 |    0.4375185    0.9989338 |       421       520
     2385    14.906 |   52.6682655 |    0.4375183    0.9989338 |       421       520
     2386    14.913 |   52.6770425 |    0.4375180    0.9989338 |       421       520
     2387    14.919 |   52.6839701 |    0.4375178    0.9989338 |       421       520
     2388    14.925 |   52.6906207 |    0.4375175    0.9989338 |       421       520
     2389    14.931 |   52.6911855 |    0.4375173    0.9989338 |       421       520
     2390    14.938 |   52.6999977 |    0.4375171    0.9989338 |       421       520
     2391    14.944 |   52.7068752 |    0.4375168    0.9989338 |       421       520
     2392    14.950 |   52.7116747 |    0.4375166    0.9989338 |       421       520
     2393    14.956 |   52.7056538 |    0.4375164    0.9989338 |       421       520
     2394    14.963 |   52.7144704 |    0.4375161    0.9989338 |       421       520
     2395    14.969 |   52.7214065 |    0.4375159    0.9989338 |       421       520
     2396    14.975 |   52.7281034 |    0.4375157    0.9989338 |       421       520
     2397    14.981 |   52.7286404 |    0.4375155    0.9989338 |       421       520
     2398    14.988 |   52.7373175 |    0.4375153    0.9989338 |       421       520
     2399    14.994 |   52.7439964 |    0.4375150    0.9989338 |       421       520
------------------------------------------------------------------------------------
Iteration      Time | *me_per_hour |     LEANBSSNMOL::conf_fac | *TISTICS::maxrss_mb
                    |              |      minimum      maximum |   minimum   maximum
------------------------------------------------------------------------------------
     2400    15.000 |   52.7448191 |    0.4375148    0.9989338 |       421       520
     2401    15.006 |   52.7261052 |    0.4375146    0.9989338 |       421       520
     2402    15.013 |   52.7348060 |    0.4375144    0.9989338 |       421       520
     2403    15.019 |   52.7415501 |    0.4375142    0.9989338 |       421       520
     2404    15.025 |   52.7482667 |    0.4375140    0.9989338 |       421       520
     2405    15.031 |   52.7479964 |    0.4375138    0.9989338 |       421       520
     2406    15.038 |   52.7567036 |    0.4375136    0.9989338 |       421       520
     2407    15.044 |   52.7635740 |    0.4375134    0.9989338 |       421       520
     2408    15.050 |   52.7683261 |    0.4375132    0.9989338 |       421       520
     2409    15.056 |   52.7623832 |    0.4375131    0.9989338 |       421       520
     2410    15.062 |   52.7710628 |    0.4375129    0.9989338 |       421       520
     2411    15.069 |   52.7779208 |    0.4375127    0.9989338 |       421       520
     2412    15.075 |   52.7845892 |    0.4375125    0.9989338 |       421       520
     2413    15.081 |   52.7832500 |    0.4375123    0.9989338 |       421       520
     2414    15.088 |   52.7918826 |    0.4375122    0.9989338 |       421       520
     2415    15.094 |   52.7987374 |    0.4375120    0.9989338 |       421       520
     2416    15.100 |   52.8016377 |    0.4375118    0.9989338 |       421       520
     2417    15.106 |   52.7892775 |    0.4375117    0.9989338 |       421       520
     2418    15.113 |   52.7979781 |    0.4375115    0.9989338 |       421       520
     2419    15.119 |   52.8046890 |    0.4375113    0.9989338 |       421       520
------------------------------------------------------------------------------------
Iteration      Time | *me_per_hour |     LEANBSSNMOL::conf_fac | *TISTICS::maxrss_mb
                    |              |      minimum      maximum |   minimum   maximum
------------------------------------------------------------------------------------
     2420    15.125 |   52.8114051 |    0.4375112    0.9989338 |       421       520
     2421    15.131 |   52.8117739 |    0.4375110    0.9989338 |       421       520
     2422    15.138 |   52.8203652 |    0.4375109    0.9989338 |       421       520
     2423    15.144 |   52.8271646 |    0.4375107    0.9989338 |       421       520
     2424    15.150 |   52.8318793 |    0.4375106    0.9989338 |       421       520
     2425    15.156 |   52.8257765 |    0.4375104    0.9989338 |       421       520
     2426    15.163 |   52.8344028 |    0.4375103    0.9989338 |       421       520
     2427    15.169 |   52.8411555 |    0.4375102    0.9989338 |       421       520
     2428    15.175 |   52.8477198 |    0.4375100    0.9989338 |       421       520
     2429    15.181 |   52.8480618 |    0.4375099    0.9989338 |       421       520
     2430    15.188 |   52.8567411 |    0.4375098    0.9989338 |       421       520
     2431    15.194 |   52.8635088 |    0.4375096    0.9989338 |       421       520
     2432    15.200 |   52.8603930 |    0.4375095    0.9989338 |       421       520
     2433    15.206 |   52.8288773 |    0.4375094    0.9989338 |       421       520
     2434    15.213 |   52.8373827 |    0.4375093    0.9989338 |       421       520
     2435    15.219 |   52.8439726 |    0.4375092    0.9989338 |       421       520
     2436    15.225 |   52.8503347 |    0.4375090    0.9989338 |       421       520
     2437    15.231 |   52.8437163 |    0.4375089    0.9989338 |       421       520
     2438    15.238 |   52.8467301 |    0.4375088    0.9989338 |       421       520
     2439    15.244 |   52.8534590 |    0.4375087    0.9989338 |       421       520
------------------------------------------------------------------------------------
Iteration      Time | *me_per_hour |     LEANBSSNMOL::conf_fac | *TISTICS::maxrss_mb
                    |              |      minimum      maximum |   minimum   maximum
------------------------------------------------------------------------------------
     2440    15.250 |   52.8580878 |    0.4375086    0.9989338 |       421       520
     2441    15.256 |   52.8521620 |    0.4375085    0.9989338 |       421       520
     2442    15.263 |   52.8606829 |    0.4375084    0.9989338 |       421       520
     2443    15.269 |   52.8674404 |    0.4375083    0.9989338 |       421       520
     2444    15.275 |   52.8739684 |    0.4375082    0.9989338 |       421       520
     2445    15.281 |   52.8743712 |    0.4375081    0.9989338 |       421       520
     2446    15.288 |   52.8823489 |    0.4375081    0.9989338 |       421       520
     2447    15.294 |   52.8884464 |    0.4375080    0.9989338 |       421       520
     2448    15.300 |   52.8911366 |    0.4375079    0.9989338 |       421       520
     2449    15.306 |   52.8789377 |    0.4375078    0.9989338 |       421       520
     2450    15.312 |   52.8874488 |    0.4375077    0.9989338 |       421       520
     2451    15.319 |   52.8920083 |    0.4375077    0.9989338 |       421       520
     2452    15.325 |   52.8904123 |    0.4375076    0.9989338 |       421       520
     2453    15.331 |   52.8893801 |    0.4375075    0.9989338 |       421       520
     2454    15.338 |   52.8979094 |    0.4375075    0.9989338 |       421       520
     2455    15.344 |   52.9045253 |    0.4375074    0.9989338 |       421       520
     2456    15.350 |   52.9078778 |    0.4375073    0.9989338 |       421       520
     2457    15.356 |   52.8996309 |    0.4375073    0.9989338 |       421       520
     2458    15.363 |   52.9081756 |    0.4375072    0.9989338 |       421       520
     2459    15.369 |   52.9148421 |    0.4375072    0.9989338 |       421       520
------------------------------------------------------------------------------------
Iteration      Time | *me_per_hour |     LEANBSSNMOL::conf_fac | *TISTICS::maxrss_mb
                    |              |      minimum      maximum |   minimum   maximum
------------------------------------------------------------------------------------
     2460    15.375 |   52.9195631 |    0.4375071    0.9989338 |       421       520
     2461    15.381 |   52.9178097 |    0.4375071    0.9989338 |       421       520
     2462    15.388 |   52.9259133 |    0.4375070    0.9989338 |       421       520
     2463    15.394 |   52.9323408 |    0.4375070    0.9989338 |       421       520
     2464    15.400 |   52.9275220 |    0.4375069    0.9989338 |       421       520
     2465    15.406 |   52.9081474 |    0.4375069    0.9989338 |       421       520
     2466    15.413 |   52.9164816 |    0.4375069    0.9989338 |       421       520
     2467    15.419 |   52.9231896 |    0.4375068    0.9989338 |       421       520
     2468    15.425 |   52.9297485 |    0.4375068    0.9989338 |       421       520
     2469    15.431 |   52.9299701 |    0.4375068    0.9989338 |       421       520
     2470    15.438 |   52.9383524 |    0.4375068    0.9989338 |       421       520
     2471    15.444 |   52.9450082 |    0.4375067    0.9989338 |       421       520
     2472    15.450 |   52.9494126 |    0.4375067    0.9989338 |       421       520
     2473    15.456 |   52.9433911 |    0.4375067    0.9989338 |       421       520
     2474    15.463 |   52.9442224 |    0.4375067    0.9989338 |       421       520
     2475    15.469 |   52.9439818 |    0.4375067    0.9989338 |       421       520
     2476    15.475 |   52.9504183 |    0.4375067    0.9989338 |       421       520
     2477    15.481 |   52.9507179 |    0.4375067    0.9989338 |       421       520
     2478    15.488 |   52.9588596 |    0.4375067    0.9989338 |       421       520
     2479    15.494 |   52.9655368 |    0.4375067    0.9989338 |       421       520
------------------------------------------------------------------------------------
Iteration      Time | *me_per_hour |     LEANBSSNMOL::conf_fac | *TISTICS::maxrss_mb
                    |              |      minimum      maximum |   minimum   maximum
------------------------------------------------------------------------------------
     2480    15.500 |   52.9682868 |    0.4375067    0.9989338 |       421       520
     2481    15.506 |   52.9562008 |    0.4375067    0.9989338 |       421       520
     2482    15.513 |   52.9607380 |    0.4375067    0.9989338 |       421       520
     2483    15.519 |   52.9608408 |    0.4375067    0.9989338 |       421       520
     2484    15.525 |   52.9673882 |    0.4375067    0.9989338 |       421       520
     2485    15.531 |   52.9676510 |    0.4375067    0.9989338 |       421       520
     2486    15.538 |   52.9758239 |    0.4375067    0.9989338 |       421       520
     2487    15.544 |   52.9824458 |    0.4375067    0.9989338 |       421       520
     2488    15.550 |   52.9862736 |    0.4375068    0.9989338 |       421       520
     2489    15.556 |   52.9662890 |    0.4375068    0.9989338 |       421       520
     2490    15.562 |   52.9712178 |    0.4375068    0.9989338 |       421       520
     2491    15.569 |   52.9778526 |    0.4375068    0.9989338 |       421       520
     2492    15.575 |   52.9841028 |    0.4375069    0.9989338 |       421       520
     2493    15.581 |   52.9844096 |    0.4375069    0.9989338 |       421       520
     2494    15.588 |   52.9927677 |    0.4375069    0.9989338 |       421       520
     2495    15.594 |   52.9993375 |    0.4375070    0.9989338 |       421       520
     2496    15.600 |   52.9982650 |    0.4375070    0.9989338 |       421       520
     2497    15.606 |   52.9738350 |    0.4375070    0.9989338 |       421       520
     2498    15.613 |   52.9822542 |    0.4375071    0.9989338 |       421       520
     2499    15.619 |   52.9888850 |    0.4375071    0.9989338 |       421       520
------------------------------------------------------------------------------------
Iteration      Time | *me_per_hour |     LEANBSSNMOL::conf_fac | *TISTICS::maxrss_mb
                    |              |      minimum      maximum |   minimum   maximum
------------------------------------------------------------------------------------
     2500    15.625 |   52.9952608 |    0.4375072    0.9989338 |       421       520
     2501    15.631 |   52.9956130 |    0.4375072    0.9989338 |       421       520
     2502    15.638 |   53.0039469 |    0.4375073    0.9989338 |       421       520
     2503    15.644 |   53.0104968 |    0.4375074    0.9989338 |       421       520
     2504    15.650 |   53.0150651 |    0.4375074    0.9989338 |       421       520
     2505    15.656 |   53.0091872 |    0.4375075    0.9989338 |       421       520
     2506    15.663 |   53.0174774 |    0.4375075    0.9989338 |       421       520
     2507    15.669 |   53.0240020 |    0.4375076    0.9989338 |       421       520
     2508    15.675 |   53.0303272 |    0.4375077    0.9989338 |       421       520
     2509    15.681 |   53.0306520 |    0.4375078    0.9989338 |       421       520
     2510    15.688 |   53.0389514 |    0.4375078    0.9989338 |       421       520
     2511    15.694 |   53.0455339 |    0.4375079    0.9989338 |       421       520
     2512    15.700 |   53.0482062 |    0.4375080    0.9989338 |       421       520
     2513    15.706 |   53.0360959 |    0.4375081    0.9989338 |       421       520
     2514    15.713 |   53.0443816 |    0.4375082    0.9989338 |       421       520
     2515    15.719 |   53.0508626 |    0.4375083    0.9989338 |       421       520
     2516    15.725 |   53.0572566 |    0.4375083    0.9989338 |       421       520
     2517    15.731 |   53.0576549 |    0.4375084    0.9989338 |       421       520
     2518    15.738 |   53.0659681 |    0.4375085    0.9989338 |       421       520
     2519    15.744 |   53.0725218 |    0.4375086    0.9989338 |       421       520
------------------------------------------------------------------------------------
Iteration      Time | *me_per_hour |     LEANBSSNMOL::conf_fac | *TISTICS::maxrss_mb
                    |              |      minimum      maximum |   minimum   maximum
------------------------------------------------------------------------------------
     2520    15.750 |   53.0770473 |    0.4375087    0.9989338 |       421       520
     2521    15.756 |   53.0711019 |    0.4375088    0.9989338 |       421       520
     2522    15.763 |   53.0794325 |    0.4375090    0.9989338 |       421       520
     2523    15.769 |   53.0859668 |    0.4375091    0.9989338 |       421       520
     2524    15.775 |   53.0922900 |    0.4375092    0.9989338 |       421       520
     2525    15.781 |   53.0923626 |    0.4375093    0.9989338 |       421       520
     2526    15.788 |   53.1006858 |    0.4375094    0.9989338 |       421       520
     2527    15.794 |   53.1066224 |    0.4375095    0.9989338 |       421       520
     2528    15.800 |   53.1062646 |    0.4375097    0.9989338 |       421       520
     2529    15.806 |   53.0878859 |    0.4375098    0.9989338 |       421       520
     2530    15.812 |   53.0829441 |    0.4375099    0.9989338 |       421       520
     2531    15.819 |   53.0794018 |    0.4375100    0.9989338 |       421       520
     2532    15.825 |   53.0737242 |    0.4375102    0.9989338 |       421       520
     2533    15.831 |   53.0628365 |    0.4375103    0.9989338 |       421       520
     2534    15.838 |   53.0629044 |    0.4375104    0.9989338 |       421       520
     2535    15.844 |   53.0623287 |    0.4375106    0.9989338 |       421       520
     2536    15.850 |   53.0485331 |    0.4375107    0.9989338 |       421       520
     2537    15.856 |   53.0322099 |    0.4375109    0.9989338 |       421       520
     2538    15.863 |   53.0291495 |    0.4375110    0.9989338 |       421       520
     2539    15.869 |   53.0273162 |    0.4375112    0.9989338 |       421       520
------------------------------------------------------------------------------------
Iteration      Time | *me_per_hour |     LEANBSSNMOL::conf_fac | *TISTICS::maxrss_mb
                    |              |      minimum      maximum |   minimum   maximum
------------------------------------------------------------------------------------
     2540    15.875 |   53.0335980 |    0.4375113    0.9989338 |       421       520
     2541    15.881 |   53.0339507 |    0.4375115    0.9989338 |       421       520
     2542    15.888 |   53.0421506 |    0.4375116    0.9989338 |       421       520
     2543    15.894 |   53.0486454 |    0.4375118    0.9989338 |       421       520
     2544    15.900 |   53.0500652 |    0.4375119    0.9989338 |       421       520
     2545    15.906 |   53.0380868 |    0.4375121    0.9989338 |       421       520
     2546    15.913 |   53.0463036 |    0.4375123    0.9989338 |       421       520
     2547    15.919 |   53.0527235 |    0.4375124    0.9989338 |       421       520
     2548    15.925 |   53.0590164 |    0.4375126    0.9989338 |       421       520
     2549    15.931 |   53.0594145 |    0.4375128    0.9989338 |       421       520
     2550    15.938 |   53.0676093 |    0.4375130    0.9989338 |       421       520
     2551    15.944 |   53.0740625 |    0.4375131    0.9989338 |       421       520
     2552    15.950 |   53.0784844 |    0.4375133    0.9989338 |       421       520
     2553    15.956 |   53.0726072 |    0.4375135    0.9989338 |       421       520
     2554    15.963 |   53.0808313 |    0.4375137    0.9989338 |       421       520
     2555    15.969 |   53.0872552 |    0.4375139    0.9989338 |       421       520
     2556    15.975 |   53.0857834 |    0.4375141    0.9989338 |       421       520
     2557    15.981 |   53.0789267 |    0.4375143    0.9989338 |       421       520
     2558    15.988 |   53.0870675 |    0.4375145    0.9989338 |       421       520
     2559    15.994 |   53.0935420 |    0.4375147    0.9989338 |       421       520
INFO (AHFinderDirect): proc 0: searching for horizon 1/6
INFO (AHFinderDirect): AH 2/6: r=29.5263 at (-0.001000,-0.000000,0.000000)
INFO (AHFinderDirect): AH 2/6: area=11309.73193 m_irreducible=14.99999892
INFO (AHFinderDirect): AH 3/6: r=79.5266 at (-0.001000,-0.000000,-0.000000)
INFO (AHFinderDirect): AH 3/6: area=80424.77188 m_irreducible=39.99999999
INFO (AHFinderDirect): AH 4/6: r=99.5266 at (-0.001000,-0.000000,-0.000000)
INFO (AHFinderDirect): AH 4/6: area=125663.7061 m_irreducible=49.99999999
INFO (AHFinderDirect): AH 5/6: r=179.527 at (-0.001000,-0.000000,0.000000)
INFO (AHFinderDirect): AH 5/6: area=407150.4079 m_irreducible=90
INFO (AHFinderDirect): AH 6/6: r=239.527 at (-0.001000,-0.000000,-0.000000)
INFO (AHFinderDirect): AH 6/6: area=723822.9474 m_irreducible=120
INFO (AHFinderDirect): AH 1/6: r=0.362826 at (-0.001007,0.000000,-0.000000)
INFO (AHFinderDirect): AH 1/6: area=8.579905606 m_irreducible=0.4131486398
INFO (QuasiLocalMeasures): Calculating quasi-local quantities for surface    0
INFO (QuasiLocalMeasures): Importing from spherical surface    0
INFO (QuasiLocalMeasures): Geometric quantities for surface    0:
INFO (QuasiLocalMeasures):    Area A:                            8.57989
INFO (QuasiLocalMeasures):    Irreducible mass M = R/2:         0.413148
INFO (QuasiLocalMeasures):    Areal radius R = sqrt(A/4pi):     0.826297
INFO (QuasiLocalMeasures): Coordinate-dependent quantities for surface    0:
INFO (QuasiLocalMeasures):    Equatorial circumference:             5.19174
INFO (QuasiLocalMeasures):    Polar circumference at phi=0:         5.19192
INFO (QuasiLocalMeasures):    Polar circumference at phi=pi/2:      5.19176
INFO (QuasiLocalMeasures):    No valid spin guess from distortion.
INFO (QuasiLocalMeasures):    (Spin guess is imaginary.)
INFO (QuasiLocalMeasures):    Magnitude of invalid spin guess:     0.119261E-02
INFO (QuasiLocalMeasures):    Mass guess M from distortion:        0.413146
INFO (QuasiLocalMeasures): Isolated Horizon quantities for surface    0:
INFO (QuasiLocalMeasures):    Killing vector field eigenvalue norm:      1.00000
INFO (QuasiLocalMeasures):    Spin J:                                   0.255915E-15
INFO (QuasiLocalMeasures):    Kerr spin parameter a = J/M:              0.619426E-15
INFO (QuasiLocalMeasures):    Dimensionless spin parameter a = J/M^2:   0.149928E-14
INFO (QuasiLocalMeasures):    Spin J from NP:                           0.737694E-15
INFO (QuasiLocalMeasures):    Spin J from phi-coordinate-vector:         0.00000
INFO (QuasiLocalMeasures):    Mass M:                                   0.413148
INFO (QuasiLocalMeasures): Global quantities for surface    0:
INFO (QuasiLocalMeasures):    ADM energy:                 -1.11412
INFO (QuasiLocalMeasures):    ADM momentum x:            -0.306759E-05
INFO (QuasiLocalMeasures):    ADM momentum y:            -0.278647E-15
INFO (QuasiLocalMeasures):    ADM momentum z:             0.354462E-16
INFO (QuasiLocalMeasures):    ADM angular momentum x:     0.289163E-19
INFO (QuasiLocalMeasures):    ADM angular momentum y:     0.346209E-18
INFO (QuasiLocalMeasures):    ADM angular momentum z:     0.507724E-16
INFO (QuasiLocalMeasures):    Weinberg energy:                  2.69962
INFO (QuasiLocalMeasures):    Weinberg momentum x:            -0.156144E-04
INFO (QuasiLocalMeasures):    Weinberg momentum y:             0.488836E-15
INFO (QuasiLocalMeasures):    Weinberg momentum z:            -0.461684E-16
INFO (QuasiLocalMeasures):    Weinberg angular momentum x:    -0.298151E-18
INFO (QuasiLocalMeasures):    Weinberg angular momentum y:     0.126185E-17
INFO (QuasiLocalMeasures):    Weinberg angular momentum z:     0.255159E-15
------------------------------------------------------------------------------------
Iteration      Time | *me_per_hour |     LEANBSSNMOL::conf_fac | *TISTICS::maxrss_mb
                    |              |      minimum      maximum |   minimum   maximum
------------------------------------------------------------------------------------
     2560    16.000 |   52.6790797 |    0.4372911    0.9989338 |       421       520
     2561    16.006 |   52.6179792 |    0.4372912    0.9989338 |       421       520
     2562    16.012 |   52.6260150 |    0.4372913    0.9989338 |       421       520
     2563    16.019 |   52.6324973 |    0.4372915    0.9989338 |       421       520
     2564    16.025 |   52.6284534 |    0.4372916    0.9989338 |       421       520
     2565    16.031 |   52.6172497 |    0.4372917    0.9989338 |       421       520
     2566    16.038 |   52.6180796 |    0.4372919    0.9989338 |       421       520
     2567    16.044 |   52.6171811 |    0.4372920    0.9989338 |       421       520
     2568    16.050 |   52.6106671 |    0.4372921    0.9989338 |       421       520
     2569    16.056 |   52.5929989 |    0.4372923    0.9989338 |       421       520
     2570    16.062 |   52.5919509 |    0.4372924    0.9989338 |       421       520
     2571    16.069 |   52.5880567 |    0.4372926    0.9989338 |       421       520
     2572    16.075 |   52.5794349 |    0.4372927    0.9989338 |       421       520
     2573    16.081 |   52.5677350 |    0.4372929    0.9989338 |       421       520
     2574    16.088 |   52.5644865 |    0.4372930    0.9989338 |       421       520
     2575    16.094 |   52.5609396 |    0.4372932    0.9989338 |       421       520
     2576    16.100 |   52.5430753 |    0.4372933    0.9989338 |       421       520
     2577    16.106 |   52.5128604 |    0.4372935    0.9989338 |       421       520
     2578    16.113 |   52.5138224 |    0.4372936    0.9989338 |       421       520
     2579    16.119 |   52.5132246 |    0.4372938    0.9989338 |       421       520
------------------------------------------------------------------------------------
Iteration      Time | *me_per_hour |     LEANBSSNMOL::conf_fac | *TISTICS::maxrss_mb
                    |              |      minimum      maximum |   minimum   maximum
------------------------------------------------------------------------------------
     2580    16.125 |   52.5100305 |    0.4372940    0.9989338 |       421       520
     2581    16.131 |   52.5027413 |    0.4372941    0.9989338 |       421       520
     2582    16.137 |   52.4967984 |    0.4372943    0.9989338 |       421       520
     2583    16.144 |   52.4939889 |    0.4372944    0.9989338 |       421       520
     2584    16.150 |   52.4881483 |    0.4372946    0.9989338 |       421       520
     2585    16.156 |   52.4666998 |    0.4372948    0.9989338 |       421       520
     2586    16.163 |   52.4657396 |    0.4372950    0.9989338 |       421       520
     2587    16.169 |   52.4609360 |    0.4372951    0.9989338 |       421       520
     2588    16.175 |   52.4554565 |    0.4372953    0.9989338 |       421       520
     2589    16.181 |   52.4446201 |    0.4372955    0.9989338 |       421       520
     2590    16.188 |   52.4374707 |    0.4372957    0.9989338 |       421       520
     2591    16.194 |   52.4359488 |    0.4372959    0.9989338 |       421       520
     2592    16.200 |   52.4294904 |    0.4372960    0.9989338 |       421       520
     2593    16.206 |   52.4124145 |    0.4372962    0.9989338 |       421       520
     2594    16.213 |   52.4204376 |    0.4372964    0.9989338 |       421       520
     2595    16.219 |   52.4268495 |    0.4372966    0.9989338 |       421       520
     2596    16.225 |   52.4331159 |    0.4372968    0.9989338 |       421       520
     2597    16.231 |   52.4337123 |    0.4372970    0.9989338 |       421       520
     2598    16.238 |   52.4418068 |    0.4372972    0.9989338 |       421       520
     2599    16.244 |   52.4481996 |    0.4372974    0.9989338 |       421       520
------------------------------------------------------------------------------------
Iteration      Time | *me_per_hour |     LEANBSSNMOL::conf_fac | *TISTICS::maxrss_mb
                    |              |      minimum      maximum |   minimum   maximum
------------------------------------------------------------------------------------
     2600    16.250 |   52.4527698 |    0.4372976    0.9989338 |       421       520
     2601    16.256 |   52.4451952 |    0.4372978    0.9989338 |       421       520
     2602    16.262 |   52.4451033 |    0.4372980    0.9989338 |       421       520
     2603    16.269 |   52.4422877 |    0.4372982    0.9989338 |       421       520
     2604    16.275 |   52.4387965 |    0.4372984    0.9989338 |       421       520
     2605    16.281 |   52.4289482 |    0.4372986    0.9989338 |       421       520
     2606    16.288 |   52.4304980 |    0.4372988    0.9989338 |       421       520
     2607    16.294 |   52.4299170 |    0.4372990    0.9989338 |       421       520
     2608    16.300 |   52.4195605 |    0.4372992    0.9989338 |       421       520
     2609    16.306 |   52.3980034 |    0.4372994    0.9989338 |       421       520
     2610    16.312 |   52.3963963 |    0.4372997    0.9989338 |       421       520
     2611    16.319 |   52.4025221 |    0.4372999    0.9989338 |       421       520
     2612    16.325 |   52.4087065 |    0.4373001    0.9989338 |       421       520
     2613    16.331 |   52.4093283 |    0.4373003    0.9989338 |       421       520
     2614    16.338 |   52.4174136 |    0.4373005    0.9989338 |       421       520
     2615    16.344 |   52.4237929 |    0.4373008    0.9989338 |       421       520
     2616    16.350 |   52.4282849 |    0.4373010    0.9989338 |       421       520
     2617    16.356 |   52.4230981 |    0.4373012    0.9989338 |       421       520
     2618    16.363 |   52.4311355 |    0.4373014    0.9989338 |       421       520
     2619    16.369 |   52.4374563 |    0.4373017    0.9989338 |       421       520
------------------------------------------------------------------------------------
Iteration      Time | *me_per_hour |     LEANBSSNMOL::conf_fac | *TISTICS::maxrss_mb
                    |              |      minimum      maximum |   minimum   maximum
------------------------------------------------------------------------------------
     2620    16.375 |   52.4437509 |    0.4373019    0.9989338 |       421       520
     2621    16.381 |   52.4442888 |    0.4373021    0.9989338 |       421       520
     2622    16.387 |   52.4523759 |    0.4373024    0.9989338 |       421       520
     2623    16.394 |   52.4587499 |    0.4373026    0.9989338 |       421       520
     2624    16.400 |   52.4581021 |    0.4373029    0.9989338 |       421       520
     2625    16.406 |   52.4354245 |    0.4373031    0.9989338 |       421       520
     2626    16.413 |   52.4434788 |    0.4373033    0.9989338 |       421       520
     2627    16.419 |   52.4495764 |    0.4373036    0.9989338 |       421       520
     2628    16.425 |   52.4557861 |    0.4373038    0.9989338 |       421       520
     2629    16.431 |   52.4563628 |    0.4373041    0.9989338 |       421       520
     2630    16.438 |   52.4643948 |    0.4373043    0.9989338 |       421       520
     2631    16.444 |   52.4644120 |    0.4373046    0.9989338 |       421       520
     2632    16.450 |   52.4682929 |    0.4373048    0.9989338 |       421       520
     2633    16.456 |   52.4623118 |    0.4373051    0.9989338 |       421       520
     2634    16.463 |   52.4703021 |    0.4373053    0.9989338 |       421       520
     2635    16.469 |   52.4766509 |    0.4373056    0.9989338 |       421       520
     2636    16.475 |   52.4827064 |    0.4373058    0.9989338 |       421       520
     2637    16.481 |   52.4831832 |    0.4373061    0.9989338 |       421       520
     2638    16.488 |   52.4901929 |    0.4373064    0.9989338 |       421       520
     2639    16.494 |   52.4952688 |    0.4373066    0.9989338 |       421       520
------------------------------------------------------------------------------------
Iteration      Time | *me_per_hour |     LEANBSSNMOL::conf_fac | *TISTICS::maxrss_mb
                    |              |      minimum      maximum |   minimum   maximum
------------------------------------------------------------------------------------
     2640    16.500 |   52.4977797 |    0.4373069    0.9989338 |       421       520
     2641    16.506 |   52.4868072 |    0.4373071    0.9989338 |       421       520
     2642    16.512 |   52.4947758 |    0.4373074    0.9989338 |       421       520
     2643    16.519 |   52.5011439 |    0.4373077    0.9989338 |       421       520
     2644    16.525 |   52.5073192 |    0.4373079    0.9989338 |       421       520
     2645    16.531 |   52.5078684 |    0.4373082    0.9989338 |       421       520
     2646    16.538 |   52.5158308 |    0.4373085    0.9989338 |       421       520
     2647    16.544 |   52.5221906 |    0.4373088    0.9989338 |       421       520
     2648    16.550 |   52.5262767 |    0.4373090    0.9989338 |       421       520
     2649    16.556 |   52.5208470 |    0.4373093    0.9989338 |       421       520
     2650    16.562 |   52.5287790 |    0.4373096    0.9989338 |       421       520
     2651    16.569 |   52.5351087 |    0.4373099    0.9989338 |       421       520
     2652    16.575 |   52.5412918 |    0.4373101    0.9989338 |       421       520
     2653    16.581 |   52.5417110 |    0.4373104    0.9989338 |       421       520
     2654    16.588 |   52.5495601 |    0.4373107    0.9989338 |       421       520
     2655    16.594 |   52.5558359 |    0.4373110    0.9989338 |       421       520
     2656    16.600 |   52.5567035 |    0.4373113    0.9989338 |       421       520
     2657    16.606 |   52.5388901 |    0.4373116    0.9989338 |       421       520
     2658    16.613 |   52.5468140 |    0.4373119    0.9989338 |       421       520
     2659    16.619 |   52.5530611 |    0.4373121    0.9989338 |       421       520
------------------------------------------------------------------------------------
Iteration      Time | *me_per_hour |     LEANBSSNMOL::conf_fac | *TISTICS::maxrss_mb
                    |              |      minimum      maximum |   minimum   maximum
------------------------------------------------------------------------------------
     2660    16.625 |   52.5591048 |    0.4373124    0.9989338 |       421       520
     2661    16.631 |   52.5596839 |    0.4373127    0.9989338 |       421       520
     2662    16.637 |   52.5676117 |    0.4373130    0.9989338 |       421       520
     2663    16.644 |   52.5739327 |    0.4373133    0.9989338 |       421       520
     2664    16.650 |   52.5782336 |    0.4373136    0.9989338 |       421       520
     2665    16.656 |   52.5729982 |    0.4373139    0.9989338 |       421       520
     2666    16.663 |   52.5808896 |    0.4373142    0.9989338 |       421       520
     2667    16.669 |   52.5872046 |    0.4373145    0.9989338 |       421       520
     2668    16.675 |   52.5933355 |    0.4373148    0.9989338 |       421       520
     2669    16.681 |   52.5938528 |    0.4373151    0.9989338 |       421       520
     2670    16.688 |   52.6017508 |    0.4373154    0.9989338 |       421       520
     2671    16.694 |   52.6079873 |    0.4373157    0.9989338 |       421       520
     2672    16.700 |   52.6105599 |    0.4373160    0.9989338 |       421       520
     2673    16.706 |   52.5996342 |    0.4373163    0.9989338 |       421       520
     2674    16.713 |   52.6075243 |    0.4373166    0.9989338 |       421       520
     2675    16.719 |   52.6137397 |    0.4373170    0.9989338 |       421       520
     2676    16.725 |   52.6175587 |    0.4373173    0.9989338 |       421       520
     2677    16.731 |   52.6180472 |    0.4373176    0.9989338 |       421       520
     2678    16.738 |   52.6259337 |    0.4373179    0.9989338 |       421       520
     2679    16.744 |   52.6321617 |    0.4373182    0.9989338 |       421       520
------------------------------------------------------------------------------------
Iteration      Time | *me_per_hour |     LEANBSSNMOL::conf_fac | *TISTICS::maxrss_mb
                    |              |      minimum      maximum |   minimum   maximum
------------------------------------------------------------------------------------
     2680    16.750 |   52.6361509 |    0.4373185    0.9989338 |       421       520
     2681    16.756 |   52.6304037 |    0.4373188    0.9989338 |       421       520
     2682    16.762 |   52.6382504 |    0.4373191    0.9989338 |       421       520
     2683    16.769 |   52.6442663 |    0.4373195    0.9989338 |       421       520
     2684    16.775 |   52.6502617 |    0.4373198    0.9989338 |       421       520
     2685    16.781 |   52.6507083 |    0.4373201    0.9989338 |       421       520
     2686    16.788 |   52.6585265 |    0.4373204    0.9989338 |       421       520
     2687    16.794 |   52.6643343 |    0.4373207    0.9989338 |       421       520
     2688    16.800 |   52.6526772 |    0.4373211    0.9989338 |       421       520
     2689    16.806 |   52.6180643 |    0.4373214    0.9989338 |       421       520
     2690    16.812 |   52.6258981 |    0.4373217    0.9989338 |       421       520
     2691    16.819 |   52.6321136 |    0.4373220    0.9989338 |       421       520
     2692    16.825 |   52.6380735 |    0.4373224    0.9989338 |       421       520
     2693    16.831 |   52.6384286 |    0.4373227    0.9989338 |       421       520
     2694    16.838 |   52.6462333 |    0.4373230    0.9989338 |       421       520
     2695    16.844 |   52.6524437 |    0.4373233    0.9989338 |       421       520
     2696    16.850 |   52.6565694 |    0.4373237    0.9989338 |       421       520
     2697    16.856 |   52.6512835 |    0.4373240    0.9989338 |       421       520
     2698    16.863 |   52.6590979 |    0.4373243    0.9989338 |       421       520
     2699    16.869 |   52.6652301 |    0.4373247    0.9989338 |       421       520
------------------------------------------------------------------------------------
Iteration      Time | *me_per_hour |     LEANBSSNMOL::conf_fac | *TISTICS::maxrss_mb
                    |              |      minimum      maximum |   minimum   maximum
------------------------------------------------------------------------------------
     2700    16.875 |   52.6712586 |    0.4373250    0.9989338 |       421       520
     2701    16.881 |   52.6717195 |    0.4373253    0.9989338 |       421       520
     2702    16.887 |   52.6795545 |    0.4373257    0.9989338 |       421       520
     2703    16.894 |   52.6856114 |    0.4373260    0.9989338 |       421       520
     2704    16.900 |   52.6882295 |    0.4373264    0.9989338 |       421       520
     2705    16.906 |   52.6772586 |    0.4373267    0.9989338 |       421       520
     2706    16.913 |   52.6850325 |    0.4373270    0.9989338 |       421       520
     2707    16.919 |   52.6911744 |    0.4373274    0.9989338 |       421       520
     2708    16.925 |   52.6971699 |    0.4373277    0.9989338 |       421       520
     2709    16.931 |   52.6976218 |    0.4373281    0.9989338 |       421       520
     2710    16.938 |   52.7053798 |    0.4373284    0.9989338 |       421       520
     2711    16.944 |   52.7115158 |    0.4373287    0.9989338 |       421       520
     2712    16.950 |   52.7157886 |    0.4373291    0.9989338 |       421       520
     2713    16.956 |   52.7105257 |    0.4373294    0.9989338 |       421       520
     2714    16.963 |   52.7182704 |    0.4373298    0.9989338 |       421       520
     2715    16.969 |   52.7243505 |    0.4373301    0.9989338 |       421       520
     2716    16.975 |   52.7300811 |    0.4373305    0.9989338 |       421       520
     2717    16.981 |   52.7283697 |    0.4373308    0.9989338 |       421       520
     2718    16.988 |   52.7283602 |    0.4373312    0.9989338 |       421       520
     2719    16.994 |   52.7268512 |    0.4373315    0.9989338 |       421       520
------------------------------------------------------------------------------------
Iteration      Time | *me_per_hour |     LEANBSSNMOL::conf_fac | *TISTICS::maxrss_mb
                    |              |      minimum      maximum |   minimum   maximum
------------------------------------------------------------------------------------
     2720    17.000 |   52.7001684 |    0.4373319    0.9989338 |       421       520
     2721    17.006 |   52.6595276 |    0.4373322    0.9989338 |       421       520
     2722    17.012 |   52.6580448 |    0.4373326    0.9989338 |       421       520
     2723    17.019 |   52.6543853 |    0.4373329    0.9989338 |       421       520
     2724    17.025 |   52.6480783 |    0.4373333    0.9989338 |       421       520
     2725    17.031 |   52.6420717 |    0.4373336    0.9989338 |       421       520
     2726    17.038 |   52.6484643 |    0.4373340    0.9989338 |       421       520
     2727    17.044 |   52.6544184 |    0.4373343    0.9989338 |       421       520
     2728    17.050 |   52.6586362 |    0.4373347    0.9989338 |       421       520
     2729    17.056 |   52.6455239 |    0.4373351    0.9989338 |       421       520
     2730    17.062 |   52.6531886 |    0.4373354    0.9989338 |       421       520
     2731    17.069 |   52.6567774 |    0.4373358    0.9989338 |       421       520
     2732    17.075 |   52.6459936 |    0.4373361    0.9989338 |       421       520
     2733    17.081 |   52.6354657 |    0.4373365    0.9989338 |       421       520
     2734    17.088 |   52.6311936 |    0.4373369    0.9989338 |       421       520
     2735    17.094 |   52.6282769 |    0.4373372    0.9989338 |       421       520
     2736    17.100 |   52.6118186 |    0.4373376    0.9989338 |       421       520
     2737    17.106 |   52.5894732 |    0.4373379    0.9989338 |       421       520
     2738    17.113 |   52.5900964 |    0.4373383    0.9989338 |       421       520
     2739    17.119 |   52.5894950 |    0.4373387    0.9989338 |       421       520
------------------------------------------------------------------------------------
Iteration      Time | *me_per_hour |     LEANBSSNMOL::conf_fac | *TISTICS::maxrss_mb
                    |              |      minimum      maximum |   minimum   maximum
------------------------------------------------------------------------------------
     2740    17.125 |   52.5855068 |    0.4373390    0.9989338 |       421       520
     2741    17.131 |   52.5688683 |    0.4373394    0.9989338 |       421       520
     2742    17.137 |   52.5671754 |    0.4373398    0.9989338 |       421       520
     2743    17.144 |   52.5646033 |    0.4373401    0.9989338 |       421       520
     2744    17.150 |   52.5533979 |    0.4373405    0.9989338 |       421       520
     2745    17.156 |   52.5320113 |    0.4373409    0.9989338 |       421       520
     2746    17.163 |   52.5321258 |    0.4373412    0.9989338 |       421       520
     2747    17.169 |   52.5308733 |    0.4373416    0.9989338 |       421       520
     2748    17.175 |   52.5235511 |    0.4373420    0.9989338 |       421       520
     2749    17.181 |   52.5122033 |    0.4373423    0.9989338 |       421       520
     2750    17.188 |   52.5137324 |    0.4373427    0.9989338 |       421       520
     2751    17.194 |   52.5106577 |    0.4373431    0.9989338 |       421       520
     2752    17.200 |   52.4894682 |    0.4373434    0.9989338 |       421       520
     2753    17.206 |   52.4503232 |    0.4373438    0.9989338 |       421       520
     2754    17.213 |   52.4404988 |    0.4373442    0.9989338 |       421       520
     2755    17.219 |   52.4377698 |    0.4373445    0.9989338 |       421       520
     2756    17.225 |   52.4332673 |    0.4373449    0.9989338 |       421       520
     2757    17.231 |   52.4273102 |    0.4373453    0.9989338 |       421       520
     2758    17.238 |   52.4350377 |    0.4373456    0.9989338 |       421       520
     2759    17.244 |   52.4411199 |    0.4373460    0.9989338 |       421       520
------------------------------------------------------------------------------------
Iteration      Time | *me_per_hour |     LEANBSSNMOL::conf_fac | *TISTICS::maxrss_mb
                    |              |      minimum      maximum |   minimum   maximum
------------------------------------------------------------------------------------
     2760    17.250 |   52.4454248 |    0.4373464    0.9989338 |       421       520
     2761    17.256 |   52.4405884 |    0.4373468    0.9989338 |       421       520
     2762    17.262 |   52.4481943 |    0.4373471    0.9989338 |       421       520
     2763    17.269 |   52.4542750 |    0.4373475    0.9989338 |       421       520
     2764    17.275 |   52.4601701 |    0.4373479    0.9989338 |       421       520
     2765    17.281 |   52.4607509 |    0.4373483    0.9989338 |       421       520
     2766    17.288 |   52.4684117 |    0.4373486    0.9989338 |       421       520
     2767    17.294 |   52.4745033 |    0.4373490    0.9989338 |       421       520
     2768    17.300 |   52.4771390 |    0.4373494    0.9989338 |       421       520
     2769    17.306 |   52.4667505 |    0.4373497    0.9989338 |       421       520
     2770    17.312 |   52.4743498 |    0.4373501    0.9989338 |       421       520
     2771    17.319 |   52.4803333 |    0.4373505    0.9989338 |       421       520
     2772    17.325 |   52.4861347 |    0.4373509    0.9989338 |       421       520
     2773    17.331 |   52.4866502 |    0.4373512    0.9989338 |       421       520
     2774    17.338 |   52.4942042 |    0.4373516    0.9989338 |       421       520
     2775    17.344 |   52.4998318 |    0.4373520    0.9989338 |       421       520
     2776    17.350 |   52.5040989 |    0.4373524    0.9989338 |       421       520
     2777    17.356 |   52.4991677 |    0.4373527    0.9989338 |       421       520
     2778    17.363 |   52.5067921 |    0.4373531    0.9989338 |       421       520
     2779    17.369 |   52.5124139 |    0.4373535    0.9989338 |       421       520
------------------------------------------------------------------------------------
Iteration      Time | *me_per_hour |     LEANBSSNMOL::conf_fac | *TISTICS::maxrss_mb
                    |              |      minimum      maximum |   minimum   maximum
------------------------------------------------------------------------------------
     2780    17.375 |   52.5152608 |    0.4373539    0.9989338 |       421       520
     2781    17.381 |   52.5079048 |    0.4373542    0.9989338 |       421       520
     2782    17.387 |   52.5067930 |    0.4373546    0.9989338 |       421       520
     2783    17.394 |   52.5082453 |    0.4373550    0.9989338 |       421       520
     2784    17.400 |   52.4901469 |    0.4373554    0.9989338 |       421       520
     2785    17.406 |   52.4552133 |    0.4373557    0.9989338 |       421       520
     2786    17.413 |   52.4618830 |    0.4373561    0.9989338 |       421       520
     2787    17.419 |   52.4678007 |    0.4373565    0.9989338 |       421       520
     2788    17.425 |   52.4734690 |    0.4373569    0.9989338 |       421       520
     2789    17.431 |   52.4740268 |    0.4373573    0.9989338 |       421       520
     2790    17.438 |   52.4815445 |    0.4373576    0.9989338 |       421       520
     2791    17.444 |   52.4875667 |    0.4373580    0.9989338 |       421       520
     2792    17.450 |   52.4917370 |    0.4373584    0.9989338 |       421       520
     2793    17.456 |   52.4862736 |    0.4373588    0.9989338 |       421       520
     2794    17.463 |   52.4937992 |    0.4373591    0.9989338 |       421       520
     2795    17.469 |   52.4996554 |    0.4373595    0.9989338 |       421       520
     2796    17.475 |   52.5055243 |    0.4373599    0.9989338 |       421       520
     2797    17.481 |   52.5059585 |    0.4373603    0.9989338 |       421       520
     2798    17.488 |   52.5134889 |    0.4373606    0.9989338 |       421       520
     2799    17.494 |   52.5192540 |    0.4373610    0.9989338 |       421       520
------------------------------------------------------------------------------------
Iteration      Time | *me_per_hour |     LEANBSSNMOL::conf_fac | *TISTICS::maxrss_mb
                    |              |      minimum      maximum |   minimum   maximum
------------------------------------------------------------------------------------
     2800    17.500 |   52.5217144 |    0.4373614    0.9989338 |       421       520
     2801    17.506 |   52.5113764 |    0.4373618    0.9989338 |       421       520
     2802    17.512 |   52.5189082 |    0.4373621    0.9989338 |       421       520
     2803    17.519 |   52.5248126 |    0.4373625    0.9989338 |       421       520
     2804    17.525 |   52.5306558 |    0.4373629    0.9989338 |       421       520
     2805    17.531 |   52.5312164 |    0.4373633    0.9989338 |       421       520
     2806    17.538 |   52.5380935 |    0.4373636    0.9989338 |       421       520
     2807    17.544 |   52.5440900 |    0.4373640    0.9989338 |       421       520
     2808    17.550 |   52.5482643 |    0.4373644    0.9989338 |       421       520
     2809    17.556 |   52.5433664 |    0.4373648    0.9989338 |       421       520
     2810    17.562 |   52.5508847 |    0.4373651    0.9989338 |       421       520
     2811    17.569 |   52.5568640 |    0.4373655    0.9989338 |       421       520
     2812    17.575 |   52.5626931 |    0.4373659    0.9989338 |       421       520
     2813    17.581 |   52.5632277 |    0.4373662    0.9989338 |       421       520
     2814    17.588 |   52.5707374 |    0.4373666    0.9989338 |       421       520
     2815    17.594 |   52.5767129 |    0.4373670    0.9989338 |       421       520
     2816    17.600 |   52.5727793 |    0.4373674    0.9989338 |       421       520
     2817    17.606 |   52.5401309 |    0.4373677    0.9989338 |       421       520
     2818    17.613 |   52.5476069 |    0.4373681    0.9989338 |       421       520
     2819    17.619 |   52.5535666 |    0.4373685    0.9989338 |       421       520
------------------------------------------------------------------------------------
Iteration      Time | *me_per_hour |     LEANBSSNMOL::conf_fac | *TISTICS::maxrss_mb
                    |              |      minimum      maximum |   minimum   maximum
------------------------------------------------------------------------------------
     2820    17.625 |   52.5593585 |    0.4373688    0.9989338 |       421       520
     2821    17.631 |   52.5598828 |    0.4373692    0.9989338 |       421       520
     2822    17.637 |   52.5673203 |    0.4373696    0.9989338 |       421       520
     2823    17.644 |   52.5732733 |    0.4373699    0.9989338 |       421       520
     2824    17.650 |   52.5774628 |    0.4373703    0.9989338 |       421       520
     2825    17.656 |   52.5725460 |    0.4373707    0.9989338 |       421       520
     2826    17.663 |   52.5800185 |    0.4373710    0.9989338 |       421       520
     2827    17.669 |   52.5860034 |    0.4373714    0.9989338 |       421       520
     2828    17.675 |   52.5917491 |    0.4373718    0.9989338 |       421       520
     2829    17.681 |   52.5916321 |    0.4373721    0.9989338 |       421       520
     2830    17.688 |   52.5885294 |    0.4373725    0.9989338 |       421       520
     2831    17.694 |   52.5870761 |    0.4373729    0.9989338 |       421       520
     2832    17.700 |   52.5729228 |    0.4373732    0.9989338 |       421       520
     2833    17.706 |   52.5458669 |    0.4373736    0.9989338 |       421       520
     2834    17.713 |   52.5474114 |    0.4373740    0.9989338 |       421       520
     2835    17.719 |   52.5533267 |    0.4373743    0.9989338 |       421       520
     2836    17.725 |   52.5590731 |    0.4373747    0.9989338 |       421       520
     2837    17.731 |   52.5593507 |    0.4373751    0.9989338 |       421       520
     2838    17.738 |   52.5668366 |    0.4373754    0.9989338 |       421       520
     2839    17.744 |   52.5727239 |    0.4373758    0.9989338 |       421       520
------------------------------------------------------------------------------------
Iteration      Time | *me_per_hour |     LEANBSSNMOL::conf_fac | *TISTICS::maxrss_mb
                    |              |      minimum      maximum |   minimum   maximum
------------------------------------------------------------------------------------
     2840    17.750 |   52.5768679 |    0.4373761    0.9989338 |       421       520
     2841    17.756 |   52.5720557 |    0.4373765    0.9989338 |       421       520
     2842    17.762 |   52.5795045 |    0.4373769    0.9989338 |       421       520
     2843    17.769 |   52.5854156 |    0.4373772    0.9989338 |       421       520
     2844    17.775 |   52.5911850 |    0.4373776    0.9989338 |       421       520
     2845    17.781 |   52.5916952 |    0.4373779    0.9989338 |       421       520
     2846    17.788 |   52.5991294 |    0.4373783    0.9989338 |       421       520
     2847    17.794 |   52.6050490 |    0.4373787    0.9989338 |       421       520
     2848    17.800 |   52.6059012 |    0.4373790    0.9989338 |       421       520
     2849    17.806 |   52.5902638 |    0.4373794    0.9989338 |       421       520
     2850    17.812 |   52.5976555 |    0.4373797    0.9989338 |       421       520
     2851    17.819 |   52.6035115 |    0.4373801    0.9989338 |       421       520
     2852    17.825 |   52.6092145 |    0.4373804    0.9989338 |       421       520
     2853    17.831 |   52.6097255 |    0.4373808    0.9989338 |       421       520
     2854    17.838 |   52.6170526 |    0.4373811    0.9989338 |       421       520
     2855    17.844 |   52.6223570 |    0.4373815    0.9989338 |       421       520
     2856    17.850 |   52.6261072 |    0.4373818    0.9989338 |       421       520
     2857    17.856 |   52.6179186 |    0.4373822    0.9989338 |       421       520
     2858    17.863 |   52.6159411 |    0.4373825    0.9989338 |       421       520
     2859    17.869 |   52.6114956 |    0.4373829    0.9989338 |       421       520
------------------------------------------------------------------------------------
Iteration      Time | *me_per_hour |     LEANBSSNMOL::conf_fac | *TISTICS::maxrss_mb
                    |              |      minimum      maximum |   minimum   maximum
------------------------------------------------------------------------------------
     2860    17.875 |   52.6075411 |    0.4373832    0.9989338 |       421       520
     2861    17.881 |   52.5995221 |    0.4373836    0.9989338 |       421       520
     2862    17.887 |   52.5992451 |    0.4373839    0.9989338 |       421       520
     2863    17.894 |   52.5936635 |    0.4373843    0.9989338 |       421       520
     2864    17.900 |   52.5795809 |    0.4373846    0.9989338 |       421       520
     2865    17.906 |   52.5569437 |    0.4373850    0.9989338 |       421       520
     2866    17.913 |   52.5577498 |    0.4373853    0.9989338 |       421       520
     2867    17.919 |   52.5559112 |    0.4373857    0.9989338 |       421       520
     2868    17.925 |   52.5515075 |    0.4373860    0.9989338 |       421       520
     2869    17.931 |   52.5440070 |    0.4373863    0.9989338 |       421       520
     2870    17.938 |   52.5415213 |    0.4373867    0.9989338 |       421       520
     2871    17.944 |   52.5401168 |    0.4373870    0.9989338 |       421       520
     2872    17.950 |   52.5337547 |    0.4373874    0.9989338 |       421       520
     2873    17.956 |   52.5180233 |    0.4373877    0.9989338 |       421       520
     2874    17.963 |   52.5182976 |    0.4373880    0.9989338 |       421       520
     2875    17.969 |   52.5173963 |    0.4373884    0.9989338 |       421       520
     2876    17.975 |   52.5087031 |    0.4373887    0.9989338 |       421       520
     2877    17.981 |   52.4994096 |    0.4373890    0.9989338 |       421       520
     2878    17.988 |   52.4989877 |    0.4373894    0.9989338 |       421       520
     2879    17.994 |   52.4924187 |    0.4373897    0.9989338 |       421       520
------------------------------------------------------------------------------------
Iteration      Time | *me_per_hour |     LEANBSSNMOL::conf_fac | *TISTICS::maxrss_mb
                    |              |      minimum      maximum |   minimum   maximum
------------------------------------------------------------------------------------
     2880    18.000 |   52.4679580 |    0.4373900    0.9989338 |       421       520
     2881    18.006 |   52.4302186 |    0.4373904    0.9989338 |       421       520
     2882    18.012 |   52.4259775 |    0.4373907    0.9989338 |       421       520
     2883    18.019 |   52.4195781 |    0.4373910    0.9989338 |       421       520
     2884    18.025 |   52.4127314 |    0.4373913    0.9989338 |       421       520
     2885    18.031 |   52.3989374 |    0.4373917    0.9989338 |       421       520
     2886    18.038 |   52.4062487 |    0.4373920    0.9989338 |       421       520
     2887    18.044 |   52.4120273 |    0.4373923    0.9989338 |       421       520
     2888    18.050 |   52.4161792 |    0.4373926    0.9989338 |       421       520
     2889    18.056 |   52.4116283 |    0.4373930    0.9989338 |       421       520
     2890    18.062 |   52.4189077 |    0.4373933    0.9989338 |       421       520
     2891    18.069 |   52.4245315 |    0.4373936    0.9989338 |       421       520
     2892    18.075 |   52.4300345 |    0.4373939    0.9989338 |       421       520
     2893    18.081 |   52.4307575 |    0.4373943    0.9989338 |       421       520
     2894    18.088 |   52.4380255 |    0.4373946    0.9989338 |       421       520
     2895    18.094 |   52.4437622 |    0.4373949    0.9989338 |       421       520
     2896    18.100 |   52.4461945 |    0.4373952    0.9989338 |       421       520
     2897    18.106 |   52.4364548 |    0.4373955    0.9989338 |       421       520
     2898    18.113 |   52.4435067 |    0.4373958    0.9989338 |       421       520
     2899    18.119 |   52.4482931 |    0.4373961    0.9989338 |       421       520
------------------------------------------------------------------------------------
Iteration      Time | *me_per_hour |     LEANBSSNMOL::conf_fac | *TISTICS::maxrss_mb
                    |              |      minimum      maximum |   minimum   maximum
------------------------------------------------------------------------------------
     2900    18.125 |   52.4539200 |    0.4373965    0.9989338 |       421       520
     2901    18.131 |   52.4545033 |    0.4373968    0.9989338 |       421       520
     2902    18.137 |   52.4617054 |    0.4373971    0.9989338 |       421       520
     2903    18.144 |   52.4674305 |    0.4373974    0.9989338 |       421       520
     2904    18.150 |   52.4715075 |    0.4373977    0.9989338 |       421       520
     2905    18.156 |   52.4667847 |    0.4373980    0.9989338 |       421       520
     2906    18.163 |   52.4740803 |    0.4373983    0.9989338 |       421       520
     2907    18.169 |   52.4798556 |    0.4373986    0.9989338 |       421       520
     2908    18.175 |   52.4855207 |    0.4373989    0.9989338 |       421       520
     2909    18.181 |   52.4860736 |    0.4373992    0.9989338 |       421       520
     2910    18.188 |   52.4933692 |    0.4373995    0.9989338 |       421       520
     2911    18.194 |   52.4990739 |    0.4373998    0.9989338 |       421       520
     2912    18.200 |   52.4999066 |    0.4374001    0.9989338 |       421       520
     2913    18.206 |   52.4851201 |    0.4374004    0.9989338 |       421       520
     2914    18.213 |   52.4922926 |    0.4374007    0.9989338 |       421       520
     2915    18.219 |   52.4980407 |    0.4374010    0.9989338 |       421       520
     2916    18.225 |   52.5036454 |    0.4374013    0.9989338 |       421       520
     2917    18.231 |   52.5042477 |    0.4374016    0.9989338 |       421       520
     2918    18.238 |   52.5114796 |    0.4374019    0.9989338 |       421       520
     2919    18.244 |   52.5163912 |    0.4374022    0.9989338 |       421       520
------------------------------------------------------------------------------------
Iteration      Time | *me_per_hour |     LEANBSSNMOL::conf_fac | *TISTICS::maxrss_mb
                    |              |      minimum      maximum |   minimum   maximum
------------------------------------------------------------------------------------
     2920    18.250 |   52.5199268 |    0.4374025    0.9989338 |       421       520
     2921    18.256 |   52.5151327 |    0.4374028    0.9989338 |       421       520
     2922    18.262 |   52.5222953 |    0.4374031    0.9989338 |       421       520
     2923    18.269 |   52.5227268 |    0.4374034    0.9989338 |       421       520
     2924    18.275 |   52.5159789 |    0.4374037    0.9989338 |       421       520
     2925    18.281 |   52.5076844 |    0.4374040    0.9989338 |       421       520
     2926    18.288 |   52.5148991 |    0.4374042    0.9989338 |       421       520
     2927    18.294 |   52.5206309 |    0.4374045    0.9989338 |       421       520
     2928    18.300 |   52.5229467 |    0.4374048    0.9989338 |       421       520
     2929    18.306 |   52.5130732 |    0.4374051    0.9989338 |       421       520
     2930    18.312 |   52.5202961 |    0.4374054    0.9989338 |       421       520
     2931    18.319 |   52.5259085 |    0.4374057    0.9989338 |       421       520
     2932    18.325 |   52.5313586 |    0.4374060    0.9989338 |       421       520
     2933    18.331 |   52.5318477 |    0.4374062    0.9989338 |       421       520
     2934    18.338 |   52.5390498 |    0.4374065    0.9989338 |       421       520
     2935    18.344 |   52.5447170 |    0.4374068    0.9989338 |       421       520
     2936    18.350 |   52.5486620 |    0.4374071    0.9989338 |       421       520
     2937    18.356 |   52.5428434 |    0.4374074    0.9989338 |       421       520
     2938    18.363 |   52.5500528 |    0.4374076    0.9989338 |       421       520
     2939    18.369 |   52.5556615 |    0.4374079    0.9989338 |       421       520
------------------------------------------------------------------------------------
Iteration      Time | *me_per_hour |     LEANBSSNMOL::conf_fac | *TISTICS::maxrss_mb
                    |              |      minimum      maximum |   minimum   maximum
------------------------------------------------------------------------------------
     2940    18.375 |   52.5612558 |    0.4374082    0.9989338 |       421       520
     2941    18.381 |   52.5616312 |    0.4374085    0.9989338 |       421       520
     2942    18.387 |   52.5684842 |    0.4374088    0.9989338 |       421       521
     2943    18.394 |   52.5741538 |    0.4374090    0.9989338 |       421       521
     2944    18.400 |   52.5717130 |    0.4374093    0.9989338 |       421       521
     2945    18.406 |   52.5461996 |    0.4374096    0.9989338 |       421       521
     2946    18.413 |   52.5532418 |    0.4374099    0.9989338 |       421       521
     2947    18.419 |   52.5589103 |    0.4374101    0.9989338 |       421       521
     2948    18.425 |   52.5644165 |    0.4374104    0.9989338 |       421       521
     2949    18.431 |   52.5648958 |    0.4374107    0.9989338 |       421       521
     2950    18.438 |   52.5720044 |    0.4374109    0.9989338 |       421       521
     2951    18.444 |   52.5776565 |    0.4374112    0.9989338 |       421       521
     2952    18.450 |   52.5816155 |    0.4374115    0.9989338 |       421       521
     2953    18.456 |   52.5769056 |    0.4374117    0.9989338 |       421       521
     2954    18.463 |   52.5839899 |    0.4374120    0.9989338 |       421       521
     2955    18.469 |   52.5896193 |    0.4374123    0.9989338 |       421       521
     2956    18.475 |   52.5947256 |    0.4374126    0.9989338 |       421       521
     2957    18.481 |   52.5951818 |    0.4374128    0.9989338 |       421       521
     2958    18.488 |   52.6023108 |    0.4374131    0.9989338 |       421       521
     2959    18.494 |   52.6076806 |    0.4374134    0.9989338 |       421       521
------------------------------------------------------------------------------------
Iteration      Time | *me_per_hour |     LEANBSSNMOL::conf_fac | *TISTICS::maxrss_mb
                    |              |      minimum      maximum |   minimum   maximum
------------------------------------------------------------------------------------
     2960    18.500 |   52.6093841 |    0.4374136    0.9989338 |       421       521
     2961    18.506 |   52.5993930 |    0.4374139    0.9989338 |       421       521
     2962    18.512 |   52.6062451 |    0.4374142    0.9989338 |       421       521
     2963    18.519 |   52.6118536 |    0.4374144    0.9989338 |       421       521
     2964    18.525 |   52.6174073 |    0.4374147    0.9989338 |       421       521
     2965    18.531 |   52.6178862 |    0.4374149    0.9989338 |       421       521
     2966    18.538 |   52.6249730 |    0.4374152    0.9989338 |       421       521
     2967    18.544 |   52.6303868 |    0.4374155    0.9989338 |       421       521
     2968    18.550 |   52.6343451 |    0.4374157    0.9989338 |       421       521
     2969    18.556 |   52.6296889 |    0.4374160    0.9989338 |       421       521
     2970    18.562 |   52.6365720 |    0.4374163    0.9989338 |       421       521
     2971    18.569 |   52.6422095 |    0.4374165    0.9989338 |       421       521
     2972    18.575 |   52.6476870 |    0.4374168    0.9989338 |       421       521
     2973    18.581 |   52.6481366 |    0.4374171    0.9989338 |       421       521
     2974    18.588 |   52.6552576 |    0.4374173    0.9989338 |       421       521
     2975    18.594 |   52.6608303 |    0.4374176    0.9989338 |       421       521
     2976    18.600 |   52.6614627 |    0.4374179    0.9989338 |       421       521
     2977    18.606 |   52.6464576 |    0.4374181    0.9989338 |       421       521
     2978    18.613 |   52.6535662 |    0.4374184    0.9989338 |       421       521
     2979    18.619 |   52.6591532 |    0.4374187    0.9989338 |       421       521
------------------------------------------------------------------------------------
Iteration      Time | *me_per_hour |     LEANBSSNMOL::conf_fac | *TISTICS::maxrss_mb
                    |              |      minimum      maximum |   minimum   maximum
------------------------------------------------------------------------------------
     2980    18.625 |   52.6646258 |    0.4374189    0.9989338 |       421       521
     2981    18.631 |   52.6651140 |    0.4374192    0.9989338 |       421       521
     2982    18.637 |   52.6722127 |    0.4374195    0.9989338 |       421       521
     2983    18.644 |   52.6778419 |    0.4374197    0.9989338 |       421       521
     2984    18.650 |   52.6816999 |    0.4374200    0.9989338 |       421       521
     2985    18.656 |   52.6769380 |    0.4374203    0.9989338 |       421       521
     2986    18.663 |   52.6839915 |    0.4374205    0.9989338 |       421       521
     2987    18.669 |   52.6895314 |    0.4374208    0.9989338 |       421       521
     2988    18.675 |   52.6949777 |    0.4374211    0.9989338 |       421       521
     2989    18.681 |   52.6953947 |    0.4374214    0.9989338 |       421       521
     2990    18.688 |   52.7020959 |    0.4374216    0.9989338 |       421       521
     2991    18.694 |   52.7076826 |    0.4374219    0.9989338 |       421       521
     2992    18.700 |   52.7100332 |    0.4374222    0.9989338 |       421       521
     2993    18.706 |   52.7002435 |    0.4374224    0.9989338 |       421       521
     2994    18.713 |   52.7072593 |    0.4374227    0.9989338 |       421       521
     2995    18.719 |   52.7128226 |    0.4374230    0.9989338 |       421       521
     2996    18.725 |   52.7182165 |    0.4374233    0.9989338 |       421       521
     2997    18.731 |   52.7186581 |    0.4374236    0.9989338 |       421       521
     2998    18.738 |   52.7256751 |    0.4374238    0.9989338 |       421       521
     2999    18.744 |   52.7312548 |    0.4374241    0.9989338 |       421       521
------------------------------------------------------------------------------------
Iteration      Time | *me_per_hour |     LEANBSSNMOL::conf_fac | *TISTICS::maxrss_mb
                    |              |      minimum      maximum |   minimum   maximum
------------------------------------------------------------------------------------
     3000    18.750 |   52.7350936 |    0.4374244    0.9989338 |       421       521
     3001    18.756 |   52.7303214 |    0.4374247    0.9989338 |       421       521
     3002    18.762 |   52.7366278 |    0.4374250    0.9989338 |       421       521
     3003    18.769 |   52.7422371 |    0.4374253    0.9989338 |       421       521
     3004    18.775 |   52.7473776 |    0.4374256    0.9989338 |       421       521
     3005    18.781 |   52.7478300 |    0.4374259    0.9989338 |       421       521
ERROR from host cnx030.localdomain process 0
  in thorn PunctureTracker, file /projects/F202407872CPCAA2/jpmferreira/projects/cactus/configs/base_x86/build/PunctureTracker/puncture_tracker.cc:201:
  -> Shift at puncture #0 is (-nan,-nan,-nan).  This likely indicates an error in the simulation.
ERROR from host cnx030.localdomain process 0
  in thorn PunctureTracker, file /projects/F202407872CPCAA2/jpmferreira/projects/cactus/configs/base_x86/build/PunctureTracker/puncture_tracker.cc:201:
  -> Shift at puncture #0 is (-nan,-nan,-nan).  This likely indicates an error in the simulation.
cactus_base_x86: /projects/F202407872CPCAA2/jpmferreira/projects/cactus/configs/base_x86/build/Carpet/helpers.cc:275: int Carpet::Abort(const cGH*, int): Assertion `0' failed.
Rank 0 with PID 887329 received signal 6
Writing backtrace to ./backtrace.0.txt
srun: error: cnx030: task 0: Aborted (core dumped)
slurmstepd: error:  mpi/pmix_v4: _errhandler: cnx030 [0]: pmixp_client_v2.c:212: Error handler invoked: status = -61, source = [slurm.pmix.428948.0:0]
slurmstepd: error: *** STEP 428948.0 ON cnx030 CANCELLED AT 2025-05-15T15:00:34 ***
srun: Job step aborted: Waiting up to 32 seconds for job step to finish.
srun: error: cnx030: tasks 1-127: Killed
